#ifndef SPLASH_IMG_H
#define SPLASH_IMG_H

#include <lvgl.h>

// 240x240 RGB565 Splash Image (Pillow Lanczos with LV_COLOR_16_SWAP=1)
const uint8_t splash_img_map[] = {
  0x00, 0x00, 0x00, 0x00, 0x00, 0x00, 0x00, 0x00, 0x00, 0x00, 0x00, 0x00, 0x00, 0x00, 0x00, 0x00, 0x00, 0x00, 0x00, 0x00, 0x00, 0x00, 0x00, 0x00, 0x00, 0x00, 0x00, 0x00, 0x00, 0x00, 0x00, 0x00,
  0x00, 0x00, 0x00, 0x00, 0x00, 0x00, 0x00, 0x00, 0x00, 0x00, 0x00, 0x00, 0x00, 0x00, 0x00, 0x00, 0x00, 0x00, 0x00, 0x00, 0x00, 0x00, 0x00, 0x00, 0x00, 0x00, 0x00, 0x00, 0x00, 0x00, 0x00, 0x00,
  0x00, 0x00, 0x00, 0x00, 0x00, 0x00, 0x00, 0x00, 0x00, 0x00, 0x00, 0x00, 0x00, 0x00, 0x00, 0x00, 0x00, 0x00, 0x00, 0x00, 0x00, 0x00, 0x00, 0x00, 0x00, 0x00, 0x00, 0x00, 0x00, 0x00, 0x00, 0x00,
  0x00, 0x00, 0x00, 0x00, 0x00, 0x00, 0x00, 0x00, 0x00, 0x00, 0x00, 0x00, 0x00, 0x00, 0x00, 0x00, 0x00, 0x00, 0x00, 0x00, 0x00, 0x00, 0x00, 0x00, 0x00, 0x00, 0x00, 0x00, 0x00, 0x00, 0x00, 0x00,
  0x00, 0x00, 0x00, 0x00, 0x00, 0x00, 0x00, 0x00, 0x00, 0x00, 0x00, 0x00, 0x00, 0x00, 0x00, 0x00, 0x00, 0x00, 0x00, 0x00, 0x00, 0x00, 0x00, 0x00, 0x00, 0x00, 0x00, 0x00, 0x00, 0x00, 0x00, 0x00,
  0x00, 0x00, 0x00, 0x00, 0x00, 0x00, 0x00, 0x00, 0x00, 0x00, 0x00, 0x00, 0x00, 0x00, 0x00, 0x00, 0x00, 0x00, 0x00, 0x00, 0x00, 0x00, 0x00, 0x00, 0x00, 0x00, 0x00, 0x00, 0x00, 0x00, 0x00, 0x00,
  0x00, 0x00, 0x00, 0x00, 0x00, 0x00, 0x00, 0x00, 0x00, 0x00, 0x00, 0x00, 0x00, 0x00, 0x00, 0x00, 0x00, 0x00, 0x00, 0x00, 0x00, 0x00, 0x00, 0x00, 0x00, 0x00, 0x00, 0x00, 0x00, 0x00, 0x00, 0x00,
  0x00, 0x00, 0x00, 0x00, 0x00, 0x00, 0x00, 0x00, 0x00, 0x00, 0x00, 0x00, 0x00, 0x00, 0x00, 0x00, 0x00, 0x00, 0x00, 0x00, 0x00, 0x00, 0x00, 0x00, 0x00, 0x00, 0x00, 0x00, 0x00, 0x00, 0x00, 0x00,
  0x00, 0x00, 0x00, 0x00, 0x00, 0x00, 0x00, 0x00, 0x00, 0x00, 0x00, 0x00, 0x00, 0x00, 0x00, 0x00, 0x00, 0x00, 0x00, 0x00, 0x00, 0x00, 0x00, 0x00, 0x00, 0x00, 0x00, 0x00, 0x00, 0x00, 0x00, 0x00,
  0x00, 0x00, 0x00, 0x00, 0x00, 0x00, 0x00, 0x00, 0x00, 0x00, 0x00, 0x00, 0x00, 0x00, 0x00, 0x00, 0x00, 0x00, 0x00, 0x00, 0x00, 0x00, 0x00, 0x00, 0x00, 0x00, 0x00, 0x00, 0x00, 0x00, 0x00, 0x00,
  0x00, 0x00, 0x00, 0x00, 0x00, 0x00, 0x00, 0x00, 0x00, 0x00, 0x00, 0x00, 0x00, 0x00, 0x00, 0x00, 0x00, 0x00, 0x00, 0x00, 0x00, 0x00, 0x00, 0x00, 0x00, 0x00, 0x00, 0x00, 0x00, 0x00, 0x00, 0x00,
  0x00, 0x00, 0x00, 0x00, 0x00, 0x00, 0x00, 0x00, 0x00, 0x00, 0x00, 0x00, 0x00, 0x00, 0x00, 0x00, 0x00, 0x00, 0x00, 0x00, 0x00, 0x00, 0x00, 0x00, 0x00, 0x00, 0x00, 0x00, 0x00, 0x00, 0x00, 0x00,
  0x00, 0x00, 0x00, 0x00, 0x00, 0x00, 0x00, 0x00, 0x00, 0x00, 0x00, 0x00, 0x00, 0x00, 0x00, 0x00, 0x00, 0x00, 0x00, 0x00, 0x00, 0x00, 0x00, 0x00, 0x00, 0x00, 0x00, 0x00, 0x00, 0x00, 0x00, 0x00,
  0x00, 0x00, 0x00, 0x00, 0x00, 0x00, 0x00, 0x00, 0x00, 0x00, 0x00, 0x00, 0x00, 0x00, 0x00, 0x00, 0x00, 0x00, 0x00, 0x00, 0x00, 0x00, 0x00, 0x00, 0x00, 0x00, 0x00, 0x00, 0x00, 0x00, 0x00, 0x00,
  0x00, 0x00, 0x00, 0x00, 0x00, 0x00, 0x00, 0x00, 0x00, 0x00, 0x00, 0x00, 0x00, 0x00, 0x00, 0x00, 0x00, 0x00, 0x00, 0x00, 0x00, 0x00, 0x00, 0x00, 0x00, 0x00, 0x00, 0x00, 0x00, 0x00, 0x00, 0x00,
  0x00, 0x00, 0x00, 0x00, 0x00, 0x00, 0x00, 0x00, 0x00, 0x00, 0x00, 0x00, 0x00, 0x00, 0x00, 0x00, 0x00, 0x00, 0x00, 0x00, 0x00, 0x00, 0x00, 0x00, 0x00, 0x00, 0x00, 0x00, 0x00, 0x00, 0x00, 0x00,
  0x00, 0x00, 0x00, 0x00, 0x00, 0x00, 0x00, 0x00, 0x00, 0x00, 0x00, 0x00, 0x00, 0x00, 0x00, 0x00, 0x00, 0x00, 0x00, 0x00, 0x00, 0x00, 0x00, 0x00, 0x00, 0x00, 0x00, 0x00, 0x00, 0x00, 0x00, 0x00,
  0x00, 0x00, 0x00, 0x00, 0x00, 0x00, 0x00, 0x00, 0x00, 0x00, 0x00, 0x00, 0x00, 0x00, 0x00, 0x00, 0x00, 0x00, 0x00, 0x00, 0x00, 0x00, 0x00, 0x00, 0x00, 0x00, 0x00, 0x00, 0x00, 0x00, 0x00, 0x00,
  0x00, 0x00, 0x00, 0x00, 0x00, 0x00, 0x00, 0x00, 0x00, 0x00, 0x00, 0x00, 0x00, 0x00, 0x00, 0x00, 0x00, 0x00, 0x00, 0x00, 0x00, 0x00, 0x00, 0x00, 0x00, 0x00, 0x00, 0x00, 0x00, 0x00, 0x00, 0x00,
  0x00, 0x00, 0x00, 0x00, 0x00, 0x00, 0x00, 0x00, 0x00, 0x00, 0x00, 0x00, 0x00, 0x00, 0x00, 0x00, 0x00, 0x00, 0x00, 0x00, 0x00, 0x00, 0x00, 0x00, 0x00, 0x00, 0x00, 0x00, 0x00, 0x00, 0x00, 0x00,
  0x00, 0x00, 0x00, 0x00, 0x00, 0x00, 0x00, 0x00, 0x00, 0x00, 0x00, 0x00, 0x00, 0x00, 0x00, 0x00, 0x00, 0x00, 0x00, 0x00, 0x00, 0x00, 0x00, 0x00, 0x00, 0x00, 0x00, 0x00, 0x00, 0x00, 0x00, 0x00,
  0x00, 0x00, 0x00, 0x00, 0x00, 0x00, 0x00, 0x00, 0x00, 0x00, 0x00, 0x00, 0x00, 0x00, 0x00, 0x00, 0x00, 0x00, 0x00, 0x00, 0x00, 0x00, 0x08, 0x00, 0x08, 0x00, 0x08, 0x00, 0x08, 0x00, 0x08, 0x00,
  0x08, 0x00, 0x08, 0x20, 0x08, 0x20, 0x08, 0x20, 0x08, 0x20, 0x08, 0x20, 0x08, 0x00, 0x08, 0x00, 0x08, 0x00, 0x08, 0x00, 0x08, 0x00, 0x08, 0x00, 0x08, 0x00, 0x08, 0x00, 0x08, 0x00, 0x08, 0x20,
  0x08, 0x00, 0x08, 0x00, 0x08, 0x00, 0x08, 0x00, 0x00, 0x00, 0x00, 0x00, 0x00, 0x00, 0x00, 0x00, 0x00, 0x00, 0x00, 0x00, 0x00, 0x00, 0x00, 0x00, 0x00, 0x00, 0x00, 0x00, 0x00, 0x00, 0x00, 0x00,
  0x00, 0x00, 0x00, 0x00, 0x00, 0x00, 0x00, 0x00, 0x00, 0x00, 0x00, 0x00, 0x00, 0x00, 0x00, 0x00, 0x00, 0x00, 0x00, 0x00, 0x00, 0x00, 0x00, 0x00, 0x00, 0x00, 0x00, 0x00, 0x00, 0x00, 0x00, 0x00,
  0x00, 0x00, 0x00, 0x00, 0x00, 0x00, 0x00, 0x00, 0x00, 0x00, 0x00, 0x00, 0x00, 0x00, 0x00, 0x00, 0x00, 0x00, 0x00, 0x00, 0x00, 0x00, 0x00, 0x00, 0x00, 0x00, 0x00, 0x00, 0x00, 0x00, 0x00, 0x00,
  0x00, 0x00, 0x00, 0x00, 0x00, 0x00, 0x00, 0x00, 0x00, 0x00, 0x00, 0x00, 0x00, 0x00, 0x00, 0x00, 0x00, 0x00, 0x00, 0x00, 0x00, 0x00, 0x00, 0x00, 0x00, 0x00, 0x00, 0x00, 0x00, 0x00, 0x00, 0x00,
  0x00, 0x00, 0x00, 0x00, 0x00, 0x00, 0x00, 0x00, 0x00, 0x00, 0x00, 0x00, 0x00, 0x00, 0x00, 0x00, 0x00, 0x00, 0x00, 0x00, 0x00, 0x00, 0x00, 0x00, 0x00, 0x00, 0x00, 0x00, 0x00, 0x00, 0x00, 0x00,
  0x00, 0x00, 0x00, 0x00, 0x00, 0x00, 0x00, 0x00, 0x00, 0x00, 0x00, 0x00, 0x00, 0x00, 0x00, 0x00, 0x00, 0x00, 0x00, 0x00, 0x00, 0x00, 0x00, 0x00, 0x00, 0x00, 0x00, 0x00, 0x00, 0x00, 0x00, 0x00,
  0x00, 0x00, 0x00, 0x00, 0x00, 0x00, 0x00, 0x00, 0x00, 0x00, 0x00, 0x00, 0x00, 0x00, 0x00, 0x00, 0x00, 0x00, 0x00, 0x00, 0x00, 0x00, 0x00, 0x00, 0x00, 0x00, 0x00, 0x00, 0x00, 0x00, 0x00, 0x00,
  0x00, 0x00, 0x00, 0x00, 0x00, 0x00, 0x00, 0x00, 0x00, 0x00, 0x00, 0x00, 0x00, 0x00, 0x00, 0x00, 0x00, 0x00, 0x00, 0x00, 0x00, 0x00, 0x00, 0x00, 0x00, 0x00, 0x00, 0x00, 0x00, 0x00, 0x00, 0x00,
  0x00, 0x00, 0x00, 0x00, 0x00, 0x00, 0x00, 0x00, 0x00, 0x00, 0x00, 0x00, 0x00, 0x00, 0x00, 0x00, 0x00, 0x00, 0x00, 0x00, 0x00, 0x00, 0x00, 0x00, 0x00, 0x00, 0x00, 0x00, 0x00, 0x00, 0x00, 0x00,
  0x00, 0x00, 0x00, 0x00, 0x00, 0x00, 0x00, 0x00, 0x00, 0x00, 0x00, 0x00, 0x00, 0x00, 0x00, 0x00, 0x00, 0x00, 0x00, 0x00, 0x00, 0x00, 0x00, 0x00, 0x00, 0x00, 0x00, 0x00, 0x00, 0x00, 0x00, 0x00,
  0x00, 0x00, 0x00, 0x00, 0x00, 0x00, 0x00, 0x00, 0x00, 0x00, 0x00, 0x00, 0x00, 0x00, 0x00, 0x00, 0x00, 0x00, 0x00, 0x00, 0x00, 0x00, 0x00, 0x00, 0x00, 0x00, 0x00, 0x00, 0x00, 0x00, 0x00, 0x00,
  0x00, 0x00, 0x00, 0x00, 0x00, 0x00, 0x00, 0x00, 0x00, 0x00, 0x00, 0x00, 0x00, 0x00, 0x00, 0x00, 0x00, 0x00, 0x00, 0x00, 0x00, 0x00, 0x00, 0x00, 0x00, 0x00, 0x00, 0x00, 0x00, 0x00, 0x00, 0x00,
  0x00, 0x00, 0x00, 0x00, 0x00, 0x00, 0x00, 0x00, 0x00, 0x00, 0x00, 0x00, 0x00, 0x00, 0x00, 0x00, 0x00, 0x00, 0x00, 0x00, 0x00, 0x00, 0x00, 0x00, 0x00, 0x00, 0x00, 0x00, 0x00, 0x00, 0x00, 0x00,
  0x00, 0x00, 0x00, 0x00, 0x00, 0x00, 0x00, 0x00, 0x00, 0x00, 0x08, 0x00, 0x08, 0x00, 0x08, 0x00, 0x08, 0x20, 0x08, 0x20, 0x08, 0x20, 0x08, 0x00, 0x08, 0x20, 0x08, 0x20, 0x08, 0x20, 0x08, 0x20,
  0x08, 0x20, 0x08, 0x20, 0x08, 0x20, 0x08, 0x20, 0x08, 0x20, 0x10, 0x20, 0x10, 0x20, 0x10, 0x20, 0x10, 0x20, 0x10, 0x20, 0x10, 0x20, 0x10, 0x20, 0x10, 0x20, 0x08, 0x20, 0x08, 0x20, 0x08, 0x20,
  0x08, 0x20, 0x08, 0x20, 0x08, 0x20, 0x08, 0x20, 0x08, 0x20, 0x08, 0x20, 0x08, 0x20, 0x08, 0x00, 0x08, 0x00, 0x08, 0x00, 0x08, 0x00, 0x00, 0x00, 0x00, 0x00, 0x00, 0x00, 0x00, 0x00, 0x00, 0x00,
  0x00, 0x00, 0x00, 0x00, 0x00, 0x00, 0x00, 0x00, 0x00, 0x00, 0x00, 0x00, 0x00, 0x00, 0x00, 0x00, 0x00, 0x00, 0x00, 0x00, 0x00, 0x00, 0x00, 0x00, 0x00, 0x00, 0x00, 0x00, 0x00, 0x00, 0x00, 0x00,
  0x00, 0x00, 0x00, 0x00, 0x00, 0x00, 0x00, 0x00, 0x00, 0x00, 0x00, 0x00, 0x00, 0x00, 0x00, 0x00, 0x00, 0x00, 0x00, 0x00, 0x00, 0x00, 0x00, 0x00, 0x00, 0x00, 0x00, 0x00, 0x00, 0x00, 0x00, 0x00,
  0x00, 0x00, 0x00, 0x00, 0x00, 0x00, 0x00, 0x00, 0x00, 0x00, 0x00, 0x00, 0x00, 0x00, 0x00, 0x00, 0x00, 0x00, 0x00, 0x00, 0x00, 0x00, 0x00, 0x00, 0x00, 0x00, 0x00, 0x00, 0x00, 0x00, 0x00, 0x00,
  0x00, 0x00, 0x00, 0x00, 0x00, 0x00, 0x00, 0x00, 0x00, 0x00, 0x00, 0x00, 0x00, 0x00, 0x00, 0x00, 0x00, 0x00, 0x00, 0x00, 0x00, 0x00, 0x00, 0x00, 0x00, 0x00, 0x00, 0x00, 0x00, 0x00, 0x00, 0x00,
  0x00, 0x00, 0x00, 0x00, 0x00, 0x00, 0x00, 0x00, 0x00, 0x00, 0x00, 0x00, 0x00, 0x00, 0x00, 0x00, 0x00, 0x00, 0x00, 0x00, 0x00, 0x00, 0x00, 0x00, 0x00, 0x00, 0x00, 0x00, 0x00, 0x00, 0x00, 0x00,
  0x00, 0x00, 0x00, 0x00, 0x00, 0x00, 0x00, 0x00, 0x00, 0x00, 0x00, 0x00, 0x00, 0x00, 0x00, 0x00, 0x00, 0x00, 0x00, 0x00, 0x00, 0x00, 0x00, 0x00, 0x00, 0x00, 0x00, 0x00, 0x00, 0x00, 0x00, 0x00,
  0x00, 0x00, 0x00, 0x00, 0x00, 0x00, 0x00, 0x00, 0x00, 0x00, 0x00, 0x00, 0x00, 0x00, 0x00, 0x00, 0x00, 0x00, 0x00, 0x00, 0x00, 0x00, 0x00, 0x00, 0x00, 0x00, 0x00, 0x00, 0x00, 0x00, 0x00, 0x00,
  0x00, 0x00, 0x00, 0x00, 0x00, 0x00, 0x00, 0x00, 0x00, 0x00, 0x00, 0x00, 0x00, 0x00, 0x00, 0x00, 0x00, 0x00, 0x00, 0x00, 0x00, 0x00, 0x00, 0x00, 0x00, 0x00, 0x00, 0x00, 0x00, 0x00, 0x00, 0x00,
  0x00, 0x00, 0x00, 0x00, 0x00, 0x00, 0x00, 0x00, 0x00, 0x00, 0x00, 0x00, 0x00, 0x00, 0x00, 0x00, 0x00, 0x00, 0x00, 0x00, 0x00, 0x00, 0x00, 0x00, 0x00, 0x00, 0x00, 0x00, 0x00, 0x00, 0x00, 0x00,
  0x00, 0x00, 0x00, 0x00, 0x00, 0x00, 0x00, 0x00, 0x00, 0x00, 0x00, 0x00, 0x00, 0x00, 0x00, 0x00, 0x00, 0x00, 0x00, 0x00, 0x00, 0x00, 0x00, 0x00, 0x00, 0x00, 0x00, 0x00, 0x00, 0x00, 0x00, 0x00,
  0x00, 0x00, 0x00, 0x00, 0x00, 0x00, 0x00, 0x00, 0x00, 0x00, 0x00, 0x00, 0x00, 0x00, 0x00, 0x00, 0x00, 0x00, 0x00, 0x00, 0x00, 0x00, 0x00, 0x00, 0x00, 0x00, 0x00, 0x00, 0x00, 0x00, 0x00, 0x00,
  0x00, 0x00, 0x00, 0x00, 0x00, 0x00, 0x00, 0x00, 0x00, 0x00, 0x00, 0x00, 0x00, 0x00, 0x00, 0x00, 0x00, 0x00, 0x00, 0x00, 0x00, 0x00, 0x00, 0x00, 0x00, 0x00, 0x00, 0x00, 0x00, 0x00, 0x08, 0x00,
  0x08, 0x00, 0x08, 0x00, 0x08, 0x20, 0x08, 0x20, 0x08, 0x20, 0x08, 0x20, 0x08, 0x20, 0x08, 0x20, 0x08, 0x20, 0x10, 0x20, 0x10, 0x20, 0x10, 0x20, 0x10, 0x20, 0x10, 0x40, 0x10, 0x20, 0x10, 0x20,
  0x10, 0x20, 0x10, 0x20, 0x10, 0x40, 0x10, 0x40, 0x10, 0x40, 0x10, 0x40, 0x10, 0x40, 0x10, 0x40, 0x10, 0x40, 0x10, 0x40, 0x10, 0x40, 0x10, 0x40, 0x10, 0x40, 0x10, 0x40, 0x10, 0x40, 0x10, 0x40,
  0x10, 0x40, 0x10, 0x20, 0x10, 0x20, 0x10, 0x20, 0x10, 0x20, 0x10, 0x20, 0x10, 0x20, 0x08, 0x20, 0x08, 0x20, 0x08, 0x20, 0x08, 0x20, 0x08, 0x20, 0x08, 0x20, 0x08, 0x20, 0x08, 0x00, 0x08, 0x00,
  0x08, 0x00, 0x08, 0x00, 0x00, 0x00, 0x00, 0x00, 0x00, 0x00, 0x00, 0x00, 0x00, 0x00, 0x00, 0x00, 0x00, 0x00, 0x00, 0x00, 0x00, 0x00, 0x00, 0x00, 0x00, 0x00, 0x00, 0x00, 0x00, 0x00, 0x00, 0x00,
  0x00, 0x00, 0x00, 0x00, 0x00, 0x00, 0x00, 0x00, 0x00, 0x00, 0x00, 0x00, 0x00, 0x00, 0x00, 0x00, 0x00, 0x00, 0x00, 0x00, 0x00, 0x00, 0x00, 0x00, 0x00, 0x00, 0x00, 0x00, 0x00, 0x00, 0x00, 0x00,
  0x00, 0x00, 0x00, 0x00, 0x00, 0x00, 0x00, 0x00, 0x00, 0x00, 0x00, 0x00, 0x00, 0x00, 0x00, 0x00, 0x00, 0x00, 0x00, 0x00, 0x00, 0x00, 0x00, 0x00, 0x00, 0x00, 0x00, 0x00, 0x00, 0x00, 0x00, 0x00,
  0x00, 0x00, 0x00, 0x00, 0x00, 0x00, 0x00, 0x00, 0x00, 0x00, 0x00, 0x00, 0x00, 0x00, 0x00, 0x00, 0x00, 0x00, 0x00, 0x00, 0x00, 0x00, 0x00, 0x00, 0x00, 0x00, 0x00, 0x00, 0x00, 0x00, 0x00, 0x00,
  0x00, 0x00, 0x00, 0x00, 0x00, 0x00, 0x00, 0x00, 0x00, 0x00, 0x00, 0x00, 0x00, 0x00, 0x00, 0x00, 0x00, 0x00, 0x00, 0x00, 0x00, 0x00, 0x00, 0x00, 0x00, 0x00, 0x00, 0x00, 0x00, 0x00, 0x00, 0x00,
  0x00, 0x00, 0x00, 0x00, 0x00, 0x00, 0x00, 0x00, 0x00, 0x00, 0x00, 0x00, 0x00, 0x00, 0x00, 0x00, 0x00, 0x00, 0x00, 0x00, 0x00, 0x00, 0x00, 0x00, 0x00, 0x00, 0x00, 0x00, 0x00, 0x00, 0x00, 0x00,
  0x00, 0x00, 0x00, 0x00, 0x00, 0x00, 0x00, 0x00, 0x00, 0x00, 0x00, 0x00, 0x00, 0x00, 0x00, 0x00, 0x00, 0x00, 0x00, 0x00, 0x00, 0x00, 0x00, 0x00, 0x00, 0x00, 0x00, 0x00, 0x00, 0x00, 0x00, 0x00,
  0x00, 0x00, 0x00, 0x00, 0x00, 0x00, 0x00, 0x00, 0x00, 0x00, 0x00, 0x00, 0x00, 0x00, 0x00, 0x00, 0x00, 0x00, 0x00, 0x00, 0x00, 0x00, 0x00, 0x00, 0x00, 0x00, 0x00, 0x00, 0x00, 0x00, 0x00, 0x00,
  0x00, 0x00, 0x00, 0x00, 0x00, 0x00, 0x00, 0x00, 0x00, 0x00, 0x00, 0x00, 0x00, 0x00, 0x00, 0x00, 0x00, 0x00, 0x00, 0x00, 0x00, 0x00, 0x00, 0x00, 0x00, 0x00, 0x00, 0x00, 0x00, 0x00, 0x00, 0x00,
  0x00, 0x00, 0x00, 0x00, 0x00, 0x00, 0x00, 0x00, 0x00, 0x00, 0x00, 0x00, 0x00, 0x00, 0x00, 0x00, 0x00, 0x00, 0x00, 0x00, 0x00, 0x00, 0x00, 0x00, 0x00, 0x00, 0x00, 0x00, 0x00, 0x00, 0x00, 0x00,
  0x00, 0x00, 0x00, 0x00, 0x00, 0x00, 0x00, 0x00, 0x00, 0x00, 0x00, 0x00, 0x00, 0x00, 0x00, 0x00, 0x00, 0x00, 0x00, 0x00, 0x00, 0x00, 0x00, 0x00, 0x00, 0x00, 0x00, 0x00, 0x00, 0x00, 0x00, 0x00,
  0x00, 0x00, 0x00, 0x00, 0x00, 0x00, 0x00, 0x00, 0x00, 0x00, 0x00, 0x00, 0x00, 0x00, 0x00, 0x00, 0x00, 0x00, 0x00, 0x00, 0x00, 0x00, 0x08, 0x00, 0x08, 0x00, 0x08, 0x20, 0x08, 0x20, 0x08, 0x20,
  0x08, 0x20, 0x08, 0x20, 0x08, 0x20, 0x10, 0x20, 0x10, 0x20, 0x10, 0x20, 0x10, 0x40, 0x10, 0x40, 0x10, 0x40, 0x10, 0x40, 0x18, 0x40, 0x18, 0x40, 0x18, 0x40, 0x18, 0x40, 0x18, 0x40, 0x18, 0x40,
  0x18, 0x40, 0x18, 0x40, 0x18, 0x60, 0x18, 0x60, 0x18, 0x60, 0x18, 0x60, 0x18, 0x60, 0x18, 0x60, 0x18, 0x60, 0x18, 0x60, 0x18, 0x60, 0x18, 0x60, 0x18, 0x60, 0x18, 0x60, 0x18, 0x40, 0x18, 0x40,
  0x18, 0x40, 0x18, 0x40, 0x18, 0x40, 0x18, 0x40, 0x18, 0x40, 0x18, 0x40, 0x10, 0x40, 0x10, 0x40, 0x10, 0x40, 0x10, 0x20, 0x10, 0x20, 0x10, 0x20, 0x10, 0x20, 0x10, 0x20, 0x08, 0x20, 0x08, 0x20,
  0x08, 0x20, 0x08, 0x20, 0x08, 0x20, 0x08, 0x00, 0x08, 0x00, 0x08, 0x00, 0x00, 0x00, 0x00, 0x00, 0x00, 0x00, 0x00, 0x00, 0x00, 0x00, 0x00, 0x00, 0x00, 0x00, 0x00, 0x00, 0x00, 0x00, 0x00, 0x00,
  0x00, 0x00, 0x00, 0x00, 0x00, 0x00, 0x00, 0x00, 0x00, 0x00, 0x00, 0x00, 0x00, 0x00, 0x00, 0x00, 0x00, 0x00, 0x00, 0x00, 0x00, 0x00, 0x00, 0x00, 0x00, 0x00, 0x00, 0x00, 0x00, 0x00, 0x00, 0x00,
  0x00, 0x00, 0x00, 0x00, 0x00, 0x00, 0x00, 0x00, 0x00, 0x00, 0x00, 0x00, 0x00, 0x00, 0x00, 0x00, 0x00, 0x00, 0x00, 0x00, 0x00, 0x00, 0x00, 0x00, 0x00, 0x00, 0x00, 0x00, 0x00, 0x00, 0x00, 0x00,
  0x00, 0x00, 0x00, 0x00, 0x00, 0x00, 0x00, 0x00, 0x00, 0x00, 0x00, 0x00, 0x00, 0x00, 0x00, 0x00, 0x00, 0x00, 0x00, 0x00, 0x00, 0x00, 0x00, 0x00, 0x00, 0x00, 0x00, 0x00, 0x00, 0x00, 0x00, 0x00,
  0x00, 0x00, 0x00, 0x00, 0x00, 0x00, 0x00, 0x00, 0x00, 0x00, 0x00, 0x00, 0x00, 0x00, 0x00, 0x00, 0x00, 0x00, 0x00, 0x00, 0x00, 0x00, 0x00, 0x00, 0x00, 0x00, 0x00, 0x00, 0x00, 0x00, 0x00, 0x00,
  0x00, 0x00, 0x00, 0x00, 0x00, 0x00, 0x00, 0x00, 0x00, 0x00, 0x00, 0x00, 0x00, 0x00, 0x00, 0x00, 0x00, 0x00, 0x00, 0x00, 0x00, 0x00, 0x00, 0x00, 0x00, 0x00, 0x00, 0x00, 0x00, 0x00, 0x00, 0x00,
  0x00, 0x00, 0x00, 0x00, 0x00, 0x00, 0x00, 0x00, 0x00, 0x00, 0x00, 0x00, 0x00, 0x00, 0x00, 0x00, 0x00, 0x00, 0x00, 0x00, 0x00, 0x00, 0x00, 0x00, 0x00, 0x00, 0x00, 0x00, 0x00, 0x00, 0x00, 0x00,
  0x00, 0x00, 0x00, 0x00, 0x00, 0x00, 0x00, 0x00, 0x00, 0x00, 0x00, 0x00, 0x00, 0x00, 0x00, 0x00, 0x00, 0x00, 0x00, 0x00, 0x00, 0x00, 0x00, 0x00, 0x00, 0x00, 0x00, 0x00, 0x00, 0x00, 0x00, 0x00,
  0x00, 0x00, 0x00, 0x00, 0x00, 0x00, 0x00, 0x00, 0x00, 0x00, 0x00, 0x00, 0x00, 0x00, 0x00, 0x00, 0x00, 0x00, 0x00, 0x00, 0x00, 0x00, 0x00, 0x00, 0x00, 0x00, 0x00, 0x00, 0x00, 0x00, 0x00, 0x00,
  0x00, 0x00, 0x00, 0x00, 0x00, 0x00, 0x00, 0x00, 0x00, 0x00, 0x00, 0x00, 0x00, 0x00, 0x00, 0x00, 0x00, 0x00, 0x00, 0x00, 0x00, 0x00, 0x00, 0x00, 0x00, 0x00, 0x00, 0x00, 0x00, 0x00, 0x00, 0x00,
  0x00, 0x00, 0x00, 0x00, 0x00, 0x00, 0x00, 0x00, 0x00, 0x00, 0x00, 0x00, 0x00, 0x00, 0x00, 0x00, 0x00, 0x00, 0x00, 0x00, 0x00, 0x00, 0x00, 0x00, 0x00, 0x00, 0x00, 0x00, 0x00, 0x00, 0x00, 0x00,
  0x00, 0x00, 0x00, 0x00, 0x00, 0x00, 0x00, 0x00, 0x00, 0x00, 0x00, 0x00, 0x00, 0x00, 0x08, 0x00, 0x08, 0x00, 0x08, 0x20, 0x08, 0x20, 0x08, 0x20, 0x08, 0x20, 0x08, 0x20, 0x08, 0x20, 0x10, 0x20,
  0x10, 0x20, 0x10, 0x40, 0x10, 0x40, 0x18, 0x40, 0x18, 0x40, 0x18, 0x40, 0x18, 0x40, 0x18, 0x40, 0x18, 0x60, 0x20, 0x60, 0x20, 0x60, 0x20, 0x60, 0x20, 0x60, 0x20, 0x60, 0x20, 0x80, 0x20, 0x80,
  0x28, 0x80, 0x28, 0x80, 0x28, 0x80, 0x28, 0x80, 0x28, 0x80, 0x28, 0x80, 0x28, 0x80, 0x28, 0x80, 0x28, 0x80, 0x28, 0x80, 0x28, 0x80, 0x28, 0x80, 0x28, 0x80, 0x28, 0x80, 0x28, 0x80, 0x28, 0x80,
  0x20, 0x80, 0x20, 0x60, 0x20, 0x60, 0x20, 0x60, 0x20, 0x60, 0x20, 0x60, 0x20, 0x60, 0x18, 0x40, 0x18, 0x40, 0x18, 0x40, 0x18, 0x40, 0x18, 0x40, 0x10, 0x40, 0x10, 0x40, 0x10, 0x20, 0x10, 0x40,
  0x10, 0x20, 0x08, 0x20, 0x08, 0x20, 0x08, 0x20, 0x08, 0x20, 0x08, 0x20, 0x08, 0x00, 0x08, 0x00, 0x08, 0x00, 0x00, 0x00, 0x00, 0x00, 0x00, 0x00, 0x00, 0x00, 0x00, 0x00, 0x00, 0x00, 0x00, 0x00,
  0x00, 0x00, 0x00, 0x00, 0x00, 0x00, 0x00, 0x00, 0x00, 0x00, 0x00, 0x00, 0x00, 0x00, 0x00, 0x00, 0x00, 0x00, 0x00, 0x00, 0x00, 0x00, 0x00, 0x00, 0x00, 0x00, 0x00, 0x00, 0x00, 0x00, 0x00, 0x00,
  0x00, 0x00, 0x00, 0x00, 0x00, 0x00, 0x00, 0x00, 0x00, 0x00, 0x00, 0x00, 0x00, 0x00, 0x00, 0x00, 0x00, 0x00, 0x00, 0x00, 0x00, 0x00, 0x00, 0x00, 0x00, 0x00, 0x00, 0x00, 0x00, 0x00, 0x00, 0x00,
  0x00, 0x00, 0x00, 0x00, 0x00, 0x00, 0x00, 0x00, 0x00, 0x00, 0x00, 0x00, 0x00, 0x00, 0x00, 0x00, 0x00, 0x00, 0x00, 0x00, 0x00, 0x00, 0x00, 0x00, 0x00, 0x00, 0x00, 0x00, 0x00, 0x00, 0x00, 0x00,
  0x00, 0x00, 0x00, 0x00, 0x00, 0x00, 0x00, 0x00, 0x00, 0x00, 0x00, 0x00, 0x00, 0x00, 0x00, 0x00, 0x00, 0x00, 0x00, 0x00, 0x00, 0x00, 0x00, 0x00, 0x00, 0x00, 0x00, 0x00, 0x00, 0x00, 0x00, 0x00,
  0x00, 0x00, 0x00, 0x00, 0x00, 0x00, 0x00, 0x00, 0x00, 0x00, 0x00, 0x00, 0x00, 0x00, 0x00, 0x00, 0x00, 0x00, 0x00, 0x00, 0x00, 0x00, 0x00, 0x00, 0x00, 0x00, 0x00, 0x00, 0x00, 0x00, 0x00, 0x00,
  0x00, 0x00, 0x00, 0x00, 0x00, 0x00, 0x00, 0x00, 0x00, 0x00, 0x00, 0x00, 0x00, 0x00, 0x00, 0x00, 0x00, 0x00, 0x00, 0x00, 0x00, 0x00, 0x00, 0x00, 0x00, 0x00, 0x00, 0x00, 0x00, 0x00, 0x00, 0x00,
  0x00, 0x00, 0x00, 0x00, 0x00, 0x00, 0x00, 0x00, 0x00, 0x00, 0x00, 0x00, 0x00, 0x00, 0x00, 0x00, 0x00, 0x00, 0x00, 0x00, 0x00, 0x00, 0x00, 0x00, 0x00, 0x00, 0x00, 0x00, 0x00, 0x00, 0x00, 0x00,
  0x00, 0x00, 0x00, 0x00, 0x00, 0x00, 0x00, 0x00, 0x00, 0x00, 0x00, 0x00, 0x00, 0x00, 0x00, 0x00, 0x00, 0x00, 0x00, 0x00, 0x00, 0x00, 0x00, 0x00, 0x00, 0x00, 0x00, 0x00, 0x00, 0x00, 0x00, 0x00,
  0x00, 0x00, 0x00, 0x00, 0x00, 0x00, 0x00, 0x00, 0x00, 0x00, 0x00, 0x00, 0x00, 0x00, 0x00, 0x00, 0x00, 0x00, 0x00, 0x00, 0x00, 0x00, 0x00, 0x00, 0x00, 0x00, 0x00, 0x00, 0x00, 0x00, 0x00, 0x00,
  0x00, 0x00, 0x00, 0x00, 0x00, 0x00, 0x00, 0x00, 0x00, 0x00, 0x00, 0x00, 0x00, 0x00, 0x00, 0x00, 0x00, 0x00, 0x00, 0x00, 0x00, 0x00, 0x00, 0x00, 0x00, 0x00, 0x00, 0x00, 0x00, 0x00, 0x00, 0x00,
  0x00, 0x00, 0x00, 0x00, 0x00, 0x00, 0x08, 0x00, 0x08, 0x00, 0x08, 0x00, 0x08, 0x20, 0x08, 0x20, 0x08, 0x20, 0x08, 0x20, 0x10, 0x20, 0x10, 0x20, 0x10, 0x40, 0x10, 0x40, 0x10, 0x40, 0x18, 0x40,
  0x18, 0x40, 0x18, 0x40, 0x18, 0x60, 0x20, 0x60, 0x20, 0x60, 0x20, 0x60, 0x28, 0x80, 0x28, 0x80, 0x28, 0x80, 0x28, 0x80, 0x28, 0x60, 0x20, 0x60, 0x20, 0x60, 0x20, 0x40, 0x20, 0x40, 0x20, 0x20,
  0x18, 0x40, 0x18, 0x40, 0x20, 0x40, 0x20, 0x40, 0x20, 0x40, 0x20, 0x40, 0x20, 0x40, 0x28, 0x40, 0x28, 0x40, 0x20, 0x40, 0x20, 0x40, 0x20, 0x40, 0x20, 0x40, 0x20, 0x40, 0x18, 0x40, 0x18, 0x20,
  0x20, 0x20, 0x20, 0x40, 0x20, 0x40, 0x20, 0x60, 0x20, 0x60, 0x20, 0x60, 0x28, 0x80, 0x28, 0x80, 0x28, 0x80, 0x20, 0x80, 0x20, 0x60, 0x20, 0x60, 0x20, 0x60, 0x20, 0x40, 0x18, 0x40, 0x18, 0x40,
  0x18, 0x40, 0x18, 0x40, 0x10, 0x40, 0x10, 0x20, 0x10, 0x20, 0x10, 0x20, 0x08, 0x20, 0x08, 0x20, 0x08, 0x20, 0x08, 0x20, 0x08, 0x20, 0x08, 0x00, 0x08, 0x00, 0x00, 0x00, 0x00, 0x00, 0x00, 0x00,
  0x00, 0x00, 0x00, 0x00, 0x00, 0x00, 0x00, 0x00, 0x00, 0x00, 0x00, 0x00, 0x00, 0x00, 0x00, 0x00, 0x00, 0x00, 0x00, 0x00, 0x00, 0x00, 0x00, 0x00, 0x00, 0x00, 0x00, 0x00, 0x00, 0x00, 0x00, 0x00,
  0x00, 0x00, 0x00, 0x00, 0x00, 0x00, 0x00, 0x00, 0x00, 0x00, 0x00, 0x00, 0x00, 0x00, 0x00, 0x00, 0x00, 0x00, 0x00, 0x00, 0x00, 0x00, 0x00, 0x00, 0x00, 0x00, 0x00, 0x00, 0x00, 0x00, 0x00, 0x00,
  0x00, 0x00, 0x00, 0x00, 0x00, 0x00, 0x00, 0x00, 0x00, 0x00, 0x00, 0x00, 0x00, 0x00, 0x00, 0x00, 0x00, 0x00, 0x00, 0x00, 0x00, 0x00, 0x00, 0x00, 0x00, 0x00, 0x00, 0x00, 0x00, 0x00, 0x00, 0x00,
  0x00, 0x00, 0x00, 0x00, 0x00, 0x00, 0x00, 0x00, 0x00, 0x00, 0x00, 0x00, 0x00, 0x00, 0x00, 0x00, 0x00, 0x00, 0x00, 0x00, 0x00, 0x00, 0x00, 0x00, 0x00, 0x00, 0x00, 0x00, 0x00, 0x00, 0x00, 0x00,
  0x00, 0x00, 0x00, 0x00, 0x00, 0x00, 0x00, 0x00, 0x00, 0x00, 0x00, 0x00, 0x00, 0x00, 0x00, 0x00, 0x00, 0x00, 0x00, 0x00, 0x00, 0x00, 0x00, 0x00, 0x00, 0x00, 0x00, 0x00, 0x00, 0x00, 0x00, 0x00,
  0x00, 0x00, 0x00, 0x00, 0x00, 0x00, 0x00, 0x00, 0x00, 0x00, 0x00, 0x00, 0x00, 0x00, 0x00, 0x00, 0x00, 0x00, 0x00, 0x00, 0x00, 0x00, 0x00, 0x00, 0x00, 0x00, 0x00, 0x00, 0x00, 0x00, 0x00, 0x00,
  0x00, 0x00, 0x00, 0x00, 0x00, 0x00, 0x00, 0x00, 0x00, 0x00, 0x00, 0x00, 0x00, 0x00, 0x00, 0x00, 0x00, 0x00, 0x00, 0x00, 0x00, 0x00, 0x00, 0x00, 0x00, 0x00, 0x00, 0x00, 0x00, 0x00, 0x00, 0x00,
  0x00, 0x00, 0x00, 0x00, 0x00, 0x00, 0x00, 0x00, 0x00, 0x00, 0x00, 0x00, 0x00, 0x00, 0x00, 0x00, 0x00, 0x00, 0x00, 0x00, 0x00, 0x00, 0x00, 0x00, 0x00, 0x00, 0x00, 0x00, 0x00, 0x00, 0x00, 0x00,
  0x00, 0x00, 0x00, 0x00, 0x00, 0x00, 0x00, 0x00, 0x00, 0x00, 0x00, 0x00, 0x00, 0x00, 0x00, 0x00, 0x00, 0x00, 0x00, 0x00, 0x00, 0x00, 0x00, 0x00, 0x00, 0x00, 0x00, 0x00, 0x00, 0x00, 0x00, 0x00,
  0x00, 0x00, 0x00, 0x00, 0x00, 0x00, 0x00, 0x00, 0x00, 0x00, 0x00, 0x00, 0x00, 0x00, 0x00, 0x00, 0x00, 0x00, 0x00, 0x00, 0x00, 0x00, 0x00, 0x00, 0x00, 0x00, 0x00, 0x00, 0x00, 0x00, 0x00, 0x00,
  0x08, 0x00, 0x08, 0x00, 0x08, 0x00, 0x08, 0x20, 0x08, 0x20, 0x08, 0x20, 0x10, 0x20, 0x10, 0x20, 0x10, 0x40, 0x10, 0x40, 0x10, 0x40, 0x18, 0x40, 0x18, 0x40, 0x18, 0x40, 0x20, 0x60, 0x20, 0x60,
  0x20, 0x80, 0x28, 0x80, 0x28, 0x80, 0x20, 0x80, 0x20, 0x60, 0x20, 0x40, 0x20, 0x40, 0x20, 0x20, 0x20, 0x40, 0x28, 0x60, 0x30, 0xA0, 0x40, 0xE1, 0x51, 0x22, 0x69, 0x83, 0x79, 0xE3, 0x8A, 0x44,
  0x9A, 0xA5, 0xAA, 0xC5, 0xB3, 0x06, 0xBB, 0x47, 0xC3, 0x67, 0xCB, 0x87, 0xCB, 0xA8, 0xCB, 0xA8, 0xCB, 0xA8, 0xCB, 0xA7, 0xCB, 0x87, 0xC3, 0x67, 0xBB, 0x46, 0xB3, 0x26, 0xAA, 0xC5, 0x9A, 0xA5,
  0x8A, 0x64, 0x7A, 0x03, 0x69, 0x83, 0x59, 0x42, 0x40, 0xE1, 0x38, 0xA0, 0x28, 0x60, 0x20, 0x40, 0x20, 0x20, 0x20, 0x40, 0x20, 0x40, 0x20, 0x60, 0x20, 0x80, 0x28, 0x80, 0x28, 0x80, 0x20, 0x60,
  0x20, 0x60, 0x20, 0x60, 0x18, 0x40, 0x18, 0x40, 0x18, 0x40, 0x10, 0x40, 0x10, 0x40, 0x10, 0x20, 0x10, 0x20, 0x10, 0x20, 0x08, 0x20, 0x08, 0x20, 0x08, 0x20, 0x08, 0x00, 0x08, 0x00, 0x08, 0x00,
  0x08, 0x00, 0x00, 0x00, 0x00, 0x00, 0x00, 0x00, 0x00, 0x00, 0x00, 0x00, 0x00, 0x00, 0x00, 0x00, 0x00, 0x00, 0x00, 0x00, 0x00, 0x00, 0x00, 0x00, 0x00, 0x00, 0x00, 0x00, 0x00, 0x00, 0x00, 0x00,
  0x00, 0x00, 0x00, 0x00, 0x00, 0x00, 0x00, 0x00, 0x00, 0x00, 0x00, 0x00, 0x00, 0x00, 0x00, 0x00, 0x00, 0x00, 0x00, 0x00, 0x00, 0x00, 0x00, 0x00, 0x00, 0x00, 0x00, 0x00, 0x00, 0x00, 0x00, 0x00,
  0x00, 0x00, 0x00, 0x00, 0x00, 0x00, 0x00, 0x00, 0x00, 0x00, 0x00, 0x00, 0x00, 0x00, 0x00, 0x00, 0x00, 0x00, 0x00, 0x00, 0x00, 0x00, 0x00, 0x00, 0x00, 0x00, 0x00, 0x00, 0x00, 0x00, 0x00, 0x00,
  0x00, 0x00, 0x00, 0x00, 0x00, 0x00, 0x00, 0x00, 0x00, 0x00, 0x00, 0x00, 0x00, 0x00, 0x00, 0x00, 0x00, 0x00, 0x00, 0x00, 0x00, 0x00, 0x00, 0x00, 0x00, 0x00, 0x00, 0x00, 0x00, 0x00, 0x00, 0x00,
  0x00, 0x00, 0x00, 0x00, 0x00, 0x00, 0x00, 0x00, 0x00, 0x00, 0x00, 0x00, 0x00, 0x00, 0x00, 0x00, 0x00, 0x00, 0x00, 0x00, 0x00, 0x00, 0x00, 0x00, 0x00, 0x00, 0x00, 0x00, 0x00, 0x00, 0x00, 0x00,
  0x00, 0x00, 0x00, 0x00, 0x00, 0x00, 0x00, 0x00, 0x00, 0x00, 0x00, 0x00, 0x00, 0x00, 0x00, 0x00, 0x00, 0x00, 0x00, 0x00, 0x00, 0x00, 0x00, 0x00, 0x00, 0x00, 0x00, 0x00, 0x00, 0x00, 0x00, 0x00,
  0x00, 0x00, 0x00, 0x00, 0x00, 0x00, 0x00, 0x00, 0x00, 0x00, 0x00, 0x00, 0x00, 0x00, 0x00, 0x00, 0x00, 0x00, 0x00, 0x00, 0x00, 0x00, 0x00, 0x00, 0x00, 0x00, 0x00, 0x00, 0x00, 0x00, 0x00, 0x00,
  0x00, 0x00, 0x00, 0x00, 0x00, 0x00, 0x00, 0x00, 0x00, 0x00, 0x00, 0x00, 0x00, 0x00, 0x00, 0x00, 0x00, 0x00, 0x00, 0x00, 0x00, 0x00, 0x00, 0x00, 0x00, 0x00, 0x00, 0x00, 0x00, 0x00, 0x00, 0x00,
  0x00, 0x00, 0x00, 0x00, 0x00, 0x00, 0x00, 0x00, 0x00, 0x00, 0x00, 0x00, 0x00, 0x00, 0x00, 0x00, 0x00, 0x00, 0x00, 0x00, 0x00, 0x00, 0x00, 0x00, 0x00, 0x00, 0x00, 0x00, 0x00, 0x00, 0x00, 0x00,
  0x00, 0x00, 0x00, 0x00, 0x00, 0x00, 0x00, 0x00, 0x00, 0x00, 0x00, 0x00, 0x00, 0x00, 0x00, 0x00, 0x00, 0x00, 0x00, 0x00, 0x00, 0x00, 0x00, 0x00, 0x00, 0x00, 0x00, 0x00, 0x08, 0x00, 0x08, 0x00,
  0x08, 0x20, 0x08, 0x20, 0x08, 0x20, 0x10, 0x20, 0x10, 0x20, 0x10, 0x20, 0x10, 0x40, 0x18, 0x40, 0x18, 0x40, 0x18, 0x40, 0x20, 0x60, 0x20, 0x60, 0x20, 0x60, 0x28, 0x80, 0x28, 0x80, 0x20, 0x60,
  0x20, 0x40, 0x20, 0x20, 0x20, 0x20, 0x30, 0x60, 0x40, 0xE1, 0x61, 0x62, 0x82, 0x24, 0xA2, 0xC5, 0xC3, 0x46, 0xD3, 0xC8, 0xE4, 0x28, 0xEC, 0x69, 0xEC, 0x69, 0xEC, 0x48, 0xE4, 0x28, 0xDC, 0x08,
  0xD3, 0xC7, 0xCB, 0x87, 0xBB, 0x67, 0xB3, 0x26, 0xAB, 0x06, 0xA2, 0xE5, 0xA2, 0xE5, 0x9A, 0xC5, 0xA2, 0xC5, 0xA2, 0xC5, 0xA2, 0xE5, 0xAB, 0x06, 0xB3, 0x26, 0xBB, 0x67, 0xC3, 0x87, 0xD3, 0xC7,
  0xDC, 0x08, 0xE4, 0x29, 0xEC, 0x49, 0xEC, 0x69, 0xEC, 0x69, 0xE4, 0x29, 0xDB, 0xC8, 0xC3, 0x46, 0xA2, 0xC5, 0x82, 0x24, 0x61, 0x62, 0x40, 0xE1, 0x30, 0x60, 0x20, 0x40, 0x20, 0x20, 0x20, 0x40,
  0x20, 0x60, 0x28, 0x80, 0x28, 0x60, 0x20, 0x80, 0x20, 0x60, 0x20, 0x40, 0x18, 0x40, 0x18, 0x40, 0x18, 0x40, 0x10, 0x40, 0x10, 0x20, 0x10, 0x20, 0x10, 0x20, 0x08, 0x20, 0x08, 0x20, 0x08, 0x20,
  0x08, 0x00, 0x08, 0x00, 0x00, 0x00, 0x00, 0x00, 0x00, 0x00, 0x00, 0x00, 0x00, 0x00, 0x00, 0x00, 0x00, 0x00, 0x00, 0x00, 0x00, 0x00, 0x00, 0x00, 0x00, 0x00, 0x00, 0x00, 0x00, 0x00, 0x00, 0x00,
  0x00, 0x00, 0x00, 0x00, 0x00, 0x00, 0x00, 0x00, 0x00, 0x00, 0x00, 0x00, 0x00, 0x00, 0x00, 0x00, 0x00, 0x00, 0x00, 0x00, 0x00, 0x00, 0x00, 0x00, 0x00, 0x00, 0x00, 0x00, 0x00, 0x00, 0x00, 0x00,
  0x00, 0x00, 0x00, 0x00, 0x00, 0x00, 0x00, 0x00, 0x00, 0x00, 0x00, 0x00, 0x00, 0x00, 0x00, 0x00, 0x00, 0x00, 0x00, 0x00, 0x00, 0x00, 0x00, 0x00, 0x00, 0x00, 0x00, 0x00, 0x00, 0x00, 0x00, 0x00,
  0x00, 0x00, 0x00, 0x00, 0x00, 0x00, 0x00, 0x00, 0x00, 0x00, 0x00, 0x00, 0x00, 0x00, 0x00, 0x00, 0x00, 0x00, 0x00, 0x00, 0x00, 0x00, 0x00, 0x00, 0x00, 0x00, 0x00, 0x00, 0x00, 0x00, 0x00, 0x00,
  0x00, 0x00, 0x00, 0x00, 0x00, 0x00, 0x00, 0x00, 0x00, 0x00, 0x00, 0x00, 0x00, 0x00, 0x00, 0x00, 0x00, 0x00, 0x00, 0x00, 0x00, 0x00, 0x00, 0x00, 0x00, 0x00, 0x00, 0x00, 0x00, 0x00, 0x00, 0x00,
  0x00, 0x00, 0x00, 0x00, 0x00, 0x00, 0x00, 0x00, 0x00, 0x00, 0x00, 0x00, 0x00, 0x00, 0x00, 0x00, 0x00, 0x00, 0x00, 0x00, 0x00, 0x00, 0x00, 0x00, 0x00, 0x00, 0x00, 0x00, 0x00, 0x00, 0x00, 0x00,
  0x00, 0x00, 0x00, 0x00, 0x00, 0x00, 0x00, 0x00, 0x00, 0x00, 0x00, 0x00, 0x00, 0x00, 0x00, 0x00, 0x00, 0x00, 0x00, 0x00, 0x00, 0x00, 0x00, 0x00, 0x00, 0x00, 0x00, 0x00, 0x00, 0x00, 0x00, 0x00,
  0x00, 0x00, 0x00, 0x00, 0x00, 0x00, 0x00, 0x00, 0x00, 0x00, 0x00, 0x00, 0x00, 0x00, 0x00, 0x00, 0x00, 0x00, 0x00, 0x00, 0x00, 0x00, 0x00, 0x00, 0x00, 0x00, 0x00, 0x00, 0x00, 0x00, 0x00, 0x00,
  0x00, 0x00, 0x00, 0x00, 0x00, 0x00, 0x00, 0x00, 0x00, 0x00, 0x00, 0x00, 0x00, 0x00, 0x00, 0x00, 0x00, 0x00, 0x00, 0x00, 0x00, 0x00, 0x00, 0x00, 0x00, 0x00, 0x00, 0x00, 0x00, 0x00, 0x00, 0x00,
  0x00, 0x00, 0x00, 0x00, 0x00, 0x00, 0x00, 0x00, 0x00, 0x00, 0x00, 0x00, 0x00, 0x00, 0x00, 0x00, 0x00, 0x00, 0x00, 0x00, 0x00, 0x00, 0x08, 0x00, 0x08, 0x00, 0x08, 0x20, 0x08, 0x20, 0x08, 0x20,
  0x10, 0x20, 0x10, 0x20, 0x10, 0x40, 0x10, 0x40, 0x18, 0x40, 0x18, 0x40, 0x20, 0x60, 0x20, 0x60, 0x20, 0x60, 0x28, 0x80, 0x28, 0x80, 0x20, 0x60, 0x20, 0x40, 0x20, 0x20, 0x28, 0x60, 0x40, 0xE1,
  0x69, 0xA2, 0x92, 0x84, 0xBB, 0x46, 0xDC, 0x08, 0xEC, 0x69, 0xF4, 0x69, 0xE4, 0x28, 0xD3, 0xC8, 0xBB, 0x46, 0x9A, 0xC5, 0x82, 0x44, 0x69, 0xC3, 0x59, 0x63, 0x49, 0x22, 0x40, 0xE1, 0x38, 0xC1,
  0x30, 0xA1, 0x30, 0xA1, 0x28, 0xA1, 0x28, 0xA1, 0x28, 0x81, 0x28, 0x81, 0x28, 0x81, 0x28, 0x80, 0x28, 0x81, 0x28, 0x81, 0x28, 0x80, 0x28, 0x80, 0x28, 0x80, 0x28, 0x80, 0x28, 0x80, 0x30, 0xA0,
  0x30, 0xC1, 0x38, 0xC1, 0x49, 0x01, 0x51, 0x42, 0x61, 0xA3, 0x7A, 0x04, 0x92, 0xA5, 0xB3, 0x26, 0xCB, 0xA7, 0xE4, 0x28, 0xEC, 0x69, 0xF4, 0x69, 0xDC, 0x08, 0xBB, 0x46, 0x92, 0x85, 0x69, 0x83,
  0x40, 0xC1, 0x28, 0x60, 0x20, 0x40, 0x20, 0x40, 0x20, 0x60, 0x28, 0x80, 0x28, 0x80, 0x20, 0x60, 0x20, 0x60, 0x18, 0x60, 0x18, 0x40, 0x18, 0x40, 0x18, 0x40, 0x10, 0x20, 0x10, 0x20, 0x10, 0x20,
  0x08, 0x20, 0x08, 0x20, 0x08, 0x00, 0x08, 0x00, 0x00, 0x00, 0x00, 0x00, 0x00, 0x00, 0x00, 0x00, 0x00, 0x00, 0x00, 0x00, 0x00, 0x00, 0x00, 0x00, 0x00, 0x00, 0x00, 0x00, 0x00, 0x00, 0x00, 0x00,
  0x00, 0x00, 0x00, 0x00, 0x00, 0x00, 0x00, 0x00, 0x00, 0x00, 0x00, 0x00, 0x00, 0x00, 0x00, 0x00, 0x00, 0x00, 0x00, 0x00, 0x00, 0x00, 0x00, 0x00, 0x00, 0x00, 0x00, 0x00, 0x00, 0x00, 0x00, 0x00,
  0x00, 0x00, 0x00, 0x00, 0x00, 0x00, 0x00, 0x00, 0x00, 0x00, 0x00, 0x00, 0x00, 0x00, 0x00, 0x00, 0x00, 0x00, 0x00, 0x00, 0x00, 0x00, 0x00, 0x00, 0x00, 0x00, 0x00, 0x00, 0x00, 0x00, 0x00, 0x00,
  0x00, 0x00, 0x00, 0x00, 0x00, 0x00, 0x00, 0x00, 0x00, 0x00, 0x00, 0x00, 0x00, 0x00, 0x00, 0x00, 0x00, 0x00, 0x00, 0x00, 0x00, 0x00, 0x00, 0x00, 0x00, 0x00, 0x00, 0x00, 0x00, 0x00, 0x00, 0x00,
  0x00, 0x00, 0x00, 0x00, 0x00, 0x00, 0x00, 0x00, 0x00, 0x00, 0x00, 0x00, 0x00, 0x00, 0x00, 0x00, 0x00, 0x00, 0x00, 0x00, 0x00, 0x00, 0x00, 0x00, 0x00, 0x00, 0x00, 0x00, 0x00, 0x00, 0x00, 0x00,
  0x00, 0x00, 0x00, 0x00, 0x00, 0x00, 0x00, 0x00, 0x00, 0x00, 0x00, 0x00, 0x00, 0x00, 0x00, 0x00, 0x00, 0x00, 0x00, 0x00, 0x00, 0x00, 0x00, 0x00, 0x00, 0x00, 0x00, 0x00, 0x00, 0x00, 0x00, 0x00,
  0x00, 0x00, 0x00, 0x00, 0x00, 0x00, 0x00, 0x00, 0x00, 0x00, 0x00, 0x00, 0x00, 0x00, 0x00, 0x00, 0x00, 0x00, 0x00, 0x00, 0x00, 0x00, 0x00, 0x00, 0x00, 0x00, 0x00, 0x00, 0x00, 0x00, 0x00, 0x00,
  0x00, 0x00, 0x00, 0x00, 0x00, 0x00, 0x00, 0x00, 0x00, 0x00, 0x00, 0x00, 0x00, 0x00, 0x00, 0x00, 0x00, 0x00, 0x00, 0x00, 0x00, 0x00, 0x00, 0x00, 0x00, 0x00, 0x00, 0x00, 0x00, 0x00, 0x00, 0x00,
  0x00, 0x00, 0x00, 0x00, 0x00, 0x00, 0x00, 0x00, 0x00, 0x00, 0x00, 0x00, 0x00, 0x00, 0x00, 0x00, 0x00, 0x00, 0x00, 0x00, 0x00, 0x00, 0x00, 0x00, 0x00, 0x00, 0x00, 0x00, 0x00, 0x00, 0x00, 0x00,
  0x00, 0x00, 0x00, 0x00, 0x00, 0x00, 0x00, 0x00, 0x00, 0x00, 0x00, 0x00, 0x00, 0x00, 0x00, 0x00, 0x00, 0x00, 0x08, 0x00, 0x08, 0x20, 0x08, 0x20, 0x08, 0x20, 0x08, 0x20, 0x10, 0x40, 0x10, 0x20,
  0x10, 0x40, 0x18, 0x40, 0x18, 0x40, 0x18, 0x60, 0x20, 0x60, 0x20, 0x60, 0x28, 0x80, 0x28, 0x60, 0x20, 0x40, 0x20, 0x20, 0x28, 0x60, 0x48, 0xE1, 0x79, 0xE3, 0xAA, 0xE6, 0xD3, 0xE8, 0xF4, 0x69,
  0xEC, 0x69, 0xDC, 0x08, 0xBB, 0x46, 0x92, 0xA5, 0x71, 0xE4, 0x51, 0x62, 0x41, 0x01, 0x30, 0xC1, 0x30, 0xA1, 0x28, 0xA1, 0x28, 0xC1, 0x28, 0xC2, 0x30, 0xC2, 0x30, 0xE2, 0x30, 0xE2, 0x30, 0xE2,
  0x30, 0xE2, 0x30, 0xE2, 0x30, 0xE2, 0x30, 0xE2, 0x30, 0xE2, 0x30, 0xE2, 0x30, 0xE2, 0x30, 0xE2, 0x30, 0xE2, 0x30, 0xE2, 0x30, 0xE2, 0x30, 0xE1, 0x30, 0xE1, 0x30, 0xE2, 0x30, 0xE2, 0x30, 0xC2,
  0x30, 0xC1, 0x30, 0xC1, 0x28, 0xC1, 0x28, 0xA1, 0x28, 0xA1, 0x28, 0x80, 0x28, 0x80, 0x28, 0x80, 0x30, 0x80, 0x38, 0xC1, 0x49, 0x22, 0x69, 0xA3, 0x8A, 0x64, 0xBB, 0x26, 0xDB, 0xE8, 0xF4, 0x49,
  0xF4, 0x69, 0xD3, 0xC8, 0xAA, 0xE6, 0x79, 0xC3, 0x40, 0xE1, 0x28, 0x60, 0x20, 0x20, 0x20, 0x40, 0x20, 0x80, 0x20, 0x80, 0x20, 0x60, 0x20, 0x60, 0x18, 0x40, 0x18, 0x40, 0x18, 0x40, 0x10, 0x40,
  0x10, 0x40, 0x10, 0x20, 0x10, 0x20, 0x08, 0x20, 0x08, 0x20, 0x08, 0x20, 0x08, 0x00, 0x00, 0x00, 0x00, 0x00, 0x00, 0x00, 0x00, 0x00, 0x00, 0x00, 0x00, 0x00, 0x00, 0x00, 0x00, 0x00, 0x00, 0x00,
  0x00, 0x00, 0x00, 0x00, 0x00, 0x00, 0x00, 0x00, 0x00, 0x00, 0x00, 0x00, 0x00, 0x00, 0x00, 0x00, 0x00, 0x00, 0x00, 0x00, 0x00, 0x00, 0x00, 0x00, 0x00, 0x00, 0x00, 0x00, 0x00, 0x00, 0x00, 0x00,
  0x00, 0x00, 0x00, 0x00, 0x00, 0x00, 0x00, 0x00, 0x00, 0x00, 0x00, 0x00, 0x00, 0x00, 0x00, 0x00, 0x00, 0x00, 0x00, 0x00, 0x00, 0x00, 0x00, 0x00, 0x00, 0x00, 0x00, 0x00, 0x00, 0x00, 0x00, 0x00,
  0x00, 0x00, 0x00, 0x00, 0x00, 0x00, 0x00, 0x00, 0x00, 0x00, 0x00, 0x00, 0x00, 0x00, 0x00, 0x00, 0x00, 0x00, 0x00, 0x00, 0x00, 0x00, 0x00, 0x00, 0x00, 0x00, 0x00, 0x00, 0x00, 0x00, 0x00, 0x00,
  0x00, 0x00, 0x00, 0x00, 0x00, 0x00, 0x00, 0x00, 0x00, 0x00, 0x00, 0x00, 0x00, 0x00, 0x00, 0x00, 0x00, 0x00, 0x00, 0x00, 0x00, 0x00, 0x00, 0x00, 0x00, 0x00, 0x00, 0x00, 0x00, 0x00, 0x00, 0x00,
  0x00, 0x00, 0x00, 0x00, 0x00, 0x00, 0x00, 0x00, 0x00, 0x00, 0x00, 0x00, 0x00, 0x00, 0x00, 0x00, 0x00, 0x00, 0x00, 0x00, 0x00, 0x00, 0x00, 0x00, 0x00, 0x00, 0x00, 0x00, 0x00, 0x00, 0x00, 0x00,
  0x00, 0x00, 0x00, 0x00, 0x00, 0x00, 0x00, 0x00, 0x00, 0x00, 0x00, 0x00, 0x00, 0x00, 0x00, 0x00, 0x00, 0x00, 0x00, 0x00, 0x00, 0x00, 0x00, 0x00, 0x00, 0x00, 0x00, 0x00, 0x00, 0x00, 0x00, 0x00,
  0x00, 0x00, 0x00, 0x00, 0x00, 0x00, 0x00, 0x00, 0x00, 0x00, 0x00, 0x00, 0x00, 0x00, 0x00, 0x00, 0x00, 0x00, 0x00, 0x00, 0x00, 0x00, 0x00, 0x00, 0x00, 0x00, 0x00, 0x00, 0x00, 0x00, 0x00, 0x00,
  0x00, 0x00, 0x00, 0x00, 0x00, 0x00, 0x00, 0x00, 0x00, 0x00, 0x00, 0x00, 0x00, 0x00, 0x00, 0x00, 0x00, 0x00, 0x00, 0x00, 0x00, 0x00, 0x00, 0x00, 0x00, 0x00, 0x00, 0x00, 0x00, 0x00, 0x00, 0x00,
  0x00, 0x00, 0x00, 0x00, 0x00, 0x00, 0x00, 0x00, 0x00, 0x00, 0x00, 0x00, 0x00, 0x00, 0x00, 0x00, 0x08, 0x20, 0x08, 0x20, 0x08, 0x20, 0x10, 0x20, 0x10, 0x20, 0x10, 0x40, 0x18, 0x40, 0x18, 0x40,
  0x18, 0x40, 0x20, 0x60, 0x20, 0x80, 0x28, 0x80, 0x20, 0x60, 0x20, 0x40, 0x20, 0x40, 0x30, 0x80, 0x61, 0x62, 0x9A, 0xA5, 0xD3, 0xC7, 0xF4, 0x69, 0xEC, 0x69, 0xCB, 0xC7, 0xA2, 0xC5, 0x72, 0x04,
  0x51, 0x42, 0x38, 0xE2, 0x30, 0xC1, 0x30, 0xC1, 0x30, 0xC2, 0x30, 0xE2, 0x31, 0x02, 0x31, 0x02, 0x31, 0x02, 0x30, 0xE2, 0x30, 0xE2, 0x30, 0xE2, 0x30, 0xE2, 0x30, 0xE2, 0x30, 0xE2, 0x28, 0xE2,
  0x28, 0xC2, 0x28, 0xC2, 0x28, 0xC2, 0x28, 0xC2, 0x28, 0xC2, 0x28, 0xC2, 0x28, 0xC2, 0x28, 0xC2, 0x28, 0xC2, 0x28, 0xC2, 0x28, 0xC2, 0x28, 0xC2, 0x28, 0xC2, 0x28, 0xC2, 0x28, 0xC2, 0x28, 0xC1,
  0x28, 0xC1, 0x28, 0xC1, 0x28, 0xC1, 0x28, 0xC1, 0x30, 0xC1, 0x30, 0xC1, 0x30, 0xC1, 0x30, 0xC1, 0x30, 0xC1, 0x30, 0xC1, 0x28, 0xA1, 0x28, 0xA1, 0x28, 0x81, 0x28, 0x80, 0x30, 0xA1, 0x49, 0x02,
  0x71, 0xC3, 0xA2, 0xA5, 0xCB, 0xA7, 0xEC, 0x69, 0xF4, 0x69, 0xD3, 0xC7, 0x9A, 0x85, 0x61, 0x62, 0x30, 0x80, 0x20, 0x20, 0x20, 0x40, 0x20, 0x60, 0x28, 0x80, 0x20, 0x80, 0x20, 0x60, 0x18, 0x60,
  0x18, 0x40, 0x10, 0x40, 0x10, 0x40, 0x10, 0x20, 0x10, 0x20, 0x08, 0x20, 0x08, 0x20, 0x08, 0x20, 0x08, 0x00, 0x00, 0x00, 0x00, 0x00, 0x00, 0x00, 0x00, 0x00, 0x00, 0x00, 0x00, 0x00, 0x00, 0x00,
  0x00, 0x00, 0x00, 0x00, 0x00, 0x00, 0x00, 0x00, 0x00, 0x00, 0x00, 0x00, 0x00, 0x00, 0x00, 0x00, 0x00, 0x00, 0x00, 0x00, 0x00, 0x00, 0x00, 0x00, 0x00, 0x00, 0x00, 0x00, 0x00, 0x00, 0x00, 0x00,
  0x00, 0x00, 0x00, 0x00, 0x00, 0x00, 0x00, 0x00, 0x00, 0x00, 0x00, 0x00, 0x00, 0x00, 0x00, 0x00, 0x00, 0x00, 0x00, 0x00, 0x00, 0x00, 0x00, 0x00, 0x00, 0x00, 0x00, 0x00, 0x00, 0x00, 0x00, 0x00,
  0x00, 0x00, 0x00, 0x00, 0x00, 0x00, 0x00, 0x00, 0x00, 0x00, 0x00, 0x00, 0x00, 0x00, 0x00, 0x00, 0x00, 0x00, 0x00, 0x00, 0x00, 0x00, 0x00, 0x00, 0x00, 0x00, 0x00, 0x00, 0x00, 0x00, 0x00, 0x00,
  0x00, 0x00, 0x00, 0x00, 0x00, 0x00, 0x00, 0x00, 0x00, 0x00, 0x00, 0x00, 0x00, 0x00, 0x00, 0x00, 0x00, 0x00, 0x00, 0x00, 0x00, 0x00, 0x00, 0x00, 0x00, 0x00, 0x00, 0x00, 0x00, 0x00, 0x00, 0x00,
  0x00, 0x00, 0x00, 0x00, 0x00, 0x00, 0x00, 0x00, 0x00, 0x00, 0x00, 0x00, 0x00, 0x00, 0x00, 0x00, 0x00, 0x00, 0x00, 0x00, 0x00, 0x00, 0x00, 0x00, 0x00, 0x00, 0x00, 0x00, 0x00, 0x00, 0x00, 0x00,
  0x00, 0x00, 0x00, 0x00, 0x00, 0x00, 0x00, 0x00, 0x00, 0x00, 0x00, 0x00, 0x00, 0x00, 0x00, 0x00, 0x00, 0x00, 0x00, 0x00, 0x00, 0x00, 0x00, 0x00, 0x00, 0x00, 0x00, 0x00, 0x00, 0x00, 0x00, 0x00,
  0x00, 0x00, 0x00, 0x00, 0x00, 0x00, 0x00, 0x00, 0x00, 0x00, 0x00, 0x00, 0x00, 0x00, 0x00, 0x00, 0x00, 0x00, 0x00, 0x00, 0x00, 0x00, 0x00, 0x00, 0x00, 0x00, 0x00, 0x00, 0x00, 0x00, 0x00, 0x00,
  0x00, 0x00, 0x00, 0x00, 0x00, 0x00, 0x00, 0x00, 0x00, 0x00, 0x00, 0x00, 0x00, 0x00, 0x00, 0x00, 0x00, 0x00, 0x00, 0x00, 0x00, 0x00, 0x00, 0x00, 0x00, 0x00, 0x00, 0x00, 0x00, 0x00, 0x00, 0x00,
  0x00, 0x00, 0x00, 0x00, 0x00, 0x00, 0x00, 0x00, 0x00, 0x00, 0x08, 0x00, 0x08, 0x20, 0x08, 0x20, 0x08, 0x20, 0x10, 0x20, 0x10, 0x40, 0x10, 0x40, 0x18, 0x40, 0x18, 0x40, 0x20, 0x60, 0x20, 0x60,
  0x28, 0x80, 0x28, 0x60, 0x20, 0x40, 0x20, 0x40, 0x38, 0x80, 0x69, 0x83, 0xB3, 0x06, 0xE4, 0x28, 0xF4, 0x89, 0xDC, 0x08, 0xAB, 0x06, 0x71, 0xE4, 0x49, 0x23, 0x38, 0xC2, 0x30, 0xC2, 0x30, 0xE2,
  0x31, 0x02, 0x39, 0x02, 0x31, 0x02, 0x31, 0x02, 0x31, 0x02, 0x30, 0xE2, 0x30, 0xE2, 0x30, 0xE2, 0x28, 0xE2, 0x28, 0xE2, 0x28, 0xE2, 0x28, 0xE2, 0x28, 0xE2, 0x28, 0xE2, 0x28, 0xC2, 0x28, 0xC2,
  0x20, 0xC2, 0x20, 0xA2, 0x20, 0xA2, 0x20, 0xA2, 0x20, 0xA2, 0x20, 0xA2, 0x20, 0x81, 0x18, 0x81, 0x20, 0x81, 0x20, 0x81, 0x20, 0x81, 0x20, 0x81, 0x20, 0x81, 0x20, 0x81, 0x20, 0xA2, 0x20, 0xA2,
  0x20, 0xA2, 0x20, 0xA2, 0x20, 0xA2, 0x20, 0xA2, 0x20, 0xA2, 0x28, 0xA1, 0x28, 0xA1, 0x28, 0xA1, 0x28, 0xA1, 0x28, 0xA1, 0x28, 0xC1, 0x30, 0xC1, 0x30, 0xC1, 0x30, 0xC1, 0x30, 0xC1, 0x28, 0xC1,
  0x28, 0xA1, 0x28, 0x81, 0x30, 0x80, 0x40, 0xE1, 0x69, 0xC3, 0xA2, 0xC5, 0xDB, 0xE7, 0xF4, 0x69, 0xE4, 0x28, 0xB3, 0x06, 0x71, 0xA3, 0x38, 0x81, 0x20, 0x20, 0x20, 0x40, 0x28, 0x60, 0x28, 0x80,
  0x20, 0x60, 0x18, 0x60, 0x18, 0x40, 0x18, 0x40, 0x10, 0x40, 0x10, 0x20, 0x10, 0x20, 0x08, 0x20, 0x08, 0x20, 0x08, 0x00, 0x08, 0x00, 0x00, 0x00, 0x00, 0x00, 0x00, 0x00, 0x00, 0x00, 0x00, 0x00,
  0x00, 0x00, 0x00, 0x00, 0x00, 0x00, 0x00, 0x00, 0x00, 0x00, 0x00, 0x00, 0x00, 0x00, 0x00, 0x00, 0x00, 0x00, 0x00, 0x00, 0x00, 0x00, 0x00, 0x00, 0x00, 0x00, 0x00, 0x00, 0x00, 0x00, 0x00, 0x00,
  0x00, 0x00, 0x00, 0x00, 0x00, 0x00, 0x00, 0x00, 0x00, 0x00, 0x00, 0x00, 0x00, 0x00, 0x00, 0x00, 0x00, 0x00, 0x00, 0x00, 0x00, 0x00, 0x00, 0x00, 0x00, 0x00, 0x00, 0x00, 0x00, 0x00, 0x00, 0x00,
  0x00, 0x00, 0x00, 0x00, 0x00, 0x00, 0x00, 0x00, 0x00, 0x00, 0x00, 0x00, 0x00, 0x00, 0x00, 0x00, 0x00, 0x00, 0x00, 0x00, 0x00, 0x00, 0x00, 0x00, 0x00, 0x00, 0x00, 0x00, 0x00, 0x00, 0x00, 0x00,
  0x00, 0x00, 0x00, 0x00, 0x00, 0x00, 0x00, 0x00, 0x00, 0x00, 0x00, 0x00, 0x00, 0x00, 0x00, 0x00, 0x00, 0x00, 0x00, 0x00, 0x00, 0x00, 0x00, 0x00, 0x00, 0x00, 0x00, 0x00, 0x00, 0x00, 0x00, 0x00,
  0x00, 0x00, 0x00, 0x00, 0x00, 0x00, 0x00, 0x00, 0x00, 0x00, 0x00, 0x00, 0x00, 0x00, 0x00, 0x00, 0x00, 0x00, 0x00, 0x00, 0x00, 0x00, 0x00, 0x00, 0x00, 0x00, 0x00, 0x00, 0x00, 0x00, 0x00, 0x00,
  0x00, 0x00, 0x00, 0x00, 0x00, 0x00, 0x00, 0x00, 0x00, 0x00, 0x00, 0x00, 0x00, 0x00, 0x00, 0x00, 0x00, 0x00, 0x00, 0x00, 0x00, 0x00, 0x00, 0x00, 0x00, 0x00, 0x00, 0x00, 0x00, 0x00, 0x00, 0x00,
  0x00, 0x00, 0x00, 0x00, 0x00, 0x00, 0x00, 0x00, 0x00, 0x00, 0x00, 0x00, 0x00, 0x00, 0x00, 0x00, 0x00, 0x00, 0x00, 0x00, 0x00, 0x00, 0x00, 0x00, 0x00, 0x00, 0x00, 0x00, 0x00, 0x00, 0x00, 0x00,
  0x00, 0x00, 0x00, 0x00, 0x00, 0x00, 0x00, 0x00, 0x00, 0x00, 0x00, 0x00, 0x00, 0x00, 0x00, 0x00, 0x00, 0x00, 0x00, 0x00, 0x00, 0x00, 0x00, 0x00, 0x00, 0x00, 0x00, 0x00, 0x00, 0x00, 0x00, 0x00,
  0x00, 0x00, 0x00, 0x00, 0x00, 0x20, 0x08, 0x20, 0x08, 0x20, 0x08, 0x20, 0x10, 0x20, 0x10, 0x20, 0x10, 0x40, 0x18, 0x40, 0x18, 0x40, 0x20, 0x40, 0x20, 0x60, 0x28, 0x80, 0x28, 0x80, 0x20, 0x60,
  0x20, 0x40, 0x30, 0x60, 0x61, 0x62, 0xAA, 0xE6, 0xEC, 0x28, 0xF4, 0x89, 0xD3, 0xC8, 0x92, 0xA5, 0x59, 0x83, 0x39, 0x02, 0x30, 0xE2, 0x30, 0xE2, 0x39, 0x02, 0x39, 0x03, 0x39, 0x03, 0x39, 0x02,
  0x30, 0xE3, 0x30, 0xE3, 0x30, 0xE2, 0x28, 0xE3, 0x28, 0xE3, 0x28, 0xE3, 0x28, 0xE2, 0x20, 0xC2, 0x20, 0xC2, 0x20, 0xA2, 0x20, 0xA2, 0x20, 0xA2, 0x18, 0xA1, 0x18, 0xA2, 0x18, 0xA2, 0x20, 0xC2,
  0x20, 0xC2, 0x20, 0xC3, 0x20, 0xE3, 0x20, 0xE3, 0x20, 0xE3, 0x29, 0x03, 0x29, 0x04, 0x29, 0x04, 0x29, 0x04, 0x29, 0x03, 0x21, 0x03, 0x20, 0xE3, 0x20, 0xE3, 0x20, 0xC3, 0x20, 0xC2, 0x18, 0xA2,
  0x18, 0x82, 0x18, 0x81, 0x18, 0x61, 0x18, 0x61, 0x18, 0x61, 0x18, 0x61, 0x18, 0x81, 0x20, 0x81, 0x20, 0xA1, 0x20, 0xA2, 0x20, 0xA2, 0x20, 0xA2, 0x28, 0xA2, 0x28, 0xA2, 0x28, 0xC2, 0x28, 0xC2,
  0x30, 0xC1, 0x30, 0xC2, 0x30, 0xC1, 0x30, 0xC1, 0x28, 0xA1, 0x28, 0x81, 0x30, 0xA1, 0x51, 0x42, 0x8A, 0x44, 0xCB, 0xA7, 0xF4, 0x69, 0xEC, 0x28, 0xB3, 0x06, 0x69, 0x83, 0x30, 0x80, 0x20, 0x40,
  0x20, 0x60, 0x28, 0x80, 0x20, 0x80, 0x20, 0x60, 0x18, 0x40, 0x18, 0x40, 0x18, 0x40, 0x10, 0x20, 0x10, 0x20, 0x08, 0x20, 0x08, 0x20, 0x08, 0x00, 0x08, 0x00, 0x00, 0x00, 0x00, 0x00, 0x00, 0x00,
  0x00, 0x00, 0x00, 0x00, 0x00, 0x00, 0x00, 0x00, 0x00, 0x00, 0x00, 0x00, 0x00, 0x00, 0x00, 0x00, 0x00, 0x00, 0x00, 0x00, 0x00, 0x00, 0x00, 0x00, 0x00, 0x00, 0x00, 0x00, 0x00, 0x00, 0x00, 0x00,
  0x00, 0x00, 0x00, 0x00, 0x00, 0x00, 0x00, 0x00, 0x00, 0x00, 0x00, 0x00, 0x00, 0x00, 0x00, 0x00, 0x00, 0x00, 0x00, 0x00, 0x00, 0x00, 0x00, 0x00, 0x00, 0x00, 0x00, 0x00, 0x00, 0x00, 0x00, 0x00,
  0x00, 0x00, 0x00, 0x00, 0x00, 0x00, 0x00, 0x00, 0x00, 0x00, 0x00, 0x00, 0x00, 0x00, 0x00, 0x00, 0x00, 0x00, 0x00, 0x00, 0x00, 0x00, 0x00, 0x00, 0x00, 0x00, 0x00, 0x00, 0x00, 0x00, 0x00, 0x00,
  0x00, 0x00, 0x00, 0x00, 0x00, 0x00, 0x00, 0x00, 0x00, 0x00, 0x00, 0x00, 0x00, 0x00, 0x00, 0x00, 0x00, 0x00, 0x00, 0x00, 0x00, 0x00, 0x00, 0x00, 0x00, 0x00, 0x00, 0x00, 0x00, 0x00, 0x00, 0x00,
  0x00, 0x00, 0x00, 0x00, 0x00, 0x00, 0x00, 0x00, 0x00, 0x00, 0x00, 0x00, 0x00, 0x00, 0x00, 0x00, 0x00, 0x00, 0x00, 0x00, 0x00, 0x00, 0x00, 0x00, 0x00, 0x00, 0x00, 0x00, 0x00, 0x00, 0x00, 0x00,
  0x00, 0x00, 0x00, 0x00, 0x00, 0x00, 0x00, 0x00, 0x00, 0x00, 0x00, 0x00, 0x00, 0x00, 0x00, 0x00, 0x00, 0x00, 0x00, 0x00, 0x00, 0x00, 0x00, 0x00, 0x00, 0x00, 0x00, 0x00, 0x00, 0x00, 0x00, 0x00,
  0x00, 0x00, 0x00, 0x00, 0x00, 0x00, 0x00, 0x00, 0x00, 0x00, 0x00, 0x00, 0x00, 0x00, 0x00, 0x00, 0x00, 0x00, 0x00, 0x00, 0x00, 0x00, 0x00, 0x00, 0x00, 0x00, 0x00, 0x00, 0x00, 0x00, 0x00, 0x00,
  0x00, 0x00, 0x00, 0x00, 0x00, 0x00, 0x00, 0x00, 0x00, 0x00, 0x00, 0x00, 0x00, 0x00, 0x00, 0x00, 0x00, 0x00, 0x00, 0x00, 0x00, 0x00, 0x00, 0x00, 0x00, 0x00, 0x00, 0x00, 0x00, 0x00, 0x00, 0x00,
  0x00, 0x00, 0x08, 0x00, 0x08, 0x20, 0x08, 0x20, 0x08, 0x20, 0x10, 0x20, 0x10, 0x40, 0x18, 0x40, 0x18, 0x40, 0x20, 0x40, 0x20, 0x60, 0x28, 0x80, 0x28, 0x80, 0x20, 0x40, 0x20, 0x40, 0x49, 0x01,
  0x9A, 0x85, 0xE4, 0x08, 0xF4, 0x89, 0xD3, 0xC7, 0x92, 0x85, 0x59, 0x83, 0x38, 0xE2, 0x30, 0xE2, 0x31, 0x03, 0x39, 0x23, 0x39, 0x03, 0x39, 0x03, 0x31, 0x03, 0x31, 0x03, 0x28, 0xE3, 0x28, 0xE3,
  0x28, 0xE3, 0x28, 0xE2, 0x20, 0xC2, 0x20, 0xC2, 0x20, 0xA2, 0x18, 0xA2, 0x20, 0xA2, 0x20, 0xC3, 0x20, 0xE3, 0x29, 0x24, 0x31, 0x65, 0x39, 0xA6, 0x41, 0xE7, 0x4A, 0x08, 0x4A, 0x48, 0x52, 0x69,
  0x52, 0x89, 0x5A, 0xAA, 0x5A, 0xAA, 0x5A, 0xAA, 0x5A, 0xAA, 0x5A, 0xCA, 0x5A, 0xCA, 0x5A, 0xCA, 0x5A, 0xCA, 0x5A, 0xAA, 0x5A, 0xAA, 0x5A, 0xAA, 0x5A, 0xAA, 0x52, 0x8A, 0x52, 0x89, 0x52, 0x69,
  0x4A, 0x49, 0x4A, 0x28, 0x42, 0x07, 0x39, 0xC6, 0x31, 0x85, 0x29, 0x44, 0x29, 0x04, 0x20, 0xC3, 0x18, 0x82, 0x18, 0x61, 0x18, 0x61, 0x18, 0x61, 0x18, 0x81, 0x20, 0x81, 0x20, 0xA1, 0x20, 0xA2,
  0x20, 0xA2, 0x20, 0xC2, 0x28, 0xA1, 0x28, 0xC1, 0x30, 0xC1, 0x30, 0xE1, 0x30, 0xC1, 0x28, 0xA1, 0x28, 0x81, 0x30, 0x80, 0x49, 0x01, 0x8A, 0x44, 0xD3, 0xA7, 0xF4, 0x89, 0xE4, 0x08, 0x9A, 0xA5,
  0x49, 0x01, 0x20, 0x40, 0x20, 0x40, 0x28, 0x80, 0x20, 0x80, 0x20, 0x60, 0x18, 0x60, 0x18, 0x40, 0x10, 0x40, 0x10, 0x40, 0x10, 0x20, 0x10, 0x20, 0x08, 0x20, 0x08, 0x20, 0x08, 0x00, 0x00, 0x00,
  0x00, 0x00, 0x00, 0x00, 0x00, 0x00, 0x00, 0x00, 0x00, 0x00, 0x00, 0x00, 0x00, 0x00, 0x00, 0x00, 0x00, 0x00, 0x00, 0x00, 0x00, 0x00, 0x00, 0x00, 0x00, 0x00, 0x00, 0x00, 0x00, 0x00, 0x00, 0x00,
  0x00, 0x00, 0x00, 0x00, 0x00, 0x00, 0x00, 0x00, 0x00, 0x00, 0x00, 0x00, 0x00, 0x00, 0x00, 0x00, 0x00, 0x00, 0x00, 0x00, 0x00, 0x00, 0x00, 0x00, 0x00, 0x00, 0x00, 0x00, 0x00, 0x00, 0x00, 0x00,
  0x00, 0x00, 0x00, 0x00, 0x00, 0x00, 0x00, 0x00, 0x00, 0x00, 0x00, 0x00, 0x00, 0x00, 0x00, 0x00, 0x00, 0x00, 0x00, 0x00, 0x00, 0x00, 0x00, 0x00, 0x00, 0x00, 0x00, 0x00, 0x00, 0x00, 0x00, 0x00,
  0x00, 0x00, 0x00, 0x00, 0x00, 0x00, 0x00, 0x00, 0x00, 0x00, 0x00, 0x00, 0x00, 0x00, 0x00, 0x00, 0x00, 0x00, 0x00, 0x00, 0x00, 0x00, 0x00, 0x00, 0x00, 0x00, 0x00, 0x00, 0x00, 0x00, 0x00, 0x00,
  0x00, 0x00, 0x00, 0x00, 0x00, 0x00, 0x00, 0x00, 0x00, 0x00, 0x00, 0x00, 0x00, 0x00, 0x00, 0x00, 0x00, 0x00, 0x00, 0x00, 0x00, 0x00, 0x00, 0x00, 0x00, 0x00, 0x00, 0x00, 0x00, 0x00, 0x00, 0x00,
  0x00, 0x00, 0x00, 0x00, 0x00, 0x00, 0x00, 0x00, 0x00, 0x00, 0x00, 0x00, 0x00, 0x00, 0x00, 0x00, 0x00, 0x00, 0x00, 0x00, 0x00, 0x00, 0x00, 0x00, 0x00, 0x00, 0x00, 0x00, 0x00, 0x00, 0x00, 0x00,
  0x00, 0x00, 0x00, 0x00, 0x00, 0x00, 0x00, 0x00, 0x00, 0x00, 0x00, 0x00, 0x00, 0x00, 0x00, 0x00, 0x00, 0x00, 0x00, 0x00, 0x00, 0x00, 0x00, 0x00, 0x00, 0x00, 0x00, 0x00, 0x00, 0x00, 0x00, 0x00,
  0x00, 0x00, 0x00, 0x00, 0x00, 0x00, 0x00, 0x00, 0x00, 0x00, 0x00, 0x00, 0x00, 0x00, 0x00, 0x00, 0x00, 0x00, 0x00, 0x00, 0x00, 0x00, 0x00, 0x00, 0x00, 0x00, 0x00, 0x00, 0x00, 0x00, 0x08, 0x00,
  0x08, 0x20, 0x08, 0x20, 0x10, 0x20, 0x10, 0x20, 0x10, 0x40, 0x18, 0x40, 0x18, 0x40, 0x20, 0x60, 0x20, 0x60, 0x28, 0x80, 0x28, 0x80, 0x20, 0x40, 0x30, 0x80, 0x71, 0xC3, 0xC3, 0x67, 0xF4, 0x89,
  0xE4, 0x28, 0xA2, 0xC5, 0x61, 0xA3, 0x38, 0xE2, 0x30, 0xE2, 0x31, 0x03, 0x39, 0x23, 0x39, 0x23, 0x31, 0x03, 0x31, 0x03, 0x31, 0x03, 0x31, 0x03, 0x29, 0x03, 0x28, 0xE3, 0x20, 0xC2, 0x20, 0xC2,
  0x18, 0xA2, 0x20, 0xA2, 0x20, 0xE3, 0x29, 0x24, 0x39, 0x85, 0x41, 0xC7, 0x4A, 0x28, 0x52, 0x69, 0x5A, 0xAA, 0x5A, 0xCA, 0x62, 0xEB, 0x62, 0xEB, 0x62, 0xEB, 0x62, 0xCB, 0x62, 0xCB, 0x5A, 0xCB,
  0x5A, 0xCB, 0x5A, 0xAA, 0x5A, 0xAA, 0x5A, 0xAA, 0x5A, 0xAA, 0x5A, 0xAA, 0x5A, 0xAA, 0x5A, 0xAA, 0x5A, 0xAA, 0x5A, 0xAA, 0x5A, 0xAA, 0x5A, 0xAA, 0x5A, 0xAA, 0x5A, 0xAA, 0x5A, 0xAA, 0x5A, 0xAA,
  0x5A, 0xCA, 0x5A, 0xCA, 0x5A, 0xCB, 0x5A, 0xCA, 0x5A, 0xCA, 0x5A, 0xCA, 0x5A, 0xAA, 0x5A, 0x89, 0x52, 0x49, 0x4A, 0x07, 0x39, 0xC6, 0x31, 0x65, 0x29, 0x03, 0x20, 0xA2, 0x18, 0x81, 0x18, 0x61,
  0x18, 0x81, 0x18, 0x81, 0x20, 0xA1, 0x20, 0xA2, 0x20, 0xA2, 0x28, 0xA1, 0x28, 0xA1, 0x28, 0xC2, 0x30, 0xC2, 0x30, 0xE1, 0x30, 0xC1, 0x28, 0x81, 0x30, 0x80, 0x51, 0x42, 0x9A, 0xA5, 0xE4, 0x08,
  0xF4, 0x89, 0xC3, 0x87, 0x69, 0xC3, 0x30, 0x60, 0x20, 0x20, 0x20, 0x60, 0x28, 0x80, 0x20, 0x60, 0x20, 0x60, 0x18, 0x40, 0x18, 0x40, 0x10, 0x40, 0x10, 0x20, 0x08, 0x20, 0x08, 0x20, 0x08, 0x20,
  0x00, 0x00, 0x00, 0x00, 0x00, 0x00, 0x00, 0x00, 0x00, 0x00, 0x00, 0x00, 0x00, 0x00, 0x00, 0x00, 0x00, 0x00, 0x00, 0x00, 0x00, 0x00, 0x00, 0x00, 0x00, 0x00, 0x00, 0x00, 0x00, 0x00, 0x00, 0x00,
  0x00, 0x00, 0x00, 0x00, 0x00, 0x00, 0x00, 0x00, 0x00, 0x00, 0x00, 0x00, 0x00, 0x00, 0x00, 0x00, 0x00, 0x00, 0x00, 0x00, 0x00, 0x00, 0x00, 0x00, 0x00, 0x00, 0x00, 0x00, 0x00, 0x00, 0x00, 0x00,
  0x00, 0x00, 0x00, 0x00, 0x00, 0x00, 0x00, 0x00, 0x00, 0x00, 0x00, 0x00, 0x00, 0x00, 0x00, 0x00, 0x00, 0x00, 0x00, 0x00, 0x00, 0x00, 0x00, 0x00, 0x00, 0x00, 0x00, 0x00, 0x00, 0x00, 0x00, 0x00,
  0x00, 0x00, 0x00, 0x00, 0x00, 0x00, 0x00, 0x00, 0x00, 0x00, 0x00, 0x00, 0x00, 0x00, 0x00, 0x00, 0x00, 0x00, 0x00, 0x00, 0x00, 0x00, 0x00, 0x00, 0x00, 0x00, 0x00, 0x00, 0x00, 0x00, 0x00, 0x00,
  0x00, 0x00, 0x00, 0x00, 0x00, 0x00, 0x00, 0x00, 0x00, 0x00, 0x00, 0x00, 0x00, 0x00, 0x00, 0x00, 0x00, 0x00, 0x00, 0x00, 0x00, 0x00, 0x00, 0x00, 0x00, 0x00, 0x00, 0x00, 0x00, 0x00, 0x00, 0x00,
  0x00, 0x00, 0x00, 0x00, 0x00, 0x00, 0x00, 0x00, 0x00, 0x00, 0x00, 0x00, 0x00, 0x00, 0x00, 0x00, 0x00, 0x00, 0x00, 0x00, 0x00, 0x00, 0x00, 0x00, 0x00, 0x00, 0x00, 0x00, 0x00, 0x00, 0x00, 0x00,
  0x00, 0x00, 0x00, 0x00, 0x00, 0x00, 0x00, 0x00, 0x00, 0x00, 0x00, 0x00, 0x00, 0x00, 0x00, 0x00, 0x00, 0x00, 0x00, 0x00, 0x00, 0x00, 0x00, 0x00, 0x00, 0x00, 0x00, 0x00, 0x00, 0x00, 0x00, 0x00,
  0x00, 0x00, 0x00, 0x00, 0x00, 0x00, 0x00, 0x00, 0x00, 0x00, 0x00, 0x00, 0x00, 0x00, 0x00, 0x00, 0x00, 0x00, 0x00, 0x00, 0x00, 0x00, 0x00, 0x00, 0x00, 0x00, 0x08, 0x00, 0x08, 0x20, 0x08, 0x20,
  0x08, 0x20, 0x10, 0x20, 0x10, 0x40, 0x18, 0x40, 0x18, 0x40, 0x20, 0x60, 0x20, 0x60, 0x28, 0x80, 0x20, 0x60, 0x20, 0x20, 0x40, 0xC1, 0x8A, 0x45, 0xE4, 0x28, 0xFC, 0xA9, 0xC3, 0xA7, 0x7A, 0x24,
  0x41, 0x22, 0x30, 0xE2, 0x39, 0x03, 0x39, 0x23, 0x39, 0x23, 0x31, 0x03, 0x31, 0x03, 0x31, 0x03, 0x31, 0x03, 0x29, 0x03, 0x28, 0xE3, 0x20, 0xC2, 0x20, 0xA2, 0x20, 0xC3, 0x29, 0x04, 0x31, 0x65,
  0x41, 0xE7, 0x4A, 0x49, 0x5A, 0xAA, 0x62, 0xCB, 0x62, 0xEB, 0x62, 0xEB, 0x62, 0xEB, 0x5A, 0xCB, 0x5A, 0xCA, 0x5A, 0xCA, 0x5A, 0xAA, 0x5A, 0xAA, 0x5A, 0xAA, 0x5A, 0xAA, 0x5A, 0xAA, 0x5A, 0xAA,
  0x5A, 0xAA, 0x5A, 0xAA, 0x5A, 0xAA, 0x5A, 0xAA, 0x5A, 0xAA, 0x5A, 0xAA, 0x5A, 0xAA, 0x5A, 0xAA, 0x5A, 0xAA, 0x52, 0xAA, 0x5A, 0xAA, 0x52, 0xAA, 0x52, 0xAA, 0x52, 0xAA, 0x52, 0xAA, 0x52, 0xAA,
  0x52, 0xAA, 0x52, 0xAA, 0x52, 0xAA, 0x52, 0x8A, 0x52, 0x8A, 0x52, 0x8A, 0x5A, 0xAA, 0x5A, 0xAA, 0x5A, 0xAA, 0x5A, 0xCA, 0x5A, 0xCA, 0x5A, 0xCA, 0x5A, 0xAA, 0x52, 0x69, 0x4A, 0x28, 0x39, 0xC6,
  0x29, 0x24, 0x20, 0xC3, 0x18, 0x82, 0x18, 0x61, 0x18, 0x81, 0x20, 0x81, 0x20, 0xA2, 0x28, 0xA2, 0x28, 0xA1, 0x28, 0xC2, 0x28, 0xC2, 0x30, 0xC2, 0x30, 0xC1, 0x28, 0xA1, 0x28, 0x81, 0x38, 0xA1,
  0x69, 0xC3, 0xC3, 0x67, 0xF4, 0xA9, 0xDC, 0x08, 0x8A, 0x44, 0x38, 0xA1, 0x20, 0x20, 0x20, 0x60, 0x28, 0x80, 0x20, 0x60, 0x20, 0x40, 0x18, 0x40, 0x18, 0x40, 0x10, 0x40, 0x10, 0x20, 0x08, 0x20,
  0x08, 0x20, 0x08, 0x20, 0x00, 0x00, 0x00, 0x00, 0x00, 0x00, 0x00, 0x00, 0x00, 0x00, 0x00, 0x00, 0x00, 0x00, 0x00, 0x00, 0x00, 0x00, 0x00, 0x00, 0x00, 0x00, 0x00, 0x00, 0x00, 0x00, 0x00, 0x00,
  0x00, 0x00, 0x00, 0x00, 0x00, 0x00, 0x00, 0x00, 0x00, 0x00, 0x00, 0x00, 0x00, 0x00, 0x00, 0x00, 0x00, 0x00, 0x00, 0x00, 0x00, 0x00, 0x00, 0x00, 0x00, 0x00, 0x00, 0x00, 0x00, 0x00, 0x00, 0x00,
  0x00, 0x00, 0x00, 0x00, 0x00, 0x00, 0x00, 0x00, 0x00, 0x00, 0x00, 0x00, 0x00, 0x00, 0x00, 0x00, 0x00, 0x00, 0x00, 0x00, 0x00, 0x00, 0x00, 0x00, 0x00, 0x00, 0x00, 0x00, 0x00, 0x00, 0x00, 0x00,
  0x00, 0x00, 0x00, 0x00, 0x00, 0x00, 0x00, 0x00, 0x00, 0x00, 0x00, 0x00, 0x00, 0x00, 0x00, 0x00, 0x00, 0x00, 0x00, 0x00, 0x00, 0x00, 0x00, 0x00, 0x00, 0x00, 0x00, 0x00, 0x00, 0x00, 0x00, 0x00,
  0x00, 0x00, 0x00, 0x00, 0x00, 0x00, 0x00, 0x00, 0x00, 0x00, 0x00, 0x00, 0x00, 0x00, 0x00, 0x00, 0x00, 0x00, 0x00, 0x00, 0x00, 0x00, 0x00, 0x00, 0x00, 0x00, 0x00, 0x00, 0x00, 0x00, 0x00, 0x00,
  0x00, 0x00, 0x00, 0x00, 0x00, 0x00, 0x00, 0x00, 0x00, 0x00, 0x00, 0x00, 0x00, 0x00, 0x00, 0x00, 0x00, 0x00, 0x00, 0x00, 0x00, 0x00, 0x00, 0x00, 0x00, 0x00, 0x00, 0x00, 0x00, 0x00, 0x00, 0x00,
  0x00, 0x00, 0x00, 0x00, 0x00, 0x00, 0x00, 0x00, 0x00, 0x00, 0x00, 0x00, 0x00, 0x00, 0x00, 0x00, 0x00, 0x00, 0x00, 0x00, 0x00, 0x00, 0x00, 0x00, 0x00, 0x00, 0x00, 0x00, 0x00, 0x00, 0x00, 0x00,
  0x00, 0x00, 0x00, 0x00, 0x00, 0x00, 0x00, 0x00, 0x00, 0x00, 0x00, 0x00, 0x00, 0x00, 0x00, 0x00, 0x00, 0x00, 0x00, 0x00, 0x00, 0x00, 0x08, 0x00, 0x08, 0x20, 0x08, 0x20, 0x08, 0x20, 0x10, 0x20,
  0x10, 0x20, 0x18, 0x40, 0x18, 0x60, 0x20, 0x60, 0x20, 0x60, 0x28, 0x80, 0x20, 0x60, 0x20, 0x40, 0x48, 0xE1, 0xA2, 0xA5, 0xEC, 0x69, 0xEC, 0x69, 0xA3, 0x05, 0x59, 0x83, 0x39, 0x02, 0x39, 0x03,
  0x39, 0x23, 0x39, 0x23, 0x39, 0x23, 0x31, 0x03, 0x31, 0x03, 0x31, 0x03, 0x29, 0x03, 0x28, 0xE3, 0x20, 0xC2, 0x20, 0xC3, 0x29, 0x03, 0x31, 0x65, 0x41, 0xE7, 0x52, 0x69, 0x5A, 0xCA, 0x62, 0xEB,
  0x62, 0xEB, 0x5A, 0xEB, 0x5A, 0xCB, 0x5A, 0xCA, 0x5A, 0xCA, 0x5A, 0xAA, 0x5A, 0xAA, 0x5A, 0xAA, 0x5A, 0xAA, 0x5A, 0xCB, 0x5A, 0xCB, 0x5A, 0xCB, 0x5A, 0xAB, 0x5A, 0xAB, 0x5A, 0xAA, 0x5A, 0xAA,
  0x5A, 0xAA, 0x5A, 0xAA, 0x5A, 0xAA, 0x5A, 0xAA, 0x5A, 0xAA, 0x5A, 0xAA, 0x5A, 0xAA, 0x5A, 0xAA, 0x5A, 0xAA, 0x5A, 0xAA, 0x52, 0xAA, 0x52, 0xAA, 0x52, 0xAA, 0x52, 0xAA, 0x52, 0xAA, 0x52, 0xAA,
  0x52, 0xAA, 0x52, 0xAA, 0x52, 0xAA, 0x52, 0xAA, 0x52, 0xAA, 0x52, 0xAA, 0x52, 0xAA, 0x52, 0xAA, 0x52, 0xAA, 0x52, 0xAA, 0x52, 0xAA, 0x52, 0x8A, 0x52, 0xAA, 0x5A, 0xAA, 0x5A, 0xAA, 0x5A, 0xCA,
  0x5A, 0xAA, 0x52, 0x89, 0x4A, 0x48, 0x39, 0xC6, 0x29, 0x24, 0x20, 0xA2, 0x18, 0x61, 0x18, 0x61, 0x20, 0x81, 0x20, 0xA2, 0x20, 0xC2, 0x28, 0xA2, 0x28, 0xC2, 0x28, 0xC1, 0x30, 0xE1, 0x30, 0xC1,
  0x28, 0xA1, 0x28, 0x80, 0x51, 0x22, 0xA2, 0xC5, 0xEC, 0x49, 0xEC, 0x49, 0x9A, 0xA5, 0x48, 0xE1, 0x20, 0x20, 0x20, 0x60, 0x28, 0x80, 0x20, 0x80, 0x20, 0x60, 0x18, 0x40, 0x18, 0x40, 0x10, 0x20,
  0x10, 0x20, 0x08, 0x20, 0x08, 0x20, 0x08, 0x20, 0x08, 0x00, 0x00, 0x00, 0x00, 0x00, 0x00, 0x00, 0x00, 0x00, 0x00, 0x00, 0x00, 0x00, 0x00, 0x00, 0x00, 0x00, 0x00, 0x00, 0x00, 0x00, 0x00, 0x00,
  0x00, 0x00, 0x00, 0x00, 0x00, 0x00, 0x00, 0x00, 0x00, 0x00, 0x00, 0x00, 0x00, 0x00, 0x00, 0x00, 0x00, 0x00, 0x00, 0x00, 0x00, 0x00, 0x00, 0x00, 0x00, 0x00, 0x00, 0x00, 0x00, 0x00, 0x00, 0x00,
  0x00, 0x00, 0x00, 0x00, 0x00, 0x00, 0x00, 0x00, 0x00, 0x00, 0x00, 0x00, 0x00, 0x00, 0x00, 0x00, 0x00, 0x00, 0x00, 0x00, 0x00, 0x00, 0x00, 0x00, 0x00, 0x00, 0x00, 0x00, 0x00, 0x00, 0x00, 0x00,
  0x00, 0x00, 0x00, 0x00, 0x00, 0x00, 0x00, 0x00, 0x00, 0x00, 0x00, 0x00, 0x00, 0x00, 0x00, 0x00, 0x00, 0x00, 0x00, 0x00, 0x00, 0x00, 0x00, 0x00, 0x00, 0x00, 0x00, 0x00, 0x00, 0x00, 0x00, 0x00,
  0x00, 0x00, 0x00, 0x00, 0x00, 0x00, 0x00, 0x00, 0x00, 0x00, 0x00, 0x00, 0x00, 0x00, 0x00, 0x00, 0x00, 0x00, 0x00, 0x00, 0x00, 0x00, 0x00, 0x00, 0x00, 0x00, 0x00, 0x00, 0x00, 0x00, 0x00, 0x00,
  0x00, 0x00, 0x00, 0x00, 0x00, 0x00, 0x00, 0x00, 0x00, 0x00, 0x00, 0x00, 0x00, 0x00, 0x00, 0x00, 0x00, 0x00, 0x00, 0x00, 0x00, 0x00, 0x00, 0x00, 0x00, 0x00, 0x00, 0x00, 0x00, 0x00, 0x00, 0x00,
  0x00, 0x00, 0x00, 0x00, 0x00, 0x00, 0x00, 0x00, 0x00, 0x00, 0x00, 0x00, 0x00, 0x00, 0x00, 0x00, 0x00, 0x00, 0x00, 0x00, 0x00, 0x00, 0x00, 0x00, 0x00, 0x00, 0x00, 0x00, 0x00, 0x00, 0x00, 0x00,
  0x00, 0x00, 0x00, 0x00, 0x00, 0x00, 0x00, 0x00, 0x00, 0x00, 0x00, 0x00, 0x00, 0x00, 0x00, 0x00, 0x00, 0x00, 0x08, 0x00, 0x08, 0x00, 0x08, 0x20, 0x08, 0x20, 0x10, 0x20, 0x10, 0x20, 0x10, 0x40,
  0x18, 0x40, 0x20, 0x60, 0x20, 0x60, 0x28, 0x80, 0x20, 0x60, 0x20, 0x40, 0x48, 0xE1, 0xAA, 0xE5, 0xF4, 0x89, 0xE4, 0x28, 0x92, 0x85, 0x49, 0x42, 0x31, 0x02, 0x39, 0x23, 0x39, 0x43, 0x39, 0x23,
  0x39, 0x23, 0x31, 0x03, 0x31, 0x03, 0x29, 0x03, 0x28, 0xE3, 0x20, 0xC3, 0x20, 0xC3, 0x29, 0x04, 0x39, 0xA6, 0x4A, 0x48, 0x5A, 0xAA, 0x62, 0xEB, 0x62, 0xEB, 0x62, 0xEB, 0x5A, 0xCB, 0x5A, 0xAA,
  0x5A, 0xAA, 0x5A, 0xAA, 0x5A, 0xAA, 0x5A, 0xCB, 0x5A, 0xCB, 0x5A, 0xCB, 0x5A, 0xCB, 0x5A, 0xCB, 0x5A, 0xCB, 0x5A, 0xCB, 0x5A, 0xCB, 0x5A, 0xAB, 0x5A, 0xAB, 0x5A, 0xAB, 0x5A, 0xAA, 0x5A, 0xAA,
  0x5A, 0xAA, 0x5A, 0xAA, 0x5A, 0xAA, 0x5A, 0xAA, 0x5A, 0xAA, 0x5A, 0xAA, 0x52, 0xAA, 0x52, 0xAA, 0x52, 0xAA, 0x52, 0xAA, 0x52, 0xAA, 0x52, 0xAA, 0x52, 0xAA, 0x52, 0xAA, 0x52, 0xAA, 0x52, 0xAA,
  0x52, 0xAA, 0x52, 0xAA, 0x52, 0xAA, 0x52, 0xAA, 0x52, 0xAA, 0x52, 0xAA, 0x52, 0xAA, 0x52, 0xAA, 0x52, 0xAA, 0x52, 0xAA, 0x52, 0xAA, 0x52, 0xAA, 0x52, 0xAA, 0x52, 0xAA, 0x52, 0x8A, 0x52, 0x8A,
  0x52, 0x8A, 0x52, 0x8A, 0x5A, 0xAA, 0x5A, 0xAA, 0x5A, 0xAA, 0x52, 0x89, 0x42, 0x07, 0x31, 0x45, 0x20, 0xC2, 0x18, 0x81, 0x18, 0x61, 0x18, 0x81, 0x20, 0xA2, 0x20, 0xA2, 0x28, 0xA2, 0x28, 0xC1,
  0x30, 0xC1, 0x30, 0xE1, 0x30, 0xC1, 0x28, 0x80, 0x40, 0xE1, 0x8A, 0x44, 0xE4, 0x08, 0xF4, 0x69, 0xAA, 0xE6, 0x48, 0xE1, 0x20, 0x20, 0x28, 0x60, 0x28, 0x80, 0x20, 0x60, 0x18, 0x60, 0x18, 0x40,
  0x18, 0x40, 0x10, 0x20, 0x10, 0x20, 0x08, 0x20, 0x08, 0x20, 0x08, 0x00, 0x00, 0x00, 0x00, 0x00, 0x00, 0x00, 0x00, 0x00, 0x00, 0x00, 0x00, 0x00, 0x00, 0x00, 0x00, 0x00, 0x00, 0x00, 0x00, 0x00,
  0x00, 0x00, 0x00, 0x00, 0x00, 0x00, 0x00, 0x00, 0x00, 0x00, 0x00, 0x00, 0x00, 0x00, 0x00, 0x00, 0x00, 0x00, 0x00, 0x00, 0x00, 0x00, 0x00, 0x00, 0x00, 0x00, 0x00, 0x00, 0x00, 0x00, 0x00, 0x00,
  0x00, 0x00, 0x00, 0x00, 0x00, 0x00, 0x00, 0x00, 0x00, 0x00, 0x00, 0x00, 0x00, 0x00, 0x00, 0x00, 0x00, 0x00, 0x00, 0x00, 0x00, 0x00, 0x00, 0x00, 0x00, 0x00, 0x00, 0x00, 0x00, 0x00, 0x00, 0x00,
  0x00, 0x00, 0x00, 0x00, 0x00, 0x00, 0x00, 0x00, 0x00, 0x00, 0x00, 0x00, 0x00, 0x00, 0x00, 0x00, 0x00, 0x00, 0x00, 0x00, 0x00, 0x00, 0x00, 0x00, 0x00, 0x00, 0x00, 0x00, 0x00, 0x00, 0x00, 0x00,
  0x00, 0x00, 0x00, 0x00, 0x00, 0x00, 0x00, 0x00, 0x00, 0x00, 0x00, 0x00, 0x00, 0x00, 0x00, 0x00, 0x00, 0x00, 0x00, 0x00, 0x00, 0x00, 0x00, 0x00, 0x00, 0x00, 0x00, 0x00, 0x00, 0x00, 0x00, 0x00,
  0x00, 0x00, 0x00, 0x00, 0x00, 0x00, 0x00, 0x00, 0x00, 0x00, 0x00, 0x00, 0x00, 0x00, 0x00, 0x00, 0x00, 0x00, 0x00, 0x00, 0x00, 0x00, 0x00, 0x00, 0x00, 0x00, 0x00, 0x00, 0x00, 0x00, 0x00, 0x00,
  0x00, 0x00, 0x00, 0x00, 0x00, 0x00, 0x00, 0x00, 0x00, 0x00, 0x00, 0x00, 0x00, 0x00, 0x00, 0x00, 0x00, 0x00, 0x00, 0x00, 0x00, 0x00, 0x00, 0x00, 0x00, 0x00, 0x00, 0x00, 0x00, 0x00, 0x00, 0x00,
  0x00, 0x00, 0x00, 0x00, 0x00, 0x00, 0x00, 0x00, 0x00, 0x00, 0x00, 0x00, 0x00, 0x00, 0x00, 0x00, 0x08, 0x00, 0x08, 0x20, 0x08, 0x20, 0x10, 0x20, 0x10, 0x20, 0x10, 0x40, 0x18, 0x40, 0x18, 0x60,
  0x20, 0x60, 0x28, 0x80, 0x28, 0x80, 0x20, 0x40, 0x48, 0xE1, 0xAA, 0xE6, 0xF4, 0x89, 0xDC, 0x08, 0x82, 0x64, 0x41, 0x22, 0x31, 0x03, 0x39, 0x23, 0x39, 0x43, 0x39, 0x23, 0x31, 0x23, 0x31, 0x23,
  0x31, 0x23, 0x29, 0x03, 0x20, 0xE3, 0x20, 0xC3, 0x29, 0x24, 0x39, 0xA6, 0x4A, 0x48, 0x5A, 0xAA, 0x62, 0xEB, 0x62, 0xEB, 0x5A, 0xCB, 0x5A, 0xAA, 0x5A, 0xAA, 0x5A, 0xAA, 0x5A, 0xAA, 0x5A, 0xCA,
  0x5A, 0xAA, 0x5A, 0xCA, 0x5A, 0xCA, 0x5A, 0xCA, 0x5A, 0xCB, 0x5A, 0xCB, 0x5A, 0xAB, 0x5A, 0xAB, 0x5A, 0xAB, 0x5A, 0xAA, 0x5A, 0xAA, 0x5A, 0xAA, 0x5A, 0xAA, 0x5A, 0xAA, 0x5A, 0xAA, 0x5A, 0xAA,
  0x5A, 0xAA, 0x5A, 0xAA, 0x5A, 0xAA, 0x5A, 0xAA, 0x5A, 0xAA, 0x5A, 0xAA, 0x52, 0xAA, 0x52, 0xAA, 0x52, 0xAA, 0x52, 0xAA, 0x52, 0xAA, 0x52, 0xAA, 0x52, 0xAA, 0x52, 0xAA, 0x52, 0xAA, 0x52, 0x8A,
  0x52, 0x8A, 0x52, 0x8A, 0x52, 0x8A, 0x52, 0x8A, 0x52, 0x8A, 0x52, 0x8A, 0x52, 0x8A, 0x52, 0x8A, 0x52, 0x8A, 0x52, 0x8A, 0x52, 0x8A, 0x52, 0x8A, 0x52, 0x8A, 0x52, 0x8A, 0x52, 0x8A, 0x52, 0xAA,
  0x52, 0xAA, 0x52, 0x8A, 0x52, 0x8A, 0x52, 0x8A, 0x52, 0x8A, 0x52, 0xAA, 0x5A, 0xAA, 0x5A, 0xAA, 0x52, 0x89, 0x42, 0x08, 0x31, 0x45, 0x20, 0xC2, 0x18, 0x81, 0x18, 0x81, 0x20, 0xA2, 0x20, 0xA2,
  0x28, 0xA1, 0x28, 0xA1, 0x28, 0xC1, 0x30, 0xE2, 0x30, 0xC1, 0x28, 0xA1, 0x38, 0xC1, 0x7A, 0x03, 0xDC, 0x08, 0xF4, 0x89, 0xAA, 0xE6, 0x40, 0xE1, 0x20, 0x40, 0x28, 0x80, 0x28, 0x80, 0x20, 0x60,
  0x18, 0x60, 0x18, 0x40, 0x10, 0x40, 0x10, 0x20, 0x08, 0x20, 0x08, 0x20, 0x08, 0x20, 0x08, 0x00, 0x00, 0x00, 0x00, 0x00, 0x00, 0x00, 0x00, 0x00, 0x00, 0x00, 0x00, 0x00, 0x00, 0x00, 0x00, 0x00,
  0x00, 0x00, 0x00, 0x00, 0x00, 0x00, 0x00, 0x00, 0x00, 0x00, 0x00, 0x00, 0x00, 0x00, 0x00, 0x00, 0x00, 0x00, 0x00, 0x00, 0x00, 0x00, 0x00, 0x00, 0x00, 0x00, 0x00, 0x00, 0x00, 0x00, 0x00, 0x00,
  0x00, 0x00, 0x00, 0x00, 0x00, 0x00, 0x00, 0x00, 0x00, 0x00, 0x00, 0x00, 0x00, 0x00, 0x00, 0x00, 0x00, 0x00, 0x00, 0x00, 0x00, 0x00, 0x00, 0x00, 0x00, 0x00, 0x00, 0x00, 0x00, 0x00, 0x00, 0x00,
  0x00, 0x00, 0x00, 0x00, 0x00, 0x00, 0x00, 0x00, 0x00, 0x00, 0x00, 0x00, 0x00, 0x00, 0x00, 0x00, 0x00, 0x00, 0x00, 0x00, 0x00, 0x00, 0x00, 0x00, 0x00, 0x00, 0x00, 0x00, 0x00, 0x00, 0x00, 0x00,
  0x00, 0x00, 0x00, 0x00, 0x00, 0x00, 0x00, 0x00, 0x00, 0x00, 0x00, 0x00, 0x00, 0x00, 0x00, 0x00, 0x00, 0x00, 0x00, 0x00, 0x00, 0x00, 0x00, 0x00, 0x00, 0x00, 0x00, 0x00, 0x00, 0x00, 0x00, 0x00,
  0x00, 0x00, 0x00, 0x00, 0x00, 0x00, 0x00, 0x00, 0x00, 0x00, 0x00, 0x00, 0x00, 0x00, 0x00, 0x00, 0x00, 0x00, 0x00, 0x00, 0x00, 0x00, 0x00, 0x00, 0x00, 0x00, 0x00, 0x00, 0x00, 0x00, 0x00, 0x00,
  0x00, 0x00, 0x00, 0x00, 0x00, 0x00, 0x00, 0x00, 0x00, 0x00, 0x00, 0x00, 0x00, 0x00, 0x00, 0x00, 0x00, 0x00, 0x00, 0x00, 0x00, 0x00, 0x00, 0x00, 0x00, 0x00, 0x00, 0x00, 0x00, 0x00, 0x00, 0x00,
  0x00, 0x00, 0x00, 0x00, 0x00, 0x00, 0x00, 0x00, 0x00, 0x00, 0x00, 0x00, 0x08, 0x00, 0x08, 0x00, 0x08, 0x20, 0x08, 0x20, 0x10, 0x20, 0x10, 0x20, 0x18, 0x40, 0x18, 0x40, 0x20, 0x60, 0x28, 0x80,
  0x28, 0x80, 0x20, 0x40, 0x40, 0xA1, 0xA2, 0xA5, 0xF4, 0x89, 0xDC, 0x27, 0x82, 0x44, 0x41, 0x02, 0x39, 0x02, 0x39, 0x23, 0x39, 0x43, 0x39, 0x23, 0x31, 0x23, 0x31, 0x24, 0x31, 0x03, 0x29, 0x03,
  0x20, 0xC3, 0x29, 0x03, 0x31, 0x85, 0x4A, 0x28, 0x5A, 0xAA, 0x62, 0xEB, 0x62, 0xEB, 0x5A, 0xCA, 0x5A, 0xAA, 0x5A, 0xAA, 0x5A, 0xAA, 0x5A, 0xCA, 0x5A, 0xCA, 0x5A, 0xCB, 0x5A, 0xAB, 0x5A, 0xAB,
  0x5A, 0xAB, 0x5A, 0xAB, 0x5A, 0xAA, 0x5A, 0xAA, 0x5A, 0xAA, 0x5A, 0xAA, 0x5A, 0xAA, 0x5A, 0xAA, 0x5A, 0xAA, 0x5A, 0xAA, 0x5A, 0xAA, 0x5A, 0xAA, 0x5A, 0xAA, 0x5A, 0xAA, 0x5A, 0xAA, 0x5A, 0xAA,
  0x5A, 0xAA, 0x5A, 0xAA, 0x52, 0xAA, 0x52, 0xAA, 0x52, 0xAA, 0x52, 0xAA, 0x52, 0xAA, 0x52, 0xAA, 0x52, 0xAA, 0x52, 0x8A, 0x52, 0xAA, 0x52, 0xAA, 0x52, 0xAA, 0x52, 0x8A, 0x52, 0x8A, 0x52, 0x8A,
  0x52, 0x8A, 0x52, 0x8A, 0x52, 0x8A, 0x52, 0x8A, 0x52, 0x8A, 0x52, 0x8A, 0x52, 0x8A, 0x52, 0x8A, 0x52, 0x8A, 0x52, 0x8A, 0x52, 0x8A, 0x52, 0x8A, 0x52, 0x8A, 0x52, 0x8A, 0x52, 0x8A, 0x52, 0x8A,
  0x52, 0x8A, 0x52, 0x8A, 0x52, 0x8A, 0x52, 0x8A, 0x52, 0x8A, 0x52, 0x8A, 0x52, 0x89, 0x52, 0x89, 0x52, 0x8A, 0x5A, 0xAA, 0x5A, 0xAA, 0x52, 0x69, 0x41, 0xE7, 0x29, 0x24, 0x18, 0xA2, 0x18, 0x61,
  0x20, 0x81, 0x20, 0xA2, 0x28, 0xA2, 0x28, 0xA1, 0x28, 0xC1, 0x30, 0xE2, 0x30, 0xE1, 0x28, 0xA1, 0x38, 0xC1, 0x7A, 0x24, 0xDC, 0x27, 0xF4, 0x89, 0x9A, 0xA5, 0x40, 0xA1, 0x20, 0x20, 0x28, 0x80,
  0x28, 0x80, 0x20, 0x60, 0x18, 0x40, 0x18, 0x40, 0x10, 0x40, 0x10, 0x20, 0x08, 0x20, 0x08, 0x20, 0x08, 0x00, 0x00, 0x00, 0x00, 0x00, 0x00, 0x00, 0x00, 0x00, 0x00, 0x00, 0x00, 0x00, 0x00, 0x00,
  0x00, 0x00, 0x00, 0x00, 0x00, 0x00, 0x00, 0x00, 0x00, 0x00, 0x00, 0x00, 0x00, 0x00, 0x00, 0x00, 0x00, 0x00, 0x00, 0x00, 0x00, 0x00, 0x00, 0x00, 0x00, 0x00, 0x00, 0x00, 0x00, 0x00, 0x00, 0x00,
  0x00, 0x00, 0x00, 0x00, 0x00, 0x00, 0x00, 0x00, 0x00, 0x00, 0x00, 0x00, 0x00, 0x00, 0x00, 0x00, 0x00, 0x00, 0x00, 0x00, 0x00, 0x00, 0x00, 0x00, 0x00, 0x00, 0x00, 0x00, 0x00, 0x00, 0x00, 0x00,
  0x00, 0x00, 0x00, 0x00, 0x00, 0x00, 0x00, 0x00, 0x00, 0x00, 0x00, 0x00, 0x00, 0x00, 0x00, 0x00, 0x00, 0x00, 0x00, 0x00, 0x00, 0x00, 0x00, 0x00, 0x00, 0x00, 0x00, 0x00, 0x00, 0x00, 0x00, 0x00,
  0x00, 0x00, 0x00, 0x00, 0x00, 0x00, 0x00, 0x00, 0x00, 0x00, 0x00, 0x00, 0x00, 0x00, 0x00, 0x00, 0x00, 0x00, 0x00, 0x00, 0x00, 0x00, 0x00, 0x00, 0x00, 0x00, 0x00, 0x00, 0x00, 0x00, 0x00, 0x00,
  0x00, 0x00, 0x00, 0x00, 0x00, 0x00, 0x00, 0x00, 0x00, 0x00, 0x00, 0x00, 0x00, 0x00, 0x00, 0x00, 0x00, 0x00, 0x00, 0x00, 0x00, 0x00, 0x00, 0x00, 0x00, 0x00, 0x00, 0x00, 0x00, 0x00, 0x00, 0x00,
  0x00, 0x00, 0x00, 0x00, 0x00, 0x00, 0x00, 0x00, 0x00, 0x00, 0x00, 0x00, 0x00, 0x00, 0x00, 0x00, 0x00, 0x00, 0x00, 0x00, 0x00, 0x00, 0x00, 0x00, 0x00, 0x00, 0x00, 0x00, 0x00, 0x00, 0x00, 0x00,
  0x00, 0x00, 0x00, 0x00, 0x00, 0x00, 0x00, 0x00, 0x00, 0x00, 0x08, 0x00, 0x08, 0x20, 0x08, 0x20, 0x10, 0x20, 0x10, 0x20, 0x18, 0x40, 0x18, 0x40, 0x20, 0x60, 0x20, 0x60, 0x28, 0x80, 0x20, 0x40,
  0x30, 0x80, 0x8A, 0x44, 0xEC, 0x69, 0xEC, 0x48, 0x8A, 0x84, 0x41, 0x23, 0x38, 0xE2, 0x39, 0x43, 0x39, 0x24, 0x31, 0x23, 0x31, 0x23, 0x31, 0x23, 0x29, 0x04, 0x28, 0xE3, 0x20, 0xE3, 0x29, 0x24,
  0x41, 0xE7, 0x52, 0x8A, 0x62, 0xEB, 0x62, 0xEB, 0x5A, 0xCB, 0x5A, 0xAA, 0x5A, 0xAA, 0x5A, 0xCA, 0x5A, 0xCA, 0x5A, 0xCB, 0x5A, 0xCB, 0x5A, 0xCB, 0x5A, 0xAB, 0x5A, 0xAB, 0x5A, 0xAB, 0x5A, 0xAA,
  0x5A, 0xAA, 0x5A, 0xAB, 0x5A, 0xAA, 0x5A, 0xAA, 0x5A, 0xAB, 0x5A, 0xAA, 0x5A, 0xAB, 0x5A, 0xAA, 0x52, 0xAA, 0x52, 0xAA, 0x52, 0xAA, 0x52, 0xAA, 0x52, 0xAA, 0x5A, 0xAA, 0x5A, 0xAA, 0x52, 0xAA,
  0x52, 0xAA, 0x52, 0xAA, 0x52, 0xAA, 0x52, 0xAA, 0x52, 0xAA, 0x52, 0xAA, 0x52, 0xAA, 0x52, 0xAA, 0x52, 0xAA, 0x52, 0xAA, 0x52, 0x8A, 0x52, 0x8A, 0x52, 0xAA, 0x52, 0x8A, 0x52, 0x8A, 0x52, 0x8A,
  0x52, 0x8A, 0x52, 0x8A, 0x52, 0x8A, 0x52, 0x8A, 0x52, 0x8A, 0x52, 0x8A, 0x52, 0x8A, 0x52, 0x8A, 0x52, 0x8A, 0x52, 0x8A, 0x52, 0x8A, 0x52, 0x8A, 0x52, 0x8A, 0x52, 0x8A, 0x52, 0x8A, 0x52, 0x8A,
  0x52, 0x8A, 0x52, 0x8A, 0x52, 0x8A, 0x52, 0x8A, 0x52, 0x8A, 0x52, 0x8A, 0x52, 0x8A, 0x52, 0x8A, 0x52, 0x8A, 0x52, 0x89, 0x52, 0x89, 0x52, 0x8A, 0x5A, 0xAA, 0x5A, 0xAA, 0x4A, 0x49, 0x39, 0x86,
  0x20, 0xC3, 0x18, 0x61, 0x18, 0x81, 0x20, 0xA2, 0x28, 0xA2, 0x28, 0xA1, 0x28, 0xC2, 0x30, 0xE2, 0x30, 0xE2, 0x28, 0xA1, 0x38, 0xC1, 0x82, 0x44, 0xE4, 0x48, 0xEC, 0x69, 0x8A, 0x44, 0x28, 0x80,
  0x20, 0x40, 0x28, 0x80, 0x20, 0x60, 0x20, 0x60, 0x18, 0x40, 0x18, 0x40, 0x10, 0x20, 0x10, 0x20, 0x08, 0x20, 0x08, 0x20, 0x08, 0x00, 0x00, 0x00, 0x00, 0x00, 0x00, 0x00, 0x00, 0x00, 0x00, 0x00,
  0x00, 0x00, 0x00, 0x00, 0x00, 0x00, 0x00, 0x00, 0x00, 0x00, 0x00, 0x00, 0x00, 0x00, 0x00, 0x00, 0x00, 0x00, 0x00, 0x00, 0x00, 0x00, 0x00, 0x00, 0x00, 0x00, 0x00, 0x00, 0x00, 0x00, 0x00, 0x00,
  0x00, 0x00, 0x00, 0x00, 0x00, 0x00, 0x00, 0x00, 0x00, 0x00, 0x00, 0x00, 0x00, 0x00, 0x00, 0x00, 0x00, 0x00, 0x00, 0x00, 0x00, 0x00, 0x00, 0x00, 0x00, 0x00, 0x00, 0x00, 0x00, 0x00, 0x00, 0x00,
  0x00, 0x00, 0x00, 0x00, 0x00, 0x00, 0x00, 0x00, 0x00, 0x00, 0x00, 0x00, 0x00, 0x00, 0x00, 0x00, 0x00, 0x00, 0x00, 0x00, 0x00, 0x00, 0x00, 0x00, 0x00, 0x00, 0x00, 0x00, 0x00, 0x00, 0x00, 0x00,
  0x00, 0x00, 0x00, 0x00, 0x00, 0x00, 0x00, 0x00, 0x00, 0x00, 0x00, 0x00, 0x00, 0x00, 0x00, 0x00, 0x00, 0x00, 0x00, 0x00, 0x00, 0x00, 0x00, 0x00, 0x00, 0x00, 0x00, 0x00, 0x00, 0x00, 0x00, 0x00,
  0x00, 0x00, 0x00, 0x00, 0x00, 0x00, 0x00, 0x00, 0x00, 0x00, 0x00, 0x00, 0x00, 0x00, 0x00, 0x00, 0x00, 0x00, 0x00, 0x00, 0x00, 0x00, 0x00, 0x00, 0x00, 0x00, 0x00, 0x00, 0x00, 0x00, 0x00, 0x00,
  0x00, 0x00, 0x00, 0x00, 0x00, 0x00, 0x00, 0x00, 0x00, 0x00, 0x00, 0x00, 0x00, 0x00, 0x00, 0x00, 0x00, 0x00, 0x00, 0x00, 0x00, 0x00, 0x00, 0x00, 0x00, 0x00, 0x00, 0x00, 0x00, 0x00, 0x00, 0x00,
  0x00, 0x00, 0x00, 0x00, 0x00, 0x00, 0x00, 0x20, 0x08, 0x20, 0x08, 0x20, 0x08, 0x20, 0x10, 0x20, 0x10, 0x40, 0x18, 0x40, 0x18, 0x60, 0x20, 0x60, 0x28, 0x80, 0x20, 0x60, 0x28, 0x40, 0x69, 0x83,
  0xDC, 0x08, 0xF4, 0x89, 0x9A, 0xC5, 0x49, 0x42, 0x39, 0x02, 0x41, 0x43, 0x39, 0x43, 0x39, 0x23, 0x31, 0x23, 0x31, 0x24, 0x29, 0x04, 0x21, 0x03, 0x20, 0xE3, 0x31, 0x65, 0x4A, 0x28, 0x5A, 0xCA,
  0x62, 0xEB, 0x62, 0xCB, 0x5A, 0xAA, 0x5A, 0xAA, 0x5A, 0xAA, 0x5A, 0xCA, 0x5A, 0xAB, 0x5A, 0xCB, 0x5A, 0xCB, 0x5A, 0xAB, 0x5A, 0xAB, 0x5A, 0xAA, 0x5A, 0xAA, 0x5A, 0xAA, 0x5A, 0xAB, 0x5A, 0xAB,
  0x5A, 0xAB, 0x5A, 0xAB, 0x5A, 0xAB, 0x5A, 0xAB, 0x5A, 0xAA, 0x5A, 0xAA, 0x5A, 0xAA, 0x5A, 0xAA, 0x5A, 0xAA, 0x5A, 0xAA, 0x5A, 0xAA, 0x52, 0xAA, 0x52, 0xAA, 0x52, 0xAA, 0x52, 0xAA, 0x52, 0xAA,
  0x52, 0xAA, 0x52, 0xAA, 0x52, 0xAA, 0x52, 0xAA, 0x52, 0xAA, 0x52, 0xAA, 0x52, 0xAA, 0x52, 0xAA, 0x52, 0xAA, 0x52, 0x8A, 0x52, 0x8A, 0x52, 0x8A, 0x52, 0x8A, 0x52, 0x8A, 0x52, 0x8A, 0x52, 0x8A,
  0x52, 0x8A, 0x52, 0x8A, 0x52, 0x8A, 0x52, 0x8A, 0x52, 0x8A, 0x52, 0x8A, 0x52, 0x8A, 0x52, 0x8A, 0x52, 0x8A, 0x52, 0x8A, 0x52, 0x8A, 0x52, 0x8A, 0x52, 0x8A, 0x52, 0x8A, 0x52, 0x8A, 0x52, 0x8A,
  0x52, 0x8A, 0x52, 0x8A, 0x52, 0x8A, 0x52, 0x8A, 0x52, 0x8A, 0x52, 0x8A, 0x52, 0x8A, 0x52, 0x8A, 0x52, 0x8A, 0x52, 0x8A, 0x52, 0x8A, 0x52, 0x8A, 0x52, 0x89, 0x52, 0x89, 0x52, 0x8A, 0x5A, 0xAA,
  0x52, 0x89, 0x41, 0xC7, 0x20, 0xE3, 0x18, 0x81, 0x18, 0x81, 0x20, 0xA2, 0x28, 0xA2, 0x28, 0xC2, 0x28, 0xC2, 0x30, 0xE2, 0x30, 0xE2, 0x28, 0xA0, 0x38, 0xE1, 0x92, 0x85, 0xF4, 0x68, 0xDB, 0xE8,
  0x69, 0xA3, 0x20, 0x40, 0x20, 0x60, 0x28, 0x80, 0x20, 0x60, 0x18, 0x60, 0x18, 0x40, 0x10, 0x40, 0x10, 0x20, 0x08, 0x20, 0x08, 0x20, 0x08, 0x20, 0x00, 0x00, 0x00, 0x00, 0x00, 0x00, 0x00, 0x00,
  0x00, 0x00, 0x00, 0x00, 0x00, 0x00, 0x00, 0x00, 0x00, 0x00, 0x00, 0x00, 0x00, 0x00, 0x00, 0x00, 0x00, 0x00, 0x00, 0x00, 0x00, 0x00, 0x00, 0x00, 0x00, 0x00, 0x00, 0x00, 0x00, 0x00, 0x00, 0x00,
  0x00, 0x00, 0x00, 0x00, 0x00, 0x00, 0x00, 0x00, 0x00, 0x00, 0x00, 0x00, 0x00, 0x00, 0x00, 0x00, 0x00, 0x00, 0x00, 0x00, 0x00, 0x00, 0x00, 0x00, 0x00, 0x00, 0x00, 0x00, 0x00, 0x00, 0x00, 0x00,
  0x00, 0x00, 0x00, 0x00, 0x00, 0x00, 0x00, 0x00, 0x00, 0x00, 0x00, 0x00, 0x00, 0x00, 0x00, 0x00, 0x00, 0x00, 0x00, 0x00, 0x00, 0x00, 0x00, 0x00, 0x00, 0x00, 0x00, 0x00, 0x00, 0x00, 0x00, 0x00,
  0x00, 0x00, 0x00, 0x00, 0x00, 0x00, 0x00, 0x00, 0x00, 0x00, 0x00, 0x00, 0x00, 0x00, 0x00, 0x00, 0x00, 0x00, 0x00, 0x00, 0x00, 0x00, 0x00, 0x00, 0x00, 0x00, 0x00, 0x00, 0x00, 0x00, 0x00, 0x00,
  0x00, 0x00, 0x00, 0x00, 0x00, 0x00, 0x00, 0x00, 0x00, 0x00, 0x00, 0x00, 0x00, 0x00, 0x00, 0x00, 0x00, 0x00, 0x00, 0x00, 0x00, 0x00, 0x00, 0x00, 0x00, 0x00, 0x00, 0x00, 0x00, 0x00, 0x00, 0x00,
  0x00, 0x00, 0x00, 0x00, 0x00, 0x00, 0x00, 0x00, 0x00, 0x00, 0x00, 0x00, 0x00, 0x00, 0x00, 0x00, 0x00, 0x00, 0x00, 0x00, 0x00, 0x00, 0x00, 0x00, 0x00, 0x00, 0x00, 0x00, 0x00, 0x00, 0x00, 0x00,
  0x00, 0x00, 0x00, 0x00, 0x00, 0x00, 0x08, 0x20, 0x08, 0x20, 0x10, 0x20, 0x10, 0x20, 0x18, 0x40, 0x18, 0x40, 0x20, 0x60, 0x28, 0x60, 0x28, 0x80, 0x20, 0x40, 0x48, 0xE1, 0xBB, 0x46, 0xFC, 0xA9,
  0xBB, 0x46, 0x59, 0x83, 0x39, 0x02, 0x41, 0x43, 0x41, 0x43, 0x39, 0x23, 0x31, 0x24, 0x31, 0x24, 0x29, 0x24, 0x20, 0xE3, 0x20, 0xE3, 0x31, 0x85, 0x52, 0x49, 0x62, 0xCB, 0x62, 0xEB, 0x5A, 0xCA,
  0x5A, 0xAA, 0x5A, 0xAA, 0x5A, 0xAA, 0x5A, 0xAA, 0x5A, 0xCA, 0x5A, 0xCA, 0x5A, 0xAB, 0x5A, 0xAA, 0x5A, 0xAA, 0x5A, 0xAA, 0x5A, 0xAB, 0x5A, 0xAB, 0x5A, 0xAB, 0x5A, 0xAB, 0x5A, 0xAA, 0x5A, 0xAA,
  0x5A, 0xAA, 0x5A, 0xAA, 0x5A, 0xAB, 0x5A, 0xAB, 0x5A, 0xAA, 0x5A, 0xAB, 0x5A, 0xAA, 0x5A, 0xAA, 0x52, 0xAA, 0x52, 0xAA, 0x52, 0xAA, 0x52, 0xAA, 0x52, 0xAA, 0x52, 0xAA, 0x52, 0xAA, 0x52, 0xAA,
  0x52, 0xAA, 0x52, 0xAA, 0x52, 0xAA, 0x52, 0x8A, 0x52, 0x8A, 0x52, 0x8A, 0x52, 0x8A, 0x52, 0x8A, 0x52, 0x8A, 0x52, 0x8A, 0x52, 0x8A, 0x52, 0x8A, 0x52, 0x8A, 0x52, 0x8A, 0x52, 0x8A, 0x52, 0x8A,
  0x52, 0x8A, 0x52, 0x8A, 0x52, 0x8A, 0x52, 0x6A, 0x52, 0x8A, 0x52, 0x8A, 0x52, 0x8A, 0x52, 0x6A, 0x52, 0x6A, 0x52, 0x6A, 0x52, 0x6A, 0x52, 0x8A, 0x52, 0x8A, 0x52, 0x8A, 0x52, 0x6A, 0x52, 0x6A,
  0x52, 0x6A, 0x52, 0x6A, 0x52, 0x6A, 0x52, 0x6A, 0x52, 0x8A, 0x52, 0x6A, 0x52, 0x89, 0x52, 0x8A, 0x52, 0x8A, 0x52, 0x8A, 0x52, 0x8A, 0x52, 0x8A, 0x52, 0x89, 0x52, 0x89, 0x52, 0x89, 0x52, 0x69,
  0x52, 0x89, 0x5A, 0xAA, 0x52, 0x89, 0x42, 0x07, 0x29, 0x24, 0x18, 0x81, 0x18, 0x81, 0x20, 0xA2, 0x28, 0xC2, 0x28, 0xC2, 0x28, 0xC2, 0x30, 0xE2, 0x30, 0xE2, 0x28, 0x81, 0x49, 0x01, 0xAB, 0x05,
  0xFC, 0xA9, 0xBB, 0x46, 0x48, 0xE1, 0x20, 0x40, 0x28, 0x80, 0x20, 0x80, 0x20, 0x60, 0x18, 0x40, 0x18, 0x40, 0x10, 0x40, 0x08, 0x20, 0x08, 0x20, 0x08, 0x00, 0x08, 0x00, 0x00, 0x00, 0x00, 0x00,
  0x00, 0x00, 0x00, 0x00, 0x00, 0x00, 0x00, 0x00, 0x00, 0x00, 0x00, 0x00, 0x00, 0x00, 0x00, 0x00, 0x00, 0x00, 0x00, 0x00, 0x00, 0x00, 0x00, 0x00, 0x00, 0x00, 0x00, 0x00, 0x00, 0x00, 0x00, 0x00,
  0x00, 0x00, 0x00, 0x00, 0x00, 0x00, 0x00, 0x00, 0x00, 0x00, 0x00, 0x00, 0x00, 0x00, 0x00, 0x00, 0x00, 0x00, 0x00, 0x00, 0x00, 0x00, 0x00, 0x00, 0x00, 0x00, 0x00, 0x00, 0x00, 0x00, 0x00, 0x00,
  0x00, 0x00, 0x00, 0x00, 0x00, 0x00, 0x00, 0x00, 0x00, 0x00, 0x00, 0x00, 0x00, 0x00, 0x00, 0x00, 0x00, 0x00, 0x00, 0x00, 0x00, 0x00, 0x00, 0x00, 0x00, 0x00, 0x00, 0x00, 0x00, 0x00, 0x00, 0x00,
  0x00, 0x00, 0x00, 0x00, 0x00, 0x00, 0x00, 0x00, 0x00, 0x00, 0x00, 0x00, 0x00, 0x00, 0x00, 0x00, 0x00, 0x00, 0x00, 0x00, 0x00, 0x00, 0x00, 0x00, 0x00, 0x00, 0x00, 0x00, 0x00, 0x00, 0x00, 0x00,
  0x00, 0x00, 0x00, 0x00, 0x00, 0x00, 0x00, 0x00, 0x00, 0x00, 0x00, 0x00, 0x00, 0x00, 0x00, 0x00, 0x00, 0x00, 0x00, 0x00, 0x00, 0x00, 0x00, 0x00, 0x00, 0x00, 0x00, 0x00, 0x00, 0x00, 0x00, 0x00,
  0x00, 0x00, 0x00, 0x00, 0x00, 0x00, 0x00, 0x00, 0x00, 0x00, 0x00, 0x00, 0x00, 0x00, 0x00, 0x00, 0x00, 0x00, 0x00, 0x00, 0x00, 0x00, 0x00, 0x00, 0x00, 0x00, 0x00, 0x00, 0x00, 0x00, 0x00, 0x00,
  0x00, 0x00, 0x08, 0x20, 0x08, 0x20, 0x08, 0x20, 0x10, 0x20, 0x10, 0x40, 0x18, 0x40, 0x20, 0x40, 0x20, 0x60, 0x28, 0x80, 0x28, 0x40, 0x28, 0x60, 0x82, 0x44, 0xF4, 0x89, 0xDC, 0x08, 0x69, 0xE3,
  0x39, 0x02, 0x39, 0x23, 0x41, 0x43, 0x39, 0x43, 0x31, 0x23, 0x31, 0x24, 0x31, 0x24, 0x29, 0x03, 0x20, 0xE3, 0x39, 0x85, 0x52, 0x69, 0x62, 0xCB, 0x62, 0xCB, 0x5A, 0xCA, 0x5A, 0xAA, 0x5A, 0xCA,
  0x5A, 0xCA, 0x5A, 0xCA, 0x5A, 0xCB, 0x5A, 0xAB, 0x5A, 0xAB, 0x5A, 0xAA, 0x52, 0xAA, 0x5A, 0xAA, 0x5A, 0xAA, 0x5A, 0xAB, 0x5A, 0xAB, 0x5A, 0xAA, 0x52, 0xAA, 0x52, 0xAA, 0x5A, 0xAA, 0x5A, 0xAA,
  0x5A, 0xAA, 0x5A, 0xAA, 0x5A, 0xAA, 0x5A, 0xAA, 0x5A, 0xAA, 0x5A, 0xAA, 0x52, 0xAA, 0x52, 0xAA, 0x52, 0xAA, 0x52, 0xAA, 0x52, 0xAA, 0x52, 0xAA, 0x52, 0xAA, 0x52, 0xAA, 0x52, 0x8A, 0x52, 0x8A,
  0x52, 0x8A, 0x52, 0x8A, 0x52, 0x8A, 0x52, 0x8A, 0x52, 0x8A, 0x52, 0x8A, 0x52, 0x8A, 0x52, 0x8A, 0x52, 0x8A, 0x52, 0x8A, 0x52, 0x8A, 0x52, 0x8A, 0x52, 0x8A, 0x52, 0x8A, 0x52, 0x8A, 0x52, 0x8A,
  0x52, 0x8A, 0x52, 0x6A, 0x52, 0x6A, 0x52, 0x6A, 0x52, 0x6A, 0x52, 0x6A, 0x52, 0x6A, 0x52, 0x6A, 0x52, 0x69, 0x52, 0x69, 0x52, 0x69, 0x52, 0x69, 0x52, 0x69, 0x52, 0x6A, 0x52, 0x6A, 0x52, 0x6A,
  0x52, 0x69, 0x52, 0x69, 0x52, 0x69, 0x52, 0x69, 0x52, 0x69, 0x52, 0x69, 0x52, 0x6A, 0x52, 0x69, 0x52, 0x6A, 0x52, 0x6A, 0x52, 0x8A, 0x52, 0x8A, 0x52, 0x8A, 0x52, 0x89, 0x52, 0x89, 0x52, 0x69,
  0x52, 0x69, 0x52, 0x69, 0x52, 0x69, 0x5A, 0xAA, 0x5A, 0xAA, 0x4A, 0x28, 0x29, 0x24, 0x18, 0x81, 0x18, 0x81, 0x20, 0xA2, 0x28, 0xC2, 0x28, 0xC2, 0x28, 0xC2, 0x30, 0xE1, 0x30, 0xC2, 0x28, 0x81,
  0x61, 0x82, 0xD3, 0xC8, 0xF4, 0x89, 0x8A, 0x44, 0x30, 0x60, 0x20, 0x60, 0x28, 0x80, 0x20, 0x60, 0x20, 0x60, 0x18, 0x40, 0x10, 0x40, 0x10, 0x20, 0x08, 0x20, 0x08, 0x20, 0x08, 0x00, 0x00, 0x00,
  0x00, 0x00, 0x00, 0x00, 0x00, 0x00, 0x00, 0x00, 0x00, 0x00, 0x00, 0x00, 0x00, 0x00, 0x00, 0x00, 0x00, 0x00, 0x00, 0x00, 0x00, 0x00, 0x00, 0x00, 0x00, 0x00, 0x00, 0x00, 0x00, 0x00, 0x00, 0x00,
  0x00, 0x00, 0x00, 0x00, 0x00, 0x00, 0x00, 0x00, 0x00, 0x00, 0x00, 0x00, 0x00, 0x00, 0x00, 0x00, 0x00, 0x00, 0x00, 0x00, 0x00, 0x00, 0x00, 0x00, 0x00, 0x00, 0x00, 0x00, 0x00, 0x00, 0x00, 0x00,
  0x00, 0x00, 0x00, 0x00, 0x00, 0x00, 0x00, 0x00, 0x00, 0x00, 0x00, 0x00, 0x00, 0x00, 0x00, 0x00, 0x00, 0x00, 0x00, 0x00, 0x00, 0x00, 0x00, 0x00, 0x00, 0x00, 0x00, 0x00, 0x00, 0x00, 0x00, 0x00,
  0x00, 0x00, 0x00, 0x00, 0x00, 0x00, 0x00, 0x00, 0x00, 0x00, 0x00, 0x00, 0x00, 0x00, 0x00, 0x00, 0x00, 0x00, 0x00, 0x00, 0x00, 0x00, 0x00, 0x00, 0x00, 0x00, 0x00, 0x00, 0x00, 0x00, 0x00, 0x00,
  0x00, 0x00, 0x00, 0x00, 0x00, 0x00, 0x00, 0x00, 0x00, 0x00, 0x00, 0x00, 0x00, 0x00, 0x00, 0x00, 0x00, 0x00, 0x00, 0x00, 0x00, 0x00, 0x00, 0x00, 0x00, 0x00, 0x00, 0x00, 0x00, 0x00, 0x00, 0x00,
  0x00, 0x00, 0x00, 0x00, 0x00, 0x00, 0x00, 0x00, 0x00, 0x00, 0x00, 0x00, 0x00, 0x00, 0x00, 0x00, 0x00, 0x00, 0x00, 0x00, 0x00, 0x00, 0x00, 0x00, 0x00, 0x00, 0x00, 0x00, 0x00, 0x00, 0x00, 0x00,
  0x08, 0x00, 0x08, 0x20, 0x10, 0x20, 0x10, 0x20, 0x18, 0x40, 0x18, 0x40, 0x20, 0x60, 0x28, 0x60, 0x28, 0x80, 0x20, 0x40, 0x51, 0x02, 0xCB, 0xA7, 0xF4, 0x89, 0x92, 0xA5, 0x41, 0x22, 0x39, 0x23,
  0x41, 0x43, 0x39, 0x44, 0x31, 0x44, 0x31, 0x24, 0x31, 0x24, 0x29, 0x03, 0x20, 0xE3, 0x31, 0x85, 0x52, 0x69, 0x62, 0xEB, 0x62, 0xCB, 0x5A, 0xAA, 0x5A, 0xAA, 0x5A, 0xAB, 0x5A, 0xAB, 0x5A, 0xCB,
  0x5A, 0xCA, 0x5A, 0xAA, 0x5A, 0xAA, 0x52, 0xAA, 0x5A, 0xAA, 0x5A, 0xAA, 0x5A, 0xAB, 0x5A, 0xAA, 0x52, 0xAA, 0x52, 0xAA, 0x52, 0xAA, 0x52, 0xAA, 0x52, 0xAA, 0x5A, 0xAA, 0x5A, 0xAA, 0x5A, 0xAA,
  0x5A, 0xAA, 0x52, 0xAA, 0x52, 0xAA, 0x5A, 0xAA, 0x52, 0xAA, 0x52, 0xAA, 0x52, 0xAA, 0x52, 0xAA, 0x52, 0xAA, 0x52, 0x8A, 0x52, 0x8A, 0x52, 0x8A, 0x52, 0x8A, 0x52, 0x8A, 0x52, 0x8A, 0x52, 0x8A,
  0x52, 0x8A, 0x52, 0x8A, 0x52, 0x8A, 0x52, 0x8A, 0x52, 0x8A, 0x52, 0x8A, 0x52, 0x8A, 0x52, 0x8A, 0x52, 0x8A, 0x52, 0x8A, 0x52, 0x8A, 0x52, 0x8A, 0x52, 0x8A, 0x52, 0x8A, 0x52, 0x8A, 0x52, 0x89,
  0x52, 0x8A, 0x52, 0x69, 0x52, 0x6A, 0x52, 0x6A, 0x4A, 0x69, 0x52, 0x69, 0x52, 0x69, 0x52, 0x69, 0x52, 0x69, 0x4A, 0x69, 0x4A, 0x69, 0x4A, 0x69, 0x4A, 0x69, 0x52, 0x69, 0x4A, 0x69, 0x52, 0x69,
  0x4A, 0x69, 0x52, 0x69, 0x52, 0x69, 0x52, 0x69, 0x52, 0x69, 0x52, 0x69, 0x52, 0x6A, 0x52, 0x69, 0x52, 0x69, 0x52, 0x69, 0x52, 0x69, 0x52, 0x6A, 0x52, 0x6A, 0x52, 0x6A, 0x52, 0x6A, 0x52, 0x6A,
  0x52, 0x6A, 0x52, 0x89, 0x52, 0x89, 0x52, 0x69, 0x52, 0x69, 0x52, 0x8A, 0x5A, 0xAA, 0x4A, 0x08, 0x29, 0x04, 0x18, 0x81, 0x18, 0x82, 0x20, 0xC2, 0x28, 0xC2, 0x28, 0xC2, 0x30, 0xC2, 0x38, 0xE1,
  0x28, 0xC1, 0x38, 0xA1, 0x8A, 0x64, 0xF4, 0x89, 0xD3, 0xC7, 0x51, 0x22, 0x28, 0x20, 0x28, 0x80, 0x28, 0x80, 0x20, 0x60, 0x18, 0x40, 0x10, 0x40, 0x10, 0x20, 0x08, 0x20, 0x08, 0x20, 0x08, 0x00,
  0x00, 0x00, 0x00, 0x00, 0x00, 0x00, 0x00, 0x00, 0x00, 0x00, 0x00, 0x00, 0x00, 0x00, 0x00, 0x00, 0x00, 0x00, 0x00, 0x00, 0x00, 0x00, 0x00, 0x00, 0x00, 0x00, 0x00, 0x00, 0x00, 0x00, 0x00, 0x00,
  0x00, 0x00, 0x00, 0x00, 0x00, 0x00, 0x00, 0x00, 0x00, 0x00, 0x00, 0x00, 0x00, 0x00, 0x00, 0x00, 0x00, 0x00, 0x00, 0x00, 0x00, 0x00, 0x00, 0x00, 0x00, 0x00, 0x00, 0x00, 0x00, 0x00, 0x00, 0x00,
  0x00, 0x00, 0x00, 0x00, 0x00, 0x00, 0x00, 0x00, 0x00, 0x00, 0x00, 0x00, 0x00, 0x00, 0x00, 0x00, 0x00, 0x00, 0x00, 0x00, 0x00, 0x00, 0x00, 0x00, 0x00, 0x00, 0x00, 0x00, 0x00, 0x00, 0x00, 0x00,
  0x00, 0x00, 0x00, 0x00, 0x00, 0x00, 0x00, 0x00, 0x00, 0x00, 0x00, 0x00, 0x00, 0x00, 0x00, 0x00, 0x00, 0x00, 0x00, 0x00, 0x00, 0x00, 0x00, 0x00, 0x00, 0x00, 0x00, 0x00, 0x00, 0x00, 0x00, 0x00,
  0x00, 0x00, 0x00, 0x00, 0x00, 0x00, 0x00, 0x00, 0x00, 0x00, 0x00, 0x00, 0x00, 0x00, 0x00, 0x00, 0x00, 0x00, 0x00, 0x00, 0x00, 0x00, 0x00, 0x00, 0x00, 0x00, 0x00, 0x00, 0x00, 0x00, 0x00, 0x00,
  0x00, 0x00, 0x00, 0x00, 0x00, 0x00, 0x00, 0x00, 0x00, 0x00, 0x00, 0x00, 0x00, 0x00, 0x00, 0x00, 0x00, 0x00, 0x00, 0x00, 0x00, 0x00, 0x00, 0x00, 0x00, 0x00, 0x00, 0x00, 0x08, 0x20, 0x08, 0x20,
  0x08, 0x20, 0x10, 0x20, 0x10, 0x40, 0x18, 0x40, 0x18, 0x60, 0x20, 0x60, 0x28, 0x80, 0x28, 0x60, 0x30, 0x60, 0x92, 0x64, 0xFC, 0x89, 0xCB, 0xA7, 0x59, 0x82, 0x39, 0x02, 0x39, 0x44, 0x39, 0x43,
  0x39, 0x24, 0x31, 0x24, 0x31, 0x24, 0x29, 0x04, 0x20, 0xE3, 0x31, 0x65, 0x4A, 0x49, 0x62, 0xCB, 0x5A, 0xCB, 0x5A, 0xAA, 0x5A, 0xAA, 0x5A, 0xAA, 0x5A, 0xAA, 0x5A, 0xAB, 0x5A, 0xAB, 0x5A, 0xAB,
  0x5A, 0xAA, 0x5A, 0xAA, 0x5A, 0xAA, 0x5A, 0xAA, 0x5A, 0xAA, 0x52, 0xAA, 0x52, 0xAA, 0x52, 0xAA, 0x52, 0xAA, 0x52, 0xAA, 0x52, 0xAA, 0x52, 0xAA, 0x52, 0xAA, 0x52, 0xAA, 0x52, 0xAA, 0x52, 0xAA,
  0x52, 0xAA, 0x52, 0xAA, 0x52, 0xAA, 0x52, 0xAA, 0x52, 0x8A, 0x52, 0xAA, 0x52, 0x8A, 0x52, 0x8A, 0x52, 0x8A, 0x52, 0x8A, 0x52, 0x8A, 0x52, 0x8A, 0x52, 0x8A, 0x52, 0x8A, 0x52, 0x8A, 0x52, 0x8A,
  0x52, 0x8A, 0x52, 0x8A, 0x52, 0x8A, 0x52, 0x8A, 0x52, 0x8A, 0x52, 0x8A, 0x52, 0x8A, 0x52, 0x6A, 0x52, 0x6A, 0x52, 0x6A, 0x52, 0x6A, 0x52, 0x6A, 0x52, 0x69, 0x52, 0x69, 0x52, 0x69, 0x52, 0x69,
  0x52, 0x69, 0x52, 0x69, 0x52, 0x69, 0x4A, 0x69, 0x4A, 0x69, 0x4A, 0x69, 0x4A, 0x69, 0x4A, 0x69, 0x4A, 0x69, 0x4A, 0x69, 0x4A, 0x69, 0x4A, 0x69, 0x4A, 0x69, 0x4A, 0x69, 0x4A, 0x69, 0x4A, 0x69,
  0x4A, 0x69, 0x4A, 0x69, 0x4A, 0x69, 0x52, 0x69, 0x52, 0x69, 0x52, 0x69, 0x52, 0x69, 0x52, 0x69, 0x52, 0x69, 0x52, 0x69, 0x52, 0x69, 0x4A, 0x69, 0x4A, 0x69, 0x4A, 0x69, 0x4A, 0x69, 0x52, 0x69,
  0x52, 0x6A, 0x52, 0x69, 0x52, 0x69, 0x52, 0x69, 0x52, 0x6A, 0x52, 0x69, 0x52, 0x69, 0x52, 0x8A, 0x52, 0x8A, 0x41, 0xE7, 0x20, 0xE3, 0x18, 0x81, 0x20, 0xA2, 0x20, 0xC2, 0x28, 0xC2, 0x28, 0xC2,
  0x30, 0xE2, 0x30, 0xE2, 0x28, 0xA1, 0x49, 0x22, 0xBB, 0x67, 0xFC, 0x89, 0x92, 0x64, 0x30, 0x60, 0x20, 0x60, 0x28, 0x80, 0x20, 0x60, 0x18, 0x40, 0x18, 0x40, 0x10, 0x20, 0x10, 0x20, 0x08, 0x20,
  0x08, 0x00, 0x00, 0x00, 0x00, 0x00, 0x00, 0x00, 0x00, 0x00, 0x00, 0x00, 0x00, 0x00, 0x00, 0x00, 0x00, 0x00, 0x00, 0x00, 0x00, 0x00, 0x00, 0x00, 0x00, 0x00, 0x00, 0x00, 0x00, 0x00, 0x00, 0x00,
  0x00, 0x00, 0x00, 0x00, 0x00, 0x00, 0x00, 0x00, 0x00, 0x00, 0x00, 0x00, 0x00, 0x00, 0x00, 0x00, 0x00, 0x00, 0x00, 0x00, 0x00, 0x00, 0x00, 0x00, 0x00, 0x00, 0x00, 0x00, 0x00, 0x00, 0x00, 0x00,
  0x00, 0x00, 0x00, 0x00, 0x00, 0x00, 0x00, 0x00, 0x00, 0x00, 0x00, 0x00, 0x00, 0x00, 0x00, 0x00, 0x00, 0x00, 0x00, 0x00, 0x00, 0x00, 0x00, 0x00, 0x00, 0x00, 0x00, 0x00, 0x00, 0x00, 0x00, 0x00,
  0x00, 0x00, 0x00, 0x00, 0x00, 0x00, 0x00, 0x00, 0x00, 0x00, 0x00, 0x00, 0x00, 0x00, 0x00, 0x00, 0x00, 0x00, 0x00, 0x00, 0x00, 0x00, 0x00, 0x00, 0x00, 0x00, 0x00, 0x00, 0x00, 0x00, 0x00, 0x00,
  0x00, 0x00, 0x00, 0x00, 0x00, 0x00, 0x00, 0x00, 0x00, 0x00, 0x00, 0x00, 0x00, 0x00, 0x00, 0x00, 0x00, 0x00, 0x00, 0x00, 0x00, 0x00, 0x00, 0x00, 0x00, 0x00, 0x00, 0x00, 0x00, 0x00, 0x00, 0x00,
  0x00, 0x00, 0x00, 0x00, 0x00, 0x00, 0x00, 0x00, 0x00, 0x00, 0x00, 0x00, 0x00, 0x00, 0x00, 0x00, 0x00, 0x00, 0x00, 0x00, 0x00, 0x00, 0x00, 0x00, 0x00, 0x00, 0x08, 0x00, 0x08, 0x20, 0x08, 0x20,
  0x10, 0x20, 0x10, 0x40, 0x18, 0x40, 0x20, 0x60, 0x28, 0x60, 0x30, 0x80, 0x20, 0x60, 0x49, 0x01, 0xCB, 0xA7, 0xFC, 0xA9, 0x92, 0x84, 0x39, 0x22, 0x39, 0x43, 0x41, 0x63, 0x39, 0x23, 0x31, 0x23,
  0x31, 0x24, 0x31, 0x24, 0x20, 0xE3, 0x29, 0x24, 0x4A, 0x28, 0x62, 0xCB, 0x62, 0xCB, 0x5A, 0xAA, 0x5A, 0xAA, 0x52, 0xAA, 0x5A, 0xAA, 0x5A, 0xAA, 0x5A, 0xAA, 0x5A, 0xAA, 0x52, 0xAA, 0x5A, 0xAA,
  0x5A, 0xAA, 0x5A, 0xAB, 0x52, 0xAA, 0x52, 0xAA, 0x52, 0xAA, 0x52, 0xAA, 0x52, 0xAA, 0x5A, 0xAA, 0x52, 0xAA, 0x52, 0xAA, 0x52, 0xAA, 0x52, 0xAA, 0x52, 0xAA, 0x52, 0xAA, 0x52, 0x8A, 0x52, 0x8A,
  0x52, 0x8A, 0x52, 0x8A, 0x52, 0x8A, 0x52, 0x8A, 0x52, 0x8A, 0x52, 0xAA, 0x52, 0x8A, 0x52, 0x8A, 0x52, 0x8A, 0x52, 0x8A, 0x52, 0x8A, 0x52, 0x8A, 0x52, 0x8A, 0x52, 0x8A, 0x52, 0x8A, 0x52, 0x8A,
  0x52, 0x8A, 0x52, 0x8A, 0x52, 0x8A, 0x52, 0x8A, 0x52, 0x8A, 0x52, 0x8A, 0x52, 0x6A, 0x52, 0x6A, 0x52, 0x8A, 0x52, 0x6A, 0x52, 0x6A, 0x52, 0x6A, 0x52, 0x69, 0x52, 0x69, 0x4A, 0x69, 0x4A, 0x69,
  0x4A, 0x69, 0x4A, 0x69, 0x4A, 0x69, 0x4A, 0x69, 0x4A, 0x69, 0x4A, 0x69, 0x4A, 0x69, 0x4A, 0x69, 0x4A, 0x69, 0x4A, 0x69, 0x4A, 0x69, 0x4A, 0x69, 0x4A, 0x69, 0x4A, 0x69, 0x4A, 0x69, 0x4A, 0x69,
  0x4A, 0x69, 0x4A, 0x69, 0x4A, 0x69, 0x4A, 0x69, 0x4A, 0x69, 0x4A, 0x69, 0x52, 0x69, 0x52, 0x69, 0x52, 0x69, 0x52, 0x69, 0x4A, 0x69, 0x4A, 0x69, 0x52, 0x69, 0x4A, 0x69, 0x4A, 0x69, 0x4A, 0x69,
  0x52, 0x69, 0x4A, 0x69, 0x52, 0x69, 0x52, 0x69, 0x52, 0x6A, 0x52, 0x69, 0x4A, 0x69, 0x52, 0x69, 0x52, 0x69, 0x52, 0x89, 0x52, 0x69, 0x39, 0xA6, 0x20, 0xC3, 0x18, 0x81, 0x20, 0xA2, 0x28, 0xC2,
  0x28, 0xC2, 0x30, 0xC2, 0x38, 0xE2, 0x30, 0xC1, 0x30, 0xA1, 0x82, 0x24, 0xF4, 0x89, 0xD3, 0xA7, 0x51, 0x01, 0x20, 0x40, 0x28, 0x80, 0x20, 0x60, 0x20, 0x60, 0x18, 0x40, 0x10, 0x40, 0x10, 0x20,
  0x08, 0x20, 0x08, 0x20, 0x00, 0x00, 0x00, 0x00, 0x00, 0x00, 0x00, 0x00, 0x00, 0x00, 0x00, 0x00, 0x00, 0x00, 0x00, 0x00, 0x00, 0x00, 0x00, 0x00, 0x00, 0x00, 0x00, 0x00, 0x00, 0x00, 0x00, 0x00,
  0x00, 0x00, 0x00, 0x00, 0x00, 0x00, 0x00, 0x00, 0x00, 0x00, 0x00, 0x00, 0x00, 0x00, 0x00, 0x00, 0x00, 0x00, 0x00, 0x00, 0x00, 0x00, 0x00, 0x00, 0x00, 0x00, 0x00, 0x00, 0x00, 0x00, 0x00, 0x00,
  0x00, 0x00, 0x00, 0x00, 0x00, 0x00, 0x00, 0x00, 0x00, 0x00, 0x00, 0x00, 0x00, 0x00, 0x00, 0x00, 0x00, 0x00, 0x00, 0x00, 0x00, 0x00, 0x00, 0x00, 0x00, 0x00, 0x00, 0x00, 0x00, 0x00, 0x00, 0x00,
  0x00, 0x00, 0x00, 0x00, 0x00, 0x00, 0x00, 0x00, 0x00, 0x00, 0x00, 0x00, 0x00, 0x00, 0x00, 0x00, 0x00, 0x00, 0x00, 0x00, 0x00, 0x00, 0x00, 0x00, 0x00, 0x00, 0x00, 0x00, 0x00, 0x00, 0x00, 0x00,
  0x00, 0x00, 0x00, 0x00, 0x00, 0x00, 0x00, 0x00, 0x00, 0x00, 0x00, 0x00, 0x00, 0x00, 0x00, 0x00, 0x00, 0x00, 0x00, 0x00, 0x00, 0x00, 0x00, 0x00, 0x00, 0x00, 0x00, 0x00, 0x00, 0x00, 0x00, 0x00,
  0x00, 0x00, 0x00, 0x00, 0x00, 0x00, 0x00, 0x00, 0x00, 0x00, 0x00, 0x00, 0x00, 0x00, 0x00, 0x00, 0x00, 0x00, 0x00, 0x00, 0x00, 0x00, 0x08, 0x00, 0x08, 0x00, 0x08, 0x20, 0x10, 0x20, 0x10, 0x20,
  0x18, 0x40, 0x18, 0x40, 0x20, 0x60, 0x28, 0x80, 0x28, 0x80, 0x28, 0x40, 0x79, 0xE3, 0xF4, 0x89, 0xD3, 0xE7, 0x61, 0x83, 0x39, 0x23, 0x41, 0x44, 0x41, 0x43, 0x39, 0x24, 0x31, 0x24, 0x31, 0x24,
  0x29, 0x04, 0x29, 0x04, 0x39, 0xC7, 0x5A, 0xAA, 0x62, 0xEB, 0x5A, 0xCA, 0x5A, 0xAA, 0x5A, 0xAA, 0x5A, 0xAA, 0x5A, 0xAA, 0x5A, 0xAB, 0x5A, 0xAA, 0x52, 0xAA, 0x52, 0xAA, 0x5A, 0xAA, 0x5A, 0xAB,
  0x5A, 0xAA, 0x52, 0xAA, 0x52, 0xAA, 0x52, 0xAA, 0x52, 0xAA, 0x52, 0xAA, 0x52, 0xAA, 0x52, 0xAA, 0x52, 0xAA, 0x52, 0xAA, 0x52, 0xAA, 0x52, 0x8A, 0x52, 0x8A, 0x52, 0x8A, 0x52, 0x8A, 0x52, 0x8A,
  0x52, 0x8A, 0x52, 0x8A, 0x52, 0x8A, 0x52, 0x8A, 0x52, 0x8A, 0x52, 0x8A, 0x52, 0x8A, 0x52, 0x8A, 0x52, 0x8A, 0x52, 0x8A, 0x52, 0x8A, 0x52, 0x8A, 0x52, 0x8A, 0x52, 0x8A, 0x52, 0x8A, 0x52, 0x8A,
  0x52, 0x8A, 0x52, 0x8A, 0x52, 0x8A, 0x52, 0x8A, 0x52, 0x6A, 0x52, 0x69, 0x52, 0x6A, 0x52, 0x69, 0x52, 0x69, 0x52, 0x69, 0x52, 0x69, 0x52, 0x69, 0x4A, 0x69, 0x4A, 0x69, 0x4A, 0x69, 0x4A, 0x69,
  0x4A, 0x69, 0x4A, 0x69, 0x4A, 0x69, 0x4A, 0x49, 0x4A, 0x69, 0x4A, 0x69, 0x4A, 0x49, 0x4A, 0x49, 0x4A, 0x49, 0x4A, 0x49, 0x4A, 0x49, 0x4A, 0x49, 0x4A, 0x49, 0x4A, 0x49, 0x4A, 0x69, 0x4A, 0x49,
  0x4A, 0x49, 0x4A, 0x69, 0x4A, 0x69, 0x4A, 0x69, 0x4A, 0x69, 0x4A, 0x69, 0x4A, 0x69, 0x4A, 0x69, 0x4A, 0x69, 0x4A, 0x69, 0x4A, 0x69, 0x4A, 0x69, 0x4A, 0x69, 0x4A, 0x69, 0x4A, 0x69, 0x4A, 0x69,
  0x4A, 0x69, 0x4A, 0x69, 0x4A, 0x69, 0x4A, 0x69, 0x4A, 0x69, 0x4A, 0x69, 0x4A, 0x69, 0x4A, 0x69, 0x52, 0x69, 0x52, 0x69, 0x52, 0x69, 0x52, 0x89, 0x4A, 0x69, 0x31, 0x65, 0x18, 0xA2, 0x18, 0xA2,
  0x20, 0xC2, 0x28, 0xC2, 0x28, 0xC2, 0x30, 0xE2, 0x38, 0xE2, 0x28, 0xA1, 0x51, 0x22, 0xCB, 0x87, 0xF4, 0x89, 0x81, 0xE3, 0x20, 0x40, 0x28, 0x80, 0x28, 0x80, 0x20, 0x60, 0x18, 0x40, 0x10, 0x40,
  0x10, 0x20, 0x08, 0x20, 0x08, 0x20, 0x08, 0x00, 0x00, 0x00, 0x00, 0x00, 0x00, 0x00, 0x00, 0x00, 0x00, 0x00, 0x00, 0x00, 0x00, 0x00, 0x00, 0x00, 0x00, 0x00, 0x00, 0x00, 0x00, 0x00, 0x00, 0x00,
  0x00, 0x00, 0x00, 0x00, 0x00, 0x00, 0x00, 0x00, 0x00, 0x00, 0x00, 0x00, 0x00, 0x00, 0x00, 0x00, 0x00, 0x00, 0x00, 0x00, 0x00, 0x00, 0x00, 0x00, 0x00, 0x00, 0x00, 0x00, 0x00, 0x00, 0x00, 0x00,
  0x00, 0x00, 0x00, 0x00, 0x00, 0x00, 0x00, 0x00, 0x00, 0x00, 0x00, 0x00, 0x00, 0x00, 0x00, 0x00, 0x00, 0x00, 0x00, 0x00, 0x00, 0x00, 0x00, 0x00, 0x00, 0x00, 0x00, 0x00, 0x00, 0x00, 0x00, 0x00,
  0x00, 0x00, 0x00, 0x00, 0x00, 0x00, 0x00, 0x00, 0x00, 0x00, 0x00, 0x00, 0x00, 0x00, 0x00, 0x00, 0x00, 0x00, 0x00, 0x00, 0x00, 0x00, 0x00, 0x00, 0x00, 0x00, 0x00, 0x00, 0x00, 0x00, 0x00, 0x00,
  0x00, 0x00, 0x00, 0x00, 0x00, 0x00, 0x00, 0x00, 0x00, 0x00, 0x00, 0x00, 0x00, 0x00, 0x00, 0x00, 0x00, 0x00, 0x00, 0x00, 0x00, 0x00, 0x00, 0x00, 0x00, 0x00, 0x00, 0x00, 0x00, 0x00, 0x00, 0x00,
  0x00, 0x00, 0x00, 0x00, 0x00, 0x00, 0x00, 0x00, 0x00, 0x00, 0x00, 0x00, 0x00, 0x00, 0x00, 0x00, 0x00, 0x00, 0x00, 0x00, 0x08, 0x00, 0x08, 0x00, 0x08, 0x20, 0x10, 0x20, 0x10, 0x40, 0x18, 0x40,
  0x20, 0x60, 0x20, 0x60, 0x28, 0x80, 0x28, 0x60, 0x38, 0x80, 0xB3, 0x06, 0xFC, 0xC9, 0xA2, 0xE5, 0x49, 0x22, 0x41, 0x43, 0x41, 0x64, 0x39, 0x44, 0x39, 0x44, 0x31, 0x24, 0x29, 0x24, 0x21, 0x03,
  0x31, 0x65, 0x52, 0x69, 0x62, 0xCB, 0x5A, 0xCB, 0x5A, 0xAA, 0x5A, 0xAA, 0x5A, 0xAB, 0x5A, 0xCA, 0x5A, 0xAA, 0x5A, 0xAA, 0x52, 0xAA, 0x52, 0xAA, 0x52, 0xAA, 0x5A, 0xAA, 0x5A, 0xAA, 0x52, 0xAA,
  0x52, 0xAA, 0x52, 0xAA, 0x52, 0xAA, 0x52, 0xAA, 0x52, 0xAA, 0x52, 0xAA, 0x52, 0xAA, 0x52, 0xAA, 0x52, 0x8A, 0x52, 0x8A, 0x52, 0x8A, 0x52, 0x8A, 0x52, 0x8A, 0x52, 0x8A, 0x52, 0x8A, 0x52, 0x8A,
  0x52, 0x8A, 0x52, 0x8A, 0x52, 0x8A, 0x52, 0x8A, 0x52, 0x8A, 0x52, 0x8A, 0x52, 0x8A, 0x52, 0x8A, 0x52, 0x8A, 0x52, 0x8A, 0x52, 0x8A, 0x52, 0x8A, 0x52, 0x8A, 0x52, 0x8A, 0x52, 0x8A, 0x52, 0x6A,
  0x52, 0x6A, 0x52, 0x69, 0x52, 0x69, 0x52, 0x69, 0x52, 0x69, 0x4A, 0x69, 0x4A, 0x69, 0x4A, 0x69, 0x4A, 0x69, 0x4A, 0x69, 0x4A, 0x69, 0x4A, 0x69, 0x4A, 0x69, 0x4A, 0x49, 0x4A, 0x49, 0x4A, 0x49,
  0x4A, 0x49, 0x4A, 0x49, 0x4A, 0x49, 0x4A, 0x49, 0x4A, 0x49, 0x4A, 0x49, 0x4A, 0x49, 0x4A, 0x49, 0x4A, 0x49, 0x4A, 0x49, 0x4A, 0x49, 0x4A, 0x49, 0x4A, 0x49, 0x4A, 0x49, 0x4A, 0x49, 0x4A, 0x49,
  0x4A, 0x69, 0x4A, 0x69, 0x4A, 0x49, 0x4A, 0x49, 0x4A, 0x49, 0x4A, 0x69, 0x4A, 0x49, 0x4A, 0x49, 0x4A, 0x49, 0x4A, 0x49, 0x4A, 0x69, 0x4A, 0x69, 0x4A, 0x69, 0x4A, 0x69, 0x4A, 0x69, 0x4A, 0x69,
  0x4A, 0x69, 0x4A, 0x69, 0x4A, 0x69, 0x4A, 0x69, 0x4A, 0x69, 0x4A, 0x69, 0x4A, 0x69, 0x4A, 0x69, 0x4A, 0x69, 0x4A, 0x69, 0x4A, 0x69, 0x4A, 0x69, 0x52, 0x69, 0x52, 0x89, 0x4A, 0x07, 0x29, 0x03,
  0x18, 0x82, 0x20, 0xA2, 0x28, 0xC2, 0x28, 0xC2, 0x30, 0xC2, 0x30, 0xE2, 0x30, 0xC1, 0x30, 0xA1, 0x92, 0x64, 0xFC, 0xA9, 0xB3, 0x06, 0x38, 0x80, 0x20, 0x40, 0x28, 0x80, 0x20, 0x60, 0x18, 0x60,
  0x18, 0x40, 0x10, 0x20, 0x08, 0x20, 0x08, 0x20, 0x08, 0x00, 0x08, 0x00, 0x00, 0x00, 0x00, 0x00, 0x00, 0x00, 0x00, 0x00, 0x00, 0x00, 0x00, 0x00, 0x00, 0x00, 0x00, 0x00, 0x00, 0x00, 0x00, 0x00,
  0x00, 0x00, 0x00, 0x00, 0x00, 0x00, 0x00, 0x00, 0x00, 0x00, 0x00, 0x00, 0x00, 0x00, 0x00, 0x00, 0x00, 0x00, 0x00, 0x00, 0x00, 0x00, 0x00, 0x00, 0x00, 0x00, 0x00, 0x00, 0x00, 0x00, 0x00, 0x00,
  0x00, 0x00, 0x00, 0x00, 0x00, 0x00, 0x00, 0x00, 0x00, 0x00, 0x00, 0x00, 0x00, 0x00, 0x00, 0x00, 0x00, 0x00, 0x00, 0x00, 0x00, 0x00, 0x00, 0x00, 0x00, 0x00, 0x00, 0x00, 0x00, 0x00, 0x00, 0x00,
  0x00, 0x00, 0x00, 0x00, 0x00, 0x00, 0x00, 0x00, 0x00, 0x00, 0x00, 0x00, 0x00, 0x00, 0x00, 0x00, 0x00, 0x00, 0x00, 0x00, 0x00, 0x00, 0x00, 0x00, 0x00, 0x00, 0x00, 0x00, 0x00, 0x00, 0x00, 0x00,
  0x00, 0x00, 0x00, 0x00, 0x00, 0x00, 0x00, 0x00, 0x00, 0x00, 0x00, 0x00, 0x00, 0x00, 0x00, 0x00, 0x00, 0x00, 0x00, 0x00, 0x00, 0x00, 0x00, 0x00, 0x00, 0x00, 0x00, 0x00, 0x00, 0x00, 0x00, 0x00,
  0x00, 0x00, 0x00, 0x00, 0x00, 0x00, 0x00, 0x00, 0x00, 0x00, 0x00, 0x00, 0x00, 0x00, 0x00, 0x00, 0x00, 0x00, 0x00, 0x00, 0x08, 0x20, 0x08, 0x20, 0x10, 0x20, 0x10, 0x40, 0x18, 0x40, 0x20, 0x60,
  0x20, 0x60, 0x28, 0x81, 0x20, 0x40, 0x51, 0x02, 0xDB, 0xE8, 0xEC, 0x49, 0x71, 0xE3, 0x39, 0x02, 0x41, 0x64, 0x41, 0x44, 0x39, 0x44, 0x31, 0x44, 0x31, 0x44, 0x29, 0x04, 0x29, 0x24, 0x42, 0x07,
  0x5A, 0xCA, 0x5A, 0xCA, 0x5A, 0xAA, 0x52, 0xAA, 0x52, 0xAA, 0x5A, 0xAA, 0x5A, 0xAA, 0x52, 0xAA, 0x52, 0xAA, 0x52, 0xAA, 0x52, 0xAA, 0x52, 0xAA, 0x52, 0xAA, 0x52, 0xAA, 0x52, 0xAA, 0x52, 0xAA,
  0x52, 0xAA, 0x52, 0xAA, 0x52, 0xAA, 0x52, 0xAA, 0x52, 0x8A, 0x52, 0x8A, 0x52, 0x8A, 0x52, 0x8A, 0x52, 0x8A, 0x52, 0x8A, 0x52, 0x8A, 0x52, 0x8A, 0x52, 0x8A, 0x52, 0x8A, 0x52, 0x8A, 0x52, 0x8A,
  0x52, 0x8A, 0x52, 0x8A, 0x52, 0x8A, 0x52, 0x8A, 0x52, 0x8A, 0x52, 0x8A, 0x52, 0x6A, 0x52, 0x6A, 0x52, 0x6A, 0x52, 0x6A, 0x52, 0x8A, 0x52, 0x8A, 0x52, 0x8A, 0x52, 0x6A, 0x52, 0x6A, 0x52, 0x6A,
  0x52, 0x6A, 0x52, 0x69, 0x52, 0x69, 0x52, 0x69, 0x4A, 0x69, 0x4A, 0x69, 0x4A, 0x69, 0x4A, 0x69, 0x4A, 0x49, 0x4A, 0x49, 0x4A, 0x69, 0x4A, 0x49, 0x4A, 0x49, 0x4A, 0x49, 0x4A, 0x49, 0x4A, 0x49,
  0x4A, 0x49, 0x4A, 0x49, 0x4A, 0x49, 0x4A, 0x49, 0x4A, 0x49, 0x4A, 0x49, 0x4A, 0x49, 0x4A, 0x49, 0x4A, 0x49, 0x4A, 0x49, 0x4A, 0x49, 0x4A, 0x49, 0x4A, 0x49, 0x4A, 0x49, 0x4A, 0x49, 0x4A, 0x49,
  0x4A, 0x49, 0x4A, 0x49, 0x4A, 0x49, 0x4A, 0x49, 0x4A, 0x49, 0x4A, 0x49, 0x4A, 0x49, 0x4A, 0x49, 0x4A, 0x49, 0x4A, 0x49, 0x4A, 0x49, 0x4A, 0x49, 0x4A, 0x49, 0x4A, 0x49, 0x4A, 0x49, 0x4A, 0x69,
  0x4A, 0x69, 0x4A, 0x69, 0x4A, 0x69, 0x4A, 0x69, 0x4A, 0x49, 0x4A, 0x49, 0x4A, 0x49, 0x4A, 0x49, 0x4A, 0x49, 0x4A, 0x69, 0x4A, 0x69, 0x4A, 0x69, 0x4A, 0x49, 0x4A, 0x49, 0x52, 0x69, 0x52, 0x69,
  0x39, 0x86, 0x18, 0xA2, 0x20, 0xA2, 0x20, 0xC2, 0x28, 0xC2, 0x28, 0xC2, 0x30, 0xE2, 0x30, 0xE2, 0x28, 0x81, 0x61, 0x82, 0xE4, 0x28, 0xE3, 0xE8, 0x51, 0x22, 0x20, 0x40, 0x28, 0x80, 0x20, 0x60,
  0x20, 0x40, 0x18, 0x40, 0x10, 0x20, 0x10, 0x20, 0x08, 0x20, 0x08, 0x20, 0x00, 0x00, 0x00, 0x00, 0x00, 0x00, 0x00, 0x00, 0x00, 0x00, 0x00, 0x00, 0x00, 0x00, 0x00, 0x00, 0x00, 0x00, 0x00, 0x00,
  0x00, 0x00, 0x00, 0x00, 0x00, 0x00, 0x00, 0x00, 0x00, 0x00, 0x00, 0x00, 0x00, 0x00, 0x00, 0x00, 0x00, 0x00, 0x00, 0x00, 0x00, 0x00, 0x00, 0x00, 0x00, 0x00, 0x00, 0x00, 0x00, 0x00, 0x00, 0x00,
  0x00, 0x00, 0x00, 0x00, 0x00, 0x00, 0x00, 0x00, 0x00, 0x00, 0x00, 0x00, 0x00, 0x00, 0x00, 0x00, 0x00, 0x00, 0x00, 0x00, 0x00, 0x00, 0x00, 0x00, 0x00, 0x00, 0x00, 0x00, 0x00, 0x00, 0x00, 0x00,
  0x00, 0x00, 0x00, 0x00, 0x00, 0x00, 0x00, 0x00, 0x00, 0x00, 0x00, 0x00, 0x00, 0x00, 0x00, 0x00, 0x00, 0x00, 0x00, 0x00, 0x00, 0x00, 0x00, 0x00, 0x00, 0x00, 0x00, 0x00, 0x00, 0x00, 0x00, 0x00,
  0x00, 0x00, 0x00, 0x00, 0x00, 0x00, 0x00, 0x00, 0x00, 0x00, 0x00, 0x00, 0x00, 0x00, 0x00, 0x00, 0x00, 0x00, 0x00, 0x00, 0x00, 0x00, 0x00, 0x00, 0x00, 0x00, 0x00, 0x00, 0x00, 0x00, 0x00, 0x00,
  0x00, 0x00, 0x00, 0x00, 0x00, 0x00, 0x00, 0x00, 0x00, 0x00, 0x00, 0x00, 0x00, 0x00, 0x00, 0x00, 0x08, 0x00, 0x08, 0x20, 0x08, 0x20, 0x10, 0x20, 0x10, 0x40, 0x18, 0x40, 0x20, 0x60, 0x28, 0x80,
  0x28, 0x80, 0x20, 0x40, 0x79, 0xC3, 0xF4, 0x89, 0xCB, 0xA7, 0x51, 0x42, 0x39, 0x23, 0x41, 0x63, 0x39, 0x44, 0x39, 0x44, 0x31, 0x44, 0x31, 0x24, 0x21, 0x03, 0x31, 0x65, 0x52, 0x69, 0x5A, 0xCB,
  0x5A, 0xAA, 0x5A, 0xAA, 0x52, 0xAA, 0x5A, 0xAA, 0x5A, 0xAA, 0x52, 0xAA, 0x52, 0xAA, 0x52, 0xAA, 0x52, 0xAA, 0x52, 0xAA, 0x52, 0xAA, 0x52, 0x8A, 0x52, 0xAA, 0x52, 0xAA, 0x52, 0xAA, 0x52, 0xAA,
  0x52, 0xAA, 0x52, 0xAA, 0x52, 0x8A, 0x52, 0x8A, 0x52, 0x8A, 0x52, 0x8A, 0x52, 0x8A, 0x52, 0x8A, 0x52, 0x8A, 0x52, 0x8A, 0x52, 0x8A, 0x52, 0x8A, 0x52, 0x8A, 0x52, 0x8A, 0x52, 0x8A, 0x52, 0x8A,
  0x52, 0x8A, 0x52, 0x8A, 0x52, 0x6A, 0x52, 0x8A, 0x52, 0x6A, 0x52, 0x8A, 0x52, 0x6A, 0x52, 0x6A, 0x52, 0x6A, 0x52, 0x6A, 0x52, 0x6A, 0x52, 0x6A, 0x52, 0x69, 0x52, 0x69, 0x4A, 0x69, 0x4A, 0x69,
  0x4A, 0x69, 0x4A, 0x69, 0x4A, 0x69, 0x4A, 0x69, 0x4A, 0x69, 0x4A, 0x69, 0x4A, 0x49, 0x4A, 0x49, 0x4A, 0x49, 0x4A, 0x49, 0x4A, 0x49, 0x4A, 0x49, 0x4A, 0x49, 0x4A, 0x49, 0x4A, 0x49, 0x4A, 0x49,
  0x4A, 0x49, 0x4A, 0x49, 0x4A, 0x49, 0x4A, 0x49, 0x4A, 0x49, 0x4A, 0x49, 0x4A, 0x49, 0x4A, 0x49, 0x4A, 0x49, 0x4A, 0x49, 0x4A, 0x49, 0x4A, 0x49, 0x4A, 0x49, 0x4A, 0x49, 0x4A, 0x49, 0x4A, 0x49,
  0x4A, 0x49, 0x4A, 0x49, 0x4A, 0x49, 0x4A, 0x49, 0x4A, 0x49, 0x4A, 0x49, 0x4A, 0x49, 0x4A, 0x49, 0x4A, 0x49, 0x4A, 0x49, 0x4A, 0x49, 0x4A, 0x49, 0x4A, 0x49, 0x4A, 0x49, 0x4A, 0x49, 0x4A, 0x49,
  0x4A, 0x49, 0x4A, 0x49, 0x4A, 0x49, 0x4A, 0x49, 0x4A, 0x49, 0x4A, 0x49, 0x4A, 0x49, 0x4A, 0x49, 0x4A, 0x49, 0x4A, 0x49, 0x4A, 0x49, 0x4A, 0x69, 0x4A, 0x49, 0x4A, 0x49, 0x4A, 0x49, 0x4A, 0x49,
  0x52, 0x69, 0x4A, 0x08, 0x28, 0xE3, 0x18, 0x81, 0x20, 0xA2, 0x28, 0xC2, 0x28, 0xC2, 0x28, 0xC2, 0x30, 0xE2, 0x28, 0xA1, 0x40, 0xE1, 0xBB, 0x66, 0xF4, 0x89, 0x79, 0xC3, 0x20, 0x40, 0x28, 0x80,
  0x20, 0x80, 0x20, 0x60, 0x18, 0x40, 0x10, 0x40, 0x10, 0x20, 0x08, 0x20, 0x08, 0x20, 0x08, 0x00, 0x00, 0x00, 0x00, 0x00, 0x00, 0x00, 0x00, 0x00, 0x00, 0x00, 0x00, 0x00, 0x00, 0x00, 0x00, 0x00,
  0x00, 0x00, 0x00, 0x00, 0x00, 0x00, 0x00, 0x00, 0x00, 0x00, 0x00, 0x00, 0x00, 0x00, 0x00, 0x00, 0x00, 0x00, 0x00, 0x00, 0x00, 0x00, 0x00, 0x00, 0x00, 0x00, 0x00, 0x00, 0x00, 0x00, 0x00, 0x00,
  0x00, 0x00, 0x00, 0x00, 0x00, 0x00, 0x00, 0x00, 0x00, 0x00, 0x00, 0x00, 0x00, 0x00, 0x00, 0x00, 0x00, 0x00, 0x00, 0x00, 0x00, 0x00, 0x00, 0x00, 0x00, 0x00, 0x00, 0x00, 0x00, 0x00, 0x00, 0x00,
  0x00, 0x00, 0x00, 0x00, 0x00, 0x00, 0x00, 0x00, 0x00, 0x00, 0x00, 0x00, 0x00, 0x00, 0x00, 0x00, 0x00, 0x00, 0x00, 0x00, 0x00, 0x00, 0x00, 0x00, 0x00, 0x00, 0x00, 0x00, 0x00, 0x00, 0x00, 0x00,
  0x00, 0x00, 0x00, 0x00, 0x00, 0x00, 0x00, 0x00, 0x00, 0x00, 0x00, 0x00, 0x00, 0x00, 0x00, 0x00, 0x00, 0x00, 0x00, 0x00, 0x00, 0x00, 0x00, 0x00, 0x00, 0x00, 0x00, 0x00, 0x00, 0x00, 0x00, 0x00,
  0x00, 0x00, 0x00, 0x00, 0x00, 0x00, 0x00, 0x00, 0x00, 0x00, 0x00, 0x00, 0x00, 0x00, 0x08, 0x00, 0x08, 0x20, 0x08, 0x20, 0x10, 0x20, 0x10, 0x40, 0x18, 0x40, 0x20, 0x60, 0x28, 0x80, 0x28, 0x81,
  0x28, 0x40, 0x9A, 0x84, 0xFC, 0xA9, 0xA2, 0xE5, 0x41, 0x02, 0x41, 0x43, 0x41, 0x44, 0x39, 0x44, 0x39, 0x44, 0x31, 0x44, 0x29, 0x24, 0x29, 0x04, 0x41, 0xE7, 0x5A, 0xAA, 0x5A, 0xCA, 0x5A, 0xAA,
  0x5A, 0xAA, 0x5A, 0xAA, 0x5A, 0xAA, 0x52, 0xAA, 0x52, 0xAA, 0x52, 0xAA, 0x52, 0x8A, 0x52, 0xAA, 0x52, 0xAA, 0x52, 0xAA, 0x52, 0xAA, 0x52, 0xAA, 0x52, 0xAA, 0x52, 0xAA, 0x52, 0xAA, 0x52, 0xAA,
  0x52, 0x8A, 0x52, 0x8A, 0x52, 0x8A, 0x52, 0x8A, 0x52, 0x8A, 0x52, 0x8A, 0x52, 0x8A, 0x52, 0x6A, 0x52, 0x8A, 0x52, 0x8A, 0x52, 0x8A, 0x52, 0x8A, 0x52, 0x8A, 0x52, 0x8A, 0x52, 0x6A, 0x52, 0x6A,
  0x52, 0x6A, 0x52, 0x6A, 0x52, 0x6A, 0x52, 0x6A, 0x52, 0x6A, 0x52, 0x69, 0x4A, 0x69, 0x4A, 0x69, 0x4A, 0x69, 0x4A, 0x69, 0x52, 0x69, 0x52, 0x69, 0x4A, 0x69, 0x52, 0x69, 0x4A, 0x69, 0x4A, 0x69,
  0x4A, 0x69, 0x4A, 0x69, 0x4A, 0x69, 0x4A, 0x69, 0x4A, 0x69, 0x4A, 0x69, 0x4A, 0x49, 0x4A, 0x49, 0x4A, 0x49, 0x4A, 0x49, 0x4A, 0x49, 0x4A, 0x49, 0x4A, 0x49, 0x4A, 0x49, 0x4A, 0x49, 0x4A, 0x49,
  0x4A, 0x49, 0x4A, 0x49, 0x4A, 0x49, 0x4A, 0x49, 0x4A, 0x49, 0x4A, 0x49, 0x4A, 0x29, 0x4A, 0x49, 0x4A, 0x49, 0x4A, 0x49, 0x4A, 0x49, 0x4A, 0x49, 0x4A, 0x49, 0x4A, 0x49, 0x4A, 0x49, 0x4A, 0x49,
  0x4A, 0x49, 0x4A, 0x49, 0x4A, 0x49, 0x4A, 0x49, 0x4A, 0x49, 0x4A, 0x49, 0x4A, 0x49, 0x4A, 0x49, 0x4A, 0x49, 0x4A, 0x49, 0x4A, 0x49, 0x4A, 0x49, 0x4A, 0x49, 0x4A, 0x49, 0x4A, 0x49, 0x4A, 0x49,
  0x4A, 0x49, 0x4A, 0x49, 0x4A, 0x49, 0x4A, 0x49, 0x4A, 0x49, 0x4A, 0x49, 0x4A, 0x49, 0x4A, 0x49, 0x4A, 0x49, 0x4A, 0x49, 0x4A, 0x49, 0x4A, 0x49, 0x4A, 0x49, 0x4A, 0x69, 0x4A, 0x49, 0x4A, 0x49,
  0x4A, 0x49, 0x52, 0x69, 0x52, 0x69, 0x31, 0x65, 0x18, 0x82, 0x20, 0xA2, 0x20, 0xC2, 0x28, 0xC2, 0x28, 0xC2, 0x30, 0xE2, 0x30, 0xC2, 0x30, 0xA1, 0x9A, 0x85, 0xFC, 0xA9, 0xA2, 0x85, 0x28, 0x60,
  0x28, 0x80, 0x28, 0x80, 0x20, 0x60, 0x18, 0x60, 0x18, 0x40, 0x10, 0x20, 0x08, 0x20, 0x08, 0x20, 0x08, 0x00, 0x00, 0x00, 0x00, 0x00, 0x00, 0x00, 0x00, 0x00, 0x00, 0x00, 0x00, 0x00, 0x00, 0x00,
  0x00, 0x00, 0x00, 0x00, 0x00, 0x00, 0x00, 0x00, 0x00, 0x00, 0x00, 0x00, 0x00, 0x00, 0x00, 0x00, 0x00, 0x00, 0x00, 0x00, 0x00, 0x00, 0x00, 0x00, 0x00, 0x00, 0x00, 0x00, 0x00, 0x00, 0x00, 0x00,
  0x00, 0x00, 0x00, 0x00, 0x00, 0x00, 0x00, 0x00, 0x00, 0x00, 0x00, 0x00, 0x00, 0x00, 0x00, 0x00, 0x00, 0x00, 0x00, 0x00, 0x00, 0x00, 0x00, 0x00, 0x00, 0x00, 0x00, 0x00, 0x00, 0x00, 0x00, 0x00,
  0x00, 0x00, 0x00, 0x00, 0x00, 0x00, 0x00, 0x00, 0x00, 0x00, 0x00, 0x00, 0x00, 0x00, 0x00, 0x00, 0x00, 0x00, 0x00, 0x00, 0x00, 0x00, 0x00, 0x00, 0x00, 0x00, 0x00, 0x00, 0x00, 0x00, 0x00, 0x00,
  0x00, 0x00, 0x00, 0x00, 0x00, 0x00, 0x00, 0x00, 0x00, 0x00, 0x00, 0x00, 0x00, 0x00, 0x00, 0x00, 0x00, 0x00, 0x00, 0x00, 0x00, 0x00, 0x00, 0x00, 0x00, 0x00, 0x00, 0x00, 0x00, 0x00, 0x00, 0x00,
  0x00, 0x00, 0x00, 0x00, 0x00, 0x00, 0x00, 0x00, 0x00, 0x00, 0x00, 0x00, 0x08, 0x00, 0x08, 0x20, 0x08, 0x20, 0x10, 0x20, 0x10, 0x40, 0x18, 0x60, 0x20, 0x60, 0x28, 0x80, 0x28, 0x60, 0x38, 0x80,
  0xBB, 0x47, 0xFC, 0xA9, 0x82, 0x24, 0x39, 0x02, 0x41, 0x43, 0x41, 0x43, 0x39, 0x44, 0x31, 0x44, 0x31, 0x44, 0x29, 0x03, 0x29, 0x44, 0x4A, 0x49, 0x5A, 0xCB, 0x5A, 0xAA, 0x5A, 0xAA, 0x5A, 0xAA,
  0x5A, 0xAA, 0x5A, 0xAA, 0x52, 0xAA, 0x52, 0xAA, 0x52, 0x8A, 0x52, 0xAA, 0x52, 0xAA, 0x52, 0xAA, 0x52, 0xAA, 0x52, 0xAA, 0x52, 0xAA, 0x52, 0xAA, 0x52, 0xAA, 0x52, 0x8A, 0x52, 0x8A, 0x52, 0x8A,
  0x52, 0x8A, 0x52, 0x8A, 0x52, 0x8A, 0x52, 0x8A, 0x52, 0x8A, 0x52, 0x8A, 0x52, 0x8A, 0x52, 0x8A, 0x52, 0x8A, 0x52, 0x8A, 0x52, 0x8A, 0x52, 0x6A, 0x52, 0x6A, 0x52, 0x6A, 0x52, 0x6A, 0x52, 0x6A,
  0x52, 0x6A, 0x52, 0x69, 0x52, 0x69, 0x4A, 0x69, 0x4A, 0x69, 0x4A, 0x69, 0x4A, 0x69, 0x4A, 0x69, 0x4A, 0x69, 0x4A, 0x69, 0x4A, 0x69, 0x4A, 0x69, 0x4A, 0x69, 0x4A, 0x69, 0x4A, 0x69, 0x4A, 0x69,
  0x4A, 0x69, 0x4A, 0x69, 0x4A, 0x49, 0x4A, 0x49, 0x4A, 0x49, 0x4A, 0x49, 0x4A, 0x49, 0x4A, 0x49, 0x4A, 0x49, 0x4A, 0x49, 0x4A, 0x49, 0x4A, 0x49, 0x4A, 0x49, 0x4A, 0x49, 0x4A, 0x49, 0x4A, 0x49,
  0x4A, 0x49, 0x4A, 0x49, 0x4A, 0x49, 0x4A, 0x29, 0x4A, 0x29, 0x4A, 0x29, 0x4A, 0x29, 0x4A, 0x48, 0x4A, 0x28, 0x4A, 0x48, 0x4A, 0x49, 0x4A, 0x49, 0x4A, 0x49, 0x4A, 0x49, 0x4A, 0x49, 0x4A, 0x49,
  0x4A, 0x49, 0x4A, 0x49, 0x4A, 0x49, 0x4A, 0x29, 0x4A, 0x49, 0x4A, 0x49, 0x4A, 0x49, 0x4A, 0x49, 0x4A, 0x29, 0x4A, 0x49, 0x4A, 0x49, 0x4A, 0x49, 0x4A, 0x49, 0x4A, 0x49, 0x4A, 0x49, 0x4A, 0x49,
  0x4A, 0x49, 0x4A, 0x49, 0x4A, 0x49, 0x4A, 0x49, 0x4A, 0x49, 0x4A, 0x49, 0x4A, 0x49, 0x4A, 0x49, 0x4A, 0x49, 0x4A, 0x49, 0x4A, 0x49, 0x4A, 0x49, 0x4A, 0x49, 0x4A, 0x49, 0x4A, 0x49, 0x4A, 0x49,
  0x4A, 0x49, 0x4A, 0x49, 0x4A, 0x49, 0x52, 0x69, 0x39, 0xC7, 0x20, 0xC2, 0x18, 0x82, 0x20, 0xC2, 0x28, 0xC2, 0x28, 0xC2, 0x30, 0xE2, 0x39, 0x02, 0x28, 0xA1, 0x71, 0xE3, 0xF4, 0x89, 0xC3, 0x47,
  0x38, 0x80, 0x20, 0x60, 0x28, 0x80, 0x20, 0x60, 0x18, 0x40, 0x10, 0x40, 0x10, 0x20, 0x08, 0x20, 0x08, 0x20, 0x08, 0x00, 0x00, 0x00, 0x00, 0x00, 0x00, 0x00, 0x00, 0x00, 0x00, 0x00, 0x00, 0x00,
  0x00, 0x00, 0x00, 0x00, 0x00, 0x00, 0x00, 0x00, 0x00, 0x00, 0x00, 0x00, 0x00, 0x00, 0x00, 0x00, 0x00, 0x00, 0x00, 0x00, 0x00, 0x00, 0x00, 0x00, 0x00, 0x00, 0x00, 0x00, 0x00, 0x00, 0x00, 0x00,
  0x00, 0x00, 0x00, 0x00, 0x00, 0x00, 0x00, 0x00, 0x00, 0x00, 0x00, 0x00, 0x00, 0x00, 0x00, 0x00, 0x00, 0x00, 0x00, 0x00, 0x00, 0x00, 0x00, 0x00, 0x00, 0x00, 0x00, 0x00, 0x00, 0x00, 0x00, 0x00,
  0x00, 0x00, 0x00, 0x00, 0x00, 0x00, 0x00, 0x00, 0x00, 0x00, 0x00, 0x00, 0x00, 0x00, 0x00, 0x00, 0x00, 0x00, 0x00, 0x00, 0x00, 0x00, 0x00, 0x00, 0x00, 0x00, 0x00, 0x00, 0x00, 0x00, 0x00, 0x00,
  0x00, 0x00, 0x00, 0x00, 0x00, 0x00, 0x00, 0x00, 0x00, 0x00, 0x00, 0x00, 0x00, 0x00, 0x00, 0x00, 0x00, 0x00, 0x00, 0x00, 0x00, 0x00, 0x00, 0x00, 0x00, 0x00, 0x00, 0x00, 0x00, 0x00, 0x00, 0x00,
  0x00, 0x00, 0x00, 0x00, 0x00, 0x00, 0x00, 0x00, 0x00, 0x00, 0x00, 0x20, 0x08, 0x20, 0x08, 0x20, 0x10, 0x40, 0x18, 0x40, 0x18, 0x60, 0x20, 0x60, 0x28, 0x80, 0x28, 0x60, 0x48, 0xE1, 0xDB, 0xC7,
  0xEC, 0x48, 0x69, 0xA2, 0x39, 0x02, 0x41, 0x63, 0x39, 0x44, 0x39, 0x44, 0x31, 0x44, 0x29, 0x24, 0x21, 0x03, 0x31, 0x85, 0x52, 0x89, 0x5A, 0xAA, 0x5A, 0xAA, 0x5A, 0xAA, 0x5A, 0xAA, 0x5A, 0xAA,
  0x52, 0xAA, 0x52, 0x8A, 0x52, 0x8A, 0x52, 0x8A, 0x52, 0xAA, 0x52, 0xAA, 0x52, 0xAA, 0x52, 0xAA, 0x52, 0xAA, 0x52, 0xAA, 0x52, 0xAA, 0x52, 0xAA, 0x52, 0x8A, 0x52, 0x8A, 0x52, 0x8A, 0x52, 0x8A,
  0x52, 0x8A, 0x52, 0x8A, 0x52, 0x6A, 0x52, 0x8A, 0x52, 0x8A, 0x52, 0x8A, 0x52, 0x8A, 0x52, 0x8A, 0x52, 0x8A, 0x52, 0x8A, 0x52, 0x8A, 0x52, 0x8A, 0x52, 0x6A, 0x52, 0x6A, 0x52, 0x69, 0x4A, 0x69,
  0x4A, 0x69, 0x4A, 0x69, 0x52, 0x69, 0x4A, 0x69, 0x52, 0x69, 0x52, 0x69, 0x52, 0x69, 0x52, 0x69, 0x4A, 0x69, 0x4A, 0x69, 0x4A, 0x69, 0x4A, 0x69, 0x4A, 0x69, 0x4A, 0x69, 0x4A, 0x69, 0x4A, 0x49,
  0x4A, 0x49, 0x4A, 0x49, 0x4A, 0x49, 0x4A, 0x49, 0x4A, 0x49, 0x4A, 0x49, 0x4A, 0x49, 0x4A, 0x49, 0x4A, 0x49, 0x4A, 0x49, 0x4A, 0x49, 0x4A, 0x49, 0x4A, 0x49, 0x4A, 0x49, 0x4A, 0x49, 0x4A, 0x29,
  0x4A, 0x29, 0x4A, 0x29, 0x4A, 0x29, 0x4A, 0x29, 0x4A, 0x29, 0x4A, 0x29, 0x4A, 0x29, 0x4A, 0x29, 0x4A, 0x29, 0x4A, 0x29, 0x4A, 0x29, 0x4A, 0x49, 0x4A, 0x29, 0x4A, 0x29, 0x4A, 0x29, 0x4A, 0x29,
  0x4A, 0x29, 0x4A, 0x29, 0x4A, 0x29, 0x4A, 0x29, 0x4A, 0x29, 0x4A, 0x29, 0x4A, 0x29, 0x4A, 0x29, 0x4A, 0x29, 0x4A, 0x49, 0x4A, 0x49, 0x4A, 0x49, 0x4A, 0x49, 0x4A, 0x49, 0x4A, 0x49, 0x4A, 0x49,
  0x4A, 0x49, 0x4A, 0x29, 0x4A, 0x29, 0x4A, 0x29, 0x4A, 0x29, 0x4A, 0x29, 0x4A, 0x49, 0x4A, 0x49, 0x4A, 0x49, 0x4A, 0x49, 0x4A, 0x49, 0x4A, 0x49, 0x4A, 0x49, 0x4A, 0x49, 0x4A, 0x49, 0x4A, 0x49,
  0x4A, 0x49, 0x4A, 0x49, 0x4A, 0x49, 0x4A, 0x48, 0x4A, 0x49, 0x4A, 0x08, 0x29, 0x04, 0x18, 0x82, 0x20, 0xC2, 0x28, 0xC2, 0x28, 0xC2, 0x30, 0xE2, 0x39, 0x02, 0x30, 0xC1, 0x59, 0x62, 0xE4, 0x28,
  0xDB, 0xC7, 0x40, 0xC1, 0x20, 0x60, 0x28, 0x80, 0x20, 0x60, 0x18, 0x40, 0x10, 0x40, 0x10, 0x20, 0x08, 0x20, 0x08, 0x20, 0x00, 0x00, 0x00, 0x00, 0x00, 0x00, 0x00, 0x00, 0x00, 0x00, 0x00, 0x00,
  0x00, 0x00, 0x00, 0x00, 0x00, 0x00, 0x00, 0x00, 0x00, 0x00, 0x00, 0x00, 0x00, 0x00, 0x00, 0x00, 0x00, 0x00, 0x00, 0x00, 0x00, 0x00, 0x00, 0x00, 0x00, 0x00, 0x00, 0x00, 0x00, 0x00, 0x00, 0x00,
  0x00, 0x00, 0x00, 0x00, 0x00, 0x00, 0x00, 0x00, 0x00, 0x00, 0x00, 0x00, 0x00, 0x00, 0x00, 0x00, 0x00, 0x00, 0x00, 0x00, 0x00, 0x00, 0x00, 0x00, 0x00, 0x00, 0x00, 0x00, 0x00, 0x00, 0x00, 0x00,
  0x00, 0x00, 0x00, 0x00, 0x00, 0x00, 0x00, 0x00, 0x00, 0x00, 0x00, 0x00, 0x00, 0x00, 0x00, 0x00, 0x00, 0x00, 0x00, 0x00, 0x00, 0x00, 0x00, 0x00, 0x00, 0x00, 0x00, 0x00, 0x00, 0x00, 0x00, 0x00,
  0x00, 0x00, 0x00, 0x00, 0x00, 0x00, 0x00, 0x00, 0x00, 0x00, 0x00, 0x00, 0x00, 0x00, 0x00, 0x00, 0x00, 0x00, 0x00, 0x00, 0x00, 0x00, 0x00, 0x00, 0x00, 0x00, 0x00, 0x00, 0x00, 0x00, 0x00, 0x00,
  0x00, 0x00, 0x00, 0x00, 0x00, 0x00, 0x00, 0x00, 0x08, 0x00, 0x08, 0x20, 0x08, 0x20, 0x10, 0x20, 0x18, 0x40, 0x18, 0x60, 0x20, 0x60, 0x30, 0x80, 0x20, 0x60, 0x59, 0x21, 0xEC, 0x48, 0xD3, 0xE7,
  0x51, 0x42, 0x39, 0x23, 0x41, 0x64, 0x39, 0x43, 0x31, 0x44, 0x31, 0x44, 0x29, 0x24, 0x21, 0x03, 0x39, 0xC7, 0x5A, 0xAA, 0x5A, 0xAA, 0x52, 0xAA, 0x52, 0xAA, 0x5A, 0xAA, 0x52, 0xAA, 0x52, 0x8A,
  0x52, 0x8A, 0x52, 0x8A, 0x52, 0x8A, 0x52, 0x8A, 0x52, 0xAA, 0x52, 0xAA, 0x52, 0xAA, 0x52, 0xAA, 0x52, 0xAA, 0x52, 0xAA, 0x52, 0x8A, 0x52, 0x8A, 0x52, 0x8A, 0x52, 0x8A, 0x52, 0x8A, 0x52, 0x6A,
  0x52, 0x6A, 0x52, 0x8A, 0x52, 0x8A, 0x52, 0x8A, 0x52, 0x8A, 0x52, 0x6A, 0x52, 0x6A, 0x52, 0x8A, 0x52, 0x8A, 0x52, 0x8A, 0x52, 0x6A, 0x52, 0x69, 0x52, 0x69, 0x52, 0x69, 0x52, 0x69, 0x4A, 0x69,
  0x52, 0x69, 0x52, 0x69, 0x52, 0x69, 0x4A, 0x69, 0x4A, 0x69, 0x4A, 0x69, 0x4A, 0x69, 0x4A, 0x69, 0x4A, 0x69, 0x4A, 0x69, 0x4A, 0x69, 0x4A, 0x69, 0x4A, 0x69, 0x4A, 0x49, 0x4A, 0x49, 0x4A, 0x49,
  0x4A, 0x49, 0x4A, 0x49, 0x4A, 0x49, 0x4A, 0x49, 0x4A, 0x49, 0x4A, 0x49, 0x4A, 0x49, 0x4A, 0x29, 0x4A, 0x49, 0x4A, 0x49, 0x4A, 0x49, 0x4A, 0x49, 0x4A, 0x29, 0x4A, 0x49, 0x4A, 0x29, 0x4A, 0x29,
  0x4A, 0x29, 0x4A, 0x28, 0x4A, 0x28, 0x4A, 0x28, 0x4A, 0x28, 0x4A, 0x28, 0x4A, 0x28, 0x4A, 0x28, 0x42, 0x28, 0x42, 0x28, 0x42, 0x28, 0x42, 0x28, 0x4A, 0x29, 0x42, 0x28, 0x4A, 0x28, 0x4A, 0x29,
  0x4A, 0x29, 0x4A, 0x28, 0x4A, 0x28, 0x4A, 0x28, 0x4A, 0x29, 0x4A, 0x29, 0x4A, 0x29, 0x4A, 0x29, 0x4A, 0x29, 0x4A, 0x28, 0x4A, 0x49, 0x4A, 0x49, 0x4A, 0x49, 0x4A, 0x49, 0x4A, 0x49, 0x4A, 0x29,
  0x4A, 0x49, 0x4A, 0x29, 0x4A, 0x29, 0x4A, 0x29, 0x4A, 0x29, 0x4A, 0x29, 0x4A, 0x29, 0x4A, 0x29, 0x4A, 0x29, 0x4A, 0x49, 0x4A, 0x49, 0x4A, 0x49, 0x4A, 0x49, 0x4A, 0x49, 0x4A, 0x49, 0x4A, 0x49,
  0x4A, 0x49, 0x4A, 0x49, 0x4A, 0x48, 0x4A, 0x48, 0x4A, 0x28, 0x4A, 0x49, 0x4A, 0x48, 0x31, 0x65, 0x18, 0xA2, 0x20, 0xA2, 0x28, 0xC2, 0x28, 0xC2, 0x30, 0xE2, 0x39, 0x02, 0x30, 0xE2, 0x41, 0x01,
  0xD3, 0xC7, 0xEC, 0x48, 0x51, 0x22, 0x20, 0x60, 0x28, 0xA0, 0x20, 0x60, 0x18, 0x60, 0x18, 0x40, 0x10, 0x20, 0x08, 0x20, 0x08, 0x20, 0x08, 0x00, 0x00, 0x00, 0x00, 0x00, 0x00, 0x00, 0x00, 0x00,
  0x00, 0x00, 0x00, 0x00, 0x00, 0x00, 0x00, 0x00, 0x00, 0x00, 0x00, 0x00, 0x00, 0x00, 0x00, 0x00, 0x00, 0x00, 0x00, 0x00, 0x00, 0x00, 0x00, 0x00, 0x00, 0x00, 0x00, 0x00, 0x00, 0x00, 0x00, 0x00,
  0x00, 0x00, 0x00, 0x00, 0x00, 0x00, 0x00, 0x00, 0x00, 0x00, 0x00, 0x00, 0x00, 0x00, 0x00, 0x00, 0x00, 0x00, 0x00, 0x00, 0x00, 0x00, 0x00, 0x00, 0x00, 0x00, 0x00, 0x00, 0x00, 0x00, 0x00, 0x00,
  0x00, 0x00, 0x00, 0x00, 0x00, 0x00, 0x00, 0x00, 0x00, 0x00, 0x00, 0x00, 0x00, 0x00, 0x00, 0x00, 0x00, 0x00, 0x00, 0x00, 0x00, 0x00, 0x00, 0x00, 0x00, 0x00, 0x00, 0x00, 0x00, 0x00, 0x00, 0x00,
  0x00, 0x00, 0x00, 0x00, 0x00, 0x00, 0x00, 0x00, 0x00, 0x00, 0x00, 0x00, 0x00, 0x00, 0x00, 0x00, 0x00, 0x00, 0x00, 0x00, 0x00, 0x00, 0x00, 0x00, 0x00, 0x00, 0x00, 0x00, 0x00, 0x00, 0x00, 0x00,
  0x00, 0x00, 0x00, 0x00, 0x00, 0x00, 0x08, 0x00, 0x08, 0x20, 0x08, 0x20, 0x10, 0x20, 0x18, 0x40, 0x18, 0x40, 0x20, 0x60, 0x28, 0x80, 0x20, 0x40, 0x69, 0x62, 0xF4, 0x68, 0xC3, 0x86, 0x49, 0x22,
  0x41, 0x43, 0x41, 0x63, 0x39, 0x44, 0x39, 0x44, 0x31, 0x44, 0x29, 0x24, 0x29, 0x24, 0x4A, 0x08, 0x5A, 0xAA, 0x52, 0x89, 0x52, 0x8A, 0x52, 0xAA, 0x52, 0xAA, 0x52, 0x8A, 0x52, 0x8A, 0x52, 0x8A,
  0x52, 0x8A, 0x52, 0x8A, 0x52, 0x8A, 0x52, 0x8A, 0x52, 0xAA, 0x52, 0xAA, 0x52, 0xAA, 0x52, 0xAA, 0x52, 0x8A, 0x52, 0x8A, 0x52, 0x8A, 0x52, 0x8A, 0x52, 0x8A, 0x52, 0x8A, 0x52, 0x8A, 0x52, 0x8A,
  0x52, 0x8A, 0x52, 0x8A, 0x52, 0x8A, 0x4A, 0x69, 0x4A, 0x69, 0x4A, 0x69, 0x52, 0x8A, 0x52, 0x8A, 0x52, 0x8A, 0x4A, 0x69, 0x52, 0x69, 0x52, 0x6A, 0x52, 0x6A, 0x52, 0x69, 0x52, 0x69, 0x52, 0x69,
  0x4A, 0x69, 0x4A, 0x69, 0x4A, 0x69, 0x4A, 0x69, 0x4A, 0x49, 0x4A, 0x49, 0x4A, 0x49, 0x4A, 0x49, 0x4A, 0x49, 0x4A, 0x69, 0x4A, 0x69, 0x4A, 0x69, 0x4A, 0x49, 0x4A, 0x49, 0x4A, 0x49, 0x4A, 0x49,
  0x4A, 0x49, 0x4A, 0x49, 0x4A, 0x49, 0x4A, 0x49, 0x4A, 0x49, 0x4A, 0x49, 0x4A, 0x29, 0x4A, 0x29, 0x4A, 0x29, 0x4A, 0x29, 0x4A, 0x29, 0x4A, 0x29, 0x4A, 0x29, 0x4A, 0x29, 0x4A, 0x29, 0x4A, 0x28,
  0x4A, 0x28, 0x4A, 0x29, 0x4A, 0x28, 0x4A, 0x28, 0x4A, 0x28, 0x4A, 0x28, 0x4A, 0x28, 0x42, 0x28, 0x42, 0x28, 0x42, 0x28, 0x42, 0x28, 0x42, 0x28, 0x42, 0x28, 0x42, 0x28, 0x42, 0x28, 0x4A, 0x28,
  0x4A, 0x28, 0x42, 0x28, 0x4A, 0x28, 0x42, 0x28, 0x42, 0x28, 0x4A, 0x28, 0x42, 0x28, 0x4A, 0x28, 0x4A, 0x28, 0x4A, 0x28, 0x42, 0x28, 0x42, 0x28, 0x42, 0x28, 0x4A, 0x29, 0x4A, 0x29, 0x42, 0x28,
  0x4A, 0x29, 0x4A, 0x29, 0x4A, 0x29, 0x4A, 0x29, 0x4A, 0x29, 0x4A, 0x29, 0x4A, 0x29, 0x4A, 0x29, 0x4A, 0x29, 0x4A, 0x29, 0x4A, 0x29, 0x4A, 0x29, 0x4A, 0x49, 0x4A, 0x49, 0x4A, 0x49, 0x4A, 0x29,
  0x4A, 0x49, 0x4A, 0x49, 0x4A, 0x28, 0x4A, 0x48, 0x4A, 0x48, 0x4A, 0x48, 0x4A, 0x48, 0x4A, 0x69, 0x39, 0xC6, 0x18, 0xA2, 0x20, 0xA2, 0x28, 0xC2, 0x28, 0xC2, 0x30, 0xE2, 0x39, 0x02, 0x30, 0xE2,
  0x38, 0xC1, 0xBB, 0x46, 0xF4, 0x68, 0x69, 0x62, 0x20, 0x40, 0x28, 0x80, 0x20, 0x60, 0x18, 0x40, 0x18, 0x40, 0x10, 0x20, 0x08, 0x20, 0x08, 0x20, 0x08, 0x00, 0x00, 0x00, 0x00, 0x00, 0x00, 0x00,
  0x00, 0x00, 0x00, 0x00, 0x00, 0x00, 0x00, 0x00, 0x00, 0x00, 0x00, 0x00, 0x00, 0x00, 0x00, 0x00, 0x00, 0x00, 0x00, 0x00, 0x00, 0x00, 0x00, 0x00, 0x00, 0x00, 0x00, 0x00, 0x00, 0x00, 0x00, 0x00,
  0x00, 0x00, 0x00, 0x00, 0x00, 0x00, 0x00, 0x00, 0x00, 0x00, 0x00, 0x00, 0x00, 0x00, 0x00, 0x00, 0x00, 0x00, 0x00, 0x00, 0x00, 0x00, 0x00, 0x00, 0x00, 0x00, 0x00, 0x00, 0x00, 0x00, 0x00, 0x00,
  0x00, 0x00, 0x00, 0x00, 0x00, 0x00, 0x00, 0x00, 0x00, 0x00, 0x00, 0x00, 0x00, 0x00, 0x00, 0x00, 0x00, 0x00, 0x00, 0x00, 0x00, 0x00, 0x00, 0x00, 0x00, 0x00, 0x00, 0x00, 0x00, 0x00, 0x00, 0x00,
  0x00, 0x00, 0x00, 0x00, 0x00, 0x00, 0x00, 0x00, 0x00, 0x00, 0x00, 0x00, 0x00, 0x00, 0x00, 0x00, 0x00, 0x00, 0x00, 0x00, 0x00, 0x00, 0x00, 0x00, 0x00, 0x00, 0x00, 0x00, 0x00, 0x00, 0x00, 0x00,
  0x00, 0x00, 0x00, 0x00, 0x08, 0x20, 0x08, 0x20, 0x08, 0x20, 0x10, 0x40, 0x10, 0x40, 0x18, 0x60, 0x20, 0x60, 0x28, 0x80, 0x20, 0x40, 0x71, 0xA3, 0xFC, 0xA9, 0xB3, 0x26, 0x41, 0x22, 0x41, 0x43,
  0x41, 0x64, 0x39, 0x44, 0x39, 0x44, 0x31, 0x44, 0x29, 0x04, 0x29, 0x44, 0x4A, 0x48, 0x5A, 0xAA, 0x52, 0x89, 0x52, 0x89, 0x52, 0x8A, 0x52, 0x8A, 0x52, 0x8A, 0x52, 0x8A, 0x52, 0x8A, 0x52, 0x8A,
  0x52, 0x8A, 0x52, 0x8A, 0x52, 0x8A, 0x52, 0x8A, 0x52, 0x8A, 0x52, 0xAA, 0x52, 0x8A, 0x52, 0x8A, 0x52, 0x8A, 0x52, 0x8A, 0x52, 0x8A, 0x52, 0x8A, 0x52, 0x8A, 0x52, 0x8A, 0x52, 0x8A, 0x52, 0x8A,
  0x52, 0x69, 0x52, 0x69, 0x52, 0x6A, 0x4A, 0x69, 0x4A, 0x69, 0x4A, 0x69, 0x4A, 0x69, 0x52, 0x69, 0x52, 0x69, 0x52, 0x69, 0x52, 0x69, 0x52, 0x69, 0x4A, 0x69, 0x4A, 0x69, 0x4A, 0x69, 0x4A, 0x69,
  0x4A, 0x49, 0x4A, 0x49, 0x4A, 0x49, 0x4A, 0x49, 0x4A, 0x49, 0x4A, 0x49, 0x4A, 0x49, 0x4A, 0x49, 0x4A, 0x49, 0x4A, 0x69, 0x4A, 0x69, 0x4A, 0x49, 0x4A, 0x49, 0x4A, 0x49, 0x4A, 0x49, 0x4A, 0x49,
  0x4A, 0x49, 0x4A, 0x49, 0x4A, 0x29, 0x4A, 0x29, 0x4A, 0x29, 0x4A, 0x29, 0x4A, 0x29, 0x4A, 0x29, 0x42, 0x28, 0x42, 0x28, 0x42, 0x28, 0x42, 0x28, 0x42, 0x28, 0x42, 0x28, 0x42, 0x28, 0x42, 0x28,
  0x42, 0x28, 0x42, 0x28, 0x42, 0x28, 0x42, 0x28, 0x42, 0x28, 0x42, 0x28, 0x4A, 0x28, 0x42, 0x28, 0x42, 0x28, 0x42, 0x28, 0x42, 0x28, 0x42, 0x28, 0x42, 0x28, 0x42, 0x28, 0x42, 0x08, 0x42, 0x08,
  0x42, 0x08, 0x42, 0x08, 0x42, 0x08, 0x42, 0x08, 0x42, 0x08, 0x42, 0x08, 0x42, 0x08, 0x42, 0x08, 0x42, 0x28, 0x42, 0x28, 0x42, 0x28, 0x42, 0x28, 0x42, 0x28, 0x42, 0x28, 0x42, 0x28, 0x4A, 0x28,
  0x4A, 0x28, 0x4A, 0x28, 0x4A, 0x28, 0x4A, 0x29, 0x4A, 0x29, 0x4A, 0x28, 0x4A, 0x28, 0x4A, 0x28, 0x4A, 0x29, 0x4A, 0x28, 0x4A, 0x28, 0x4A, 0x28, 0x4A, 0x29, 0x4A, 0x29, 0x4A, 0x29, 0x4A, 0x29,
  0x4A, 0x29, 0x4A, 0x28, 0x4A, 0x28, 0x4A, 0x28, 0x4A, 0x29, 0x4A, 0x28, 0x4A, 0x28, 0x4A, 0x28, 0x4A, 0x49, 0x41, 0xE7, 0x20, 0xC3, 0x18, 0xA2, 0x20, 0xC2, 0x28, 0xC2, 0x28, 0xE2, 0x31, 0x02,
  0x30, 0xE2, 0x30, 0xA1, 0xAA, 0xE5, 0xFC, 0xA9, 0x71, 0xA3, 0x20, 0x40, 0x28, 0x80, 0x20, 0x60, 0x18, 0x60, 0x10, 0x40, 0x10, 0x40, 0x08, 0x20, 0x08, 0x20, 0x08, 0x20, 0x00, 0x00, 0x00, 0x00,
  0x00, 0x00, 0x00, 0x00, 0x00, 0x00, 0x00, 0x00, 0x00, 0x00, 0x00, 0x00, 0x00, 0x00, 0x00, 0x00, 0x00, 0x00, 0x00, 0x00, 0x00, 0x00, 0x00, 0x00, 0x00, 0x00, 0x00, 0x00, 0x00, 0x00, 0x00, 0x00,
  0x00, 0x00, 0x00, 0x00, 0x00, 0x00, 0x00, 0x00, 0x00, 0x00, 0x00, 0x00, 0x00, 0x00, 0x00, 0x00, 0x00, 0x00, 0x00, 0x00, 0x00, 0x00, 0x00, 0x00, 0x00, 0x00, 0x00, 0x00, 0x00, 0x00, 0x00, 0x00,
  0x00, 0x00, 0x00, 0x00, 0x00, 0x00, 0x00, 0x00, 0x00, 0x00, 0x00, 0x00, 0x00, 0x00, 0x00, 0x00, 0x00, 0x00, 0x00, 0x00, 0x00, 0x00, 0x00, 0x00, 0x00, 0x00, 0x00, 0x00, 0x00, 0x00, 0x00, 0x00,
  0x00, 0x00, 0x00, 0x00, 0x00, 0x00, 0x00, 0x00, 0x00, 0x00, 0x00, 0x00, 0x00, 0x00, 0x00, 0x00, 0x00, 0x00, 0x00, 0x00, 0x00, 0x00, 0x00, 0x00, 0x00, 0x00, 0x00, 0x00, 0x00, 0x00, 0x00, 0x00,
  0x00, 0x00, 0x08, 0x20, 0x08, 0x20, 0x08, 0x20, 0x10, 0x20, 0x18, 0x40, 0x18, 0x60, 0x20, 0x60, 0x28, 0xA0, 0x20, 0x40, 0x79, 0xC3, 0xFC, 0xA9, 0xA2, 0xE5, 0x41, 0x02, 0x41, 0x64, 0x41, 0x43,
  0x39, 0x44, 0x39, 0x44, 0x31, 0x44, 0x29, 0x03, 0x31, 0x65, 0x52, 0x69, 0x52, 0x8A, 0x52, 0x89, 0x52, 0x89, 0x52, 0x8A, 0x52, 0x8A, 0x52, 0x6A, 0x52, 0x69, 0x52, 0x6A, 0x52, 0x8A, 0x52, 0x8A,
  0x52, 0x8A, 0x52, 0x8A, 0x52, 0x8A, 0x52, 0x8A, 0x52, 0x8A, 0x52, 0x8A, 0x52, 0x8A, 0x52, 0x8A, 0x52, 0x6A, 0x52, 0x6A, 0x52, 0x6A, 0x52, 0x6A, 0x52, 0x8A, 0x52, 0x8A, 0x52, 0x69, 0x4A, 0x69,
  0x4A, 0x69, 0x52, 0x69, 0x4A, 0x69, 0x4A, 0x69, 0x4A, 0x69, 0x4A, 0x69, 0x4A, 0x69, 0x52, 0x69, 0x4A, 0x69, 0x4A, 0x69, 0x4A, 0x69, 0x4A, 0x69, 0x4A, 0x69, 0x4A, 0x49, 0x4A, 0x49, 0x4A, 0x49,
  0x4A, 0x49, 0x4A, 0x49, 0x4A, 0x49, 0x4A, 0x49, 0x4A, 0x49, 0x4A, 0x49, 0x4A, 0x49, 0x4A, 0x49, 0x4A, 0x49, 0x4A, 0x49, 0x4A, 0x49, 0x4A, 0x49, 0x4A, 0x49, 0x4A, 0x29, 0x4A, 0x29, 0x4A, 0x29,
  0x4A, 0x29, 0x4A, 0x29, 0x4A, 0x29, 0x4A, 0x29, 0x42, 0x28, 0x42, 0x28, 0x42, 0x28, 0x42, 0x28, 0x42, 0x28, 0x42, 0x28, 0x42, 0x28, 0x42, 0x28, 0x42, 0x08, 0x42, 0x08, 0x42, 0x08, 0x42, 0x08,
  0x42, 0x28, 0x42, 0x28, 0x42, 0x28, 0x42, 0x08, 0x42, 0x08, 0x42, 0x08, 0x42, 0x08, 0x42, 0x08, 0x42, 0x08, 0x42, 0x28, 0x42, 0x28, 0x42, 0x28, 0x42, 0x28, 0x42, 0x08, 0x42, 0x08, 0x42, 0x08,
  0x42, 0x08, 0x42, 0x08, 0x42, 0x08, 0x42, 0x08, 0x42, 0x08, 0x42, 0x08, 0x42, 0x08, 0x42, 0x08, 0x42, 0x08, 0x42, 0x28, 0x42, 0x08, 0x42, 0x08, 0x42, 0x28, 0x42, 0x28, 0x42, 0x28, 0x42, 0x08,
  0x42, 0x08, 0x42, 0x28, 0x4A, 0x28, 0x42, 0x28, 0x4A, 0x28, 0x4A, 0x28, 0x4A, 0x28, 0x4A, 0x28, 0x42, 0x28, 0x42, 0x28, 0x42, 0x28, 0x4A, 0x28, 0x4A, 0x28, 0x4A, 0x28, 0x4A, 0x28, 0x4A, 0x29,
  0x4A, 0x29, 0x4A, 0x28, 0x4A, 0x28, 0x4A, 0x28, 0x4A, 0x28, 0x4A, 0x28, 0x42, 0x28, 0x4A, 0x28, 0x4A, 0x28, 0x4A, 0x48, 0x42, 0x07, 0x20, 0xE3, 0x18, 0xA2, 0x20, 0xC2, 0x28, 0xC2, 0x28, 0xC2,
  0x30, 0xE2, 0x30, 0xE3, 0x30, 0xA1, 0x9A, 0x84, 0xFC, 0xA9, 0x79, 0xE3, 0x20, 0x40, 0x28, 0x80, 0x20, 0x60, 0x18, 0x60, 0x18, 0x40, 0x10, 0x20, 0x08, 0x20, 0x08, 0x20, 0x00, 0x20, 0x00, 0x00,
  0x00, 0x00, 0x00, 0x00, 0x00, 0x00, 0x00, 0x00, 0x00, 0x00, 0x00, 0x00, 0x00, 0x00, 0x00, 0x00, 0x00, 0x00, 0x00, 0x00, 0x00, 0x00, 0x00, 0x00, 0x00, 0x00, 0x00, 0x00, 0x00, 0x00, 0x00, 0x00,
  0x00, 0x00, 0x00, 0x00, 0x00, 0x00, 0x00, 0x00, 0x00, 0x00, 0x00, 0x00, 0x00, 0x00, 0x00, 0x00, 0x00, 0x00, 0x00, 0x00, 0x00, 0x00, 0x00, 0x00, 0x00, 0x00, 0x00, 0x00, 0x00, 0x00, 0x00, 0x00,
  0x00, 0x00, 0x00, 0x00, 0x00, 0x00, 0x00, 0x00, 0x00, 0x00, 0x00, 0x00, 0x00, 0x00, 0x00, 0x00, 0x00, 0x00, 0x00, 0x00, 0x00, 0x00, 0x00, 0x00, 0x00, 0x00, 0x00, 0x00, 0x00, 0x00, 0x00, 0x00,
  0x00, 0x00, 0x00, 0x00, 0x00, 0x00, 0x00, 0x00, 0x00, 0x00, 0x00, 0x00, 0x00, 0x00, 0x00, 0x00, 0x00, 0x00, 0x00, 0x00, 0x00, 0x00, 0x00, 0x00, 0x00, 0x00, 0x00, 0x00, 0x00, 0x00, 0x00, 0x00,
  0x08, 0x20, 0x08, 0x20, 0x08, 0x20, 0x10, 0x40, 0x18, 0x40, 0x20, 0x60, 0x20, 0x60, 0x28, 0xA0, 0x20, 0x20, 0x81, 0xE3, 0xFC, 0xA9, 0x9A, 0xA4, 0x39, 0x02, 0x41, 0x44, 0x41, 0x43, 0x39, 0x23,
  0x31, 0x44, 0x31, 0x24, 0x29, 0x03, 0x31, 0x86, 0x52, 0x89, 0x52, 0x89, 0x52, 0x69, 0x52, 0x89, 0x52, 0x8A, 0x52, 0x69, 0x52, 0x69, 0x52, 0x69, 0x52, 0x6A, 0x52, 0x8A, 0x52, 0x8A, 0x52, 0x8A,
  0x52, 0x8A, 0x52, 0x8A, 0x52, 0x8A, 0x52, 0x8A, 0x52, 0x8A, 0x52, 0x6A, 0x52, 0x8A, 0x52, 0x6A, 0x52, 0x6A, 0x52, 0x6A, 0x52, 0x8A, 0x52, 0x6A, 0x52, 0x69, 0x4A, 0x69, 0x4A, 0x69, 0x4A, 0x69,
  0x4A, 0x69, 0x4A, 0x69, 0x4A, 0x69, 0x4A, 0x69, 0x4A, 0x69, 0x4A, 0x69, 0x4A, 0x69, 0x4A, 0x69, 0x4A, 0x69, 0x4A, 0x69, 0x4A, 0x49, 0x4A, 0x49, 0x4A, 0x49, 0x4A, 0x49, 0x4A, 0x49, 0x4A, 0x49,
  0x4A, 0x49, 0x4A, 0x49, 0x4A, 0x49, 0x4A, 0x49, 0x4A, 0x49, 0x4A, 0x49, 0x4A, 0x49, 0x4A, 0x49, 0x4A, 0x49, 0x4A, 0x49, 0x4A, 0x49, 0x4A, 0x29, 0x4A, 0x49, 0x4A, 0x29, 0x4A, 0x29, 0x4A, 0x29,
  0x4A, 0x28, 0x4A, 0x28, 0x4A, 0x29, 0x4A, 0x28, 0x42, 0x28, 0x42, 0x28, 0x42, 0x28, 0x42, 0x28, 0x42, 0x28, 0x42, 0x28, 0x42, 0x28, 0x42, 0x08, 0x42, 0x08, 0x42, 0x08, 0x42, 0x08, 0x42, 0x08,
  0x42, 0x08, 0x42, 0x08, 0x42, 0x08, 0x42, 0x08, 0x42, 0x08, 0x42, 0x08, 0x42, 0x08, 0x42, 0x08, 0x42, 0x08, 0x42, 0x08, 0x42, 0x08, 0x42, 0x08, 0x42, 0x08, 0x42, 0x08, 0x42, 0x08, 0x42, 0x08,
  0x42, 0x08, 0x42, 0x08, 0x42, 0x08, 0x42, 0x08, 0x42, 0x08, 0x42, 0x08, 0x42, 0x08, 0x42, 0x08, 0x42, 0x28, 0x42, 0x08, 0x42, 0x08, 0x42, 0x08, 0x42, 0x08, 0x42, 0x08, 0x42, 0x08, 0x42, 0x08,
  0x42, 0x08, 0x42, 0x08, 0x42, 0x08, 0x42, 0x08, 0x42, 0x28, 0x42, 0x28, 0x42, 0x28, 0x42, 0x28, 0x42, 0x28, 0x42, 0x28, 0x42, 0x28, 0x42, 0x08, 0x42, 0x28, 0x42, 0x28, 0x42, 0x28, 0x42, 0x28,
  0x4A, 0x28, 0x42, 0x28, 0x4A, 0x28, 0x4A, 0x28, 0x42, 0x28, 0x42, 0x28, 0x42, 0x28, 0x4A, 0x28, 0x4A, 0x28, 0x42, 0x28, 0x4A, 0x28, 0x4A, 0x28, 0x29, 0x04, 0x18, 0xA2, 0x20, 0xC2, 0x20, 0xC2,
  0x28, 0xC2, 0x30, 0xE2, 0x30, 0xE2, 0x28, 0xA1, 0x92, 0x64, 0xFC, 0xA9, 0x82, 0x03, 0x20, 0x40, 0x28, 0x80, 0x20, 0x80, 0x18, 0x60, 0x18, 0x40, 0x10, 0x20, 0x08, 0x20, 0x08, 0x20, 0x08, 0x00,
  0x00, 0x00, 0x00, 0x00, 0x00, 0x00, 0x00, 0x00, 0x00, 0x00, 0x00, 0x00, 0x00, 0x00, 0x00, 0x00, 0x00, 0x00, 0x00, 0x00, 0x00, 0x00, 0x00, 0x00, 0x00, 0x00, 0x00, 0x00, 0x00, 0x00, 0x00, 0x00,
  0x00, 0x00, 0x00, 0x00, 0x00, 0x00, 0x00, 0x00, 0x00, 0x00, 0x00, 0x00, 0x00, 0x00, 0x00, 0x00, 0x00, 0x00, 0x00, 0x00, 0x00, 0x00, 0x00, 0x00, 0x00, 0x00, 0x00, 0x00, 0x00, 0x00, 0x00, 0x00,
  0x00, 0x00, 0x00, 0x00, 0x00, 0x00, 0x00, 0x00, 0x00, 0x00, 0x00, 0x00, 0x00, 0x00, 0x00, 0x00, 0x00, 0x00, 0x00, 0x00, 0x00, 0x00, 0x00, 0x00, 0x00, 0x00, 0x00, 0x00, 0x00, 0x00, 0x00, 0x00,
  0x00, 0x00, 0x00, 0x00, 0x00, 0x00, 0x00, 0x00, 0x00, 0x00, 0x00, 0x00, 0x00, 0x00, 0x00, 0x00, 0x00, 0x00, 0x00, 0x00, 0x00, 0x00, 0x00, 0x00, 0x00, 0x00, 0x00, 0x00, 0x00, 0x00, 0x08, 0x00,
  0x08, 0x20, 0x08, 0x20, 0x10, 0x20, 0x18, 0x40, 0x18, 0x60, 0x20, 0x60, 0x30, 0x80, 0x28, 0x40, 0x82, 0x03, 0xFC, 0xA9, 0x92, 0x85, 0x39, 0x02, 0x41, 0x63, 0x39, 0x43, 0x39, 0x23, 0x31, 0x24,
  0x29, 0x24, 0x29, 0x04, 0x39, 0xA6, 0x52, 0x89, 0x52, 0x89, 0x52, 0x69, 0x52, 0x89, 0x52, 0x89, 0x52, 0x6A, 0x4A, 0x69, 0x4A, 0x69, 0x52, 0x8A, 0x52, 0x8A, 0x52, 0x8A, 0x52, 0x6A, 0x52, 0x8A,
  0x52, 0x8A, 0x52, 0x8A, 0x52, 0x8A, 0x52, 0x6A, 0x52, 0x69, 0x52, 0x69, 0x52, 0x69, 0x52, 0x69, 0x52, 0x6A, 0x52, 0x6A, 0x52, 0x69, 0x4A, 0x69, 0x4A, 0x69, 0x4A, 0x69, 0x52, 0x69, 0x4A, 0x69,
  0x4A, 0x69, 0x4A, 0x69, 0x4A, 0x69, 0x4A, 0x69, 0x4A, 0x69, 0x4A, 0x69, 0x4A, 0x69, 0x4A, 0x69, 0x4A, 0x49, 0x4A, 0x49, 0x4A, 0x49, 0x4A, 0x49, 0x4A, 0x49, 0x4A, 0x49, 0x4A, 0x49, 0x4A, 0x49,
  0x4A, 0x49, 0x4A, 0x49, 0x4A, 0x49, 0x4A, 0x29, 0x4A, 0x49, 0x4A, 0x29, 0x4A, 0x29, 0x4A, 0x29, 0x4A, 0x29, 0x4A, 0x49, 0x4A, 0x29, 0x4A, 0x29, 0x4A, 0x29, 0x4A, 0x29, 0x4A, 0x28, 0x42, 0x28,
  0x42, 0x28, 0x42, 0x08, 0x42, 0x08, 0x42, 0x08, 0x42, 0x08, 0x42, 0x08, 0x42, 0x08, 0x42, 0x08, 0x42, 0x08, 0x42, 0x08, 0x42, 0x08, 0x42, 0x08, 0x42, 0x08, 0x42, 0x08, 0x42, 0x08, 0x42, 0x08,
  0x42, 0x08, 0x42, 0x08, 0x42, 0x08, 0x42, 0x08, 0x42, 0x08, 0x42, 0x08, 0x42, 0x08, 0x42, 0x08, 0x42, 0x08, 0x42, 0x08, 0x42, 0x08, 0x42, 0x08, 0x42, 0x08, 0x42, 0x08, 0x42, 0x08, 0x42, 0x08,
  0x42, 0x08, 0x42, 0x08, 0x42, 0x08, 0x42, 0x08, 0x42, 0x08, 0x42, 0x08, 0x42, 0x08, 0x42, 0x08, 0x42, 0x08, 0x42, 0x08, 0x42, 0x08, 0x42, 0x08, 0x42, 0x08, 0x42, 0x08, 0x42, 0x08, 0x42, 0x08,
  0x42, 0x08, 0x42, 0x08, 0x42, 0x08, 0x42, 0x08, 0x42, 0x08, 0x42, 0x08, 0x42, 0x28, 0x42, 0x08, 0x42, 0x08, 0x42, 0x08, 0x42, 0x08, 0x42, 0x08, 0x42, 0x08, 0x42, 0x08, 0x42, 0x08, 0x42, 0x08,
  0x42, 0x08, 0x42, 0x28, 0x42, 0x28, 0x42, 0x28, 0x42, 0x28, 0x42, 0x28, 0x42, 0x28, 0x42, 0x08, 0x42, 0x28, 0x42, 0x08, 0x42, 0x08, 0x42, 0x28, 0x42, 0x28, 0x29, 0x24, 0x18, 0x82, 0x20, 0xC2,
  0x20, 0xC2, 0x28, 0xC2, 0x30, 0xE2, 0x39, 0x02, 0x30, 0xA1, 0x8A, 0x44, 0xFC, 0xA9, 0x82, 0x03, 0x20, 0x40, 0x28, 0x80, 0x20, 0x60, 0x18, 0x40, 0x18, 0x40, 0x10, 0x20, 0x08, 0x20, 0x08, 0x00,
  0x00, 0x00, 0x00, 0x00, 0x00, 0x00, 0x00, 0x00, 0x00, 0x00, 0x00, 0x00, 0x00, 0x00, 0x00, 0x00, 0x00, 0x00, 0x00, 0x00, 0x00, 0x00, 0x00, 0x00, 0x00, 0x00, 0x00, 0x00, 0x00, 0x00, 0x00, 0x00,
  0x00, 0x00, 0x00, 0x00, 0x00, 0x00, 0x00, 0x00, 0x00, 0x00, 0x00, 0x00, 0x00, 0x00, 0x00, 0x00, 0x00, 0x00, 0x00, 0x00, 0x00, 0x00, 0x00, 0x00, 0x00, 0x00, 0x00, 0x00, 0x00, 0x00, 0x00, 0x00,
  0x00, 0x00, 0x00, 0x00, 0x00, 0x00, 0x00, 0x00, 0x00, 0x00, 0x00, 0x00, 0x00, 0x00, 0x00, 0x00, 0x00, 0x00, 0x00, 0x00, 0x00, 0x00, 0x00, 0x00, 0x00, 0x00, 0x00, 0x00, 0x00, 0x00, 0x00, 0x00,
  0x00, 0x00, 0x00, 0x00, 0x00, 0x00, 0x00, 0x00, 0x00, 0x00, 0x00, 0x00, 0x00, 0x00, 0x00, 0x00, 0x00, 0x00, 0x00, 0x00, 0x00, 0x00, 0x00, 0x00, 0x00, 0x00, 0x00, 0x00, 0x08, 0x00, 0x08, 0x20,
  0x08, 0x20, 0x10, 0x20, 0x18, 0x40, 0x18, 0x60, 0x20, 0x60, 0x30, 0x80, 0x20, 0x40, 0x81, 0xE3, 0xFC, 0xA9, 0x92, 0x84, 0x38, 0xE2, 0x41, 0x63, 0x39, 0x43, 0x39, 0x44, 0x31, 0x24, 0x29, 0x24,
  0x29, 0x03, 0x39, 0xA6, 0x52, 0x89, 0x52, 0x69, 0x52, 0x69, 0x52, 0x89, 0x52, 0x89, 0x52, 0x69, 0x4A, 0x69, 0x4A, 0x69, 0x52, 0x69, 0x52, 0x69, 0x52, 0x6A, 0x52, 0x6A, 0x52, 0x6A, 0x52, 0x8A,
  0x52, 0x8A, 0x52, 0x6A, 0x52, 0x6A, 0x52, 0x69, 0x52, 0x69, 0x52, 0x69, 0x52, 0x6A, 0x52, 0x8A, 0x52, 0x6A, 0x4A, 0x69, 0x4A, 0x49, 0x4A, 0x69, 0x4A, 0x69, 0x4A, 0x69, 0x4A, 0x69, 0x4A, 0x69,
  0x4A, 0x69, 0x4A, 0x69, 0x4A, 0x69, 0x4A, 0x69, 0x4A, 0x69, 0x4A, 0x69, 0x4A, 0x49, 0x4A, 0x49, 0x4A, 0x49, 0x4A, 0x49, 0x4A, 0x49, 0x4A, 0x49, 0x4A, 0x49, 0x4A, 0x49, 0x4A, 0x49, 0x4A, 0x49,
  0x4A, 0x29, 0x4A, 0x29, 0x4A, 0x29, 0x4A, 0x29, 0x4A, 0x29, 0x4A, 0x29, 0x4A, 0x29, 0x4A, 0x28, 0x4A, 0x28, 0x42, 0x28, 0x42, 0x28, 0x42, 0x28, 0x42, 0x28, 0x42, 0x28, 0x42, 0x28, 0x42, 0x28,
  0x42, 0x28, 0x42, 0x28, 0x42, 0x08, 0x42, 0x08, 0x42, 0x08, 0x42, 0x08, 0x42, 0x08, 0x42, 0x08, 0x42, 0x08, 0x42, 0x08, 0x42, 0x08, 0x42, 0x08, 0x42, 0x08, 0x42, 0x08, 0x42, 0x08, 0x42, 0x08,
  0x42, 0x08, 0x42, 0x08, 0x42, 0x08, 0x42, 0x08, 0x42, 0x08, 0x42, 0x08, 0x42, 0x08, 0x41, 0xE8, 0x41, 0xE8, 0x41, 0xE8, 0x41, 0xE8, 0x41, 0xE8, 0x41, 0xE8, 0x41, 0xE8, 0x42, 0x08, 0x42, 0x08,
  0x42, 0x08, 0x42, 0x08, 0x42, 0x08, 0x42, 0x08, 0x42, 0x08, 0x42, 0x08, 0x42, 0x08, 0x42, 0x08, 0x42, 0x08, 0x42, 0x08, 0x42, 0x08, 0x42, 0x08, 0x42, 0x08, 0x42, 0x08, 0x42, 0x08, 0x42, 0x08,
  0x42, 0x08, 0x42, 0x08, 0x42, 0x08, 0x42, 0x08, 0x42, 0x08, 0x42, 0x08, 0x42, 0x08, 0x42, 0x08, 0x42, 0x08, 0x42, 0x08, 0x42, 0x08, 0x42, 0x08, 0x42, 0x08, 0x42, 0x08, 0x42, 0x08, 0x42, 0x08,
  0x42, 0x08, 0x42, 0x08, 0x42, 0x08, 0x42, 0x08, 0x42, 0x08, 0x42, 0x08, 0x42, 0x08, 0x42, 0x08, 0x42, 0x08, 0x42, 0x08, 0x42, 0x08, 0x42, 0x08, 0x42, 0x28, 0x42, 0x28, 0x29, 0x24, 0x18, 0x82,
  0x20, 0xC2, 0x20, 0xC2, 0x28, 0xC2, 0x30, 0xE2, 0x39, 0x02, 0x30, 0xA1, 0x8A, 0x44, 0xFC, 0xA9, 0x81, 0xE3, 0x20, 0x40, 0x30, 0x80, 0x20, 0x60, 0x18, 0x60, 0x18, 0x40, 0x10, 0x20, 0x08, 0x20,
  0x08, 0x00, 0x00, 0x00, 0x00, 0x00, 0x00, 0x00, 0x00, 0x00, 0x00, 0x00, 0x00, 0x00, 0x00, 0x00, 0x00, 0x00, 0x00, 0x00, 0x00, 0x00, 0x00, 0x00, 0x00, 0x00, 0x00, 0x00, 0x00, 0x00, 0x00, 0x00,
  0x00, 0x00, 0x00, 0x00, 0x00, 0x00, 0x00, 0x00, 0x00, 0x00, 0x00, 0x00, 0x00, 0x00, 0x00, 0x00, 0x00, 0x00, 0x00, 0x00, 0x00, 0x00, 0x00, 0x00, 0x00, 0x00, 0x00, 0x00, 0x00, 0x00, 0x00, 0x00,
  0x00, 0x00, 0x00, 0x00, 0x00, 0x00, 0x00, 0x00, 0x00, 0x00, 0x00, 0x00, 0x00, 0x00, 0x00, 0x00, 0x00, 0x00, 0x00, 0x00, 0x00, 0x00, 0x00, 0x00, 0x00, 0x00, 0x00, 0x00, 0x00, 0x00, 0x00, 0x00,
  0x00, 0x00, 0x00, 0x00, 0x00, 0x00, 0x00, 0x00, 0x00, 0x00, 0x00, 0x00, 0x00, 0x00, 0x00, 0x00, 0x00, 0x00, 0x00, 0x00, 0x00, 0x00, 0x00, 0x00, 0x00, 0x00, 0x00, 0x00, 0x08, 0x20, 0x08, 0x20,
  0x10, 0x20, 0x10, 0x40, 0x18, 0x40, 0x20, 0x60, 0x30, 0xA0, 0x20, 0x40, 0x79, 0xC3, 0xFC, 0xA9, 0x9A, 0xA4, 0x39, 0x02, 0x41, 0x64, 0x39, 0x44, 0x39, 0x44, 0x31, 0x24, 0x29, 0x24, 0x21, 0x03,
  0x39, 0xA6, 0x52, 0x89, 0x52, 0x69, 0x52, 0x69, 0x52, 0x89, 0x52, 0x69, 0x4A, 0x69, 0x4A, 0x49, 0x4A, 0x69, 0x52, 0x69, 0x4A, 0x69, 0x52, 0x69, 0x52, 0x69, 0x52, 0x6A, 0x52, 0x8A, 0x52, 0x8A,
  0x52, 0x6A, 0x52, 0x69, 0x4A, 0x69, 0x4A, 0x69, 0x4A, 0x69, 0x52, 0x6A, 0x52, 0x6A, 0x4A, 0x69, 0x4A, 0x69, 0x4A, 0x69, 0x4A, 0x69, 0x4A, 0x69, 0x4A, 0x49, 0x4A, 0x69, 0x4A, 0x69, 0x4A, 0x69,
  0x4A, 0x49, 0x4A, 0x69, 0x4A, 0x49, 0x4A, 0x49, 0x4A, 0x49, 0x4A, 0x49, 0x4A, 0x49, 0x4A, 0x49, 0x4A, 0x49, 0x4A, 0x49, 0x4A, 0x49, 0x4A, 0x49, 0x4A, 0x29, 0x4A, 0x29, 0x4A, 0x29, 0x4A, 0x29,
  0x4A, 0x29, 0x4A, 0x29, 0x42, 0x28, 0x42, 0x28, 0x42, 0x28, 0x42, 0x28, 0x42, 0x28, 0x42, 0x28, 0x42, 0x28, 0x42, 0x28, 0x42, 0x28, 0x42, 0x28, 0x42, 0x28, 0x42, 0x28, 0x42, 0x28, 0x42, 0x28,
  0x42, 0x28, 0x42, 0x28, 0x42, 0x08, 0x42, 0x08, 0x42, 0x08, 0x42, 0x08, 0x42, 0x08, 0x42, 0x08, 0x42, 0x08, 0x42, 0x08, 0x42, 0x08, 0x42, 0x08, 0x42, 0x08, 0x41, 0xE8, 0x42, 0x08, 0x41, 0xE8,
  0x41, 0xE8, 0x42, 0x08, 0x42, 0x08, 0x42, 0x08, 0x42, 0x08, 0x42, 0x08, 0x41, 0xE8, 0x41, 0xE8, 0x41, 0xE8, 0x39, 0xE7, 0x39, 0xE7, 0x41, 0xE7, 0x41, 0xE7, 0x41, 0xE7, 0x41, 0xE8, 0x41, 0xE8,
  0x41, 0xE8, 0x41, 0xE8, 0x42, 0x08, 0x42, 0x08, 0x42, 0x08, 0x42, 0x08, 0x42, 0x08, 0x42, 0x08, 0x42, 0x08, 0x42, 0x08, 0x41, 0xE8, 0x41, 0xE8, 0x42, 0x08, 0x42, 0x08, 0x41, 0xE8, 0x41, 0xE8,
  0x41, 0xE8, 0x42, 0x08, 0x42, 0x08, 0x42, 0x08, 0x42, 0x08, 0x42, 0x08, 0x42, 0x08, 0x42, 0x08, 0x42, 0x08, 0x42, 0x08, 0x42, 0x08, 0x42, 0x08, 0x42, 0x08, 0x42, 0x08, 0x42, 0x08, 0x42, 0x08,
  0x42, 0x08, 0x42, 0x08, 0x42, 0x08, 0x42, 0x08, 0x42, 0x08, 0x42, 0x08, 0x42, 0x08, 0x42, 0x08, 0x42, 0x08, 0x42, 0x08, 0x42, 0x08, 0x42, 0x08, 0x42, 0x08, 0x42, 0x08, 0x4A, 0x08, 0x29, 0x24,
  0x18, 0x82, 0x20, 0xC2, 0x20, 0xC2, 0x28, 0xC2, 0x30, 0xE2, 0x39, 0x02, 0x30, 0xA1, 0x8A, 0x64, 0xFC, 0x88, 0x79, 0xC3, 0x20, 0x40, 0x28, 0xA0, 0x20, 0x60, 0x18, 0x40, 0x10, 0x40, 0x10, 0x20,
  0x08, 0x20, 0x08, 0x00, 0x00, 0x00, 0x00, 0x00, 0x00, 0x00, 0x00, 0x00, 0x00, 0x00, 0x00, 0x00, 0x00, 0x00, 0x00, 0x00, 0x00, 0x00, 0x00, 0x00, 0x00, 0x00, 0x00, 0x00, 0x00, 0x00, 0x00, 0x00,
  0x00, 0x00, 0x00, 0x00, 0x00, 0x00, 0x00, 0x00, 0x00, 0x00, 0x00, 0x00, 0x00, 0x00, 0x00, 0x00, 0x00, 0x00, 0x00, 0x00, 0x00, 0x00, 0x00, 0x00, 0x00, 0x00, 0x00, 0x00, 0x00, 0x00, 0x00, 0x00,
  0x00, 0x00, 0x00, 0x00, 0x00, 0x00, 0x00, 0x00, 0x00, 0x00, 0x00, 0x00, 0x00, 0x00, 0x00, 0x00, 0x00, 0x00, 0x00, 0x00, 0x00, 0x00, 0x00, 0x00, 0x00, 0x00, 0x00, 0x00, 0x00, 0x00, 0x00, 0x00,
  0x00, 0x00, 0x00, 0x00, 0x00, 0x00, 0x00, 0x00, 0x00, 0x00, 0x00, 0x00, 0x00, 0x00, 0x00, 0x00, 0x00, 0x00, 0x00, 0x00, 0x00, 0x00, 0x00, 0x00, 0x08, 0x00, 0x08, 0x00, 0x08, 0x20, 0x10, 0x40,
  0x10, 0x40, 0x18, 0x60, 0x20, 0x60, 0x28, 0x80, 0x20, 0x40, 0x71, 0x82, 0xFC, 0xA9, 0xA2, 0xA5, 0x39, 0x02, 0x41, 0x64, 0x39, 0x44, 0x39, 0x44, 0x31, 0x24, 0x29, 0x24, 0x21, 0x04, 0x31, 0x86,
  0x52, 0x89, 0x4A, 0x69, 0x4A, 0x69, 0x52, 0x69, 0x4A, 0x69, 0x4A, 0x49, 0x4A, 0x49, 0x4A, 0x49, 0x4A, 0x69, 0x4A, 0x69, 0x52, 0x69, 0x52, 0x69, 0x52, 0x6A, 0x52, 0x8A, 0x52, 0x6A, 0x52, 0x6A,
  0x52, 0x69, 0x52, 0x69, 0x4A, 0x69, 0x4A, 0x69, 0x52, 0x69, 0x52, 0x69, 0x4A, 0x69, 0x4A, 0x69, 0x4A, 0x69, 0x4A, 0x69, 0x4A, 0x69, 0x4A, 0x69, 0x4A, 0x69, 0x4A, 0x69, 0x4A, 0x49, 0x4A, 0x49,
  0x4A, 0x49, 0x4A, 0x49, 0x4A, 0x49, 0x4A, 0x49, 0x4A, 0x49, 0x4A, 0x49, 0x4A, 0x49, 0x4A, 0x49, 0x4A, 0x49, 0x4A, 0x49, 0x4A, 0x29, 0x4A, 0x29, 0x4A, 0x29, 0x4A, 0x29, 0x4A, 0x28, 0x4A, 0x28,
  0x42, 0x28, 0x42, 0x28, 0x42, 0x28, 0x42, 0x28, 0x42, 0x28, 0x42, 0x28, 0x42, 0x28, 0x42, 0x28, 0x42, 0x28, 0x42, 0x28, 0x42, 0x28, 0x42, 0x28, 0x42, 0x08, 0x42, 0x08, 0x42, 0x08, 0x42, 0x08,
  0x42, 0x08, 0x42, 0x08, 0x42, 0x08, 0x42, 0x08, 0x42, 0x08, 0x42, 0x08, 0x42, 0x08, 0x42, 0x28, 0x42, 0x28, 0x42, 0x08, 0x42, 0x08, 0x42, 0x08, 0x42, 0x08, 0x41, 0xE8, 0x41, 0xE8, 0x39, 0xE7,
  0x39, 0xE7, 0x39, 0xE7, 0x39, 0xE7, 0x39, 0xE7, 0x39, 0xE7, 0x41, 0xE8, 0x41, 0xE8, 0x41, 0xE8, 0x39, 0xE7, 0x39, 0xE7, 0x39, 0xE7, 0x41, 0xE7, 0x41, 0xE7, 0x39, 0xE7, 0x39, 0xE7, 0x39, 0xE7,
  0x39, 0xE7, 0x39, 0xE7, 0x39, 0xE7, 0x41, 0xE8, 0x42, 0x08, 0x42, 0x08, 0x42, 0x08, 0x41, 0xE8, 0x42, 0x08, 0x42, 0x08, 0x41, 0xE8, 0x41, 0xE8, 0x41, 0xE8, 0x41, 0xE8, 0x41, 0xE8, 0x41, 0xE8,
  0x41, 0xE8, 0x41, 0xE8, 0x41, 0xE8, 0x41, 0xE8, 0x41, 0xE8, 0x42, 0x08, 0x42, 0x08, 0x42, 0x08, 0x42, 0x08, 0x42, 0x08, 0x42, 0x08, 0x42, 0x08, 0x41, 0xE8, 0x41, 0xE8, 0x42, 0x08, 0x42, 0x08,
  0x42, 0x08, 0x42, 0x08, 0x41, 0xE8, 0x42, 0x08, 0x42, 0x08, 0x42, 0x08, 0x42, 0x08, 0x42, 0x08, 0x42, 0x08, 0x42, 0x08, 0x42, 0x08, 0x42, 0x08, 0x42, 0x08, 0x41, 0xE8, 0x42, 0x08, 0x42, 0x08,
  0x29, 0x24, 0x18, 0x82, 0x20, 0xC2, 0x28, 0xC2, 0x28, 0xC2, 0x30, 0xE2, 0x39, 0x02, 0x28, 0xC1, 0x92, 0x64, 0xFC, 0x88, 0x71, 0xA2, 0x20, 0x40, 0x28, 0xA0, 0x20, 0x60, 0x18, 0x40, 0x10, 0x40,
  0x10, 0x20, 0x08, 0x20, 0x08, 0x00, 0x00, 0x00, 0x00, 0x00, 0x00, 0x00, 0x00, 0x00, 0x00, 0x00, 0x00, 0x00, 0x00, 0x00, 0x00, 0x00, 0x00, 0x00, 0x00, 0x00, 0x00, 0x00, 0x00, 0x00, 0x00, 0x00,
  0x00, 0x00, 0x00, 0x00, 0x00, 0x00, 0x00, 0x00, 0x00, 0x00, 0x00, 0x00, 0x00, 0x00, 0x00, 0x00, 0x00, 0x00, 0x00, 0x00, 0x00, 0x00, 0x00, 0x00, 0x00, 0x00, 0x00, 0x00, 0x00, 0x00, 0x00, 0x00,
  0x00, 0x00, 0x00, 0x00, 0x00, 0x00, 0x00, 0x00, 0x00, 0x00, 0x00, 0x00, 0x00, 0x00, 0x00, 0x00, 0x00, 0x00, 0x00, 0x00, 0x00, 0x00, 0x00, 0x00, 0x00, 0x00, 0x00, 0x00, 0x00, 0x00, 0x00, 0x00,
  0x00, 0x00, 0x00, 0x00, 0x00, 0x00, 0x00, 0x00, 0x00, 0x00, 0x00, 0x00, 0x00, 0x00, 0x00, 0x00, 0x00, 0x00, 0x00, 0x00, 0x00, 0x00, 0x00, 0x00, 0x08, 0x00, 0x08, 0x20, 0x10, 0x20, 0x10, 0x40,
  0x18, 0x40, 0x20, 0x60, 0x28, 0x80, 0x20, 0x60, 0x69, 0x62, 0xFC, 0x89, 0xAA, 0xE5, 0x39, 0x02, 0x41, 0x63, 0x39, 0x43, 0x31, 0x44, 0x31, 0x24, 0x29, 0x24, 0x29, 0x04, 0x31, 0x85, 0x52, 0x69,
  0x4A, 0x49, 0x4A, 0x69, 0x4A, 0x69, 0x4A, 0x69, 0x4A, 0x49, 0x4A, 0x49, 0x4A, 0x49, 0x4A, 0x69, 0x4A, 0x69, 0x52, 0x69, 0x52, 0x69, 0x52, 0x69, 0x52, 0x69, 0x52, 0x69, 0x4A, 0x69, 0x4A, 0x69,
  0x4A, 0x69, 0x4A, 0x69, 0x52, 0x69, 0x52, 0x69, 0x4A, 0x69, 0x4A, 0x69, 0x4A, 0x69, 0x4A, 0x69, 0x4A, 0x69, 0x4A, 0x69, 0x4A, 0x69, 0x4A, 0x69, 0x4A, 0x49, 0x4A, 0x49, 0x4A, 0x49, 0x4A, 0x49,
  0x4A, 0x49, 0x4A, 0x49, 0x4A, 0x49, 0x4A, 0x49, 0x4A, 0x49, 0x4A, 0x49, 0x4A, 0x49, 0x4A, 0x29, 0x4A, 0x29, 0x4A, 0x29, 0x4A, 0x29, 0x4A, 0x29, 0x4A, 0x29, 0x42, 0x28, 0x42, 0x08, 0x42, 0x08,
  0x42, 0x08, 0x42, 0x28, 0x42, 0x28, 0x42, 0x28, 0x42, 0x28, 0x42, 0x28, 0x42, 0x28, 0x42, 0x08, 0x42, 0x08, 0x42, 0x08, 0x42, 0x08, 0x42, 0x28, 0x42, 0x28, 0x42, 0x28, 0x4A, 0x49, 0x4A, 0x49,
  0x4A, 0x49, 0x4A, 0x49, 0x4A, 0x69, 0x4A, 0x69, 0x4A, 0x69, 0x4A, 0x49, 0x4A, 0x69, 0x52, 0xAA, 0x52, 0xAA, 0x52, 0xAA, 0x52, 0x8A, 0x52, 0x8A, 0x52, 0x8A, 0x52, 0x8A, 0x52, 0x8A, 0x4A, 0x69,
  0x4A, 0x69, 0x4A, 0x49, 0x42, 0x28, 0x42, 0x08, 0x41, 0xE8, 0x39, 0xE7, 0x39, 0xC7, 0x39, 0xE7, 0x39, 0xE7, 0x39, 0xE7, 0x39, 0xE7, 0x41, 0xE7, 0x39, 0xE7, 0x39, 0xE7, 0x41, 0xE7, 0x39, 0xE7,
  0x39, 0xE7, 0x39, 0xE7, 0x39, 0xE7, 0x39, 0xE7, 0x39, 0xE7, 0x39, 0xE7, 0x39, 0xE7, 0x39, 0xE7, 0x41, 0xE8, 0x41, 0xE8, 0x41, 0xE8, 0x41, 0xE8, 0x41, 0xE8, 0x41, 0xE8, 0x41, 0xE8, 0x41, 0xE8,
  0x41, 0xE8, 0x41, 0xE8, 0x41, 0xE8, 0x41, 0xE8, 0x41, 0xE8, 0x41, 0xE8, 0x41, 0xE8, 0x41, 0xE8, 0x42, 0x08, 0x41, 0xE8, 0x41, 0xE8, 0x42, 0x08, 0x42, 0x08, 0x41, 0xE8, 0x41, 0xE8, 0x41, 0xE8,
  0x41, 0xE8, 0x41, 0xE8, 0x41, 0xE8, 0x41, 0xE8, 0x41, 0xE8, 0x41, 0xE8, 0x41, 0xE8, 0x41, 0xE8, 0x42, 0x08, 0x42, 0x08, 0x42, 0x08, 0x41, 0xE8, 0x41, 0xE8, 0x41, 0xE8, 0x41, 0xE8, 0x42, 0x08,
  0x42, 0x08, 0x21, 0x04, 0x18, 0xA2, 0x20, 0xC2, 0x28, 0xC2, 0x28, 0xC2, 0x30, 0xE2, 0x39, 0x02, 0x30, 0xA1, 0x9A, 0xA4, 0xFC, 0x89, 0x69, 0x62, 0x20, 0x60, 0x28, 0x80, 0x20, 0x60, 0x18, 0x40,
  0x10, 0x40, 0x10, 0x20, 0x08, 0x20, 0x08, 0x00, 0x00, 0x00, 0x00, 0x00, 0x00, 0x00, 0x00, 0x00, 0x00, 0x00, 0x00, 0x00, 0x00, 0x00, 0x00, 0x00, 0x00, 0x00, 0x00, 0x00, 0x00, 0x00, 0x00, 0x00,
  0x00, 0x00, 0x00, 0x00, 0x00, 0x00, 0x00, 0x00, 0x00, 0x00, 0x00, 0x00, 0x00, 0x00, 0x00, 0x00, 0x00, 0x00, 0x00, 0x00, 0x00, 0x00, 0x00, 0x00, 0x00, 0x00, 0x00, 0x00, 0x00, 0x00, 0x00, 0x00,
  0x00, 0x00, 0x00, 0x00, 0x00, 0x00, 0x00, 0x00, 0x00, 0x00, 0x00, 0x00, 0x00, 0x00, 0x00, 0x00, 0x00, 0x00, 0x00, 0x00, 0x00, 0x00, 0x00, 0x00, 0x00, 0x00, 0x00, 0x00, 0x00, 0x00, 0x00, 0x00,
  0x00, 0x00, 0x00, 0x00, 0x00, 0x00, 0x00, 0x00, 0x00, 0x00, 0x00, 0x00, 0x00, 0x00, 0x00, 0x00, 0x00, 0x00, 0x00, 0x00, 0x00, 0x00, 0x08, 0x20, 0x08, 0x20, 0x10, 0x20, 0x10, 0x40, 0x18, 0x40,
  0x20, 0x60, 0x28, 0x80, 0x20, 0x60, 0x51, 0x01, 0xF4, 0x48, 0xB3, 0x25, 0x41, 0x02, 0x41, 0x64, 0x41, 0x43, 0x39, 0x44, 0x31, 0x24, 0x29, 0x24, 0x29, 0x04, 0x31, 0x65, 0x4A, 0x49, 0x4A, 0x49,
  0x4A, 0x49, 0x4A, 0x69, 0x4A, 0x49, 0x4A, 0x49, 0x4A, 0x49, 0x4A, 0x49, 0x4A, 0x69, 0x4A, 0x69, 0x4A, 0x69, 0x4A, 0x69, 0x4A, 0x69, 0x4A, 0x69, 0x4A, 0x69, 0x4A, 0x69, 0x4A, 0x49, 0x4A, 0x69,
  0x4A, 0x69, 0x4A, 0x69, 0x4A, 0x69, 0x4A, 0x49, 0x4A, 0x49, 0x4A, 0x49, 0x4A, 0x49, 0x4A, 0x49, 0x4A, 0x49, 0x4A, 0x69, 0x4A, 0x49, 0x4A, 0x49, 0x4A, 0x49, 0x4A, 0x49, 0x4A, 0x49, 0x4A, 0x49,
  0x4A, 0x49, 0x4A, 0x49, 0x4A, 0x49, 0x4A, 0x49, 0x4A, 0x49, 0x4A, 0x29, 0x4A, 0x29, 0x4A, 0x29, 0x4A, 0x29, 0x4A, 0x28, 0x42, 0x28, 0x42, 0x28, 0x42, 0x28, 0x42, 0x28, 0x42, 0x28, 0x42, 0x28,
  0x42, 0x28, 0x42, 0x28, 0x42, 0x28, 0x42, 0x28, 0x42, 0x08, 0x42, 0x08, 0x42, 0x08, 0x42, 0x28, 0x4A, 0x29, 0x4A, 0x49, 0x4A, 0x49, 0x4A, 0x49, 0x4A, 0x69, 0x4A, 0x69, 0x4A, 0x69, 0x4A, 0x69,
  0x4A, 0x69, 0x4A, 0x69, 0x4A, 0x69, 0x4A, 0x69, 0x4A, 0x69, 0x4A, 0x49, 0x4A, 0x49, 0x52, 0x8A, 0x52, 0xAA, 0x52, 0xAA, 0x52, 0xAA, 0x52, 0x8A, 0x52, 0xAA, 0x5A, 0xAA, 0x5A, 0xAA, 0x5A, 0xAA,
  0x5A, 0xAA, 0x5A, 0xAA, 0x52, 0xAA, 0x52, 0xAA, 0x52, 0x8A, 0x4A, 0x69, 0x4A, 0x49, 0x42, 0x28, 0x41, 0xE8, 0x39, 0xC7, 0x39, 0xC7, 0x39, 0xC7, 0x39, 0xC7, 0x39, 0xE7, 0x39, 0xE7, 0x39, 0xE7,
  0x39, 0xE7, 0x39, 0xE7, 0x39, 0xE7, 0x39, 0xE7, 0x39, 0xE7, 0x39, 0xE7, 0x39, 0xC7, 0x39, 0xE7, 0x39, 0xE7, 0x41, 0xE7, 0x41, 0xE7, 0x41, 0xE7, 0x41, 0xE7, 0x41, 0xE8, 0x39, 0xE7, 0x41, 0xE8,
  0x39, 0xE7, 0x39, 0xE7, 0x41, 0xE8, 0x41, 0xE8, 0x39, 0xE7, 0x41, 0xE8, 0x41, 0xE8, 0x39, 0xE7, 0x39, 0xE7, 0x41, 0xE8, 0x41, 0xE8, 0x39, 0xE7, 0x41, 0xE7, 0x41, 0xE8, 0x41, 0xE8, 0x41, 0xE7,
  0x41, 0xE8, 0x41, 0xE8, 0x41, 0xE8, 0x39, 0xE7, 0x41, 0xE8, 0x41, 0xE8, 0x41, 0xE8, 0x41, 0xE8, 0x42, 0x08, 0x42, 0x08, 0x42, 0x08, 0x42, 0x08, 0x41, 0xE8, 0x41, 0xE8, 0x41, 0xE8, 0x41, 0xE7,
  0x41, 0xE8, 0x41, 0xE7, 0x20, 0xE3, 0x18, 0xA2, 0x20, 0xC2, 0x20, 0xC2, 0x28, 0xC2, 0x30, 0xE2, 0x39, 0x02, 0x30, 0xA1, 0xAA, 0xE5, 0xF4, 0x48, 0x51, 0x01, 0x20, 0x40, 0x28, 0x80, 0x20, 0x60,
  0x18, 0x40, 0x10, 0x40, 0x10, 0x20, 0x08, 0x20, 0x08, 0x00, 0x00, 0x00, 0x00, 0x00, 0x00, 0x00, 0x00, 0x00, 0x00, 0x00, 0x00, 0x00, 0x00, 0x00, 0x00, 0x00, 0x00, 0x00, 0x00, 0x00, 0x00, 0x00,
  0x00, 0x00, 0x00, 0x00, 0x00, 0x00, 0x00, 0x00, 0x00, 0x00, 0x00, 0x00, 0x00, 0x00, 0x00, 0x00, 0x00, 0x00, 0x00, 0x00, 0x00, 0x00, 0x00, 0x00, 0x00, 0x00, 0x00, 0x00, 0x00, 0x00, 0x00, 0x00,
  0x00, 0x00, 0x00, 0x00, 0x00, 0x00, 0x00, 0x00, 0x00, 0x00, 0x00, 0x00, 0x00, 0x00, 0x00, 0x00, 0x00, 0x00, 0x00, 0x00, 0x00, 0x00, 0x00, 0x00, 0x00, 0x00, 0x00, 0x00, 0x00, 0x00, 0x00, 0x00,
  0x00, 0x00, 0x00, 0x00, 0x00, 0x00, 0x00, 0x00, 0x00, 0x00, 0x00, 0x00, 0x00, 0x00, 0x00, 0x00, 0x00, 0x00, 0x00, 0x00, 0x00, 0x00, 0x08, 0x20, 0x10, 0x20, 0x10, 0x40, 0x18, 0x40, 0x20, 0x60,
  0x28, 0x80, 0x28, 0x80, 0x40, 0xC1, 0xEC, 0x08, 0xC3, 0x66, 0x41, 0x02, 0x41, 0x44, 0x41, 0x43, 0x39, 0x23, 0x31, 0x24, 0x29, 0x24, 0x29, 0x24, 0x29, 0x44, 0x4A, 0x48, 0x4A, 0x69, 0x4A, 0x49,
  0x4A, 0x49, 0x4A, 0x49, 0x4A, 0x49, 0x4A, 0x29, 0x4A, 0x49, 0x4A, 0x49, 0x4A, 0x69, 0x4A, 0x69, 0x4A, 0x69, 0x4A, 0x69, 0x4A, 0x69, 0x4A, 0x69, 0x4A, 0x49, 0x4A, 0x49, 0x4A, 0x49, 0x4A, 0x69,
  0x4A, 0x69, 0x4A, 0x49, 0x4A, 0x49, 0x4A, 0x49, 0x4A, 0x49, 0x4A, 0x49, 0x4A, 0x49, 0x4A, 0x69, 0x4A, 0x49, 0x4A, 0x49, 0x4A, 0x49, 0x4A, 0x49, 0x4A, 0x49, 0x4A, 0x49, 0x4A, 0x49, 0x4A, 0x49,
  0x4A, 0x49, 0x4A, 0x49, 0x4A, 0x49, 0x4A, 0x29, 0x4A, 0x29, 0x4A, 0x29, 0x4A, 0x29, 0x4A, 0x28, 0x42, 0x28, 0x42, 0x28, 0x42, 0x28, 0x42, 0x28, 0x42, 0x28, 0x42, 0x28, 0x42, 0x28, 0x42, 0x28,
  0x42, 0x08, 0x42, 0x08, 0x42, 0x08, 0x42, 0x08, 0x42, 0x28, 0x4A, 0x49, 0x4A, 0x69, 0x4A, 0x69, 0x4A, 0x69, 0x4A, 0x69, 0x4A, 0x69, 0x4A, 0x69, 0x4A, 0x49, 0x4A, 0x49, 0x4A, 0x49, 0x4A, 0x49,
  0x4A, 0x29, 0x42, 0x28, 0x42, 0x28, 0x42, 0x08, 0x42, 0x08, 0x41, 0xE8, 0x39, 0xE7, 0x39, 0xE7, 0x42, 0x08, 0x42, 0x08, 0x42, 0x08, 0x42, 0x08, 0x42, 0x28, 0x42, 0x28, 0x4A, 0x49, 0x4A, 0x49,
  0x4A, 0x69, 0x52, 0x8A, 0x52, 0x8A, 0x52, 0xAA, 0x52, 0xAA, 0x52, 0xAA, 0x52, 0xAA, 0x52, 0xAA, 0x52, 0x8A, 0x52, 0x6A, 0x4A, 0x49, 0x42, 0x28, 0x39, 0xE7, 0x39, 0xC7, 0x39, 0xC7, 0x39, 0xC7,
  0x39, 0xC7, 0x39, 0xC7, 0x39, 0xC7, 0x39, 0xC7, 0x39, 0xC7, 0x39, 0xC7, 0x39, 0xC7, 0x39, 0xC7, 0x39, 0xC7, 0x39, 0xC7, 0x39, 0xE7, 0x39, 0xE7, 0x41, 0xE7, 0x39, 0xE7, 0x39, 0xE7, 0x39, 0xE7,
  0x39, 0xE7, 0x39, 0xE7, 0x39, 0xE7, 0x39, 0xE7, 0x41, 0xE8, 0x39, 0xE7, 0x39, 0xE7, 0x39, 0xE7, 0x39, 0xE7, 0x39, 0xE7, 0x39, 0xE7, 0x39, 0xE7, 0x39, 0xE7, 0x39, 0xE7, 0x41, 0xE7, 0x41, 0xE7,
  0x39, 0xE7, 0x39, 0xE7, 0x39, 0xE7, 0x39, 0xE7, 0x39, 0xE7, 0x39, 0xE7, 0x39, 0xE7, 0x39, 0xE7, 0x39, 0xE7, 0x41, 0xE8, 0x39, 0xE7, 0x42, 0x08, 0x41, 0xE8, 0x41, 0xE7, 0x41, 0xE7, 0x41, 0xE8,
  0x39, 0xE7, 0x41, 0xE7, 0x39, 0xE7, 0x20, 0xC3, 0x18, 0xA2, 0x20, 0xC2, 0x20, 0xC2, 0x28, 0xC2, 0x30, 0xE2, 0x31, 0x02, 0x30, 0xC1, 0xC3, 0x45, 0xEC, 0x07, 0x40, 0xC1, 0x20, 0x80, 0x28, 0x80,
  0x20, 0x60, 0x18, 0x40, 0x10, 0x20, 0x08, 0x20, 0x08, 0x20, 0x00, 0x00, 0x00, 0x00, 0x00, 0x00, 0x00, 0x00, 0x00, 0x00, 0x00, 0x00, 0x00, 0x00, 0x00, 0x00, 0x00, 0x00, 0x00, 0x00, 0x00, 0x00,
  0x00, 0x00, 0x00, 0x00, 0x00, 0x00, 0x00, 0x00, 0x00, 0x00, 0x00, 0x00, 0x00, 0x00, 0x00, 0x00, 0x00, 0x00, 0x00, 0x00, 0x00, 0x00, 0x00, 0x00, 0x00, 0x00, 0x00, 0x00, 0x00, 0x00, 0x00, 0x00,
  0x00, 0x00, 0x00, 0x00, 0x00, 0x00, 0x00, 0x00, 0x00, 0x00, 0x00, 0x00, 0x00, 0x00, 0x00, 0x00, 0x00, 0x00, 0x00, 0x00, 0x00, 0x00, 0x00, 0x00, 0x00, 0x00, 0x00, 0x00, 0x00, 0x00, 0x00, 0x00,
  0x00, 0x00, 0x00, 0x00, 0x00, 0x00, 0x00, 0x00, 0x00, 0x00, 0x00, 0x00, 0x00, 0x00, 0x00, 0x00, 0x00, 0x00, 0x00, 0x00, 0x08, 0x00, 0x08, 0x20, 0x10, 0x20, 0x18, 0x40, 0x20, 0x60, 0x28, 0x80,
  0x28, 0x81, 0x38, 0x80, 0xD3, 0x87, 0xDB, 0xC6, 0x49, 0x22, 0x41, 0x43, 0x41, 0x43, 0x39, 0x23, 0x31, 0x24, 0x29, 0x24, 0x29, 0x24, 0x29, 0x24, 0x42, 0x28, 0x4A, 0x69, 0x4A, 0x49, 0x4A, 0x49,
  0x4A, 0x49, 0x4A, 0x29, 0x4A, 0x29, 0x4A, 0x49, 0x4A, 0x49, 0x4A, 0x49, 0x4A, 0x69, 0x4A, 0x49, 0x4A, 0x69, 0x4A, 0x69, 0x4A, 0x49, 0x4A, 0x49, 0x4A, 0x49, 0x4A, 0x49, 0x4A, 0x69, 0x4A, 0x69,
  0x4A, 0x49, 0x4A, 0x49, 0x4A, 0x49, 0x4A, 0x49, 0x4A, 0x49, 0x4A, 0x49, 0x4A, 0x49, 0x4A, 0x49, 0x4A, 0x49, 0x4A, 0x49, 0x4A, 0x49, 0x4A, 0x49, 0x4A, 0x49, 0x4A, 0x49, 0x4A, 0x49, 0x4A, 0x49,
  0x4A, 0x49, 0x4A, 0x49, 0x4A, 0x29, 0x4A, 0x29, 0x42, 0x28, 0x42, 0x28, 0x42, 0x28, 0x42, 0x28, 0x4A, 0x28, 0x4A, 0x28, 0x42, 0x28, 0x42, 0x28, 0x42, 0x28, 0x42, 0x28, 0x42, 0x08, 0x42, 0x08,
  0x42, 0x08, 0x42, 0x28, 0x4A, 0x49, 0x4A, 0x69, 0x4A, 0x69, 0x4A, 0x69, 0x4A, 0x69, 0x4A, 0x69, 0x4A, 0x49, 0x4A, 0x49, 0x42, 0x28, 0x42, 0x08, 0x42, 0x08, 0x42, 0x08, 0x42, 0x08, 0x41, 0xE8,
  0x39, 0xE7, 0x39, 0xE7, 0x39, 0xE7, 0x39, 0xE7, 0x39, 0xC7, 0x39, 0xC7, 0x39, 0xC7, 0x39, 0xC7, 0x39, 0xC7, 0x39, 0xC7, 0x39, 0xC7, 0x39, 0xC7, 0x39, 0xC7, 0x39, 0xC7, 0x39, 0xC7, 0x39, 0xC7,
  0x39, 0xC7, 0x39, 0xC7, 0x39, 0xE7, 0x42, 0x08, 0x42, 0x28, 0x4A, 0x49, 0x4A, 0x69, 0x52, 0x8A, 0x52, 0xAA, 0x52, 0xAA, 0x5A, 0xAA, 0x52, 0xAA, 0x52, 0x8A, 0x4A, 0x69, 0x42, 0x08, 0x39, 0xC7,
  0x39, 0xC7, 0x39, 0xC7, 0x39, 0xC7, 0x39, 0xC7, 0x39, 0xC7, 0x39, 0xC7, 0x39, 0xC7, 0x39, 0xC7, 0x39, 0xC7, 0x39, 0xC7, 0x39, 0xC7, 0x39, 0xC7, 0x39, 0xC7, 0x39, 0xC7, 0x39, 0xE7, 0x39, 0xE7,
  0x39, 0xE7, 0x39, 0xE7, 0x39, 0xE7, 0x39, 0xE7, 0x39, 0xE7, 0x39, 0xE7, 0x39, 0xE7, 0x39, 0xE7, 0x39, 0xE7, 0x39, 0xE7, 0x39, 0xE7, 0x39, 0xE7, 0x39, 0xE7, 0x39, 0xE7, 0x39, 0xC7, 0x39, 0xC7,
  0x39, 0xE7, 0x39, 0xE7, 0x39, 0xE7, 0x39, 0xE7, 0x39, 0xE7, 0x39, 0xE7, 0x39, 0xE7, 0x39, 0xE7, 0x39, 0xE7, 0x39, 0xE7, 0x39, 0xE7, 0x39, 0xE7, 0x41, 0xE8, 0x41, 0xE7, 0x39, 0xE7, 0x39, 0xE7,
  0x41, 0xE7, 0x39, 0xC7, 0x41, 0xE7, 0x39, 0xC7, 0x18, 0xC3, 0x18, 0xA2, 0x20, 0xC3, 0x20, 0xC2, 0x28, 0xC2, 0x30, 0xE2, 0x30, 0xE2, 0x38, 0xE2, 0xD3, 0xA6, 0xD3, 0xA6, 0x38, 0x60, 0x28, 0x81,
  0x28, 0x80, 0x20, 0x40, 0x18, 0x40, 0x10, 0x20, 0x08, 0x20, 0x08, 0x00, 0x00, 0x00, 0x00, 0x00, 0x00, 0x00, 0x00, 0x00, 0x00, 0x00, 0x00, 0x00, 0x00, 0x00, 0x00, 0x00, 0x00, 0x00, 0x00, 0x00,
  0x00, 0x00, 0x00, 0x00, 0x00, 0x00, 0x00, 0x00, 0x00, 0x00, 0x00, 0x00, 0x00, 0x00, 0x00, 0x00, 0x00, 0x00, 0x00, 0x00, 0x00, 0x00, 0x00, 0x00, 0x00, 0x00, 0x00, 0x00, 0x00, 0x00, 0x00, 0x00,
  0x00, 0x00, 0x00, 0x00, 0x00, 0x00, 0x00, 0x00, 0x00, 0x00, 0x00, 0x00, 0x00, 0x00, 0x00, 0x00, 0x00, 0x00, 0x00, 0x00, 0x00, 0x00, 0x00, 0x00, 0x00, 0x00, 0x00, 0x00, 0x00, 0x00, 0x00, 0x00,
  0x00, 0x00, 0x00, 0x00, 0x00, 0x00, 0x00, 0x00, 0x00, 0x00, 0x00, 0x00, 0x00, 0x00, 0x00, 0x00, 0x00, 0x00, 0x08, 0x20, 0x08, 0x20, 0x10, 0x20, 0x18, 0x40, 0x18, 0x60, 0x20, 0x80, 0x30, 0x80,
  0x30, 0x40, 0xBB, 0x05, 0xEC, 0x27, 0x51, 0x62, 0x41, 0x23, 0x41, 0x43, 0x39, 0x23, 0x31, 0x24, 0x29, 0x24, 0x29, 0x24, 0x21, 0x04, 0x41, 0xE7, 0x4A, 0x49, 0x4A, 0x48, 0x4A, 0x49, 0x4A, 0x49,
  0x4A, 0x29, 0x4A, 0x29, 0x4A, 0x49, 0x4A, 0x49, 0x4A, 0x49, 0x4A, 0x49, 0x4A, 0x49, 0x4A, 0x49, 0x4A, 0x49, 0x4A, 0x49, 0x4A, 0x49, 0x4A, 0x49, 0x4A, 0x49, 0x4A, 0x69, 0x4A, 0x69, 0x4A, 0x49,
  0x4A, 0x49, 0x4A, 0x49, 0x4A, 0x49, 0x4A, 0x49, 0x4A, 0x49, 0x4A, 0x49, 0x4A, 0x49, 0x4A, 0x49, 0x4A, 0x49, 0x4A, 0x49, 0x4A, 0x49, 0x4A, 0x49, 0x4A, 0x49, 0x4A, 0x49, 0x4A, 0x49, 0x4A, 0x49,
  0x4A, 0x29, 0x4A, 0x49, 0x4A, 0x29, 0x42, 0x28, 0x42, 0x28, 0x42, 0x28, 0x4A, 0x28, 0x42, 0x28, 0x42, 0x28, 0x4A, 0x28, 0x42, 0x28, 0x42, 0x28, 0x42, 0x08, 0x42, 0x08, 0x42, 0x28, 0x4A, 0x49,
  0x4A, 0x69, 0x4A, 0x69, 0x4A, 0x69, 0x4A, 0x69, 0x4A, 0x69, 0x4A, 0x49, 0x42, 0x28, 0x42, 0x08, 0x42, 0x08, 0x41, 0xE8, 0x39, 0xE7, 0x39, 0xE7, 0x39, 0xE7, 0x39, 0xE7, 0x39, 0xE7, 0x39, 0xE7,
  0x39, 0xE7, 0x39, 0xE7, 0x39, 0xC7, 0x39, 0xC7, 0x39, 0xC7, 0x39, 0xC7, 0x39, 0xC7, 0x39, 0xC7, 0x39, 0xC7, 0x39, 0xC7, 0x39, 0xC7, 0x39, 0xC7, 0x39, 0xC7, 0x39, 0xC7, 0x39, 0xC7, 0x39, 0xC7,
  0x39, 0xC7, 0x39, 0xC7, 0x39, 0xC7, 0x39, 0xC7, 0x31, 0xA6, 0x31, 0xA6, 0x39, 0xC7, 0x39, 0xE7, 0x42, 0x08, 0x4A, 0x29, 0x4A, 0x69, 0x52, 0x8A, 0x52, 0xAA, 0x52, 0xAA, 0x52, 0xAA, 0x52, 0x8A,
  0x4A, 0x49, 0x42, 0x08, 0x39, 0xC7, 0x39, 0xA7, 0x39, 0xC7, 0x39, 0xC7, 0x39, 0xC7, 0x39, 0xC7, 0x39, 0xC7, 0x39, 0xC7, 0x39, 0xC7, 0x39, 0xC7, 0x39, 0xC7, 0x39, 0xC7, 0x39, 0xC7, 0x39, 0xE7,
  0x39, 0xE7, 0x39, 0xE7, 0x39, 0xE7, 0x39, 0xE7, 0x39, 0xE7, 0x39, 0xE7, 0x39, 0xE7, 0x39, 0xE7, 0x39, 0xE7, 0x39, 0xE7, 0x39, 0xE7, 0x39, 0xE7, 0x39, 0xC7, 0x39, 0xE7, 0x39, 0xE7, 0x39, 0xC7,
  0x39, 0xE7, 0x39, 0xE7, 0x39, 0xE7, 0x39, 0xE7, 0x39, 0xE7, 0x39, 0xE7, 0x39, 0xE7, 0x39, 0xE7, 0x39, 0xE7, 0x39, 0xE7, 0x39, 0xE7, 0x39, 0xE7, 0x39, 0xE7, 0x41, 0xE7, 0x39, 0xE7, 0x39, 0xE7,
  0x39, 0xE7, 0x39, 0xE7, 0x39, 0xC7, 0x41, 0xE7, 0x31, 0x86, 0x18, 0xA2, 0x20, 0xA2, 0x20, 0xC2, 0x20, 0xC2, 0x28, 0xC2, 0x31, 0x03, 0x30, 0xE2, 0x49, 0x02, 0xEC, 0x07, 0xBB, 0x06, 0x30, 0x40,
  0x28, 0x80, 0x20, 0x60, 0x20, 0x60, 0x10, 0x40, 0x10, 0x40, 0x08, 0x20, 0x08, 0x00, 0x00, 0x00, 0x00, 0x00, 0x00, 0x00, 0x00, 0x00, 0x00, 0x00, 0x00, 0x00, 0x00, 0x00, 0x00, 0x00, 0x00, 0x00,
  0x00, 0x00, 0x00, 0x00, 0x00, 0x00, 0x00, 0x00, 0x00, 0x00, 0x00, 0x00, 0x00, 0x00, 0x00, 0x00, 0x00, 0x00, 0x00, 0x00, 0x00, 0x00, 0x00, 0x00, 0x00, 0x00, 0x00, 0x00, 0x00, 0x00, 0x00, 0x00,
  0x00, 0x00, 0x00, 0x00, 0x00, 0x00, 0x00, 0x00, 0x00, 0x00, 0x00, 0x00, 0x00, 0x00, 0x00, 0x00, 0x00, 0x00, 0x00, 0x00, 0x00, 0x00, 0x00, 0x00, 0x00, 0x00, 0x00, 0x00, 0x00, 0x00, 0x00, 0x00,
  0x00, 0x00, 0x00, 0x00, 0x00, 0x00, 0x00, 0x00, 0x00, 0x00, 0x00, 0x00, 0x00, 0x00, 0x00, 0x00, 0x08, 0x00, 0x08, 0x20, 0x10, 0x20, 0x10, 0x40, 0x18, 0x40, 0x20, 0x60, 0x30, 0x80, 0x28, 0x40,
  0x9A, 0x64, 0xFC, 0x88, 0x71, 0xA2, 0x39, 0x23, 0x41, 0x43, 0x39, 0x24, 0x31, 0x24, 0x29, 0x24, 0x29, 0x24, 0x21, 0x03, 0x31, 0xA6, 0x4A, 0x49, 0x4A, 0x28, 0x4A, 0x49, 0x4A, 0x29, 0x42, 0x28,
  0x42, 0x28, 0x4A, 0x49, 0x4A, 0x29, 0x4A, 0x49, 0x4A, 0x49, 0x4A, 0x49, 0x4A, 0x49, 0x4A, 0x49, 0x4A, 0x49, 0x4A, 0x29, 0x4A, 0x49, 0x4A, 0x49, 0x4A, 0x69, 0x4A, 0x49, 0x4A, 0x29, 0x4A, 0x29,
  0x4A, 0x49, 0x4A, 0x49, 0x4A, 0x49, 0x4A, 0x49, 0x4A, 0x49, 0x4A, 0x29, 0x4A, 0x49, 0x4A, 0x49, 0x4A, 0x49, 0x4A, 0x49, 0x4A, 0x49, 0x4A, 0x49, 0x4A, 0x49, 0x4A, 0x49, 0x4A, 0x29, 0x4A, 0x49,
  0x4A, 0x49, 0x42, 0x28, 0x42, 0x28, 0x42, 0x28, 0x42, 0x28, 0x42, 0x28, 0x42, 0x28, 0x42, 0x28, 0x42, 0x28, 0x42, 0x28, 0x42, 0x08, 0x42, 0x08, 0x42, 0x28, 0x4A, 0x49, 0x4A, 0x69, 0x4A, 0x69,
  0x4A, 0x69, 0x4A, 0x69, 0x4A, 0x49, 0x42, 0x28, 0x42, 0x08, 0x41, 0xE8, 0x39, 0xE7, 0x39, 0xE7, 0x39, 0xE7, 0x39, 0xE7, 0x39, 0xE7, 0x39, 0xE7, 0x39, 0xE7, 0x39, 0xE7, 0x39, 0xC7, 0x39, 0xE7,
  0x39, 0xC7, 0x39, 0xC7, 0x39, 0xC7, 0x39, 0xC7, 0x39, 0xC7, 0x39, 0xC7, 0x39, 0xC7, 0x39, 0xC7, 0x39, 0xC7, 0x39, 0xC7, 0x39, 0xC7, 0x39, 0xC7, 0x39, 0xC7, 0x39, 0xC7, 0x39, 0xC7, 0x39, 0xC7,
  0x39, 0xC7, 0x39, 0xC7, 0x39, 0xC7, 0x39, 0xC7, 0x39, 0xC7, 0x39, 0xC7, 0x39, 0xA7, 0x39, 0xA7, 0x31, 0xA6, 0x31, 0xA6, 0x39, 0xC7, 0x39, 0xE7, 0x42, 0x08, 0x4A, 0x49, 0x52, 0x8A, 0x52, 0xAA,
  0x52, 0xAA, 0x52, 0xAA, 0x4A, 0x69, 0x42, 0x28, 0x39, 0xC7, 0x39, 0xA7, 0x39, 0xC7, 0x39, 0xC7, 0x39, 0xC7, 0x39, 0xC7, 0x39, 0xC7, 0x39, 0xC7, 0x39, 0xC7, 0x39, 0xC7, 0x39, 0xC7, 0x39, 0xC7,
  0x39, 0xC7, 0x39, 0xC7, 0x39, 0xC7, 0x39, 0xC7, 0x39, 0xC7, 0x39, 0xC7, 0x39, 0xC7, 0x39, 0xC7, 0x39, 0xC7, 0x39, 0xC7, 0x39, 0xC7, 0x39, 0xC7, 0x39, 0xC7, 0x39, 0xC7, 0x39, 0xC7, 0x39, 0xE7,
  0x39, 0xC7, 0x39, 0xC7, 0x39, 0xE7, 0x39, 0xE7, 0x39, 0xC7, 0x39, 0xC7, 0x39, 0xC7, 0x39, 0xC7, 0x39, 0xC7, 0x39, 0xC7, 0x39, 0xC7, 0x39, 0xC7, 0x39, 0xE7, 0x39, 0xE7, 0x39, 0xE7, 0x39, 0xE7,
  0x39, 0xE7, 0x39, 0xE7, 0x39, 0xE7, 0x39, 0xC7, 0x39, 0xE7, 0x29, 0x45, 0x18, 0xA2, 0x20, 0xC2, 0x20, 0xC2, 0x28, 0xC2, 0x28, 0xE2, 0x39, 0x02, 0x30, 0xE2, 0x61, 0x62, 0xFC, 0x68, 0x9A, 0x84,
  0x20, 0x40, 0x28, 0xA1, 0x20, 0x60, 0x18, 0x60, 0x10, 0x40, 0x08, 0x20, 0x08, 0x20, 0x08, 0x00, 0x00, 0x00, 0x00, 0x00, 0x00, 0x00, 0x00, 0x00, 0x00, 0x00, 0x00, 0x00, 0x00, 0x00, 0x00, 0x00,
  0x00, 0x00, 0x00, 0x00, 0x00, 0x00, 0x00, 0x00, 0x00, 0x00, 0x00, 0x00, 0x00, 0x00, 0x00, 0x00, 0x00, 0x00, 0x00, 0x00, 0x00, 0x00, 0x00, 0x00, 0x00, 0x00, 0x00, 0x00, 0x00, 0x00, 0x00, 0x00,
  0x00, 0x00, 0x00, 0x00, 0x00, 0x00, 0x00, 0x00, 0x00, 0x00, 0x00, 0x00, 0x00, 0x00, 0x00, 0x00, 0x00, 0x00, 0x00, 0x00, 0x00, 0x00, 0x00, 0x00, 0x00, 0x00, 0x00, 0x00, 0x00, 0x00, 0x00, 0x00,
  0x00, 0x00, 0x00, 0x00, 0x00, 0x00, 0x00, 0x00, 0x00, 0x00, 0x00, 0x00, 0x00, 0x00, 0x00, 0x00, 0x08, 0x20, 0x10, 0x20, 0x10, 0x40, 0x18, 0x40, 0x20, 0x60, 0x28, 0x80, 0x28, 0x60, 0x71, 0xA2,
  0xFC, 0x88, 0x8A, 0x24, 0x39, 0x02, 0x41, 0x43, 0x39, 0x43, 0x31, 0x24, 0x29, 0x24, 0x29, 0x24, 0x21, 0x03, 0x29, 0x65, 0x4A, 0x48, 0x42, 0x28, 0x4A, 0x28, 0x4A, 0x29, 0x42, 0x28, 0x42, 0x08,
  0x42, 0x28, 0x42, 0x28, 0x42, 0x28, 0x4A, 0x29, 0x4A, 0x29, 0x4A, 0x49, 0x4A, 0x29, 0x42, 0x28, 0x42, 0x28, 0x4A, 0x29, 0x4A, 0x29, 0x4A, 0x49, 0x4A, 0x49, 0x42, 0x28, 0x4A, 0x29, 0x4A, 0x29,
  0x4A, 0x29, 0x4A, 0x49, 0x4A, 0x49, 0x4A, 0x29, 0x4A, 0x29, 0x4A, 0x49, 0x4A, 0x49, 0x4A, 0x49, 0x4A, 0x49, 0x4A, 0x49, 0x4A, 0x49, 0x4A, 0x49, 0x42, 0x28, 0x4A, 0x29, 0x4A, 0x29, 0x42, 0x28,
  0x42, 0x28, 0x42, 0x28, 0x42, 0x28, 0x42, 0x28, 0x42, 0x28, 0x42, 0x28, 0x42, 0x28, 0x42, 0x08, 0x42, 0x08, 0x42, 0x08, 0x4A, 0x29, 0x4A, 0x69, 0x4A, 0x69, 0x4A, 0x69, 0x4A, 0x69, 0x4A, 0x49,
  0x4A, 0x29, 0x42, 0x08, 0x41, 0xE8, 0x39, 0xE7, 0x39, 0xE7, 0x39, 0xE7, 0x39, 0xE7, 0x39, 0xE7, 0x39, 0xE7, 0x39, 0xE7, 0x39, 0xE7, 0x39, 0xE7, 0x39, 0xC7, 0x39, 0xC7, 0x39, 0xC7, 0x39, 0xC7,
  0x39, 0xC7, 0x39, 0xC7, 0x39, 0xC7, 0x39, 0xC7, 0x39, 0xC7, 0x39, 0xC7, 0x39, 0xC7, 0x39, 0xC7, 0x39, 0xC7, 0x39, 0xC7, 0x39, 0xC7, 0x39, 0xA7, 0x39, 0xA7, 0x39, 0xA7, 0x39, 0xA7, 0x39, 0xA7,
  0x39, 0xA7, 0x39, 0xA7, 0x39, 0xA7, 0x39, 0xA7, 0x39, 0xA7, 0x39, 0xA7, 0x39, 0xA7, 0x39, 0xA7, 0x39, 0xC7, 0x39, 0xA7, 0x39, 0xA6, 0x31, 0xA6, 0x31, 0xA6, 0x39, 0xA7, 0x39, 0xE7, 0x42, 0x28,
  0x4A, 0x69, 0x52, 0xAA, 0x52, 0xAA, 0x52, 0xAA, 0x52, 0x8A, 0x4A, 0x29, 0x39, 0xC7, 0x31, 0xA6, 0x39, 0xA7, 0x39, 0xC7, 0x39, 0xC7, 0x39, 0xC7, 0x39, 0xC7, 0x39, 0xC7, 0x39, 0xC7, 0x39, 0xC7,
  0x39, 0xC7, 0x39, 0xC7, 0x39, 0xC7, 0x39, 0xC7, 0x39, 0xC7, 0x39, 0xC7, 0x39, 0xC7, 0x39, 0xC7, 0x39, 0xC7, 0x39, 0xC7, 0x39, 0xC7, 0x39, 0xC7, 0x39, 0xC7, 0x39, 0xC7, 0x39, 0xC7, 0x39, 0xC7,
  0x39, 0xC7, 0x39, 0xC7, 0x39, 0xC7, 0x39, 0xC7, 0x39, 0xC7, 0x39, 0xC7, 0x39, 0xC7, 0x39, 0xC7, 0x39, 0xC7, 0x39, 0xC7, 0x39, 0xC7, 0x39, 0xC7, 0x39, 0xC7, 0x39, 0xE7, 0x39, 0xE7, 0x39, 0xE7,
  0x39, 0xE7, 0x39, 0xC7, 0x39, 0xC7, 0x39, 0xC7, 0x39, 0xC7, 0x39, 0xE7, 0x21, 0x04, 0x18, 0xA2, 0x20, 0xC2, 0x20, 0xC2, 0x28, 0xC2, 0x30, 0xE2, 0x39, 0x03, 0x30, 0xC2, 0x7A, 0x03, 0xFC, 0x88,
  0x79, 0xA2, 0x20, 0x60, 0x28, 0x80, 0x20, 0x60, 0x18, 0x40, 0x10, 0x40, 0x08, 0x20, 0x08, 0x20, 0x00, 0x00, 0x00, 0x00, 0x00, 0x00, 0x00, 0x00, 0x00, 0x00, 0x00, 0x00, 0x00, 0x00, 0x00, 0x00,
  0x00, 0x00, 0x00, 0x00, 0x00, 0x00, 0x00, 0x00, 0x00, 0x00, 0x00, 0x00, 0x00, 0x00, 0x00, 0x00, 0x00, 0x00, 0x00, 0x00, 0x00, 0x00, 0x00, 0x00, 0x00, 0x00, 0x00, 0x00, 0x00, 0x00, 0x00, 0x00,
  0x00, 0x00, 0x00, 0x00, 0x00, 0x00, 0x00, 0x00, 0x00, 0x00, 0x00, 0x00, 0x00, 0x00, 0x00, 0x00, 0x00, 0x00, 0x00, 0x00, 0x00, 0x00, 0x00, 0x00, 0x00, 0x00, 0x00, 0x00, 0x00, 0x00, 0x00, 0x00,
  0x00, 0x00, 0x00, 0x00, 0x00, 0x00, 0x00, 0x00, 0x00, 0x00, 0x00, 0x00, 0x00, 0x00, 0x08, 0x20, 0x08, 0x20, 0x10, 0x20, 0x18, 0x40, 0x20, 0x60, 0x28, 0x80, 0x28, 0x60, 0x48, 0xE1, 0xF4, 0x47,
  0xAA, 0xC4, 0x39, 0x02, 0x41, 0x63, 0x39, 0x23, 0x31, 0x24, 0x29, 0x24, 0x29, 0x24, 0x21, 0x03, 0x21, 0x24, 0x42, 0x08, 0x4A, 0x28, 0x42, 0x28, 0x4A, 0x28, 0x42, 0x28, 0x42, 0x28, 0x42, 0x28,
  0x42, 0x28, 0x42, 0x28, 0x42, 0x28, 0x4A, 0x29, 0x42, 0x28, 0x42, 0x28, 0x42, 0x28, 0x42, 0x28, 0x42, 0x28, 0x4A, 0x29, 0x4A, 0x49, 0x42, 0x28, 0x42, 0x28, 0x4A, 0x29, 0x4A, 0x29, 0x4A, 0x28,
  0x4A, 0x49, 0x4A, 0x49, 0x4A, 0x29, 0x4A, 0x49, 0x4A, 0x29, 0x4A, 0x29, 0x4A, 0x49, 0x4A, 0x49, 0x4A, 0x49, 0x4A, 0x49, 0x4A, 0x29, 0x42, 0x28, 0x4A, 0x29, 0x4A, 0x29, 0x42, 0x28, 0x42, 0x28,
  0x42, 0x28, 0x42, 0x28, 0x42, 0x28, 0x42, 0x28, 0x42, 0x28, 0x42, 0x28, 0x42, 0x08, 0x42, 0x08, 0x4A, 0x49, 0x4A, 0x69, 0x4A, 0x69, 0x4A, 0x69, 0x4A, 0x69, 0x4A, 0x49, 0x42, 0x28, 0x42, 0x08,
  0x39, 0xE7, 0x39, 0xE7, 0x39, 0xE7, 0x39, 0xE7, 0x39, 0xE7, 0x39, 0xE7, 0x39, 0xE7, 0x39, 0xE7, 0x39, 0xC7, 0x39, 0xC7, 0x39, 0xC7, 0x39, 0xE7, 0x39, 0xC7, 0x39, 0xC7, 0x39, 0xC7, 0x39, 0xC7,
  0x39, 0xC7, 0x39, 0xC7, 0x39, 0xC7, 0x39, 0xC7, 0x39, 0xA7, 0x39, 0xA7, 0x39, 0xA7, 0x31, 0xA6, 0x31, 0xA6, 0x31, 0xA7, 0x31, 0xA6, 0x31, 0xA6, 0x31, 0xA6, 0x31, 0xA6, 0x31, 0xA6, 0x31, 0xA6,
  0x31, 0xA6, 0x31, 0xA6, 0x31, 0xA6, 0x31, 0xA6, 0x31, 0xA6, 0x31, 0xA6, 0x31, 0xA6, 0x31, 0xA6, 0x39, 0xA7, 0x31, 0xA6, 0x31, 0xA6, 0x39, 0xA7, 0x39, 0xA7, 0x31, 0xA6, 0x31, 0xA6, 0x31, 0xA6,
  0x39, 0xA7, 0x41, 0xE8, 0x4A, 0x49, 0x52, 0x8A, 0x52, 0xAA, 0x52, 0xAA, 0x52, 0x8A, 0x42, 0x28, 0x39, 0xC7, 0x31, 0xA6, 0x39, 0xA7, 0x39, 0xC7, 0x39, 0xC7, 0x39, 0xC7, 0x39, 0xC7, 0x39, 0xC7,
  0x39, 0xC7, 0x39, 0xC7, 0x39, 0xC7, 0x39, 0xC7, 0x39, 0xC7, 0x39, 0xC7, 0x39, 0xC7, 0x39, 0xC7, 0x39, 0xC7, 0x39, 0xC7, 0x39, 0xC7, 0x39, 0xC7, 0x39, 0xC7, 0x39, 0xC7, 0x39, 0xC7, 0x39, 0xC7,
  0x39, 0xC7, 0x39, 0xC7, 0x39, 0xC7, 0x39, 0xC7, 0x39, 0xC7, 0x39, 0xC7, 0x39, 0xC7, 0x39, 0xC7, 0x39, 0xC7, 0x39, 0xC7, 0x39, 0xC7, 0x39, 0xC7, 0x39, 0xC7, 0x39, 0xC7, 0x39, 0xC7, 0x39, 0xE7,
  0x39, 0xE7, 0x39, 0xE7, 0x39, 0xC7, 0x39, 0xC7, 0x39, 0xC7, 0x39, 0xC7, 0x39, 0xC6, 0x18, 0xC3, 0x18, 0xA2, 0x20, 0xC3, 0x20, 0xC3, 0x28, 0xE2, 0x30, 0xE2, 0x39, 0x23, 0x30, 0xC1, 0x9A, 0xA4,
  0xFC, 0x48, 0x51, 0x01, 0x28, 0x60, 0x28, 0x80, 0x20, 0x60, 0x18, 0x40, 0x10, 0x20, 0x08, 0x20, 0x08, 0x20, 0x00, 0x00, 0x00, 0x00, 0x00, 0x00, 0x00, 0x00, 0x00, 0x00, 0x00, 0x00, 0x00, 0x00,
  0x00, 0x00, 0x00, 0x00, 0x00, 0x00, 0x00, 0x00, 0x00, 0x00, 0x00, 0x00, 0x00, 0x00, 0x00, 0x00, 0x00, 0x00, 0x00, 0x00, 0x00, 0x00, 0x00, 0x00, 0x00, 0x00, 0x00, 0x00, 0x00, 0x00, 0x00, 0x00,
  0x00, 0x00, 0x00, 0x00, 0x00, 0x00, 0x00, 0x00, 0x00, 0x00, 0x00, 0x00, 0x00, 0x00, 0x00, 0x00, 0x00, 0x00, 0x00, 0x00, 0x00, 0x00, 0x00, 0x00, 0x00, 0x00, 0x00, 0x00, 0x00, 0x00, 0x00, 0x00,
  0x00, 0x00, 0x00, 0x00, 0x00, 0x00, 0x00, 0x00, 0x00, 0x00, 0x00, 0x00, 0x08, 0x20, 0x08, 0x20, 0x10, 0x20, 0x18, 0x40, 0x18, 0x60, 0x20, 0x80, 0x28, 0x80, 0x38, 0x80, 0xDB, 0xA6, 0xD3, 0x86,
  0x41, 0x02, 0x41, 0x43, 0x39, 0x43, 0x31, 0x44, 0x31, 0x23, 0x29, 0x24, 0x21, 0x04, 0x20, 0xE3, 0x39, 0xC7, 0x42, 0x28, 0x42, 0x08, 0x42, 0x28, 0x42, 0x08, 0x42, 0x08, 0x42, 0x28, 0x42, 0x28,
  0x42, 0x28, 0x42, 0x28, 0x42, 0x28, 0x42, 0x28, 0x42, 0x28, 0x42, 0x28, 0x42, 0x28, 0x42, 0x28, 0x42, 0x28, 0x4A, 0x29, 0x42, 0x28, 0x42, 0x08, 0x42, 0x28, 0x42, 0x28, 0x42, 0x28, 0x4A, 0x29,
  0x42, 0x28, 0x42, 0x28, 0x4A, 0x29, 0x42, 0x28, 0x42, 0x28, 0x42, 0x28, 0x42, 0x28, 0x4A, 0x29, 0x4A, 0x29, 0x42, 0x28, 0x42, 0x28, 0x42, 0x28, 0x42, 0x28, 0x42, 0x08, 0x42, 0x28, 0x42, 0x28,
  0x42, 0x28, 0x42, 0x28, 0x42, 0x28, 0x42, 0x28, 0x42, 0x08, 0x42, 0x08, 0x4A, 0x49, 0x4A, 0x69, 0x4A, 0x69, 0x4A, 0x69, 0x4A, 0x69, 0x4A, 0x49, 0x42, 0x08, 0x39, 0xE7, 0x39, 0xE7, 0x39, 0xE7,
  0x39, 0xE7, 0x39, 0xE7, 0x39, 0xE7, 0x39, 0xE7, 0x39, 0xC7, 0x39, 0xC7, 0x39, 0xC7, 0x39, 0xC7, 0x39, 0xC7, 0x39, 0xC7, 0x39, 0xC7, 0x39, 0xC7, 0x39, 0xC7, 0x39, 0xC7, 0x39, 0xC7, 0x39, 0xC7,
  0x39, 0xC7, 0x39, 0xC7, 0x39, 0xC7, 0x39, 0xC7, 0x39, 0xA7, 0x39, 0xA7, 0x39, 0xA7, 0x31, 0xA6, 0x31, 0xA6, 0x31, 0xA6, 0x31, 0xA6, 0x31, 0xA6, 0x31, 0xA6, 0x31, 0xA6, 0x31, 0xA6, 0x31, 0xA6,
  0x31, 0xA6, 0x31, 0xA6, 0x31, 0xA6, 0x31, 0xA6, 0x31, 0xA6, 0x31, 0xA6, 0x31, 0xA6, 0x31, 0xA6, 0x31, 0xA6, 0x31, 0xA6, 0x31, 0xA6, 0x31, 0xA6, 0x31, 0xA6, 0x31, 0xA6, 0x31, 0xA6, 0x31, 0xA6,
  0x31, 0xA6, 0x31, 0xA6, 0x31, 0xA6, 0x39, 0xE7, 0x4A, 0x49, 0x52, 0x8A, 0x52, 0x8A, 0x52, 0xAA, 0x52, 0x8A, 0x42, 0x28, 0x39, 0xA7, 0x31, 0xA6, 0x39, 0xA7, 0x39, 0xC7, 0x39, 0xC7, 0x39, 0xC7,
  0x39, 0xC7, 0x39, 0xC7, 0x39, 0xA7, 0x39, 0xC7, 0x39, 0xC7, 0x39, 0xC7, 0x39, 0xC7, 0x39, 0xC7, 0x39, 0xC7, 0x39, 0xC7, 0x39, 0xC7, 0x39, 0xC7, 0x39, 0xC7, 0x39, 0xC7, 0x39, 0xC7, 0x39, 0xC7,
  0x39, 0xC7, 0x39, 0xC7, 0x39, 0xC7, 0x39, 0xC7, 0x39, 0xC7, 0x39, 0xC7, 0x39, 0xC7, 0x39, 0xC7, 0x39, 0xC7, 0x39, 0xC7, 0x39, 0xC7, 0x39, 0xC7, 0x39, 0xC7, 0x39, 0xC7, 0x39, 0xC7, 0x39, 0xC7,
  0x39, 0xC7, 0x39, 0xC7, 0x39, 0xC7, 0x39, 0xC7, 0x39, 0xC7, 0x39, 0xC7, 0x39, 0xC7, 0x31, 0x86, 0x18, 0xA2, 0x18, 0xC3, 0x20, 0xC2, 0x28, 0xC2, 0x28, 0xE2, 0x31, 0x02, 0x39, 0x02, 0x38, 0xC1,
  0xC3, 0x66, 0xDB, 0xA6, 0x30, 0x80, 0x28, 0x80, 0x20, 0x80, 0x18, 0x60, 0x10, 0x40, 0x10, 0x20, 0x08, 0x20, 0x08, 0x00, 0x00, 0x00, 0x00, 0x00, 0x00, 0x00, 0x00, 0x00, 0x00, 0x00, 0x00, 0x00,
  0x00, 0x00, 0x00, 0x00, 0x00, 0x00, 0x00, 0x00, 0x00, 0x00, 0x00, 0x00, 0x00, 0x00, 0x00, 0x00, 0x00, 0x00, 0x00, 0x00, 0x00, 0x00, 0x00, 0x00, 0x00, 0x00, 0x00, 0x00, 0x00, 0x00, 0x00, 0x00,
  0x00, 0x00, 0x00, 0x00, 0x00, 0x00, 0x00, 0x00, 0x00, 0x00, 0x00, 0x00, 0x00, 0x00, 0x00, 0x00, 0x00, 0x00, 0x00, 0x00, 0x00, 0x00, 0x00, 0x00, 0x00, 0x00, 0x00, 0x00, 0x00, 0x00, 0x00, 0x00,
  0x00, 0x00, 0x00, 0x00, 0x00, 0x00, 0x00, 0x00, 0x00, 0x00, 0x08, 0x00, 0x08, 0x20, 0x10, 0x20, 0x10, 0x40, 0x18, 0x60, 0x20, 0x60, 0x28, 0xA0, 0x28, 0x40, 0xAA, 0xC5, 0xF4, 0x47, 0x51, 0x62,
  0x41, 0x23, 0x41, 0x43, 0x39, 0x43, 0x31, 0x23, 0x29, 0x24, 0x29, 0x04, 0x20, 0xE3, 0x31, 0x86, 0x42, 0x28, 0x42, 0x08, 0x42, 0x08, 0x42, 0x08, 0x42, 0x08, 0x42, 0x08, 0x42, 0x08, 0x42, 0x08,
  0x42, 0x08, 0x42, 0x28, 0x42, 0x28, 0x42, 0x08, 0x42, 0x08, 0x42, 0x28, 0x42, 0x08, 0x42, 0x28, 0x42, 0x28, 0x42, 0x08, 0x42, 0x08, 0x42, 0x28, 0x42, 0x28, 0x42, 0x08, 0x42, 0x28, 0x42, 0x28,
  0x42, 0x28, 0x42, 0x28, 0x42, 0x28, 0x42, 0x28, 0x42, 0x28, 0x42, 0x28, 0x42, 0x28, 0x42, 0x28, 0x42, 0x28, 0x42, 0x28, 0x42, 0x28, 0x42, 0x08, 0x42, 0x28, 0x42, 0x28, 0x42, 0x28, 0x42, 0x28,
  0x42, 0x28, 0x42, 0x28, 0x42, 0x08, 0x42, 0x08, 0x42, 0x28, 0x4A, 0x49, 0x4A, 0x69, 0x4A, 0x69, 0x4A, 0x49, 0x4A, 0x29, 0x42, 0x08, 0x39, 0xE7, 0x39, 0xE7, 0x39, 0xE7, 0x39, 0xE7, 0x39, 0xE7,
  0x39, 0xE7, 0x39, 0xC7, 0x39, 0xC7, 0x39, 0xC7, 0x39, 0xC7, 0x39, 0xC7, 0x39, 0xC7, 0x39, 0xC7, 0x39, 0xC7, 0x39, 0xC7, 0x39, 0xC7, 0x39, 0xC7, 0x39, 0xC7, 0x39, 0xC7, 0x39, 0xC7, 0x39, 0xC7,
  0x39, 0xC7, 0x39, 0xA7, 0x39, 0xA7, 0x31, 0xA6, 0x31, 0xA6, 0x31, 0xA6, 0x31, 0xA6, 0x31, 0xA6, 0x31, 0xA6, 0x31, 0xA6, 0x31, 0xA6, 0x31, 0xA6, 0x31, 0xA6, 0x31, 0xA6, 0x31, 0xA6, 0x31, 0xA6,
  0x31, 0xA6, 0x31, 0xA6, 0x31, 0xA6, 0x31, 0x86, 0x31, 0xA6, 0x31, 0x86, 0x31, 0xA6, 0x31, 0xA6, 0x31, 0xA6, 0x31, 0xA6, 0x31, 0xA6, 0x31, 0xA6, 0x31, 0xA6, 0x31, 0xA6, 0x31, 0xA6, 0x31, 0xA6,
  0x31, 0xA6, 0x31, 0xA6, 0x31, 0xA6, 0x31, 0xA6, 0x31, 0xA6, 0x39, 0xC7, 0x42, 0x28, 0x52, 0x8A, 0x52, 0xAA, 0x52, 0xAA, 0x52, 0x8A, 0x42, 0x08, 0x31, 0xA6, 0x31, 0xA6, 0x39, 0xA7, 0x39, 0xA7,
  0x39, 0xA7, 0x39, 0xA7, 0x39, 0xA7, 0x31, 0xA6, 0x39, 0xA7, 0x39, 0xC7, 0x39, 0xA7, 0x39, 0xC7, 0x39, 0xC7, 0x39, 0xC7, 0x39, 0xC7, 0x39, 0xC7, 0x39, 0xC7, 0x39, 0xC7, 0x39, 0xC7, 0x39, 0xC7,
  0x39, 0xC7, 0x39, 0xC7, 0x39, 0xA7, 0x39, 0xC7, 0x39, 0xC7, 0x39, 0xA7, 0x39, 0xC7, 0x39, 0xC7, 0x39, 0xC7, 0x39, 0xC7, 0x39, 0xC7, 0x39, 0xC7, 0x39, 0xC7, 0x39, 0xC7, 0x39, 0xC7, 0x39, 0xC7,
  0x39, 0xC7, 0x39, 0xC7, 0x39, 0xC7, 0x39, 0xC7, 0x39, 0xC7, 0x39, 0xC7, 0x39, 0xA7, 0x39, 0xC7, 0x21, 0x24, 0x18, 0xA2, 0x20, 0xC3, 0x20, 0xC3, 0x28, 0xC2, 0x28, 0xE2, 0x39, 0x02, 0x38, 0xE2,
  0x49, 0x01, 0xEC, 0x07, 0xAA, 0xC5, 0x20, 0x40, 0x28, 0x80, 0x20, 0x60, 0x18, 0x40, 0x10, 0x40, 0x10, 0x20, 0x08, 0x20, 0x00, 0x00, 0x00, 0x00, 0x00, 0x00, 0x00, 0x00, 0x00, 0x00, 0x00, 0x00,
  0x00, 0x00, 0x00, 0x00, 0x00, 0x00, 0x00, 0x00, 0x00, 0x00, 0x00, 0x00, 0x00, 0x00, 0x00, 0x00, 0x00, 0x00, 0x00, 0x00, 0x00, 0x00, 0x00, 0x00, 0x00, 0x00, 0x00, 0x00, 0x00, 0x00, 0x00, 0x00,
  0x00, 0x00, 0x00, 0x00, 0x00, 0x00, 0x00, 0x00, 0x00, 0x00, 0x00, 0x00, 0x00, 0x00, 0x00, 0x00, 0x00, 0x00, 0x00, 0x00, 0x00, 0x00, 0x00, 0x00, 0x00, 0x00, 0x00, 0x00, 0x00, 0x00, 0x00, 0x00,
  0x00, 0x00, 0x00, 0x00, 0x00, 0x00, 0x00, 0x00, 0x00, 0x00, 0x08, 0x20, 0x08, 0x20, 0x10, 0x40, 0x18, 0x40, 0x20, 0x60, 0x28, 0xA0, 0x20, 0x40, 0x79, 0xC2, 0xFC, 0x88, 0x79, 0xE3, 0x39, 0x03,
  0x41, 0x44, 0x39, 0x23, 0x31, 0x23, 0x29, 0x23, 0x29, 0x04, 0x21, 0x04, 0x29, 0x24, 0x42, 0x08, 0x42, 0x08, 0x42, 0x08, 0x42, 0x08, 0x41, 0xE8, 0x42, 0x08, 0x42, 0x08, 0x42, 0x08, 0x42, 0x08,
  0x42, 0x08, 0x42, 0x08, 0x42, 0x08, 0x42, 0x08, 0x42, 0x08, 0x42, 0x08, 0x42, 0x08, 0x42, 0x28, 0x42, 0x08, 0x42, 0x08, 0x42, 0x08, 0x42, 0x08, 0x42, 0x08, 0x42, 0x28, 0x42, 0x08, 0x42, 0x28,
  0x42, 0x28, 0x42, 0x28, 0x42, 0x28, 0x42, 0x28, 0x42, 0x28, 0x42, 0x28, 0x42, 0x08, 0x42, 0x28, 0x42, 0x28, 0x42, 0x28, 0x42, 0x08, 0x42, 0x08, 0x42, 0x28, 0x42, 0x28, 0x42, 0x28, 0x42, 0x28,
  0x42, 0x08, 0x42, 0x08, 0x42, 0x08, 0x4A, 0x49, 0x4A, 0x69, 0x4A, 0x69, 0x4A, 0x69, 0x4A, 0x49, 0x42, 0x08, 0x39, 0xE7, 0x39, 0xC7, 0x39, 0xE7, 0x39, 0xE7, 0x39, 0xE7, 0x39, 0xE7, 0x39, 0xE7,
  0x39, 0xE7, 0x39, 0xE7, 0x39, 0xE7, 0x39, 0xC7, 0x39, 0xC7, 0x39, 0xC7, 0x39, 0xC7, 0x39, 0xC7, 0x39, 0xC7, 0x39, 0xC7, 0x39, 0xC7, 0x39, 0xA7, 0x39, 0xA7, 0x39, 0xA7, 0x31, 0xA6, 0x31, 0xA6,
  0x31, 0xA6, 0x31, 0xA6, 0x31, 0xA6, 0x31, 0xA6, 0x31, 0xA6, 0x31, 0xA6, 0x31, 0xA6, 0x31, 0xA6, 0x31, 0xA6, 0x31, 0xA6, 0x31, 0xA6, 0x31, 0xA6, 0x31, 0xA6, 0x31, 0x86, 0x31, 0x86, 0x31, 0x86,
  0x31, 0x86, 0x31, 0x86, 0x31, 0x86, 0x31, 0x86, 0x31, 0x86, 0x31, 0x86, 0x31, 0xA6, 0x31, 0xA6, 0x31, 0xA6, 0x31, 0xA6, 0x31, 0x86, 0x31, 0x86, 0x31, 0x86, 0x31, 0x86, 0x31, 0xA6, 0x31, 0xA6,
  0x31, 0xA6, 0x31, 0xA6, 0x31, 0xA6, 0x31, 0xA6, 0x31, 0xA6, 0x31, 0x86, 0x31, 0x86, 0x39, 0xC7, 0x4A, 0x49, 0x52, 0x8A, 0x52, 0xAA, 0x52, 0xAA, 0x4A, 0x69, 0x39, 0xC7, 0x31, 0x86, 0x31, 0xA6,
  0x31, 0xA6, 0x31, 0xA6, 0x31, 0xA6, 0x31, 0xA6, 0x31, 0xA6, 0x31, 0xA6, 0x39, 0xA7, 0x39, 0xA7, 0x39, 0xA7, 0x39, 0xC7, 0x39, 0xA7, 0x39, 0xA7, 0x39, 0xC7, 0x39, 0xC7, 0x39, 0xC7, 0x39, 0xC7,
  0x39, 0xA7, 0x39, 0xA7, 0x39, 0xA7, 0x39, 0xA7, 0x39, 0xA7, 0x39, 0xC7, 0x39, 0xA7, 0x39, 0xC7, 0x39, 0xC7, 0x39, 0xC7, 0x39, 0xC7, 0x39, 0xC7, 0x39, 0xC7, 0x39, 0xC7, 0x39, 0xC7, 0x39, 0xC7,
  0x39, 0xC7, 0x39, 0xC7, 0x39, 0xC7, 0x39, 0xC7, 0x39, 0xC7, 0x39, 0xC7, 0x39, 0xC7, 0x39, 0xC7, 0x39, 0xA7, 0x18, 0xE3, 0x18, 0xA2, 0x20, 0xC3, 0x20, 0xC2, 0x28, 0xC2, 0x28, 0xE2, 0x39, 0x03,
  0x30, 0xE2, 0x69, 0xA2, 0xFC, 0x67, 0x79, 0xC3, 0x20, 0x60, 0x28, 0x80, 0x20, 0x60, 0x18, 0x40, 0x10, 0x20, 0x08, 0x20, 0x08, 0x00, 0x00, 0x00, 0x00, 0x00, 0x00, 0x00, 0x00, 0x00, 0x00, 0x00,
  0x00, 0x00, 0x00, 0x00, 0x00, 0x00, 0x00, 0x00, 0x00, 0x00, 0x00, 0x00, 0x00, 0x00, 0x00, 0x00, 0x00, 0x00, 0x00, 0x00, 0x00, 0x00, 0x00, 0x00, 0x00, 0x00, 0x00, 0x00, 0x00, 0x00, 0x00, 0x00,
  0x00, 0x00, 0x00, 0x00, 0x00, 0x00, 0x00, 0x00, 0x00, 0x00, 0x00, 0x00, 0x00, 0x00, 0x00, 0x00, 0x00, 0x00, 0x00, 0x00, 0x00, 0x00, 0x00, 0x00, 0x00, 0x00, 0x00, 0x00, 0x00, 0x00, 0x00, 0x00,
  0x00, 0x00, 0x00, 0x00, 0x00, 0x00, 0x00, 0x00, 0x08, 0x00, 0x08, 0x20, 0x10, 0x20, 0x18, 0x40, 0x20, 0x60, 0x28, 0x80, 0x28, 0x60, 0x48, 0xE1, 0xF4, 0x47, 0xA2, 0xC5, 0x38, 0xE2, 0x41, 0x43,
  0x39, 0x23, 0x31, 0x23, 0x31, 0x03, 0x29, 0x03, 0x21, 0x04, 0x20, 0xE3, 0x39, 0xC7, 0x42, 0x08, 0x42, 0x08, 0x42, 0x08, 0x41, 0xE8, 0x42, 0x08, 0x42, 0x08, 0x42, 0x08, 0x42, 0x08, 0x42, 0x08,
  0x42, 0x08, 0x42, 0x08, 0x42, 0x08, 0x42, 0x08, 0x42, 0x08, 0x42, 0x08, 0x42, 0x28, 0x42, 0x08, 0x42, 0x08, 0x42, 0x08, 0x42, 0x08, 0x42, 0x08, 0x42, 0x08, 0x42, 0x08, 0x42, 0x08, 0x42, 0x08,
  0x42, 0x08, 0x42, 0x08, 0x42, 0x08, 0x42, 0x28, 0x42, 0x08, 0x42, 0x08, 0x42, 0x08, 0x42, 0x28, 0x42, 0x08, 0x42, 0x08, 0x42, 0x08, 0x42, 0x08, 0x42, 0x28, 0x42, 0x28, 0x42, 0x08, 0x42, 0x08,
  0x42, 0x08, 0x4A, 0x49, 0x4A, 0x69, 0x4A, 0x69, 0x4A, 0x69, 0x4A, 0x49, 0x42, 0x08, 0x39, 0xE7, 0x39, 0xE7, 0x39, 0xE7, 0x39, 0xE7, 0x39, 0xE7, 0x39, 0xE7, 0x39, 0xE7, 0x39, 0xC7, 0x39, 0xC7,
  0x39, 0xC7, 0x39, 0xC7, 0x39, 0xC7, 0x39, 0xC7, 0x39, 0xC7, 0x39, 0xC7, 0x39, 0xC7, 0x39, 0xC7, 0x31, 0xA6, 0x39, 0xA7, 0x39, 0xC7, 0x39, 0xC7, 0x39, 0xC7, 0x39, 0xA7, 0x39, 0xA7, 0x31, 0xA6,
  0x31, 0xA6, 0x31, 0xA6, 0x31, 0xA6, 0x31, 0xA6, 0x31, 0xA6, 0x31, 0xA6, 0x31, 0xA6, 0x31, 0xA6, 0x31, 0xA6, 0x31, 0xA6, 0x31, 0xA6, 0x31, 0x86, 0x31, 0x86, 0x31, 0x86, 0x31, 0x86, 0x31, 0x86,
  0x31, 0x86, 0x31, 0x86, 0x31, 0x86, 0x31, 0x86, 0x31, 0x86, 0x31, 0x86, 0x31, 0x86, 0x31, 0x86, 0x31, 0x86, 0x31, 0x86, 0x31, 0x86, 0x31, 0x86, 0x31, 0x86, 0x31, 0x86, 0x31, 0x86, 0x31, 0x86,
  0x31, 0x86, 0x31, 0x86, 0x31, 0x86, 0x31, 0xA6, 0x31, 0x86, 0x31, 0xA6, 0x31, 0xA6, 0x31, 0x86, 0x31, 0x86, 0x39, 0xE7, 0x4A, 0x69, 0x52, 0xAA, 0x52, 0xAA, 0x52, 0x8A, 0x42, 0x08, 0x31, 0x86,
  0x31, 0x86, 0x31, 0xA6, 0x31, 0xA6, 0x31, 0xA6, 0x31, 0xA6, 0x31, 0xA6, 0x31, 0xA6, 0x31, 0xA6, 0x31, 0xA6, 0x31, 0xA6, 0x39, 0xA7, 0x39, 0xA7, 0x31, 0xA6, 0x31, 0xA6, 0x39, 0xC7, 0x39, 0xA7,
  0x39, 0xA7, 0x31, 0xA6, 0x31, 0xA6, 0x31, 0xA6, 0x31, 0xA6, 0x39, 0xA7, 0x39, 0xC7, 0x39, 0xA7, 0x39, 0xA7, 0x39, 0xC7, 0x39, 0xC7, 0x39, 0xC7, 0x39, 0xC7, 0x39, 0xC7, 0x39, 0xC7, 0x39, 0xC7,
  0x39, 0xC7, 0x39, 0xC7, 0x39, 0xC7, 0x39, 0xC7, 0x39, 0xC7, 0x39, 0xC7, 0x39, 0xC7, 0x39, 0xA7, 0x39, 0xC7, 0x31, 0x66, 0x18, 0xC3, 0x18, 0xC2, 0x20, 0xC2, 0x20, 0xE3, 0x28, 0xE2, 0x31, 0x03,
  0x39, 0x02, 0x30, 0xC1, 0x9A, 0x84, 0xF4, 0x27, 0x48, 0xE1, 0x28, 0x60, 0x28, 0x80, 0x20, 0x60, 0x10, 0x40, 0x10, 0x20, 0x08, 0x20, 0x08, 0x00, 0x00, 0x00, 0x00, 0x00, 0x00, 0x00, 0x00, 0x00,
  0x00, 0x00, 0x00, 0x00, 0x00, 0x00, 0x00, 0x00, 0x00, 0x00, 0x00, 0x00, 0x00, 0x00, 0x00, 0x00, 0x00, 0x00, 0x00, 0x00, 0x00, 0x00, 0x00, 0x00, 0x00, 0x00, 0x00, 0x00, 0x00, 0x00, 0x00, 0x00,
  0x00, 0x00, 0x00, 0x00, 0x00, 0x00, 0x00, 0x00, 0x00, 0x00, 0x00, 0x00, 0x00, 0x00, 0x00, 0x00, 0x00, 0x00, 0x00, 0x00, 0x00, 0x00, 0x00, 0x00, 0x00, 0x00, 0x00, 0x00, 0x00, 0x00, 0x00, 0x00,
  0x00, 0x00, 0x00, 0x00, 0x00, 0x00, 0x00, 0x20, 0x08, 0x20, 0x10, 0x20, 0x10, 0x40, 0x20, 0x40, 0x20, 0x60, 0x28, 0x80, 0x30, 0x60, 0xCB, 0x46, 0xDB, 0xC6, 0x41, 0x02, 0x41, 0x43, 0x39, 0x43,
  0x31, 0x23, 0x31, 0x04, 0x29, 0x04, 0x21, 0x04, 0x18, 0xE3, 0x29, 0x65, 0x42, 0x08, 0x42, 0x08, 0x42, 0x08, 0x39, 0xE7, 0x39, 0xE7, 0x41, 0xE8, 0x41, 0xE8, 0x42, 0x08, 0x42, 0x08, 0x42, 0x08,
  0x42, 0x08, 0x42, 0x08, 0x42, 0x08, 0x42, 0x08, 0x42, 0x08, 0x42, 0x08, 0x42, 0x08, 0x42, 0x08, 0x42, 0x08, 0x42, 0x08, 0x42, 0x08, 0x42, 0x08, 0x42, 0x08, 0x42, 0x08, 0x42, 0x08, 0x42, 0x08,
  0x42, 0x08, 0x42, 0x08, 0x42, 0x08, 0x42, 0x08, 0x42, 0x08, 0x42, 0x08, 0x42, 0x08, 0x42, 0x08, 0x42, 0x08, 0x42, 0x08, 0x42, 0x08, 0x42, 0x08, 0x42, 0x08, 0x42, 0x08, 0x39, 0xE7, 0x42, 0x08,
  0x4A, 0x49, 0x4A, 0x69, 0x4A, 0x69, 0x4A, 0x69, 0x42, 0x28, 0x39, 0xE7, 0x39, 0xE7, 0x39, 0xE7, 0x39, 0xE7, 0x39, 0xE7, 0x39, 0xE7, 0x39, 0xE7, 0x39, 0xC7, 0x39, 0xC7, 0x39, 0xC7, 0x39, 0xC7,
  0x39, 0xC7, 0x39, 0xC7, 0x39, 0xC7, 0x39, 0xC7, 0x39, 0xC7, 0x39, 0xA7, 0x39, 0xA7, 0x39, 0xA7, 0x39, 0xA7, 0x39, 0xA7, 0x39, 0xA7, 0x39, 0xA7, 0x31, 0xA6, 0x31, 0xA6, 0x31, 0xA6, 0x31, 0xA6,
  0x31, 0xA6, 0x31, 0xA6, 0x31, 0xA6, 0x31, 0xA6, 0x31, 0xA6, 0x31, 0xA6, 0x31, 0x86, 0x31, 0x86, 0x31, 0x86, 0x31, 0x86, 0x31, 0x86, 0x31, 0x86, 0x31, 0x86, 0x31, 0x86, 0x31, 0x86, 0x31, 0x86,
  0x31, 0x86, 0x31, 0x86, 0x31, 0x86, 0x31, 0x86, 0x31, 0x86, 0x31, 0x86, 0x31, 0x86, 0x31, 0x86, 0x31, 0x86, 0x31, 0x86, 0x31, 0x86, 0x31, 0x86, 0x31, 0x86, 0x31, 0x86, 0x31, 0x86, 0x31, 0x86,
  0x31, 0x86, 0x31, 0x86, 0x31, 0x86, 0x31, 0x86, 0x31, 0x86, 0x31, 0x86, 0x31, 0x86, 0x31, 0xA6, 0x31, 0xA6, 0x31, 0x86, 0x31, 0x86, 0x42, 0x08, 0x52, 0x8A, 0x52, 0xAA, 0x52, 0xAA, 0x4A, 0x69,
  0x39, 0xC7, 0x31, 0x66, 0x31, 0x86, 0x31, 0x86, 0x31, 0xA6, 0x31, 0xA6, 0x31, 0xA6, 0x31, 0xA6, 0x31, 0xA6, 0x31, 0xA6, 0x31, 0xA6, 0x31, 0xA6, 0x31, 0xA6, 0x31, 0xA6, 0x31, 0xA6, 0x39, 0xA7,
  0x31, 0xA6, 0x31, 0xA6, 0x31, 0xA6, 0x31, 0xA6, 0x31, 0xA6, 0x31, 0xA6, 0x31, 0xA6, 0x31, 0xA6, 0x31, 0xA6, 0x31, 0xA6, 0x39, 0xC7, 0x39, 0xA7, 0x39, 0xA7, 0x39, 0xC7, 0x39, 0xC7, 0x39, 0xC7,
  0x39, 0xC7, 0x39, 0xC7, 0x39, 0xC7, 0x39, 0xC7, 0x39, 0xA7, 0x39, 0xA7, 0x31, 0xA6, 0x31, 0xA7, 0x31, 0xA6, 0x39, 0xC7, 0x21, 0x24, 0x10, 0xA2, 0x18, 0xC3, 0x20, 0xC3, 0x28, 0xE3, 0x28, 0xE2,
  0x31, 0x03, 0x39, 0x02, 0x38, 0xE2, 0xD3, 0x86, 0xCB, 0x66, 0x28, 0x60, 0x28, 0x80, 0x20, 0x60, 0x18, 0x40, 0x10, 0x40, 0x10, 0x20, 0x08, 0x20, 0x00, 0x00, 0x00, 0x00, 0x00, 0x00, 0x00, 0x00,
  0x00, 0x00, 0x00, 0x00, 0x00, 0x00, 0x00, 0x00, 0x00, 0x00, 0x00, 0x00, 0x00, 0x00, 0x00, 0x00, 0x00, 0x00, 0x00, 0x00, 0x00, 0x00, 0x00, 0x00, 0x00, 0x00, 0x00, 0x00, 0x00, 0x00, 0x00, 0x00,
  0x00, 0x00, 0x00, 0x00, 0x00, 0x00, 0x00, 0x00, 0x00, 0x00, 0x00, 0x00, 0x00, 0x00, 0x00, 0x00, 0x00, 0x00, 0x00, 0x00, 0x00, 0x00, 0x00, 0x00, 0x00, 0x00, 0x00, 0x00, 0x00, 0x00, 0x00, 0x00,
  0x00, 0x00, 0x00, 0x00, 0x00, 0x00, 0x08, 0x20, 0x08, 0x20, 0x10, 0x40, 0x18, 0x40, 0x20, 0x60, 0x28, 0x80, 0x20, 0x40, 0x8A, 0x23, 0xFC, 0x68, 0x61, 0x82, 0x41, 0x22, 0x41, 0x43, 0x39, 0x23,
  0x31, 0x23, 0x29, 0x04, 0x21, 0x03, 0x20, 0xE3, 0x21, 0x04, 0x39, 0xE7, 0x41, 0xE8, 0x41, 0xE8, 0x39, 0xE7, 0x39, 0xE7, 0x41, 0xE8, 0x41, 0xE8, 0x41, 0xE8, 0x41, 0xE8, 0x42, 0x08, 0x42, 0x08,
  0x41, 0xE8, 0x41, 0xE8, 0x42, 0x08, 0x42, 0x08, 0x42, 0x08, 0x41, 0xE8, 0x41, 0xE8, 0x42, 0x08, 0x41, 0xE8, 0x41, 0xE8, 0x42, 0x08, 0x42, 0x08, 0x42, 0x08, 0x42, 0x08, 0x41, 0xE8, 0x42, 0x08,
  0x42, 0x08, 0x42, 0x08, 0x42, 0x08, 0x41, 0xE8, 0x42, 0x08, 0x42, 0x08, 0x41, 0xE8, 0x42, 0x08, 0x42, 0x08, 0x42, 0x08, 0x42, 0x08, 0x42, 0x08, 0x41, 0xE8, 0x39, 0xE7, 0x42, 0x28, 0x4A, 0x49,
  0x4A, 0x49, 0x4A, 0x49, 0x4A, 0x29, 0x42, 0x08, 0x39, 0xC7, 0x39, 0xC7, 0x39, 0xE7, 0x39, 0xE7, 0x39, 0xE7, 0x39, 0xC7, 0x39, 0xC7, 0x39, 0xC7, 0x39, 0xC7, 0x39, 0xC7, 0x39, 0xC7, 0x39, 0xC7,
  0x39, 0xC7, 0x39, 0xC7, 0x39, 0xA7, 0x39, 0xA7, 0x39, 0xA7, 0x39, 0xC7, 0x31, 0xA6, 0x31, 0xA6, 0x31, 0xA6, 0x31, 0xA6, 0x31, 0xA6, 0x31, 0xA6, 0x31, 0xA6, 0x31, 0xA6, 0x31, 0xA6, 0x31, 0xA6,
  0x31, 0xA6, 0x31, 0xA6, 0x31, 0xA6, 0x31, 0x86, 0x31, 0x86, 0x31, 0x86, 0x31, 0x86, 0x31, 0x86, 0x31, 0x86, 0x31, 0x86, 0x31, 0x86, 0x31, 0x86, 0x31, 0x86, 0x31, 0x86, 0x31, 0x66, 0x31, 0x66,
  0x31, 0x86, 0x31, 0x66, 0x31, 0x66, 0x31, 0x86, 0x31, 0x86, 0x31, 0x86, 0x31, 0x86, 0x31, 0x86, 0x31, 0x86, 0x31, 0x86, 0x31, 0x86, 0x31, 0x66, 0x31, 0x66, 0x31, 0x66, 0x31, 0x86, 0x31, 0x86,
  0x31, 0x86, 0x31, 0x86, 0x31, 0x86, 0x31, 0x86, 0x31, 0x86, 0x31, 0x86, 0x31, 0x86, 0x31, 0x86, 0x31, 0x86, 0x31, 0x86, 0x31, 0x86, 0x31, 0x86, 0x31, 0xA6, 0x4A, 0x29, 0x52, 0x8A, 0x52, 0x8A,
  0x52, 0x8A, 0x42, 0x08, 0x31, 0x66, 0x31, 0x86, 0x31, 0xA6, 0x31, 0xA6, 0x31, 0xA6, 0x31, 0xA6, 0x31, 0x86, 0x31, 0x86, 0x31, 0x86, 0x31, 0x86, 0x31, 0xA6, 0x31, 0xA6, 0x31, 0x86, 0x31, 0xA6,
  0x31, 0xA6, 0x31, 0xA6, 0x31, 0xA6, 0x31, 0xA6, 0x31, 0xA6, 0x31, 0xA6, 0x31, 0xA6, 0x31, 0xA6, 0x31, 0xA6, 0x31, 0xA6, 0x31, 0xA6, 0x39, 0xA6, 0x31, 0xA6, 0x31, 0xA6, 0x39, 0xC7, 0x39, 0xA7,
  0x31, 0xA6, 0x39, 0xA7, 0x39, 0xC7, 0x39, 0xC7, 0x39, 0xA7, 0x31, 0xA6, 0x39, 0xA7, 0x31, 0xA6, 0x31, 0xA6, 0x31, 0xA6, 0x31, 0x86, 0x18, 0xC3, 0x18, 0xA2, 0x20, 0xC3, 0x20, 0xE3, 0x28, 0xE3,
  0x30, 0xE2, 0x39, 0x03, 0x38, 0xE2, 0x51, 0x62, 0xFC, 0x47, 0x8A, 0x23, 0x20, 0x40, 0x28, 0x80, 0x20, 0x60, 0x18, 0x40, 0x10, 0x40, 0x08, 0x20, 0x08, 0x20, 0x00, 0x00, 0x00, 0x00, 0x00, 0x00,
  0x00, 0x00, 0x00, 0x00, 0x00, 0x00, 0x00, 0x00, 0x00, 0x00, 0x00, 0x00, 0x00, 0x00, 0x00, 0x00, 0x00, 0x00, 0x00, 0x00, 0x00, 0x00, 0x00, 0x00, 0x00, 0x00, 0x00, 0x00, 0x00, 0x00, 0x00, 0x00,
  0x00, 0x00, 0x00, 0x00, 0x00, 0x00, 0x00, 0x00, 0x00, 0x00, 0x00, 0x00, 0x00, 0x00, 0x00, 0x00, 0x00, 0x00, 0x00, 0x00, 0x00, 0x00, 0x00, 0x00, 0x00, 0x00, 0x00, 0x00, 0x00, 0x00, 0x00, 0x00,
  0x00, 0x00, 0x00, 0x00, 0x08, 0x00, 0x08, 0x20, 0x10, 0x20, 0x18, 0x40, 0x20, 0x60, 0x28, 0x80, 0x28, 0x60, 0x51, 0x01, 0xFC, 0x47, 0x92, 0x63, 0x39, 0x02, 0x41, 0x43, 0x39, 0x23, 0x31, 0x23,
  0x29, 0x03, 0x21, 0x03, 0x21, 0x03, 0x18, 0xE3, 0x31, 0x86, 0x42, 0x08, 0x39, 0xE7, 0x39, 0xE7, 0x39, 0xE7, 0x39, 0xE7, 0x39, 0xE7, 0x39, 0xE7, 0x39, 0xE7, 0x41, 0xE8, 0x41, 0xE8, 0x41, 0xE8,
  0x41, 0xE8, 0x41, 0xE8, 0x42, 0x08, 0x42, 0x08, 0x41, 0xE8, 0x41, 0xE8, 0x42, 0x08, 0x39, 0xE7, 0x39, 0xE7, 0x42, 0x08, 0x41, 0xE8, 0x42, 0x08, 0x39, 0xE7, 0x41, 0xE8, 0x42, 0x08, 0x42, 0x08,
  0x42, 0x08, 0x41, 0xE8, 0x41, 0xE8, 0x42, 0x08, 0x41, 0xE8, 0x39, 0xE7, 0x41, 0xE8, 0x42, 0x08, 0x42, 0x08, 0x42, 0x08, 0x42, 0x08, 0x39, 0xE7, 0x41, 0xE8, 0x4A, 0x49, 0x4A, 0x69, 0x4A, 0x49,
  0x4A, 0x49, 0x42, 0x08, 0x39, 0xC7, 0x39, 0xC7, 0x39, 0xC7, 0x39, 0xE7, 0x39, 0xE7, 0x39, 0xC7, 0x39, 0xC7, 0x39, 0xC7, 0x39, 0xC7, 0x39, 0xC7, 0x39, 0xC7, 0x39, 0xC7, 0x39, 0xC7, 0x39, 0xA7,
  0x39, 0xA7, 0x39, 0xA7, 0x39, 0xA7, 0x39, 0xA7, 0x39, 0xA7, 0x31, 0xA6, 0x31, 0xA6, 0x31, 0xA6, 0x31, 0xA6, 0x31, 0xA6, 0x31, 0xA6, 0x31, 0xA6, 0x31, 0xA6, 0x31, 0xA6, 0x31, 0xA6, 0x31, 0x86,
  0x31, 0x86, 0x31, 0x86, 0x31, 0x86, 0x31, 0x86, 0x31, 0x86, 0x31, 0x86, 0x31, 0x86, 0x31, 0x86, 0x31, 0x86, 0x31, 0x86, 0x31, 0x86, 0x31, 0x66, 0x31, 0x66, 0x31, 0x66, 0x31, 0x66, 0x31, 0x66,
  0x31, 0x66, 0x31, 0x66, 0x29, 0x65, 0x31, 0x66, 0x31, 0x66, 0x31, 0x66, 0x29, 0x65, 0x31, 0x66, 0x29, 0x65, 0x31, 0x66, 0x31, 0x86, 0x31, 0x66, 0x31, 0x66, 0x31, 0x66, 0x31, 0x66, 0x31, 0x66,
  0x29, 0x65, 0x31, 0x66, 0x31, 0x66, 0x31, 0x86, 0x31, 0x86, 0x31, 0x66, 0x31, 0x86, 0x31, 0x86, 0x31, 0x86, 0x31, 0x86, 0x31, 0x86, 0x31, 0x86, 0x31, 0x66, 0x29, 0x65, 0x39, 0xE7, 0x4A, 0x69,
  0x52, 0x8A, 0x52, 0x8A, 0x4A, 0x49, 0x31, 0x86, 0x31, 0x66, 0x31, 0x86, 0x31, 0x86, 0x31, 0xA6, 0x31, 0x86, 0x31, 0x86, 0x31, 0x86, 0x31, 0x86, 0x31, 0x86, 0x31, 0xA6, 0x31, 0xA6, 0x31, 0x86,
  0x31, 0xA6, 0x31, 0xA6, 0x31, 0xA6, 0x31, 0xA6, 0x31, 0xA6, 0x31, 0xA6, 0x31, 0xA6, 0x31, 0xA6, 0x31, 0xA6, 0x31, 0xA6, 0x31, 0xA6, 0x31, 0xA6, 0x39, 0xA7, 0x31, 0xA6, 0x31, 0xA7, 0x39, 0xA7,
  0x31, 0xA6, 0x31, 0xA6, 0x31, 0xA6, 0x39, 0xA7, 0x39, 0xA7, 0x31, 0xA6, 0x31, 0xA6, 0x31, 0xA6, 0x31, 0xA6, 0x31, 0xA6, 0x39, 0xA6, 0x29, 0x24, 0x10, 0xA2, 0x18, 0xC2, 0x20, 0xC3, 0x20, 0xE3,
  0x28, 0xE3, 0x31, 0x03, 0x39, 0x23, 0x30, 0xC2, 0x8A, 0x43, 0xFC, 0x48, 0x51, 0x01, 0x28, 0x60, 0x28, 0x80, 0x20, 0x60, 0x18, 0x40, 0x10, 0x20, 0x08, 0x20, 0x08, 0x00, 0x00, 0x00, 0x00, 0x00,
  0x00, 0x00, 0x00, 0x00, 0x00, 0x00, 0x00, 0x00, 0x00, 0x00, 0x00, 0x00, 0x00, 0x00, 0x00, 0x00, 0x00, 0x00, 0x00, 0x00, 0x00, 0x00, 0x00, 0x00, 0x00, 0x00, 0x00, 0x00, 0x00, 0x00, 0x00, 0x00,
  0x00, 0x00, 0x00, 0x00, 0x00, 0x00, 0x00, 0x00, 0x00, 0x00, 0x00, 0x00, 0x00, 0x00, 0x00, 0x00, 0x00, 0x00, 0x00, 0x00, 0x00, 0x00, 0x00, 0x00, 0x00, 0x00, 0x00, 0x00, 0x00, 0x00, 0x00, 0x00,
  0x00, 0x00, 0x00, 0x00, 0x08, 0x20, 0x10, 0x20, 0x10, 0x40, 0x18, 0x40, 0x20, 0x60, 0x28, 0x80, 0x28, 0x60, 0xCB, 0x46, 0xD3, 0xA6, 0x41, 0x02, 0x41, 0x43, 0x39, 0x23, 0x31, 0x23, 0x29, 0x03,
  0x20, 0xE3, 0x20, 0xE3, 0x20, 0xE3, 0x21, 0x24, 0x39, 0xE7, 0x39, 0xE7, 0x39, 0xE7, 0x39, 0xC7, 0x39, 0xE7, 0x39, 0xE7, 0x39, 0xE7, 0x39, 0xE7, 0x39, 0xE7, 0x39, 0xE7, 0x39, 0xE7, 0x39, 0xE7,
  0x41, 0xE8, 0x39, 0xE7, 0x42, 0x08, 0x39, 0xE7, 0x39, 0xE7, 0x41, 0xE8, 0x39, 0xE7, 0x39, 0xE7, 0x42, 0x08, 0x39, 0xE7, 0x41, 0xE8, 0x39, 0xE7, 0x39, 0xE7, 0x41, 0xE8, 0x41, 0xE8, 0x42, 0x08,
  0x39, 0xE7, 0x39, 0xE7, 0x42, 0x08, 0x39, 0xE7, 0x41, 0xE8, 0x41, 0xE8, 0x41, 0xE8, 0x41, 0xE8, 0x41, 0xE8, 0x39, 0xE7, 0x39, 0xC7, 0x42, 0x08, 0x4A, 0x49, 0x4A, 0x49, 0x4A, 0x69, 0x4A, 0x49,
  0x39, 0xE7, 0x39, 0xC7, 0x39, 0xC7, 0x39, 0xC7, 0x39, 0xE7, 0x39, 0xC7, 0x39, 0xC7, 0x39, 0xC7, 0x39, 0xC7, 0x39, 0xC7, 0x39, 0xC7, 0x39, 0xC7, 0x39, 0xC7, 0x39, 0xA7, 0x39, 0xA7, 0x39, 0xC7,
  0x39, 0xC7, 0x39, 0xA7, 0x31, 0xA6, 0x39, 0xA7, 0x39, 0xA7, 0x31, 0xA6, 0x31, 0xA6, 0x31, 0xA6, 0x31, 0xA6, 0x31, 0xA6, 0x31, 0x86, 0x31, 0x86, 0x31, 0x86, 0x31, 0x86, 0x31, 0x86, 0x31, 0x86,
  0x31, 0x86, 0x31, 0x86, 0x31, 0x86, 0x31, 0x86, 0x31, 0x86, 0x31, 0x86, 0x31, 0x86, 0x31, 0x86, 0x31, 0x86, 0x31, 0x86, 0x31, 0x86, 0x31, 0x66, 0x31, 0x66, 0x31, 0x66, 0x31, 0x66, 0x31, 0x66,
  0x29, 0x65, 0x31, 0x66, 0x29, 0x65, 0x29, 0x65, 0x29, 0x65, 0x29, 0x65, 0x29, 0x65, 0x29, 0x65, 0x29, 0x65, 0x29, 0x65, 0x29, 0x65, 0x29, 0x65, 0x29, 0x65, 0x31, 0x66, 0x29, 0x65, 0x31, 0x66,
  0x29, 0x65, 0x31, 0x66, 0x31, 0x66, 0x31, 0x66, 0x31, 0x66, 0x31, 0x86, 0x31, 0x86, 0x31, 0x86, 0x31, 0x86, 0x31, 0x86, 0x31, 0x86, 0x31, 0x86, 0x31, 0x86, 0x31, 0x86, 0x29, 0x65, 0x31, 0x86,
  0x4A, 0x49, 0x52, 0x8A, 0x52, 0x8A, 0x4A, 0x69, 0x39, 0xA7, 0x29, 0x65, 0x31, 0x86, 0x31, 0x86, 0x31, 0x86, 0x31, 0x86, 0x31, 0x86, 0x31, 0x86, 0x31, 0x86, 0x31, 0x86, 0x31, 0x86, 0x31, 0x86,
  0x31, 0xA6, 0x31, 0x86, 0x31, 0xA6, 0x31, 0x86, 0x31, 0xA6, 0x31, 0xA6, 0x31, 0xA6, 0x31, 0xA6, 0x31, 0xA6, 0x31, 0xA6, 0x31, 0xA6, 0x31, 0xA6, 0x31, 0xA6, 0x39, 0xA6, 0x31, 0xA6, 0x31, 0xA6,
  0x39, 0xA7, 0x31, 0xA6, 0x31, 0xA6, 0x31, 0xA6, 0x39, 0xA7, 0x31, 0xA6, 0x31, 0xA6, 0x31, 0xA6, 0x31, 0xA6, 0x31, 0xA6, 0x31, 0xA6, 0x31, 0x86, 0x18, 0xC3, 0x18, 0xA2, 0x18, 0xA2, 0x20, 0xC3,
  0x28, 0xE3, 0x28, 0xE2, 0x31, 0x02, 0x39, 0x02, 0x38, 0xC1, 0xCB, 0x66, 0xD3, 0x66, 0x28, 0x60, 0x28, 0x80, 0x20, 0x60, 0x18, 0x40, 0x10, 0x20, 0x08, 0x20, 0x08, 0x20, 0x00, 0x00, 0x00, 0x00,
  0x00, 0x00, 0x00, 0x00, 0x00, 0x00, 0x00, 0x00, 0x00, 0x00, 0x00, 0x00, 0x00, 0x00, 0x00, 0x00, 0x00, 0x00, 0x00, 0x00, 0x00, 0x00, 0x00, 0x00, 0x00, 0x00, 0x00, 0x00, 0x00, 0x00, 0x00, 0x00,
  0x00, 0x00, 0x00, 0x00, 0x00, 0x00, 0x00, 0x00, 0x00, 0x00, 0x00, 0x00, 0x00, 0x00, 0x00, 0x00, 0x00, 0x00, 0x00, 0x00, 0x00, 0x00, 0x00, 0x00, 0x00, 0x00, 0x00, 0x00, 0x00, 0x00, 0x00, 0x00,
  0x00, 0x00, 0x08, 0x00, 0x08, 0x20, 0x10, 0x20, 0x18, 0x40, 0x20, 0x60, 0x28, 0x80, 0x20, 0x40, 0x82, 0x03, 0xFC, 0x68, 0x61, 0x82, 0x41, 0x22, 0x41, 0x43, 0x39, 0x23, 0x31, 0x03, 0x29, 0x03,
  0x20, 0xE3, 0x20, 0xE3, 0x18, 0xE3, 0x31, 0x86, 0x39, 0xE7, 0x39, 0xC7, 0x39, 0xC7, 0x39, 0xC7, 0x39, 0xC7, 0x39, 0xE7, 0x39, 0xE7, 0x39, 0xE7, 0x39, 0xE7, 0x39, 0xE7, 0x39, 0xE7, 0x39, 0xE7,
  0x39, 0xE7, 0x41, 0xE8, 0x39, 0xE7, 0x39, 0xE7, 0x39, 0xE7, 0x39, 0xE7, 0x39, 0xE7, 0x41, 0xE8, 0x39, 0xE7, 0x39, 0xE7, 0x39, 0xE7, 0x39, 0xE7, 0x39, 0xE7, 0x39, 0xE7, 0x41, 0xE8, 0x39, 0xE7,
  0x39, 0xE7, 0x39, 0xE7, 0x39, 0xE7, 0x39, 0xE7, 0x39, 0xE7, 0x39, 0xE7, 0x39, 0xE7, 0x39, 0xE7, 0x39, 0xE7, 0x39, 0xC7, 0x42, 0x08, 0x4A, 0x49, 0x4A, 0x49, 0x4A, 0x49, 0x42, 0x28, 0x39, 0xC7,
  0x39, 0xC7, 0x39, 0xE7, 0x39, 0xE7, 0x39, 0xC7, 0x39, 0xC7, 0x39, 0xC7, 0x39, 0xC7, 0x39, 0xC7, 0x39, 0xC7, 0x39, 0xC7, 0x39, 0xC7, 0x39, 0xA7, 0x39, 0xA7, 0x39, 0xC7, 0x39, 0xC7, 0x39, 0xC7,
  0x39, 0xC7, 0x39, 0xC7, 0x39, 0xA7, 0x31, 0xA6, 0x31, 0xA6, 0x31, 0xA6, 0x31, 0x86, 0x31, 0x86, 0x31, 0x86, 0x31, 0x86, 0x31, 0x86, 0x31, 0x86, 0x31, 0x86, 0x31, 0x86, 0x31, 0x86, 0x31, 0x86,
  0x31, 0x86, 0x31, 0x86, 0x31, 0x86, 0x31, 0x86, 0x31, 0x86, 0x31, 0x86, 0x31, 0x86, 0x31, 0x86, 0x31, 0x86, 0x31, 0x66, 0x31, 0x66, 0x31, 0x66, 0x29, 0x65, 0x29, 0x65, 0x29, 0x65, 0x29, 0x65,
  0x29, 0x65, 0x29, 0x65, 0x29, 0x65, 0x29, 0x65, 0x29, 0x65, 0x29, 0x65, 0x29, 0x65, 0x29, 0x65, 0x29, 0x65, 0x29, 0x65, 0x29, 0x65, 0x29, 0x65, 0x29, 0x65, 0x29, 0x65, 0x29, 0x65, 0x29, 0x65,
  0x29, 0x65, 0x29, 0x65, 0x31, 0x66, 0x29, 0x65, 0x29, 0x65, 0x29, 0x65, 0x29, 0x65, 0x31, 0x86, 0x31, 0x66, 0x29, 0x65, 0x29, 0x65, 0x31, 0x66, 0x31, 0x66, 0x31, 0x66, 0x31, 0x66, 0x29, 0x65,
  0x29, 0x65, 0x42, 0x08, 0x52, 0x8A, 0x52, 0x8A, 0x52, 0x8A, 0x39, 0xC7, 0x29, 0x65, 0x31, 0x86, 0x31, 0x86, 0x31, 0x86, 0x31, 0x86, 0x31, 0x86, 0x31, 0x86, 0x31, 0x86, 0x31, 0x86, 0x31, 0x86,
  0x31, 0x86, 0x31, 0x86, 0x31, 0x86, 0x31, 0xA6, 0x31, 0xA6, 0x31, 0xA6, 0x31, 0xA6, 0x31, 0xA6, 0x31, 0xA6, 0x31, 0xA6, 0x31, 0x86, 0x31, 0xA6, 0x31, 0x86, 0x31, 0xA6, 0x31, 0xA6, 0x31, 0xA6,
  0x31, 0xA6, 0x39, 0xA6, 0x31, 0xA6, 0x31, 0xA6, 0x31, 0xA6, 0x31, 0xA6, 0x31, 0xA6, 0x31, 0xA6, 0x31, 0xA6, 0x31, 0x86, 0x31, 0x86, 0x31, 0xA6, 0x29, 0x45, 0x18, 0xA2, 0x18, 0xA3, 0x18, 0xC3,
  0x20, 0xC3, 0x28, 0xE3, 0x28, 0xE2, 0x39, 0x03, 0x38, 0xE2, 0x59, 0x62, 0xFC, 0x47, 0x8A, 0x03, 0x20, 0x40, 0x28, 0x80, 0x20, 0x60, 0x18, 0x40, 0x10, 0x20, 0x08, 0x20, 0x08, 0x00, 0x00, 0x00,
  0x00, 0x00, 0x00, 0x00, 0x00, 0x00, 0x00, 0x00, 0x00, 0x00, 0x00, 0x00, 0x00, 0x00, 0x00, 0x00, 0x00, 0x00, 0x00, 0x00, 0x00, 0x00, 0x00, 0x00, 0x00, 0x00, 0x00, 0x00, 0x00, 0x00, 0x00, 0x00,
  0x00, 0x00, 0x00, 0x00, 0x00, 0x00, 0x00, 0x00, 0x00, 0x00, 0x00, 0x00, 0x00, 0x00, 0x00, 0x00, 0x00, 0x00, 0x00, 0x00, 0x00, 0x00, 0x00, 0x00, 0x00, 0x00, 0x00, 0x00, 0x00, 0x00, 0x00, 0x00,
  0x08, 0x00, 0x08, 0x20, 0x10, 0x20, 0x10, 0x40, 0x20, 0x60, 0x28, 0x80, 0x28, 0x80, 0x48, 0xC1, 0xF4, 0x27, 0x9A, 0xA4, 0x38, 0xE2, 0x41, 0x43, 0x39, 0x23, 0x31, 0x03, 0x29, 0x03, 0x20, 0xE3,
  0x20, 0xE3, 0x18, 0xE3, 0x21, 0x24, 0x39, 0xE7, 0x39, 0xC7, 0x39, 0xC7, 0x39, 0xC7, 0x39, 0xC7, 0x39, 0xC7, 0x39, 0xC7, 0x39, 0xE7, 0x39, 0xE7, 0x39, 0xE7, 0x39, 0xE7, 0x39, 0xE7, 0x39, 0xE7,
  0x39, 0xE7, 0x39, 0xE7, 0x39, 0xE7, 0x39, 0xE7, 0x39, 0xE7, 0x39, 0xE7, 0x41, 0xE8, 0x39, 0xE7, 0x39, 0xE7, 0x39, 0xE7, 0x39, 0xE7, 0x39, 0xE7, 0x39, 0xE7, 0x39, 0xE7, 0x39, 0xC7, 0x39, 0xE7,
  0x39, 0xE7, 0x39, 0xC7, 0x39, 0xE7, 0x39, 0xE7, 0x39, 0xE7, 0x39, 0xE7, 0x39, 0xE7, 0x39, 0xC7, 0x39, 0xC7, 0x42, 0x08, 0x4A, 0x49, 0x4A, 0x49, 0x4A, 0x49, 0x41, 0xE8, 0x39, 0xC7, 0x39, 0xC7,
  0x39, 0xE7, 0x39, 0xE7, 0x39, 0xE7, 0x39, 0xC7, 0x39, 0xC7, 0x39, 0xC7, 0x39, 0xC7, 0x39, 0xC7, 0x39, 0xA7, 0x39, 0xA7, 0x39, 0xC7, 0x39, 0xC7, 0x39, 0xC7, 0x39, 0xA7, 0x39, 0xC7, 0x39, 0xC7,
  0x39, 0xA7, 0x31, 0xA6, 0x31, 0xA6, 0x31, 0xA6, 0x31, 0xA6, 0x31, 0xA6, 0x31, 0xA6, 0x31, 0x86, 0x31, 0xA6, 0x31, 0x86, 0x31, 0xA6, 0x31, 0x86, 0x31, 0x86, 0x31, 0x86, 0x31, 0x86, 0x31, 0x86,
  0x31, 0x86, 0x31, 0x86, 0x31, 0x86, 0x31, 0x86, 0x31, 0x86, 0x31, 0x86, 0x31, 0x66, 0x31, 0x66, 0x29, 0x65, 0x29, 0x65, 0x29, 0x65, 0x29, 0x65, 0x29, 0x65, 0x29, 0x65, 0x29, 0x65, 0x29, 0x65,
  0x29, 0x65, 0x29, 0x65, 0x29, 0x65, 0x29, 0x65, 0x29, 0x65, 0x29, 0x65, 0x29, 0x65, 0x29, 0x65, 0x29, 0x65, 0x29, 0x45, 0x29, 0x65, 0x29, 0x65, 0x29, 0x65, 0x29, 0x65, 0x29, 0x65, 0x29, 0x65,
  0x29, 0x65, 0x29, 0x65, 0x29, 0x65, 0x29, 0x65, 0x29, 0x65, 0x29, 0x65, 0x29, 0x65, 0x29, 0x65, 0x29, 0x65, 0x29, 0x65, 0x29, 0x65, 0x29, 0x65, 0x29, 0x65, 0x29, 0x65, 0x29, 0x65, 0x31, 0x66,
  0x29, 0x65, 0x29, 0x65, 0x39, 0xC7, 0x4A, 0x69, 0x52, 0x8A, 0x52, 0x8A, 0x42, 0x08, 0x29, 0x65, 0x31, 0x66, 0x31, 0x86, 0x31, 0x86, 0x31, 0x86, 0x31, 0x86, 0x31, 0x86, 0x31, 0x86, 0x31, 0x86,
  0x31, 0x86, 0x31, 0x86, 0x31, 0x86, 0x31, 0x86, 0x31, 0xA6, 0x31, 0x86, 0x31, 0xA6, 0x31, 0xA6, 0x31, 0x86, 0x31, 0xA6, 0x31, 0x86, 0x31, 0x86, 0x31, 0xA6, 0x31, 0x86, 0x31, 0xA6, 0x31, 0xA6,
  0x31, 0xA6, 0x31, 0xA6, 0x31, 0xA6, 0x31, 0xA6, 0x31, 0xA6, 0x31, 0xA6, 0x31, 0xA6, 0x31, 0xA6, 0x31, 0xA6, 0x31, 0x86, 0x31, 0x86, 0x31, 0x86, 0x31, 0x86, 0x18, 0xC3, 0x18, 0xA3, 0x18, 0xA2,
  0x20, 0xC3, 0x20, 0xC3, 0x28, 0xE3, 0x30, 0xE3, 0x39, 0x02, 0x30, 0xC1, 0x92, 0x83, 0xF4, 0x27, 0x48, 0xC1, 0x28, 0x60, 0x28, 0x80, 0x18, 0x60, 0x10, 0x40, 0x10, 0x20, 0x08, 0x20, 0x00, 0x00,
  0x00, 0x00, 0x00, 0x00, 0x00, 0x00, 0x00, 0x00, 0x00, 0x00, 0x00, 0x00, 0x00, 0x00, 0x00, 0x00, 0x00, 0x00, 0x00, 0x00, 0x00, 0x00, 0x00, 0x00, 0x00, 0x00, 0x00, 0x00, 0x00, 0x00, 0x00, 0x00,
  0x00, 0x00, 0x00, 0x00, 0x00, 0x00, 0x00, 0x00, 0x00, 0x00, 0x00, 0x00, 0x00, 0x00, 0x00, 0x00, 0x00, 0x00, 0x00, 0x00, 0x00, 0x00, 0x00, 0x00, 0x00, 0x00, 0x00, 0x00, 0x00, 0x00, 0x00, 0x00,
  0x08, 0x00, 0x08, 0x20, 0x10, 0x20, 0x18, 0x40, 0x20, 0x60, 0x30, 0x80, 0x28, 0x60, 0xB3, 0x04, 0xE3, 0xE6, 0x49, 0x02, 0x41, 0x43, 0x39, 0x23, 0x31, 0x23, 0x29, 0x03, 0x20, 0xE3, 0x20, 0xE3,
  0x20, 0xE3, 0x18, 0xC3, 0x31, 0x86, 0x39, 0xC7, 0x39, 0xC7, 0x39, 0xC7, 0x39, 0xC7, 0x39, 0xC7, 0x39, 0xC7, 0x39, 0xC7, 0x39, 0xC7, 0x39, 0xC7, 0x39, 0xE7, 0x39, 0xC7, 0x39, 0xE7, 0x39, 0xE7,
  0x39, 0xE7, 0x39, 0xC7, 0x39, 0xE7, 0x39, 0xE7, 0x39, 0xC7, 0x39, 0xE7, 0x39, 0xE7, 0x39, 0xE7, 0x39, 0xE7, 0x39, 0xC7, 0x39, 0xE7, 0x39, 0xE7, 0x39, 0xE7, 0x39, 0xC7, 0x39, 0xE7, 0x39, 0xE7,
  0x39, 0xC7, 0x39, 0xC7, 0x39, 0xE7, 0x39, 0xE7, 0x39, 0xE7, 0x39, 0xE7, 0x39, 0xC7, 0x39, 0xC7, 0x42, 0x08, 0x4A, 0x49, 0x4A, 0x49, 0x4A, 0x29, 0x39, 0xC7, 0x39, 0xA7, 0x39, 0xC7, 0x39, 0xC7,
  0x39, 0xE7, 0x39, 0xC7, 0x39, 0xC7, 0x39, 0xC7, 0x39, 0xC7, 0x39, 0xA7, 0x39, 0xA7, 0x31, 0xA6, 0x31, 0xA6, 0x39, 0xA7, 0x39, 0xC7, 0x39, 0xA7, 0x39, 0xA7, 0x39, 0xA7, 0x39, 0xA7, 0x31, 0xA6,
  0x31, 0xA6, 0x31, 0xA6, 0x31, 0xA6, 0x31, 0xA6, 0x31, 0xA6, 0x31, 0xA6, 0x31, 0xA6, 0x31, 0x86, 0x31, 0x86, 0x31, 0x86, 0x31, 0x86, 0x31, 0x86, 0x31, 0x86, 0x31, 0x86, 0x31, 0x86, 0x31, 0x86,
  0x31, 0x86, 0x31, 0x86, 0x31, 0x86, 0x31, 0x86, 0x31, 0x66, 0x31, 0x66, 0x31, 0x66, 0x29, 0x65, 0x29, 0x65, 0x29, 0x65, 0x29, 0x65, 0x29, 0x65, 0x29, 0x65, 0x29, 0x65, 0x29, 0x65, 0x29, 0x65,
  0x29, 0x45, 0x29, 0x65, 0x29, 0x65, 0x29, 0x45, 0x29, 0x45, 0x29, 0x45, 0x29, 0x45, 0x29, 0x45, 0x29, 0x45, 0x29, 0x45, 0x29, 0x45, 0x29, 0x45, 0x29, 0x45, 0x29, 0x45, 0x29, 0x45, 0x29, 0x65,
  0x29, 0x45, 0x29, 0x45, 0x29, 0x65, 0x29, 0x65, 0x29, 0x65, 0x29, 0x65, 0x29, 0x65, 0x29, 0x65, 0x29, 0x45, 0x29, 0x65, 0x29, 0x65, 0x29, 0x65, 0x29, 0x65, 0x29, 0x65, 0x29, 0x65, 0x29, 0x65,
  0x29, 0x65, 0x31, 0x66, 0x29, 0x45, 0x31, 0x86, 0x4A, 0x69, 0x52, 0x8A, 0x52, 0xAA, 0x42, 0x28, 0x29, 0x65, 0x29, 0x65, 0x31, 0x86, 0x31, 0x66, 0x31, 0x86, 0x31, 0x86, 0x31, 0x86, 0x31, 0x86,
  0x31, 0x86, 0x31, 0x86, 0x31, 0x86, 0x31, 0x86, 0x31, 0x86, 0x31, 0xA6, 0x31, 0x86, 0x31, 0xA6, 0x31, 0x86, 0x31, 0x86, 0x31, 0x86, 0x31, 0x86, 0x31, 0x86, 0x31, 0x86, 0x31, 0x86, 0x31, 0xA6,
  0x31, 0xA6, 0x31, 0xA6, 0x31, 0xA6, 0x31, 0xA6, 0x31, 0xA6, 0x31, 0xA6, 0x31, 0xA6, 0x31, 0xA6, 0x31, 0x86, 0x31, 0x86, 0x31, 0x86, 0x31, 0x86, 0x31, 0x86, 0x29, 0x25, 0x18, 0xA3, 0x18, 0xA2,
  0x18, 0xA2, 0x20, 0xC3, 0x28, 0xE3, 0x28, 0xE2, 0x30, 0xE2, 0x39, 0x02, 0x40, 0xE1, 0xDB, 0xC6, 0xBA, 0xE4, 0x20, 0x40, 0x28, 0x80, 0x20, 0x60, 0x18, 0x40, 0x10, 0x20, 0x08, 0x20, 0x08, 0x20,
  0x00, 0x00, 0x00, 0x00, 0x00, 0x00, 0x00, 0x00, 0x00, 0x00, 0x00, 0x00, 0x00, 0x00, 0x00, 0x00, 0x00, 0x00, 0x00, 0x00, 0x00, 0x00, 0x00, 0x00, 0x00, 0x00, 0x00, 0x00, 0x00, 0x00, 0x00, 0x00,
  0x00, 0x00, 0x00, 0x00, 0x00, 0x00, 0x00, 0x00, 0x00, 0x00, 0x00, 0x00, 0x00, 0x00, 0x00, 0x00, 0x00, 0x00, 0x00, 0x00, 0x00, 0x00, 0x00, 0x00, 0x00, 0x00, 0x00, 0x00, 0x00, 0x00, 0x00, 0x00,
  0x08, 0x20, 0x10, 0x20, 0x18, 0x40, 0x20, 0x60, 0x28, 0x80, 0x20, 0x60, 0x61, 0x62, 0xFC, 0x67, 0x71, 0xE3, 0x39, 0x02, 0x41, 0x43, 0x39, 0x23, 0x31, 0x03, 0x28, 0xE3, 0x20, 0xE3, 0x20, 0xE3,
  0x18, 0xC3, 0x21, 0x04, 0x39, 0xC7, 0x39, 0xC7, 0x31, 0xA6, 0x39, 0xC7, 0x39, 0xC7, 0x39, 0xC7, 0x39, 0xC7, 0x39, 0xC7, 0x39, 0xC7, 0x39, 0xC7, 0x39, 0xC7, 0x39, 0xC7, 0x39, 0xC7, 0x39, 0xE7,
  0x39, 0xC7, 0x39, 0xC7, 0x39, 0xE7, 0x39, 0xC7, 0x39, 0xE7, 0x39, 0xE7, 0x39, 0xC7, 0x39, 0xC7, 0x39, 0xC7, 0x39, 0xC7, 0x39, 0xE7, 0x39, 0xC7, 0x39, 0xC7, 0x39, 0xC7, 0x39, 0xC7, 0x39, 0xC7,
  0x39, 0xC7, 0x39, 0xC7, 0x39, 0xC7, 0x39, 0xC7, 0x39, 0xC7, 0x39, 0xC7, 0x39, 0xC7, 0x42, 0x08, 0x4A, 0x29, 0x4A, 0x49, 0x42, 0x28, 0x39, 0xC7, 0x31, 0xA6, 0x39, 0xC7, 0x39, 0xC7, 0x39, 0xC7,
  0x39, 0xC7, 0x39, 0xC7, 0x39, 0xC7, 0x39, 0xA7, 0x39, 0xA7, 0x39, 0xA7, 0x39, 0xA7, 0x39, 0xA7, 0x39, 0xC7, 0x39, 0xA7, 0x39, 0xA7, 0x39, 0xA7, 0x31, 0xA6, 0x31, 0xA6, 0x31, 0xA6, 0x31, 0xA6,
  0x31, 0xA6, 0x31, 0xA6, 0x31, 0xA6, 0x31, 0xA6, 0x31, 0xA6, 0x31, 0xA6, 0x31, 0x86, 0x31, 0x86, 0x31, 0x86, 0x31, 0x86, 0x31, 0x86, 0x31, 0x86, 0x31, 0x86, 0x31, 0x86, 0x31, 0x86, 0x31, 0x86,
  0x31, 0x86, 0x31, 0x86, 0x31, 0x66, 0x31, 0x66, 0x31, 0x66, 0x29, 0x65, 0x29, 0x65, 0x29, 0x65, 0x29, 0x65, 0x29, 0x65, 0x29, 0x65, 0x29, 0x45, 0x29, 0x45, 0x29, 0x45, 0x29, 0x45, 0x29, 0x65,
  0x29, 0x45, 0x29, 0x65, 0x29, 0x45, 0x29, 0x45, 0x29, 0x45, 0x29, 0x45, 0x29, 0x45, 0x29, 0x45, 0x29, 0x45, 0x29, 0x45, 0x29, 0x45, 0x29, 0x45, 0x29, 0x45, 0x29, 0x45, 0x29, 0x45, 0x29, 0x45,
  0x29, 0x45, 0x29, 0x45, 0x29, 0x45, 0x29, 0x45, 0x29, 0x45, 0x29, 0x45, 0x29, 0x65, 0x29, 0x65, 0x29, 0x65, 0x29, 0x65, 0x29, 0x45, 0x29, 0x65, 0x29, 0x65, 0x29, 0x65, 0x29, 0x65, 0x29, 0x65,
  0x29, 0x65, 0x29, 0x65, 0x29, 0x65, 0x29, 0x45, 0x29, 0x65, 0x4A, 0x49, 0x52, 0x8A, 0x52, 0xAA, 0x4A, 0x29, 0x29, 0x65, 0x29, 0x65, 0x31, 0x66, 0x31, 0x66, 0x31, 0x86, 0x31, 0x86, 0x31, 0x86,
  0x31, 0x86, 0x31, 0x86, 0x31, 0x86, 0x31, 0x86, 0x31, 0x86, 0x31, 0x86, 0x31, 0x86, 0x31, 0x86, 0x31, 0x86, 0x31, 0x86, 0x31, 0x86, 0x31, 0x86, 0x31, 0x86, 0x31, 0x86, 0x31, 0x86, 0x31, 0x86,
  0x31, 0xA6, 0x31, 0x86, 0x31, 0x86, 0x31, 0xA6, 0x31, 0xA6, 0x31, 0x86, 0x31, 0xA6, 0x31, 0xA6, 0x31, 0xA6, 0x31, 0x86, 0x31, 0x86, 0x31, 0x86, 0x31, 0x86, 0x31, 0x86, 0x18, 0xC3, 0x18, 0xA3,
  0x18, 0xA2, 0x18, 0xC2, 0x20, 0xC3, 0x28, 0xC2, 0x30, 0xE2, 0x39, 0x03, 0x30, 0xE2, 0x69, 0xA2, 0xFC, 0x47, 0x61, 0x62, 0x20, 0x60, 0x28, 0x80, 0x20, 0x60, 0x18, 0x40, 0x10, 0x20, 0x08, 0x20,
  0x00, 0x00, 0x00, 0x00, 0x00, 0x00, 0x00, 0x00, 0x00, 0x00, 0x00, 0x00, 0x00, 0x00, 0x00, 0x00, 0x00, 0x00, 0x00, 0x00, 0x00, 0x00, 0x00, 0x00, 0x00, 0x00, 0x00, 0x00, 0x00, 0x00, 0x00, 0x00,
  0x00, 0x00, 0x00, 0x00, 0x00, 0x00, 0x00, 0x00, 0x00, 0x00, 0x00, 0x00, 0x00, 0x00, 0x00, 0x00, 0x00, 0x00, 0x00, 0x00, 0x00, 0x00, 0x00, 0x00, 0x00, 0x00, 0x00, 0x00, 0x00, 0x00, 0x08, 0x20,
  0x08, 0x20, 0x10, 0x40, 0x18, 0x40, 0x20, 0x60, 0x28, 0x80, 0x30, 0x60, 0xDB, 0x86, 0xBB, 0x25, 0x38, 0xE2, 0x41, 0x23, 0x39, 0x23, 0x31, 0x03, 0x29, 0x03, 0x20, 0xE3, 0x20, 0xE3, 0x20, 0xE3,
  0x18, 0xC3, 0x31, 0x66, 0x39, 0xC7, 0x31, 0xA6, 0x31, 0xA6, 0x39, 0xA7, 0x39, 0xC7, 0x39, 0xC7, 0x39, 0xC7, 0x39, 0xC7, 0x39, 0xC7, 0x39, 0xC7, 0x39, 0xC7, 0x39, 0xC7, 0x39, 0xC7, 0x39, 0xC7,
  0x39, 0xC7, 0x39, 0xC7, 0x39, 0xC7, 0x39, 0xC7, 0x39, 0xC7, 0x39, 0xC7, 0x39, 0xC7, 0x39, 0xC7, 0x39, 0xC7, 0x39, 0xC7, 0x39, 0xC7, 0x39, 0xC7, 0x39, 0xC7, 0x39, 0xC7, 0x39, 0xC7, 0x39, 0xC7,
  0x39, 0xC7, 0x39, 0xC7, 0x39, 0xC7, 0x39, 0xC7, 0x39, 0xA7, 0x39, 0xC7, 0x42, 0x08, 0x4A, 0x29, 0x4A, 0x49, 0x42, 0x08, 0x31, 0xA6, 0x31, 0xA6, 0x39, 0xC7, 0x39, 0xC7, 0x39, 0xC7, 0x39, 0xC7,
  0x39, 0xA7, 0x31, 0xA6, 0x31, 0xA6, 0x39, 0xA7, 0x39, 0xA7, 0x39, 0xA7, 0x39, 0xC7, 0x39, 0xA7, 0x39, 0xA7, 0x39, 0xA7, 0x31, 0xA6, 0x31, 0xA6, 0x31, 0xA6, 0x31, 0xA6, 0x31, 0xA6, 0x31, 0xA6,
  0x31, 0xA6, 0x31, 0xA6, 0x31, 0xA6, 0x31, 0xA6, 0x31, 0x86, 0x31, 0x86, 0x31, 0x86, 0x31, 0x86, 0x31, 0x86, 0x31, 0x86, 0x31, 0x86, 0x31, 0x86, 0x31, 0x86, 0x31, 0x66, 0x29, 0x65, 0x29, 0x65,
  0x29, 0x65, 0x29, 0x65, 0x29, 0x65, 0x29, 0x65, 0x29, 0x65, 0x29, 0x45, 0x29, 0x45, 0x29, 0x45, 0x29, 0x45, 0x29, 0x45, 0x29, 0x45, 0x29, 0x45, 0x29, 0x45, 0x29, 0x45, 0x29, 0x45, 0x29, 0x45,
  0x29, 0x45, 0x29, 0x45, 0x29, 0x45, 0x29, 0x45, 0x29, 0x45, 0x29, 0x45, 0x29, 0x45, 0x29, 0x45, 0x29, 0x45, 0x29, 0x45, 0x29, 0x25, 0x29, 0x45, 0x29, 0x45, 0x29, 0x45, 0x29, 0x45, 0x29, 0x45,
  0x29, 0x45, 0x29, 0x45, 0x29, 0x45, 0x29, 0x45, 0x29, 0x45, 0x29, 0x45, 0x29, 0x45, 0x29, 0x45, 0x29, 0x45, 0x29, 0x45, 0x29, 0x45, 0x29, 0x45, 0x29, 0x45, 0x29, 0x45, 0x29, 0x45, 0x29, 0x45,
  0x29, 0x45, 0x29, 0x65, 0x29, 0x65, 0x29, 0x65, 0x29, 0x65, 0x29, 0x45, 0x42, 0x28, 0x52, 0x8A, 0x52, 0x8A, 0x42, 0x28, 0x29, 0x45, 0x29, 0x65, 0x29, 0x65, 0x31, 0x66, 0x31, 0x86, 0x31, 0x66,
  0x31, 0x86, 0x31, 0x86, 0x31, 0x86, 0x31, 0x86, 0x31, 0x86, 0x31, 0x86, 0x31, 0x86, 0x31, 0x86, 0x31, 0x86, 0x31, 0x86, 0x31, 0x86, 0x31, 0x86, 0x31, 0x86, 0x31, 0x86, 0x31, 0x86, 0x31, 0x86,
  0x31, 0x86, 0x31, 0xA6, 0x31, 0x86, 0x31, 0x86, 0x31, 0xA6, 0x31, 0x86, 0x31, 0x86, 0x31, 0x86, 0x31, 0xA6, 0x31, 0x86, 0x31, 0x86, 0x31, 0x86, 0x31, 0x66, 0x31, 0x86, 0x29, 0x25, 0x10, 0xA2,
  0x18, 0xA3, 0x18, 0xA2, 0x20, 0xC2, 0x20, 0xC2, 0x28, 0xE2, 0x31, 0x02, 0x39, 0x22, 0x30, 0xC1, 0xBB, 0x05, 0xDB, 0x86, 0x28, 0x60, 0x28, 0x80, 0x20, 0x60, 0x18, 0x40, 0x10, 0x20, 0x08, 0x20,
  0x08, 0x00, 0x00, 0x00, 0x00, 0x00, 0x00, 0x00, 0x00, 0x00, 0x00, 0x00, 0x00, 0x00, 0x00, 0x00, 0x00, 0x00, 0x00, 0x00, 0x00, 0x00, 0x00, 0x00, 0x00, 0x00, 0x00, 0x00, 0x00, 0x00, 0x00, 0x00,
  0x00, 0x00, 0x00, 0x00, 0x00, 0x00, 0x00, 0x00, 0x00, 0x00, 0x00, 0x00, 0x00, 0x00, 0x00, 0x00, 0x00, 0x00, 0x00, 0x00, 0x00, 0x00, 0x00, 0x00, 0x00, 0x00, 0x00, 0x00, 0x08, 0x00, 0x08, 0x20,
  0x10, 0x20, 0x18, 0x40, 0x20, 0x60, 0x28, 0x80, 0x20, 0x40, 0x81, 0xE3, 0xFC, 0x47, 0x59, 0x62, 0x39, 0x02, 0x39, 0x23, 0x31, 0x03, 0x29, 0x03, 0x20, 0xE3, 0x20, 0xE3, 0x20, 0xE3, 0x18, 0xC3,
  0x20, 0xE4, 0x39, 0xA7, 0x31, 0xA6, 0x31, 0xA6, 0x31, 0xA6, 0x31, 0xA6, 0x39, 0xA7, 0x39, 0xC7, 0x39, 0xA7, 0x39, 0xC7, 0x39, 0xC7, 0x39, 0xA7, 0x39, 0xC7, 0x39, 0xC7, 0x39, 0xC7, 0x39, 0xC7,
  0x39, 0xC7, 0x39, 0xC7, 0x39, 0xC7, 0x39, 0xC7, 0x39, 0xC7, 0x39, 0xC7, 0x39, 0xC7, 0x39, 0xC7, 0x39, 0xC7, 0x39, 0xC7, 0x39, 0xC7, 0x39, 0xC7, 0x39, 0xC7, 0x39, 0xC7, 0x39, 0xC7, 0x39, 0xC7,
  0x39, 0xC7, 0x39, 0xC7, 0x39, 0xC7, 0x39, 0xA7, 0x39, 0xA7, 0x42, 0x08, 0x4A, 0x29, 0x4A, 0x49, 0x42, 0x08, 0x31, 0xA6, 0x31, 0xA6, 0x39, 0xC7, 0x39, 0xC7, 0x39, 0xC7, 0x39, 0xA7, 0x31, 0xA6,
  0x31, 0xA6, 0x31, 0xA6, 0x31, 0xA6, 0x31, 0xA6, 0x39, 0xA7, 0x39, 0xC7, 0x39, 0xA7, 0x39, 0xA7, 0x31, 0xA6, 0x31, 0xA6, 0x31, 0xA6, 0x31, 0xA6, 0x31, 0xA6, 0x31, 0xA6, 0x31, 0xA6, 0x31, 0xA6,
  0x31, 0xA6, 0x31, 0x86, 0x31, 0xA6, 0x31, 0x86, 0x31, 0x86, 0x31, 0x86, 0x31, 0x86, 0x31, 0x86, 0x31, 0x86, 0x31, 0x66, 0x29, 0x65, 0x29, 0x65, 0x29, 0x65, 0x29, 0x65, 0x29, 0x65, 0x29, 0x65,
  0x29, 0x65, 0x29, 0x65, 0x29, 0x65, 0x29, 0x45, 0x29, 0x45, 0x29, 0x45, 0x29, 0x45, 0x29, 0x45, 0x29, 0x45, 0x29, 0x45, 0x29, 0x45, 0x29, 0x45, 0x29, 0x45, 0x29, 0x45, 0x29, 0x45, 0x29, 0x45,
  0x29, 0x45, 0x29, 0x45, 0x29, 0x45, 0x29, 0x45, 0x29, 0x45, 0x29, 0x45, 0x29, 0x45, 0x29, 0x45, 0x29, 0x45, 0x29, 0x45, 0x29, 0x45, 0x29, 0x25, 0x29, 0x25, 0x29, 0x45, 0x29, 0x45, 0x29, 0x45,
  0x29, 0x45, 0x29, 0x45, 0x29, 0x45, 0x29, 0x45, 0x29, 0x45, 0x29, 0x45, 0x29, 0x45, 0x29, 0x45, 0x29, 0x45, 0x29, 0x45, 0x29, 0x45, 0x29, 0x45, 0x29, 0x45, 0x29, 0x45, 0x29, 0x45, 0x29, 0x45,
  0x29, 0x45, 0x29, 0x45, 0x29, 0x45, 0x29, 0x65, 0x29, 0x65, 0x29, 0x45, 0x29, 0x45, 0x42, 0x08, 0x52, 0x8A, 0x52, 0x8A, 0x4A, 0x29, 0x29, 0x45, 0x29, 0x45, 0x29, 0x65, 0x31, 0x66, 0x31, 0x66,
  0x31, 0x66, 0x31, 0x66, 0x31, 0x66, 0x31, 0x86, 0x31, 0x86, 0x31, 0x86, 0x31, 0x86, 0x31, 0x86, 0x31, 0x86, 0x31, 0x86, 0x31, 0x86, 0x31, 0x66, 0x31, 0x86, 0x31, 0x86, 0x31, 0x86, 0x31, 0x86,
  0x31, 0x86, 0x31, 0x86, 0x31, 0x86, 0x31, 0x86, 0x31, 0x86, 0x31, 0xA6, 0x31, 0x86, 0x31, 0x86, 0x31, 0x86, 0x31, 0x86, 0x31, 0x86, 0x31, 0x86, 0x31, 0x86, 0x31, 0x86, 0x31, 0x66, 0x18, 0xC3,
  0x18, 0xA2, 0x18, 0xA2, 0x18, 0xC2, 0x20, 0xC2, 0x20, 0xE2, 0x28, 0xE2, 0x39, 0x02, 0x31, 0x02, 0x51, 0x42, 0xF4, 0x27, 0x81, 0xE3, 0x20, 0x60, 0x28, 0x80, 0x20, 0x60, 0x18, 0x40, 0x10, 0x20,
  0x08, 0x20, 0x08, 0x00, 0x00, 0x00, 0x00, 0x00, 0x00, 0x00, 0x00, 0x00, 0x00, 0x00, 0x00, 0x00, 0x00, 0x00, 0x00, 0x00, 0x00, 0x00, 0x00, 0x00, 0x00, 0x00, 0x00, 0x00, 0x00, 0x00, 0x00, 0x00,
  0x00, 0x00, 0x00, 0x00, 0x00, 0x00, 0x00, 0x00, 0x00, 0x00, 0x00, 0x00, 0x00, 0x00, 0x00, 0x00, 0x00, 0x00, 0x00, 0x00, 0x00, 0x00, 0x00, 0x00, 0x00, 0x00, 0x08, 0x00, 0x08, 0x00, 0x08, 0x20,
  0x10, 0x40, 0x18, 0x40, 0x20, 0x80, 0x28, 0x80, 0x38, 0xA0, 0xEB, 0xE6, 0x9A, 0xA4, 0x30, 0xC1, 0x41, 0x23, 0x31, 0x23, 0x31, 0x03, 0x28, 0xE3, 0x20, 0xE3, 0x20, 0xE3, 0x18, 0xC3, 0x18, 0xC3,
  0x29, 0x45, 0x39, 0xC7, 0x31, 0x86, 0x31, 0xA6, 0x31, 0xA6, 0x31, 0xA6, 0x39, 0xA7, 0x39, 0xA7, 0x39, 0xA7, 0x39, 0xA7, 0x31, 0xA6, 0x39, 0xA7, 0x39, 0xA7, 0x39, 0xC7, 0x31, 0xA6, 0x39, 0xC7,
  0x39, 0xA7, 0x39, 0xA7, 0x39, 0xC7, 0x39, 0xC7, 0x39, 0xC7, 0x39, 0xC7, 0x39, 0xC7, 0x39, 0xC7, 0x39, 0xC7, 0x39, 0xC7, 0x39, 0xA7, 0x39, 0xC7, 0x39, 0xC7, 0x39, 0xC7, 0x39, 0xC7, 0x39, 0xA7,
  0x39, 0xC7, 0x39, 0xC7, 0x39, 0xA7, 0x31, 0xA6, 0x42, 0x08, 0x42, 0x28, 0x4A, 0x29, 0x42, 0x08, 0x31, 0xA6, 0x31, 0xA6, 0x39, 0xC7, 0x39, 0xC7, 0x39, 0xC7, 0x31, 0xA6, 0x31, 0xA6, 0x31, 0xA6,
  0x31, 0xA6, 0x31, 0xA6, 0x31, 0xA6, 0x39, 0xC7, 0x39, 0xA7, 0x39, 0xA7, 0x31, 0xA6, 0x31, 0xA6, 0x31, 0xA6, 0x31, 0xA6, 0x31, 0xA6, 0x31, 0xA6, 0x31, 0xA6, 0x31, 0xA6, 0x31, 0x86, 0x31, 0xA6,
  0x31, 0xA6, 0x31, 0xA6, 0x31, 0x86, 0x31, 0x86, 0x31, 0x86, 0x31, 0x86, 0x31, 0x66, 0x31, 0x66, 0x29, 0x65, 0x29, 0x65, 0x29, 0x65, 0x29, 0x65, 0x29, 0x65, 0x29, 0x65, 0x29, 0x65, 0x29, 0x65,
  0x29, 0x65, 0x29, 0x45, 0x29, 0x45, 0x29, 0x45, 0x29, 0x45, 0x29, 0x45, 0x29, 0x45, 0x29, 0x45, 0x29, 0x45, 0x29, 0x45, 0x29, 0x45, 0x29, 0x45, 0x29, 0x45, 0x29, 0x45, 0x29, 0x45, 0x29, 0x45,
  0x29, 0x45, 0x29, 0x45, 0x29, 0x25, 0x29, 0x25, 0x21, 0x24, 0x29, 0x25, 0x29, 0x25, 0x29, 0x25, 0x29, 0x45, 0x29, 0x45, 0x29, 0x45, 0x29, 0x25, 0x29, 0x25, 0x29, 0x25, 0x29, 0x45, 0x29, 0x45,
  0x29, 0x25, 0x29, 0x45, 0x29, 0x45, 0x29, 0x45, 0x29, 0x25, 0x29, 0x25, 0x29, 0x45, 0x29, 0x45, 0x29, 0x45, 0x29, 0x45, 0x29, 0x45, 0x29, 0x45, 0x29, 0x45, 0x29, 0x45, 0x29, 0x45, 0x29, 0x45,
  0x29, 0x45, 0x29, 0x45, 0x29, 0x45, 0x29, 0x45, 0x29, 0x45, 0x29, 0x45, 0x29, 0x45, 0x29, 0x25, 0x42, 0x08, 0x52, 0x8A, 0x52, 0x8A, 0x4A, 0x29, 0x29, 0x45, 0x29, 0x65, 0x29, 0x65, 0x29, 0x65,
  0x31, 0x66, 0x31, 0x66, 0x31, 0x66, 0x31, 0x86, 0x31, 0x66, 0x31, 0x66, 0x31, 0x86, 0x31, 0x66, 0x31, 0x86, 0x31, 0x86, 0x31, 0x86, 0x31, 0x86, 0x31, 0x66, 0x31, 0x86, 0x31, 0x86, 0x31, 0x86,
  0x31, 0x86, 0x31, 0x86, 0x31, 0x86, 0x31, 0x86, 0x31, 0x86, 0x31, 0x86, 0x31, 0x86, 0x31, 0x86, 0x31, 0x86, 0x31, 0x86, 0x31, 0x86, 0x31, 0x86, 0x31, 0x86, 0x31, 0x86, 0x31, 0x86, 0x21, 0x04,
  0x10, 0xA2, 0x18, 0xC3, 0x18, 0xA2, 0x18, 0xC3, 0x20, 0xC2, 0x28, 0xC2, 0x31, 0x03, 0x39, 0x02, 0x30, 0xC1, 0x9A, 0x84, 0xEB, 0xE6, 0x40, 0xA0, 0x28, 0x80, 0x20, 0x60, 0x18, 0x40, 0x10, 0x40,
  0x10, 0x20, 0x08, 0x20, 0x00, 0x00, 0x00, 0x00, 0x00, 0x00, 0x00, 0x00, 0x00, 0x00, 0x00, 0x00, 0x00, 0x00, 0x00, 0x00, 0x00, 0x00, 0x00, 0x00, 0x00, 0x00, 0x00, 0x00, 0x00, 0x00, 0x00, 0x00,
  0x00, 0x00, 0x00, 0x00, 0x00, 0x00, 0x00, 0x00, 0x00, 0x00, 0x00, 0x00, 0x00, 0x00, 0x00, 0x00, 0x00, 0x00, 0x00, 0x00, 0x00, 0x00, 0x00, 0x00, 0x00, 0x00, 0x08, 0x00, 0x08, 0x20, 0x10, 0x20,
  0x18, 0x40, 0x20, 0x60, 0x28, 0x80, 0x20, 0x40, 0x9A, 0x64, 0xEB, 0xE6, 0x49, 0x21, 0x39, 0x23, 0x39, 0x03, 0x31, 0x03, 0x28, 0xE3, 0x20, 0xE3, 0x20, 0xC3, 0x18, 0xC3, 0x18, 0xC3, 0x18, 0xE3,
  0x31, 0x86, 0x31, 0xA6, 0x31, 0x86, 0x31, 0xA6, 0x31, 0xA6, 0x31, 0xA6, 0x31, 0xA6, 0x31, 0xA6, 0x39, 0xA7, 0x31, 0xA6, 0x31, 0xA6, 0x31, 0xA6, 0x39, 0xA7, 0x31, 0xA6, 0x39, 0xA7, 0x39, 0xA7,
  0x31, 0xA6, 0x39, 0xC7, 0x39, 0xC7, 0x39, 0xC7, 0x39, 0xC7, 0x39, 0xC7, 0x39, 0xC7, 0x39, 0xC7, 0x39, 0xC7, 0x39, 0xA7, 0x39, 0xC7, 0x31, 0xA6, 0x31, 0xA6, 0x39, 0xA7, 0x31, 0xA6, 0x39, 0xA7,
  0x39, 0xA7, 0x31, 0xA6, 0x31, 0xA6, 0x42, 0x08, 0x42, 0x28, 0x4A, 0x29, 0x42, 0x08, 0x31, 0xA6, 0x31, 0xA6, 0x39, 0xA7, 0x31, 0xA6, 0x39, 0xA7, 0x31, 0xA6, 0x31, 0xA6, 0x31, 0xA6, 0x39, 0xA7,
  0x31, 0xA6, 0x31, 0xA6, 0x39, 0xA7, 0x31, 0xA6, 0x31, 0xA6, 0x31, 0xA6, 0x31, 0xA6, 0x31, 0xA6, 0x31, 0xA6, 0x31, 0xA6, 0x31, 0xA6, 0x31, 0xA6, 0x31, 0xA6, 0x31, 0xA6, 0x31, 0xA6, 0x31, 0xA6,
  0x31, 0xA6, 0x31, 0x86, 0x31, 0x86, 0x31, 0x86, 0x31, 0x66, 0x31, 0x66, 0x31, 0x66, 0x31, 0x66, 0x29, 0x65, 0x29, 0x65, 0x29, 0x65, 0x29, 0x65, 0x29, 0x65, 0x29, 0x65, 0x29, 0x45, 0x29, 0x65,
  0x29, 0x65, 0x29, 0x65, 0x29, 0x65, 0x29, 0x45, 0x29, 0x45, 0x29, 0x45, 0x29, 0x45, 0x29, 0x45, 0x29, 0x45, 0x29, 0x45, 0x29, 0x45, 0x29, 0x45, 0x29, 0x45, 0x29, 0x45, 0x29, 0x45, 0x29, 0x45,
  0x29, 0x45, 0x29, 0x25, 0x29, 0x25, 0x29, 0x25, 0x29, 0x25, 0x21, 0x24, 0x21, 0x24, 0x21, 0x24, 0x29, 0x25, 0x21, 0x24, 0x29, 0x25, 0x21, 0x24, 0x29, 0x25, 0x29, 0x25, 0x29, 0x25, 0x29, 0x25,
  0x29, 0x45, 0x29, 0x25, 0x29, 0x25, 0x29, 0x25, 0x29, 0x45, 0x29, 0x45, 0x29, 0x25, 0x29, 0x25, 0x29, 0x45, 0x29, 0x45, 0x29, 0x25, 0x29, 0x45, 0x29, 0x45, 0x29, 0x45, 0x29, 0x45, 0x29, 0x45,
  0x29, 0x45, 0x29, 0x45, 0x29, 0x45, 0x29, 0x45, 0x29, 0x45, 0x29, 0x45, 0x29, 0x45, 0x29, 0x45, 0x29, 0x25, 0x42, 0x08, 0x52, 0x8A, 0x52, 0x8A, 0x4A, 0x29, 0x29, 0x45, 0x29, 0x65, 0x29, 0x65,
  0x29, 0x65, 0x29, 0x65, 0x31, 0x66, 0x31, 0x66, 0x31, 0x66, 0x29, 0x65, 0x31, 0x66, 0x31, 0x66, 0x29, 0x65, 0x31, 0x86, 0x31, 0x66, 0x31, 0x86, 0x31, 0x66, 0x31, 0x66, 0x31, 0x86, 0x31, 0x66,
  0x31, 0x86, 0x31, 0x86, 0x31, 0x86, 0x31, 0x86, 0x31, 0x86, 0x31, 0x86, 0x31, 0x86, 0x31, 0x86, 0x31, 0x86, 0x31, 0x86, 0x31, 0x86, 0x31, 0x86, 0x31, 0x86, 0x31, 0x86, 0x31, 0x65, 0x29, 0x45,
  0x18, 0xA3, 0x18, 0xA3, 0x18, 0xA3, 0x18, 0xC2, 0x20, 0xC3, 0x20, 0xE3, 0x28, 0xE2, 0x39, 0x03, 0x39, 0x03, 0x41, 0x01, 0xEB, 0xE6, 0x9A, 0x64, 0x20, 0x40, 0x28, 0x80, 0x20, 0x60, 0x18, 0x40,
  0x10, 0x20, 0x08, 0x20, 0x00, 0x00, 0x00, 0x00, 0x00, 0x00, 0x00, 0x00, 0x00, 0x00, 0x00, 0x00, 0x00, 0x00, 0x00, 0x00, 0x00, 0x00, 0x00, 0x00, 0x00, 0x00, 0x00, 0x00, 0x00, 0x00, 0x00, 0x00,
  0x00, 0x00, 0x00, 0x00, 0x00, 0x00, 0x00, 0x00, 0x00, 0x00, 0x00, 0x00, 0x00, 0x00, 0x00, 0x00, 0x00, 0x00, 0x00, 0x00, 0x00, 0x00, 0x00, 0x00, 0x00, 0x00, 0x08, 0x20, 0x08, 0x20, 0x10, 0x40,
  0x18, 0x40, 0x20, 0x80, 0x28, 0x80, 0x48, 0xC1, 0xF4, 0x27, 0x8A, 0x43, 0x30, 0xE2, 0x39, 0x22, 0x31, 0x02, 0x28, 0xE3, 0x20, 0xE3, 0x20, 0xC3, 0x20, 0xC3, 0x18, 0xC3, 0x18, 0xC3, 0x21, 0x04,
  0x31, 0xA6, 0x31, 0x86, 0x31, 0x86, 0x31, 0x86, 0x31, 0xA6, 0x31, 0xA6, 0x31, 0xA6, 0x31, 0xA6, 0x31, 0xA6, 0x31, 0xA6, 0x31, 0xA6, 0x31, 0xA6, 0x31, 0xA6, 0x31, 0xA6, 0x31, 0xA6, 0x31, 0xA6,
  0x31, 0xA6, 0x39, 0xA7, 0x39, 0xA7, 0x39, 0xC7, 0x31, 0xA6, 0x39, 0xA7, 0x39, 0xC7, 0x39, 0xA7, 0x31, 0xA6, 0x39, 0xC7, 0x39, 0xA7, 0x31, 0xA6, 0x31, 0xA6, 0x31, 0xA6, 0x31, 0xA6, 0x31, 0xA6,
  0x31, 0xA6, 0x31, 0x86, 0x41, 0xE8, 0x42, 0x28, 0x4A, 0x29, 0x42, 0x08, 0x31, 0xA6, 0x31, 0xA6, 0x39, 0xA7, 0x31, 0xA6, 0x31, 0xA6, 0x31, 0xA6, 0x31, 0xA6, 0x31, 0xA6, 0x31, 0xA6, 0x31, 0xA6,
  0x31, 0xA6, 0x31, 0xA6, 0x31, 0xA6, 0x31, 0x86, 0x31, 0xA6, 0x31, 0xA6, 0x31, 0xA6, 0x31, 0xA6, 0x31, 0xA6, 0x31, 0xA6, 0x31, 0xA6, 0x31, 0xA6, 0x31, 0xA6, 0x31, 0xA6, 0x31, 0xA6, 0x31, 0x86,
  0x31, 0x86, 0x31, 0x86, 0x31, 0x66, 0x31, 0x66, 0x31, 0x66, 0x31, 0x86, 0x29, 0x65, 0x29, 0x65, 0x29, 0x45, 0x29, 0x65, 0x29, 0x65, 0x29, 0x65, 0x29, 0x65, 0x29, 0x65, 0x29, 0x65, 0x29, 0x65,
  0x29, 0x65, 0x29, 0x65, 0x29, 0x45, 0x29, 0x45, 0x29, 0x45, 0x29, 0x45, 0x29, 0x45, 0x29, 0x45, 0x29, 0x45, 0x29, 0x45, 0x29, 0x25, 0x29, 0x25, 0x21, 0x24, 0x21, 0x24, 0x21, 0x24, 0x21, 0x24,
  0x21, 0x24, 0x21, 0x24, 0x21, 0x24, 0x21, 0x24, 0x21, 0x24, 0x21, 0x24, 0x21, 0x24, 0x21, 0x24, 0x21, 0x24, 0x21, 0x24, 0x21, 0x24, 0x21, 0x24, 0x21, 0x24, 0x21, 0x24, 0x21, 0x24, 0x29, 0x25,
  0x29, 0x25, 0x29, 0x25, 0x21, 0x24, 0x21, 0x24, 0x21, 0x24, 0x21, 0x24, 0x21, 0x24, 0x21, 0x24, 0x21, 0x24, 0x21, 0x24, 0x29, 0x25, 0x29, 0x25, 0x29, 0x25, 0x29, 0x45, 0x29, 0x45, 0x29, 0x45,
  0x29, 0x45, 0x29, 0x45, 0x29, 0x45, 0x29, 0x45, 0x29, 0x45, 0x29, 0x45, 0x29, 0x45, 0x29, 0x45, 0x29, 0x45, 0x29, 0x25, 0x42, 0x08, 0x52, 0x8A, 0x52, 0xAA, 0x42, 0x08, 0x29, 0x25, 0x29, 0x45,
  0x29, 0x65, 0x29, 0x65, 0x29, 0x65, 0x29, 0x65, 0x31, 0x66, 0x31, 0x66, 0x29, 0x65, 0x29, 0x65, 0x31, 0x66, 0x29, 0x65, 0x31, 0x66, 0x29, 0x65, 0x31, 0x86, 0x31, 0x66, 0x31, 0x66, 0x31, 0x66,
  0x29, 0x65, 0x31, 0x86, 0x29, 0x65, 0x31, 0x86, 0x31, 0x86, 0x31, 0x86, 0x31, 0x86, 0x31, 0x86, 0x31, 0x86, 0x31, 0x86, 0x31, 0x86, 0x31, 0x86, 0x31, 0x66, 0x31, 0x86, 0x31, 0x66, 0x29, 0x65,
  0x18, 0xE3, 0x18, 0xA2, 0x18, 0xA3, 0x18, 0xA2, 0x18, 0xC2, 0x20, 0xE3, 0x28, 0xE2, 0x30, 0xE2, 0x39, 0x03, 0x30, 0xC2, 0x8A, 0x23, 0xF4, 0x06, 0x40, 0xC0, 0x28, 0x80, 0x20, 0x80, 0x18, 0x60,
  0x10, 0x40, 0x08, 0x20, 0x08, 0x20, 0x00, 0x00, 0x00, 0x00, 0x00, 0x00, 0x00, 0x00, 0x00, 0x00, 0x00, 0x00, 0x00, 0x00, 0x00, 0x00, 0x00, 0x00, 0x00, 0x00, 0x00, 0x00, 0x00, 0x00, 0x00, 0x00,
  0x00, 0x00, 0x00, 0x00, 0x00, 0x00, 0x00, 0x00, 0x00, 0x00, 0x00, 0x00, 0x00, 0x00, 0x00, 0x00, 0x00, 0x00, 0x00, 0x00, 0x00, 0x00, 0x00, 0x00, 0x08, 0x00, 0x08, 0x20, 0x10, 0x40, 0x18, 0x40,
  0x20, 0x60, 0x28, 0xA0, 0x28, 0x40, 0xA2, 0xA4, 0xE3, 0xE6, 0x41, 0x02, 0x39, 0x22, 0x39, 0x03, 0x31, 0x03, 0x28, 0xE3, 0x20, 0xC3, 0x18, 0xC3, 0x18, 0xC3, 0x18, 0xC3, 0x18, 0xC3, 0x29, 0x45,
  0x31, 0x86, 0x31, 0x86, 0x31, 0x86, 0x31, 0x86, 0x31, 0x86, 0x31, 0x86, 0x31, 0x86, 0x31, 0xA6, 0x31, 0xA6, 0x31, 0x86, 0x31, 0xA6, 0x31, 0xA6, 0x31, 0x86, 0x31, 0xA6, 0x31, 0xA6, 0x31, 0xA6,
  0x31, 0xA6, 0x31, 0xA6, 0x39, 0xA7, 0x31, 0xA6, 0x31, 0xA6, 0x31, 0xA6, 0x31, 0xA6, 0x31, 0xA6, 0x31, 0xA6, 0x31, 0xA6, 0x31, 0xA6, 0x31, 0xA6, 0x31, 0xA6, 0x31, 0xA6, 0x31, 0xA6, 0x31, 0x86,
  0x31, 0x86, 0x39, 0xC7, 0x42, 0x28, 0x42, 0x28, 0x42, 0x08, 0x31, 0x86, 0x31, 0xA6, 0x39, 0xA7, 0x31, 0xA6, 0x31, 0xA6, 0x31, 0xA6, 0x31, 0xA6, 0x31, 0xA6, 0x31, 0xA6, 0x31, 0xA6, 0x39, 0xA7,
  0x31, 0xA6, 0x31, 0xA6, 0x31, 0xA6, 0x31, 0xA6, 0x31, 0x86, 0x31, 0xA6, 0x31, 0xA6, 0x31, 0xA6, 0x31, 0x86, 0x31, 0x86, 0x31, 0xA6, 0x31, 0xA6, 0x31, 0xA6, 0x31, 0x86, 0x31, 0x86, 0x31, 0x86,
  0x31, 0x86, 0x31, 0x86, 0x31, 0x86, 0x31, 0x66, 0x29, 0x65, 0x29, 0x65, 0x29, 0x65, 0x29, 0x65, 0x29, 0x65, 0x29, 0x65, 0x29, 0x65, 0x29, 0x65, 0x29, 0x65, 0x29, 0x65, 0x29, 0x65, 0x29, 0x45,
  0x29, 0x45, 0x29, 0x45, 0x29, 0x45, 0x29, 0x45, 0x29, 0x45, 0x29, 0x45, 0x29, 0x45, 0x29, 0x45, 0x29, 0x25, 0x29, 0x25, 0x21, 0x24, 0x21, 0x24, 0x21, 0x24, 0x21, 0x24, 0x21, 0x24, 0x21, 0x24,
  0x21, 0x24, 0x21, 0x24, 0x21, 0x24, 0x21, 0x24, 0x21, 0x24, 0x21, 0x24, 0x21, 0x24, 0x21, 0x24, 0x21, 0x24, 0x21, 0x24, 0x21, 0x24, 0x21, 0x24, 0x21, 0x24, 0x21, 0x24, 0x21, 0x24, 0x21, 0x24,
  0x21, 0x24, 0x21, 0x24, 0x21, 0x24, 0x21, 0x24, 0x21, 0x24, 0x21, 0x24, 0x21, 0x24, 0x21, 0x24, 0x21, 0x24, 0x21, 0x24, 0x21, 0x24, 0x21, 0x24, 0x21, 0x24, 0x21, 0x24, 0x21, 0x24, 0x29, 0x25,
  0x29, 0x25, 0x29, 0x45, 0x29, 0x45, 0x29, 0x45, 0x29, 0x45, 0x29, 0x25, 0x29, 0x25, 0x29, 0x45, 0x29, 0x45, 0x29, 0x45, 0x29, 0x25, 0x42, 0x28, 0x52, 0x8A, 0x52, 0x8A, 0x39, 0xE7, 0x21, 0x24,
  0x29, 0x45, 0x29, 0x65, 0x29, 0x65, 0x29, 0x65, 0x29, 0x65, 0x29, 0x65, 0x29, 0x65, 0x29, 0x65, 0x29, 0x65, 0x29, 0x65, 0x29, 0x65, 0x29, 0x65, 0x29, 0x65, 0x31, 0x66, 0x29, 0x65, 0x31, 0x66,
  0x31, 0x66, 0x29, 0x65, 0x31, 0x66, 0x29, 0x65, 0x31, 0x66, 0x31, 0x86, 0x31, 0x86, 0x31, 0x86, 0x31, 0x86, 0x31, 0x66, 0x31, 0x86, 0x31, 0x86, 0x31, 0x86, 0x29, 0x65, 0x31, 0x86, 0x31, 0x66,
  0x21, 0x24, 0x18, 0xA3, 0x18, 0xA3, 0x18, 0xA2, 0x18, 0xC2, 0x20, 0xC3, 0x28, 0xE3, 0x28, 0xE2, 0x31, 0x02, 0x39, 0x02, 0x41, 0x01, 0xE3, 0xC5, 0xA2, 0x84, 0x28, 0x40, 0x28, 0x80, 0x20, 0x60,
  0x18, 0x40, 0x10, 0x20, 0x08, 0x20, 0x00, 0x20, 0x00, 0x00, 0x00, 0x00, 0x00, 0x00, 0x00, 0x00, 0x00, 0x00, 0x00, 0x00, 0x00, 0x00, 0x00, 0x00, 0x00, 0x00, 0x00, 0x00, 0x00, 0x00, 0x00, 0x00,
  0x00, 0x00, 0x00, 0x00, 0x00, 0x00, 0x00, 0x00, 0x00, 0x00, 0x00, 0x00, 0x00, 0x00, 0x00, 0x00, 0x00, 0x00, 0x00, 0x00, 0x00, 0x00, 0x00, 0x00, 0x08, 0x20, 0x10, 0x20, 0x10, 0x40, 0x18, 0x60,
  0x28, 0x60, 0x28, 0x80, 0x48, 0xE1, 0xF4, 0x27, 0x8A, 0x43, 0x38, 0xE2, 0x39, 0x22, 0x31, 0x03, 0x28, 0xE3, 0x20, 0xC3, 0x18, 0xC3, 0x18, 0xC3, 0x18, 0xC3, 0x18, 0xC3, 0x18, 0xC3, 0x29, 0x65,
  0x31, 0x86, 0x31, 0x86, 0x31, 0x86, 0x31, 0x86, 0x31, 0x86, 0x31, 0x86, 0x31, 0x86, 0x31, 0x86, 0x31, 0x86, 0x31, 0x86, 0x31, 0xA6, 0x31, 0x86, 0x31, 0x86, 0x31, 0x86, 0x31, 0x86, 0x31, 0xA6,
  0x31, 0xA6, 0x31, 0xA6, 0x31, 0xA6, 0x31, 0xA6, 0x31, 0xA6, 0x31, 0xA6, 0x31, 0xA6, 0x31, 0xA6, 0x31, 0xA6, 0x31, 0x86, 0x31, 0xA6, 0x31, 0x86, 0x31, 0x86, 0x31, 0xA6, 0x31, 0x86, 0x29, 0x65,
  0x39, 0xA7, 0x42, 0x08, 0x42, 0x28, 0x41, 0xE8, 0x31, 0x86, 0x31, 0xA6, 0x31, 0xA6, 0x31, 0xA6, 0x31, 0xA6, 0x31, 0xA6, 0x31, 0x86, 0x31, 0xA6, 0x31, 0x86, 0x31, 0xA6, 0x31, 0xA6, 0x31, 0xA6,
  0x31, 0xA6, 0x31, 0xA6, 0x31, 0x86, 0x31, 0x86, 0x31, 0xA6, 0x31, 0xA6, 0x31, 0x86, 0x31, 0x86, 0x31, 0xA6, 0x31, 0xA6, 0x31, 0xA6, 0x31, 0x86, 0x31, 0x86, 0x31, 0x86, 0x31, 0x66, 0x31, 0x86,
  0x31, 0x86, 0x31, 0x66, 0x29, 0x65, 0x29, 0x65, 0x29, 0x65, 0x29, 0x65, 0x29, 0x65, 0x29, 0x65, 0x29, 0x65, 0x29, 0x65, 0x29, 0x65, 0x29, 0x45, 0x29, 0x45, 0x29, 0x45, 0x29, 0x45, 0x29, 0x45,
  0x29, 0x45, 0x29, 0x45, 0x29, 0x45, 0x29, 0x45, 0x29, 0x45, 0x29, 0x45, 0x29, 0x25, 0x29, 0x25, 0x29, 0x25, 0x21, 0x24, 0x21, 0x24, 0x21, 0x24, 0x21, 0x24, 0x21, 0x24, 0x21, 0x24, 0x21, 0x24,
  0x21, 0x04, 0x21, 0x04, 0x21, 0x04, 0x21, 0x24, 0x21, 0x24, 0x21, 0x24, 0x21, 0x24, 0x21, 0x24, 0x21, 0x24, 0x21, 0x24, 0x21, 0x24, 0x21, 0x24, 0x21, 0x24, 0x21, 0x24, 0x21, 0x24, 0x21, 0x24,
  0x21, 0x24, 0x21, 0x24, 0x21, 0x24, 0x21, 0x24, 0x21, 0x24, 0x21, 0x04, 0x21, 0x24, 0x21, 0x24, 0x21, 0x24, 0x21, 0x24, 0x21, 0x24, 0x21, 0x24, 0x21, 0x24, 0x21, 0x24, 0x21, 0x24, 0x21, 0x24,
  0x21, 0x24, 0x29, 0x25, 0x29, 0x25, 0x29, 0x45, 0x29, 0x45, 0x29, 0x45, 0x29, 0x45, 0x29, 0x25, 0x29, 0x25, 0x29, 0x45, 0x29, 0x45, 0x29, 0x45, 0x4A, 0x29, 0x52, 0x8A, 0x52, 0x8A, 0x39, 0xA7,
  0x21, 0x24, 0x29, 0x45, 0x29, 0x65, 0x29, 0x65, 0x29, 0x65, 0x29, 0x65, 0x29, 0x65, 0x29, 0x65, 0x29, 0x65, 0x29, 0x65, 0x29, 0x65, 0x29, 0x65, 0x29, 0x65, 0x29, 0x65, 0x29, 0x65, 0x29, 0x65,
  0x31, 0x66, 0x29, 0x65, 0x29, 0x65, 0x31, 0x66, 0x29, 0x65, 0x31, 0x66, 0x31, 0x86, 0x29, 0x65, 0x31, 0x86, 0x31, 0x86, 0x31, 0x66, 0x31, 0x86, 0x31, 0x86, 0x29, 0x65, 0x31, 0x66, 0x31, 0x66,
  0x29, 0x45, 0x18, 0xC3, 0x18, 0xA3, 0x18, 0xC3, 0x18, 0xA2, 0x20, 0xC3, 0x20, 0xE3, 0x28, 0xE3, 0x31, 0x02, 0x39, 0x23, 0x38, 0xE2, 0x82, 0x23, 0xF4, 0x27, 0x48, 0xE1, 0x28, 0x60, 0x20, 0x80,
  0x18, 0x40, 0x10, 0x40, 0x08, 0x20, 0x08, 0x20, 0x00, 0x00, 0x00, 0x00, 0x00, 0x00, 0x00, 0x00, 0x00, 0x00, 0x00, 0x00, 0x00, 0x00, 0x00, 0x00, 0x00, 0x00, 0x00, 0x00, 0x00, 0x00, 0x00, 0x00,
  0x00, 0x00, 0x00, 0x00, 0x00, 0x00, 0x00, 0x00, 0x00, 0x00, 0x00, 0x00, 0x00, 0x00, 0x00, 0x00, 0x00, 0x00, 0x00, 0x00, 0x00, 0x00, 0x08, 0x00, 0x08, 0x20, 0x10, 0x20, 0x18, 0x40, 0x20, 0x60,
  0x30, 0x80, 0x28, 0x60, 0xA2, 0xA4, 0xE3, 0xE6, 0x41, 0x01, 0x39, 0x22, 0x39, 0x02, 0x30, 0xE3, 0x20, 0xC3, 0x20, 0xC2, 0x18, 0xC3, 0x18, 0xC3, 0x18, 0xC3, 0x18, 0xC3, 0x20, 0xE4, 0x29, 0x65,
  0x29, 0x65, 0x31, 0x66, 0x31, 0x86, 0x31, 0x86, 0x31, 0x86, 0x31, 0x86, 0x31, 0x86, 0x31, 0x86, 0x31, 0x86, 0x31, 0x86, 0x31, 0x86, 0x31, 0x86, 0x31, 0x86, 0x31, 0x86, 0x31, 0x86, 0x31, 0x86,
  0x31, 0xA6, 0x31, 0xA6, 0x31, 0x86, 0x31, 0xA6, 0x31, 0xA6, 0x31, 0xA6, 0x31, 0xA6, 0x31, 0xA6, 0x31, 0xA6, 0x31, 0x86, 0x31, 0x86, 0x31, 0x86, 0x31, 0x86, 0x31, 0x86, 0x31, 0x66, 0x31, 0x86,
  0x42, 0x08, 0x42, 0x08, 0x41, 0xE8, 0x31, 0x86, 0x31, 0x86, 0x31, 0xA6, 0x31, 0xA6, 0x31, 0xA6, 0x31, 0x86, 0x31, 0x86, 0x31, 0xA6, 0x31, 0x86, 0x31, 0xA6, 0x31, 0xA6, 0x31, 0x86, 0x31, 0x86,
  0x31, 0x86, 0x31, 0x86, 0x31, 0x86, 0x31, 0x86, 0x31, 0x86, 0x31, 0x86, 0x31, 0xA6, 0x31, 0xA6, 0x31, 0xA6, 0x31, 0x86, 0x31, 0x86, 0x31, 0x86, 0x31, 0x86, 0x31, 0x66, 0x31, 0x86, 0x31, 0x66,
  0x29, 0x65, 0x29, 0x65, 0x29, 0x65, 0x29, 0x65, 0x29, 0x65, 0x29, 0x65, 0x29, 0x65, 0x29, 0x65, 0x29, 0x45, 0x29, 0x45, 0x29, 0x45, 0x29, 0x45, 0x29, 0x45, 0x29, 0x45, 0x29, 0x45, 0x29, 0x45,
  0x29, 0x45, 0x29, 0x45, 0x29, 0x45, 0x29, 0x25, 0x21, 0x24, 0x21, 0x24, 0x21, 0x24, 0x21, 0x24, 0x21, 0x24, 0x21, 0x24, 0x21, 0x24, 0x21, 0x24, 0x21, 0x24, 0x21, 0x24, 0x21, 0x24, 0x21, 0x04,
  0x21, 0x04, 0x21, 0x04, 0x21, 0x04, 0x21, 0x04, 0x21, 0x04, 0x21, 0x04, 0x21, 0x04, 0x21, 0x04, 0x21, 0x04, 0x21, 0x04, 0x21, 0x04, 0x21, 0x04, 0x21, 0x04, 0x21, 0x24, 0x21, 0x04, 0x21, 0x24,
  0x21, 0x04, 0x21, 0x04, 0x21, 0x04, 0x21, 0x04, 0x21, 0x04, 0x21, 0x04, 0x21, 0x24, 0x21, 0x24, 0x21, 0x24, 0x21, 0x04, 0x21, 0x24, 0x21, 0x24, 0x21, 0x24, 0x21, 0x24, 0x21, 0x24, 0x21, 0x24,
  0x21, 0x24, 0x21, 0x24, 0x29, 0x24, 0x29, 0x25, 0x21, 0x25, 0x29, 0x25, 0x29, 0x45, 0x29, 0x45, 0x29, 0x25, 0x29, 0x25, 0x29, 0x45, 0x29, 0x45, 0x29, 0x45, 0x4A, 0x49, 0x52, 0x8A, 0x52, 0x8A,
  0x31, 0x86, 0x21, 0x24, 0x29, 0x45, 0x29, 0x65, 0x29, 0x65, 0x29, 0x45, 0x29, 0x65, 0x29, 0x65, 0x29, 0x65, 0x29, 0x65, 0x29, 0x65, 0x29, 0x65, 0x29, 0x65, 0x29, 0x65, 0x29, 0x65, 0x29, 0x65,
  0x29, 0x65, 0x29, 0x65, 0x29, 0x65, 0x29, 0x65, 0x29, 0x65, 0x29, 0x65, 0x31, 0x66, 0x29, 0x65, 0x29, 0x65, 0x31, 0x86, 0x29, 0x65, 0x31, 0x66, 0x31, 0x86, 0x31, 0x66, 0x29, 0x65, 0x29, 0x65,
  0x29, 0x65, 0x18, 0xE3, 0x18, 0xC3, 0x18, 0xA2, 0x18, 0xA2, 0x18, 0xC2, 0x20, 0xE3, 0x28, 0xE3, 0x28, 0xE2, 0x39, 0x03, 0x39, 0x23, 0x41, 0x02, 0xE3, 0xC5, 0xA2, 0xA4, 0x20, 0x40, 0x28, 0x80,
  0x20, 0x60, 0x18, 0x40, 0x10, 0x20, 0x08, 0x20, 0x00, 0x00, 0x00, 0x00, 0x00, 0x00, 0x00, 0x00, 0x00, 0x00, 0x00, 0x00, 0x00, 0x00, 0x00, 0x00, 0x00, 0x00, 0x00, 0x00, 0x00, 0x00, 0x00, 0x00,
  0x00, 0x00, 0x00, 0x00, 0x00, 0x00, 0x00, 0x00, 0x00, 0x00, 0x00, 0x00, 0x00, 0x00, 0x00, 0x00, 0x00, 0x00, 0x00, 0x00, 0x08, 0x00, 0x08, 0x20, 0x08, 0x20, 0x10, 0x40, 0x18, 0x60, 0x20, 0x80,
  0x28, 0x80, 0x48, 0xC1, 0xF4, 0x06, 0x8A, 0x43, 0x30, 0xE1, 0x39, 0x03, 0x31, 0x02, 0x28, 0xE3, 0x20, 0xC3, 0x18, 0xC2, 0x18, 0xA2, 0x18, 0xA2, 0x18, 0xC3, 0x18, 0xA3, 0x21, 0x24, 0x29, 0x65,
  0x29, 0x65, 0x29, 0x65, 0x29, 0x65, 0x29, 0x65, 0x31, 0x66, 0x31, 0x86, 0x31, 0x66, 0x31, 0x66, 0x31, 0x86, 0x31, 0x86, 0x31, 0x66, 0x31, 0x86, 0x31, 0x86, 0x31, 0x86, 0x31, 0x86, 0x31, 0x86,
  0x31, 0x86, 0x31, 0x86, 0x31, 0x86, 0x31, 0x86, 0x31, 0x86, 0x31, 0x86, 0x31, 0xA6, 0x31, 0x86, 0x31, 0x86, 0x31, 0x86, 0x31, 0x86, 0x31, 0x86, 0x31, 0x86, 0x29, 0x65, 0x31, 0x86, 0x42, 0x08,
  0x42, 0x28, 0x42, 0x08, 0x31, 0x86, 0x29, 0x65, 0x31, 0x86, 0x31, 0x86, 0x31, 0x86, 0x31, 0x86, 0x31, 0x86, 0x31, 0x86, 0x31, 0x86, 0x31, 0xA6, 0x31, 0xA6, 0x31, 0x86, 0x31, 0x86, 0x31, 0x86,
  0x31, 0x66, 0x31, 0x86, 0x31, 0x86, 0x31, 0x86, 0x31, 0x86, 0x31, 0x86, 0x31, 0x86, 0x31, 0x86, 0x31, 0x86, 0x31, 0x86, 0x31, 0x86, 0x31, 0x85, 0x31, 0x65, 0x31, 0x65, 0x31, 0x65, 0x29, 0x65,
  0x29, 0x65, 0x29, 0x65, 0x29, 0x65, 0x29, 0x65, 0x29, 0x65, 0x29, 0x65, 0x29, 0x45, 0x29, 0x45, 0x29, 0x45, 0x29, 0x45, 0x29, 0x45, 0x29, 0x45, 0x29, 0x45, 0x29, 0x45, 0x29, 0x24, 0x29, 0x24,
  0x29, 0x24, 0x29, 0x24, 0x29, 0x24, 0x29, 0x24, 0x21, 0x24, 0x21, 0x24, 0x21, 0x24, 0x21, 0x24, 0x21, 0x24, 0x21, 0x24, 0x21, 0x24, 0x21, 0x04, 0x21, 0x04, 0x21, 0x04, 0x21, 0x04, 0x21, 0x04,
  0x21, 0x04, 0x21, 0x04, 0x21, 0x04, 0x21, 0x04, 0x21, 0x04, 0x21, 0x04, 0x21, 0x04, 0x21, 0x04, 0x21, 0x04, 0x21, 0x04, 0x21, 0x04, 0x21, 0x04, 0x21, 0x04, 0x21, 0x04, 0x21, 0x04, 0x21, 0x24,
  0x29, 0x24, 0x29, 0x04, 0x21, 0x04, 0x21, 0x04, 0x21, 0x04, 0x21, 0x24, 0x29, 0x24, 0x21, 0x24, 0x21, 0x24, 0x21, 0x04, 0x21, 0x04, 0x21, 0x24, 0x29, 0x24, 0x21, 0x24, 0x21, 0x24, 0x21, 0x24,
  0x21, 0x24, 0x21, 0x24, 0x21, 0x24, 0x21, 0x24, 0x21, 0x24, 0x21, 0x24, 0x29, 0x25, 0x29, 0x45, 0x29, 0x25, 0x21, 0x24, 0x29, 0x25, 0x29, 0x45, 0x21, 0x24, 0x29, 0x65, 0x4A, 0x69, 0x52, 0x8A,
  0x4A, 0x69, 0x29, 0x45, 0x21, 0x24, 0x29, 0x45, 0x29, 0x45, 0x29, 0x45, 0x29, 0x45, 0x29, 0x45, 0x29, 0x65, 0x29, 0x65, 0x29, 0x45, 0x29, 0x45, 0x29, 0x45, 0x29, 0x65, 0x29, 0x45, 0x29, 0x65,
  0x29, 0x45, 0x29, 0x65, 0x29, 0x65, 0x29, 0x65, 0x29, 0x65, 0x29, 0x45, 0x29, 0x65, 0x29, 0x65, 0x29, 0x65, 0x29, 0x65, 0x29, 0x65, 0x29, 0x65, 0x31, 0x66, 0x31, 0x66, 0x29, 0x65, 0x29, 0x45,
  0x29, 0x65, 0x21, 0x04, 0x18, 0xA3, 0x18, 0xA3, 0x18, 0xA2, 0x18, 0xC2, 0x20, 0xC3, 0x20, 0xE3, 0x28, 0xE3, 0x31, 0x02, 0x41, 0x23, 0x38, 0xE1, 0x82, 0x23, 0xF4, 0x06, 0x48, 0xC1, 0x28, 0x80,
  0x20, 0x80, 0x18, 0x40, 0x10, 0x40, 0x08, 0x20, 0x08, 0x00, 0x00, 0x00, 0x00, 0x00, 0x00, 0x00, 0x00, 0x00, 0x00, 0x00, 0x00, 0x00, 0x00, 0x00, 0x00, 0x00, 0x00, 0x00, 0x00, 0x00, 0x00, 0x00,
  0x00, 0x00, 0x00, 0x00, 0x00, 0x00, 0x00, 0x00, 0x00, 0x00, 0x00, 0x00, 0x00, 0x00, 0x00, 0x00, 0x00, 0x00, 0x00, 0x00, 0x08, 0x00, 0x08, 0x20, 0x10, 0x20, 0x18, 0x40, 0x20, 0x60, 0x28, 0xA0,
  0x20, 0x40, 0x9A, 0x64, 0xEB, 0xE5, 0x41, 0x01, 0x39, 0x02, 0x31, 0x02, 0x30, 0xE3, 0x28, 0xC2, 0x20, 0xC2, 0x18, 0xA2, 0x18, 0xA2, 0x18, 0xA3, 0x18, 0xC3, 0x18, 0xA3, 0x29, 0x25, 0x29, 0x65,
  0x29, 0x65, 0x29, 0x65, 0x29, 0x65, 0x29, 0x65, 0x29, 0x65, 0x31, 0x66, 0x29, 0x65, 0x29, 0x65, 0x31, 0x86, 0x29, 0x65, 0x31, 0x66, 0x31, 0x86, 0x31, 0x66, 0x31, 0x86, 0x31, 0x86, 0x31, 0x86,
  0x31, 0x86, 0x31, 0x86, 0x31, 0x86, 0x31, 0x86, 0x31, 0x86, 0x31, 0x86, 0x31, 0x86, 0x31, 0x86, 0x31, 0x86, 0x31, 0x86, 0x31, 0x86, 0x31, 0x86, 0x29, 0x65, 0x29, 0x65, 0x39, 0xE7, 0x42, 0x08,
  0x42, 0x08, 0x31, 0x86, 0x29, 0x65, 0x31, 0x86, 0x31, 0x86, 0x31, 0x86, 0x31, 0x66, 0x31, 0x66, 0x31, 0x86, 0x31, 0x86, 0x31, 0x86, 0x31, 0x86, 0x31, 0x86, 0x31, 0x86, 0x31, 0x86, 0x31, 0x85,
  0x31, 0x86, 0x31, 0x86, 0x31, 0x85, 0x31, 0x85, 0x31, 0x86, 0x39, 0x86, 0x31, 0x86, 0x31, 0x86, 0x31, 0x86, 0x31, 0x85, 0x31, 0x85, 0x31, 0x85, 0x31, 0x65, 0x31, 0x65, 0x31, 0x65, 0x31, 0x65,
  0x31, 0x65, 0x31, 0x65, 0x29, 0x65, 0x29, 0x45, 0x29, 0x45, 0x29, 0x45, 0x29, 0x45, 0x29, 0x45, 0x29, 0x45, 0x29, 0x45, 0x29, 0x45, 0x29, 0x24, 0x29, 0x24, 0x29, 0x24, 0x29, 0x24, 0x29, 0x24,
  0x29, 0x24, 0x29, 0x24, 0x29, 0x24, 0x29, 0x24, 0x21, 0x24, 0x21, 0x24, 0x21, 0x24, 0x21, 0x04, 0x21, 0x24, 0x21, 0x04, 0x21, 0x04, 0x21, 0x04, 0x21, 0x04, 0x21, 0x04, 0x21, 0x04, 0x29, 0x04,
  0x21, 0x04, 0x21, 0x04, 0x21, 0x04, 0x29, 0x04, 0x29, 0x04, 0x29, 0x04, 0x29, 0x04, 0x29, 0x04, 0x29, 0x04, 0x29, 0x04, 0x29, 0x04, 0x29, 0x04, 0x29, 0x04, 0x29, 0x04, 0x29, 0x04, 0x29, 0x04,
  0x29, 0x04, 0x29, 0x04, 0x29, 0x04, 0x29, 0x04, 0x29, 0x04, 0x29, 0x04, 0x29, 0x04, 0x29, 0x24, 0x29, 0x24, 0x29, 0x24, 0x29, 0x24, 0x29, 0x04, 0x29, 0x24, 0x29, 0x24, 0x29, 0x04, 0x21, 0x04,
  0x21, 0x24, 0x21, 0x24, 0x21, 0x24, 0x21, 0x24, 0x21, 0x24, 0x21, 0x24, 0x21, 0x24, 0x29, 0x25, 0x29, 0x45, 0x29, 0x25, 0x21, 0x24, 0x21, 0x24, 0x29, 0x25, 0x21, 0x04, 0x31, 0x86, 0x52, 0x8A,
  0x52, 0x8A, 0x4A, 0x29, 0x29, 0x25, 0x29, 0x25, 0x29, 0x45, 0x29, 0x45, 0x29, 0x45, 0x29, 0x45, 0x29, 0x45, 0x29, 0x65, 0x29, 0x65, 0x29, 0x65, 0x29, 0x45, 0x29, 0x45, 0x29, 0x65, 0x29, 0x45,
  0x29, 0x65, 0x29, 0x45, 0x29, 0x65, 0x29, 0x45, 0x29, 0x65, 0x29, 0x65, 0x29, 0x65, 0x29, 0x65, 0x29, 0x65, 0x29, 0x65, 0x29, 0x65, 0x29, 0x65, 0x29, 0x65, 0x31, 0x66, 0x29, 0x65, 0x29, 0x45,
  0x29, 0x45, 0x21, 0x24, 0x18, 0xA3, 0x18, 0xA3, 0x18, 0xA2, 0x18, 0xC3, 0x18, 0xC3, 0x20, 0xC3, 0x28, 0xE3, 0x28, 0xE2, 0x39, 0x03, 0x39, 0x23, 0x41, 0x02, 0xE3, 0xC5, 0x9A, 0x63, 0x20, 0x40,
  0x28, 0x80, 0x20, 0x60, 0x18, 0x40, 0x10, 0x20, 0x08, 0x20, 0x00, 0x00, 0x00, 0x00, 0x00, 0x00, 0x00, 0x00, 0x00, 0x00, 0x00, 0x00, 0x00, 0x00, 0x00, 0x00, 0x00, 0x00, 0x00, 0x00, 0x00, 0x00,
  0x00, 0x00, 0x00, 0x00, 0x00, 0x00, 0x00, 0x00, 0x00, 0x00, 0x00, 0x00, 0x00, 0x00, 0x00, 0x00, 0x00, 0x00, 0x00, 0x00, 0x08, 0x20, 0x08, 0x20, 0x10, 0x40, 0x18, 0x40, 0x20, 0x60, 0x28, 0x80,
  0x40, 0xA0, 0xEB, 0xE6, 0x92, 0x63, 0x30, 0xC1, 0x39, 0x02, 0x30, 0xE2, 0x28, 0xE2, 0x20, 0xC2, 0x18, 0xA2, 0x18, 0xA2, 0x18, 0xA2, 0x18, 0xC3, 0x18, 0xA3, 0x18, 0xC3, 0x29, 0x45, 0x29, 0x45,
  0x29, 0x45, 0x29, 0x45, 0x29, 0x45, 0x29, 0x45, 0x29, 0x65, 0x29, 0x65, 0x29, 0x65, 0x29, 0x65, 0x29, 0x65, 0x29, 0x65, 0x31, 0x66, 0x29, 0x65, 0x31, 0x66, 0x31, 0x66, 0x31, 0x66, 0x31, 0x86,
  0x31, 0x66, 0x31, 0x86, 0x31, 0x86, 0x31, 0x86, 0x31, 0x86, 0x31, 0x86, 0x31, 0x66, 0x31, 0x66, 0x31, 0x66, 0x29, 0x65, 0x31, 0x86, 0x29, 0x65, 0x29, 0x65, 0x39, 0xA7, 0x42, 0x08, 0x42, 0x08,
  0x31, 0xA6, 0x29, 0x45, 0x29, 0x65, 0x29, 0x65, 0x29, 0x65, 0x29, 0x65, 0x29, 0x65, 0x29, 0x65, 0x29, 0x65, 0x31, 0x66, 0x31, 0x86, 0x31, 0x65, 0x31, 0x86, 0x31, 0x86, 0x31, 0x65, 0x39, 0x86,
  0x39, 0x86, 0x31, 0x85, 0x39, 0x85, 0x39, 0x86, 0x39, 0x86, 0x39, 0x85, 0x39, 0x86, 0x39, 0x85, 0x39, 0x85, 0x39, 0x85, 0x39, 0x65, 0x39, 0x65, 0x31, 0x65, 0x31, 0x85, 0x31, 0x85, 0x31, 0x86,
  0x31, 0x85, 0x31, 0x65, 0x29, 0x45, 0x29, 0x45, 0x29, 0x45, 0x29, 0x45, 0x29, 0x45, 0x29, 0x45, 0x29, 0x45, 0x29, 0x25, 0x29, 0x45, 0x29, 0x44, 0x29, 0x24, 0x29, 0x24, 0x29, 0x24, 0x29, 0x24,
  0x29, 0x24, 0x29, 0x24, 0x29, 0x24, 0x29, 0x24, 0x29, 0x24, 0x29, 0x24, 0x29, 0x04, 0x21, 0x04, 0x29, 0x04, 0x21, 0x04, 0x21, 0x04, 0x29, 0x04, 0x29, 0x04, 0x29, 0x04, 0x29, 0x04, 0x29, 0x04,
  0x29, 0x04, 0x29, 0x04, 0x29, 0x04, 0x29, 0x04, 0x29, 0x04, 0x29, 0x04, 0x29, 0x04, 0x29, 0x24, 0x29, 0x24, 0x29, 0x24, 0x29, 0x04, 0x29, 0x04, 0x29, 0x04, 0x29, 0x04, 0x29, 0x24, 0x29, 0x04,
  0x29, 0x04, 0x29, 0x04, 0x29, 0x04, 0x29, 0x04, 0x29, 0x04, 0x29, 0x04, 0x29, 0x24, 0x29, 0x24, 0x29, 0x24, 0x31, 0x24, 0x29, 0x24, 0x29, 0x24, 0x29, 0x04, 0x29, 0x04, 0x29, 0x24, 0x29, 0x24,
  0x29, 0x04, 0x29, 0x04, 0x21, 0x24, 0x21, 0x24, 0x21, 0x04, 0x21, 0x24, 0x21, 0x24, 0x21, 0x24, 0x21, 0x24, 0x29, 0x25, 0x21, 0x24, 0x21, 0x24, 0x21, 0x24, 0x29, 0x25, 0x21, 0x04, 0x39, 0xE7,
  0x52, 0x8A, 0x52, 0x8A, 0x39, 0xE7, 0x21, 0x24, 0x29, 0x45, 0x29, 0x45, 0x29, 0x45, 0x29, 0x45, 0x29, 0x45, 0x29, 0x45, 0x29, 0x65, 0x29, 0x45, 0x29, 0x65, 0x29, 0x45, 0x29, 0x45, 0x29, 0x45,
  0x29, 0x65, 0x29, 0x45, 0x29, 0x65, 0x29, 0x65, 0x29, 0x45, 0x29, 0x65, 0x29, 0x45, 0x29, 0x65, 0x29, 0x65, 0x29, 0x65, 0x29, 0x65, 0x29, 0x65, 0x29, 0x65, 0x29, 0x65, 0x29, 0x65, 0x29, 0x65,
  0x29, 0x45, 0x29, 0x45, 0x18, 0xC3, 0x18, 0xA3, 0x10, 0xA3, 0x18, 0xA3, 0x18, 0xC3, 0x18, 0xC3, 0x20, 0xE3, 0x28, 0xE3, 0x31, 0x02, 0x41, 0x23, 0x30, 0xE2, 0x92, 0x43, 0xEB, 0xE6, 0x40, 0xA0,
  0x28, 0x80, 0x20, 0x60, 0x18, 0x40, 0x10, 0x20, 0x08, 0x20, 0x08, 0x00, 0x00, 0x00, 0x00, 0x00, 0x00, 0x00, 0x00, 0x00, 0x00, 0x00, 0x00, 0x00, 0x00, 0x00, 0x00, 0x00, 0x00, 0x00, 0x00, 0x00,
  0x00, 0x00, 0x00, 0x00, 0x00, 0x00, 0x00, 0x00, 0x00, 0x00, 0x00, 0x00, 0x00, 0x00, 0x00, 0x00, 0x00, 0x00, 0x08, 0x00, 0x08, 0x20, 0x10, 0x20, 0x18, 0x40, 0x20, 0x60, 0x28, 0x80, 0x20, 0x40,
  0x8A, 0x03, 0xF3, 0xE6, 0x49, 0x01, 0x39, 0x02, 0x30, 0xE2, 0x28, 0xE2, 0x20, 0xC2, 0x20, 0xA2, 0x18, 0xA2, 0x18, 0xA2, 0x18, 0xA3, 0x18, 0xC3, 0x10, 0xA2, 0x18, 0xE3, 0x29, 0x45, 0x29, 0x45,
  0x29, 0x45, 0x29, 0x45, 0x29, 0x45, 0x29, 0x45, 0x29, 0x65, 0x29, 0x45, 0x29, 0x45, 0x29, 0x65, 0x29, 0x45, 0x29, 0x65, 0x29, 0x65, 0x29, 0x65, 0x31, 0x66, 0x29, 0x65, 0x31, 0x66, 0x29, 0x65,
  0x31, 0x66, 0x31, 0x66, 0x31, 0x66, 0x29, 0x65, 0x31, 0x86, 0x31, 0x66, 0x29, 0x65, 0x29, 0x65, 0x29, 0x65, 0x31, 0x66, 0x29, 0x65, 0x29, 0x45, 0x31, 0x86, 0x42, 0x08, 0x42, 0x08, 0x39, 0xC7,
  0x29, 0x65, 0x29, 0x65, 0x29, 0x65, 0x29, 0x65, 0x29, 0x45, 0x29, 0x45, 0x29, 0x65, 0x29, 0x45, 0x29, 0x65, 0x29, 0x65, 0x29, 0x65, 0x31, 0x66, 0x31, 0x85, 0x31, 0x65, 0x39, 0x85, 0x39, 0x85,
  0x39, 0x85, 0x39, 0x85, 0x39, 0xA6, 0x39, 0xA5, 0x39, 0x85, 0x41, 0x85, 0x39, 0x85, 0x39, 0x85, 0x39, 0x85, 0x39, 0x85, 0x39, 0x85, 0x39, 0x85, 0x39, 0x85, 0x39, 0x85, 0x31, 0x65, 0x31, 0x65,
  0x31, 0x65, 0x31, 0x65, 0x29, 0x65, 0x29, 0x65, 0x29, 0x45, 0x29, 0x45, 0x29, 0x45, 0x29, 0x45, 0x29, 0x45, 0x29, 0x44, 0x29, 0x24, 0x29, 0x24, 0x29, 0x24, 0x29, 0x24, 0x29, 0x24, 0x29, 0x24,
  0x29, 0x24, 0x29, 0x24, 0x29, 0x24, 0x29, 0x24, 0x29, 0x24, 0x29, 0x04, 0x29, 0x04, 0x29, 0x04, 0x29, 0x04, 0x29, 0x04, 0x29, 0x04, 0x29, 0x24, 0x29, 0x04, 0x29, 0x24, 0x31, 0x24, 0x31, 0x24,
  0x31, 0x24, 0x31, 0x24, 0x31, 0x24, 0x31, 0x23, 0x31, 0x23, 0x31, 0x23, 0x31, 0x23, 0x31, 0x23, 0x31, 0x23, 0x31, 0x23, 0x31, 0x23, 0x31, 0x24, 0x31, 0x24, 0x31, 0x03, 0x31, 0x23, 0x31, 0x24,
  0x31, 0x24, 0x31, 0x24, 0x31, 0x23, 0x31, 0x24, 0x31, 0x24, 0x31, 0x24, 0x31, 0x24, 0x31, 0x24, 0x31, 0x24, 0x31, 0x24, 0x31, 0x24, 0x31, 0x24, 0x31, 0x24, 0x29, 0x24, 0x29, 0x04, 0x29, 0x04,
  0x29, 0x04, 0x29, 0x04, 0x21, 0x04, 0x29, 0x04, 0x29, 0x04, 0x21, 0x04, 0x21, 0x24, 0x21, 0x24, 0x21, 0x24, 0x21, 0x24, 0x29, 0x25, 0x21, 0x24, 0x21, 0x24, 0x21, 0x24, 0x29, 0x25, 0x21, 0x24,
  0x42, 0x28, 0x52, 0x8A, 0x52, 0x8A, 0x31, 0x86, 0x21, 0x24, 0x29, 0x45, 0x29, 0x45, 0x29, 0x45, 0x29, 0x45, 0x29, 0x45, 0x29, 0x45, 0x29, 0x45, 0x29, 0x45, 0x29, 0x45, 0x29, 0x45, 0x29, 0x65,
  0x29, 0x45, 0x29, 0x45, 0x29, 0x45, 0x29, 0x65, 0x29, 0x45, 0x29, 0x45, 0x29, 0x45, 0x29, 0x45, 0x29, 0x65, 0x29, 0x65, 0x29, 0x65, 0x29, 0x65, 0x29, 0x65, 0x29, 0x65, 0x29, 0x65, 0x29, 0x65,
  0x29, 0x45, 0x29, 0x45, 0x18, 0xE3, 0x10, 0xA2, 0x18, 0xA3, 0x18, 0xA3, 0x18, 0xC3, 0x18, 0xC2, 0x20, 0xC3, 0x28, 0xE3, 0x28, 0xE3, 0x39, 0x02, 0x39, 0x22, 0x49, 0x21, 0xEB, 0xE6, 0x8A, 0x23,
  0x20, 0x40, 0x28, 0x80, 0x20, 0x60, 0x10, 0x40, 0x08, 0x20, 0x08, 0x20, 0x00, 0x00, 0x00, 0x00, 0x00, 0x00, 0x00, 0x00, 0x00, 0x00, 0x00, 0x00, 0x00, 0x00, 0x00, 0x00, 0x00, 0x00, 0x00, 0x00,
  0x00, 0x00, 0x00, 0x00, 0x00, 0x00, 0x00, 0x00, 0x00, 0x00, 0x00, 0x00, 0x00, 0x00, 0x00, 0x00, 0x00, 0x00, 0x08, 0x00, 0x08, 0x20, 0x10, 0x40, 0x18, 0x40, 0x20, 0x60, 0x28, 0x80, 0x30, 0x80,
  0xDB, 0x85, 0xAA, 0xA4, 0x30, 0xC2, 0x39, 0x02, 0x30, 0xE2, 0x28, 0xC2, 0x20, 0xA2, 0x18, 0xA2, 0x18, 0xA2, 0x18, 0xA2, 0x18, 0xA3, 0x18, 0xA3, 0x10, 0x82, 0x21, 0x04, 0x29, 0x45, 0x29, 0x45,
  0x29, 0x45, 0x29, 0x45, 0x29, 0x45, 0x29, 0x45, 0x29, 0x45, 0x29, 0x45, 0x29, 0x45, 0x29, 0x45, 0x29, 0x45, 0x29, 0x65, 0x29, 0x45, 0x29, 0x65, 0x29, 0x65, 0x29, 0x65, 0x29, 0x65, 0x29, 0x65,
  0x29, 0x65, 0x29, 0x65, 0x29, 0x65, 0x29, 0x65, 0x29, 0x65, 0x29, 0x65, 0x29, 0x65, 0x29, 0x65, 0x29, 0x65, 0x29, 0x65, 0x29, 0x45, 0x29, 0x45, 0x39, 0xE7, 0x42, 0x08, 0x39, 0xE7, 0x29, 0x65,
  0x29, 0x45, 0x29, 0x45, 0x29, 0x45, 0x29, 0x45, 0x29, 0x45, 0x29, 0x45, 0x29, 0x45, 0x29, 0x45, 0x29, 0x65, 0x29, 0x45, 0x29, 0x65, 0x31, 0x65, 0x31, 0x65, 0x31, 0x85, 0x39, 0x85, 0x39, 0x85,
  0x39, 0x85, 0x41, 0xA6, 0x41, 0xA5, 0x41, 0xA5, 0x41, 0xA5, 0x41, 0xA5, 0x41, 0xA5, 0x41, 0xA5, 0x41, 0x85, 0x41, 0x85, 0x41, 0x85, 0x41, 0x85, 0x41, 0x85, 0x39, 0x85, 0x39, 0x85, 0x39, 0x65,
  0x31, 0x65, 0x31, 0x65, 0x29, 0x45, 0x29, 0x45, 0x29, 0x45, 0x29, 0x45, 0x29, 0x45, 0x29, 0x24, 0x21, 0x24, 0x29, 0x24, 0x29, 0x24, 0x29, 0x24, 0x31, 0x24, 0x31, 0x24, 0x31, 0x24, 0x31, 0x24,
  0x31, 0x24, 0x31, 0x24, 0x31, 0x24, 0x29, 0x24, 0x29, 0x24, 0x29, 0x24, 0x29, 0x24, 0x29, 0x24, 0x29, 0x24, 0x29, 0x24, 0x29, 0x24, 0x31, 0x24, 0x31, 0x24, 0x31, 0x24, 0x31, 0x24, 0x39, 0x24,
  0x39, 0x24, 0x39, 0x24, 0x39, 0x23, 0x39, 0x44, 0x39, 0x44, 0x39, 0x44, 0x39, 0x24, 0x39, 0x23, 0x39, 0x24, 0x39, 0x24, 0x39, 0x24, 0x39, 0x24, 0x39, 0x23, 0x39, 0x23, 0x39, 0x23, 0x39, 0x23,
  0x39, 0x23, 0x39, 0x23, 0x39, 0x44, 0x39, 0x43, 0x39, 0x23, 0x39, 0x44, 0x39, 0x44, 0x39, 0x44, 0x39, 0x44, 0x39, 0x44, 0x39, 0x44, 0x39, 0x44, 0x39, 0x44, 0x31, 0x24, 0x31, 0x23, 0x29, 0x04,
  0x29, 0x04, 0x29, 0x04, 0x29, 0x04, 0x29, 0x04, 0x29, 0x24, 0x21, 0x04, 0x21, 0x24, 0x21, 0x24, 0x21, 0x24, 0x21, 0x24, 0x21, 0x24, 0x21, 0x24, 0x21, 0x24, 0x21, 0x24, 0x29, 0x25, 0x21, 0x24,
  0x29, 0x45, 0x4A, 0x69, 0x52, 0x8A, 0x4A, 0x69, 0x29, 0x45, 0x29, 0x25, 0x29, 0x45, 0x29, 0x45, 0x29, 0x45, 0x29, 0x45, 0x29, 0x45, 0x29, 0x45, 0x29, 0x45, 0x29, 0x45, 0x29, 0x45, 0x29, 0x45,
  0x29, 0x45, 0x29, 0x45, 0x29, 0x45, 0x29, 0x45, 0x29, 0x65, 0x29, 0x45, 0x29, 0x45, 0x29, 0x45, 0x29, 0x45, 0x29, 0x65, 0x29, 0x65, 0x29, 0x65, 0x29, 0x65, 0x29, 0x45, 0x29, 0x65, 0x29, 0x65,
  0x29, 0x45, 0x29, 0x45, 0x21, 0x04, 0x10, 0xA2, 0x18, 0xA3, 0x18, 0xA3, 0x18, 0xA3, 0x18, 0xC2, 0x20, 0xC2, 0x20, 0xC3, 0x28, 0xE3, 0x30, 0xE2, 0x39, 0x23, 0x30, 0xC2, 0xA2, 0xA4, 0xDB, 0xA5,
  0x30, 0x80, 0x28, 0x80, 0x20, 0x60, 0x18, 0x40, 0x10, 0x20, 0x08, 0x20, 0x08, 0x00, 0x00, 0x00, 0x00, 0x00, 0x00, 0x00, 0x00, 0x00, 0x00, 0x00, 0x00, 0x00, 0x00, 0x00, 0x00, 0x00, 0x00, 0x00,
  0x00, 0x00, 0x00, 0x00, 0x00, 0x00, 0x00, 0x00, 0x00, 0x00, 0x00, 0x00, 0x00, 0x00, 0x00, 0x00, 0x00, 0x00, 0x08, 0x20, 0x10, 0x20, 0x10, 0x40, 0x18, 0x60, 0x28, 0x80, 0x20, 0x60, 0x69, 0x82,
  0xF4, 0x06, 0x59, 0x62, 0x30, 0xE2, 0x30, 0xE2, 0x28, 0xE2, 0x20, 0xC2, 0x18, 0xA2, 0x18, 0xA2, 0x10, 0xA2, 0x10, 0xA2, 0x18, 0xA3, 0x18, 0xA3, 0x10, 0xA2, 0x21, 0x04, 0x29, 0x25, 0x29, 0x25,
  0x29, 0x25, 0x29, 0x25, 0x29, 0x45, 0x29, 0x45, 0x29, 0x25, 0x29, 0x45, 0x29, 0x45, 0x29, 0x45, 0x29, 0x45, 0x29, 0x45, 0x29, 0x45, 0x29, 0x45, 0x29, 0x45, 0x29, 0x65, 0x29, 0x45, 0x29, 0x45,
  0x29, 0x45, 0x29, 0x45, 0x29, 0x45, 0x29, 0x45, 0x29, 0x45, 0x29, 0x45, 0x29, 0x45, 0x29, 0x45, 0x29, 0x65, 0x29, 0x45, 0x29, 0x45, 0x31, 0xA6, 0x42, 0x08, 0x41, 0xE8, 0x31, 0x86, 0x29, 0x45,
  0x29, 0x45, 0x29, 0x45, 0x29, 0x45, 0x29, 0x45, 0x29, 0x45, 0x29, 0x45, 0x29, 0x45, 0x29, 0x45, 0x29, 0x45, 0x29, 0x45, 0x29, 0x65, 0x31, 0x45, 0x31, 0x65, 0x39, 0x65, 0x39, 0x85, 0x41, 0x85,
  0x41, 0xA5, 0x49, 0xA5, 0x49, 0xA5, 0x49, 0xC5, 0x49, 0xA5, 0x51, 0xA5, 0x51, 0xA5, 0x51, 0xA5, 0x51, 0xA5, 0x51, 0xA5, 0x51, 0xA5, 0x49, 0xA5, 0x49, 0xA5, 0x49, 0x85, 0x41, 0x85, 0x39, 0x65,
  0x39, 0x65, 0x31, 0x65, 0x31, 0x45, 0x29, 0x45, 0x29, 0x25, 0x29, 0x24, 0x29, 0x24, 0x29, 0x24, 0x29, 0x24, 0x29, 0x24, 0x31, 0x24, 0x31, 0x24, 0x31, 0x44, 0x31, 0x44, 0x39, 0x44, 0x39, 0x44,
  0x39, 0x24, 0x39, 0x24, 0x31, 0x24, 0x31, 0x24, 0x31, 0x24, 0x31, 0x23, 0x31, 0x03, 0x31, 0x23, 0x31, 0x23, 0x31, 0x23, 0x31, 0x23, 0x39, 0x23, 0x39, 0x23, 0x39, 0x23, 0x41, 0x43, 0x41, 0x43,
  0x41, 0x43, 0x41, 0x43, 0x41, 0x43, 0x41, 0x43, 0x41, 0x43, 0x41, 0x43, 0x41, 0x43, 0x41, 0x43, 0x41, 0x43, 0x41, 0x43, 0x41, 0x43, 0x41, 0x43, 0x41, 0x43, 0x49, 0x43, 0x49, 0x43, 0x41, 0x43,
  0x41, 0x43, 0x41, 0x43, 0x49, 0x43, 0x49, 0x63, 0x49, 0x63, 0x49, 0x63, 0x49, 0x63, 0x49, 0x63, 0x49, 0x63, 0x49, 0x63, 0x49, 0x63, 0x41, 0x43, 0x41, 0x44, 0x39, 0x44, 0x39, 0x23, 0x31, 0x23,
  0x31, 0x03, 0x29, 0x04, 0x29, 0x04, 0x29, 0x04, 0x21, 0x04, 0x21, 0x24, 0x21, 0x04, 0x21, 0x24, 0x21, 0x24, 0x21, 0x04, 0x21, 0x04, 0x21, 0x24, 0x21, 0x24, 0x21, 0x24, 0x21, 0x24, 0x29, 0x25,
  0x21, 0x04, 0x31, 0x86, 0x52, 0x8A, 0x52, 0x8A, 0x42, 0x08, 0x21, 0x24, 0x29, 0x25, 0x29, 0x45, 0x29, 0x45, 0x29, 0x45, 0x29, 0x45, 0x29, 0x45, 0x29, 0x45, 0x29, 0x45, 0x29, 0x45, 0x29, 0x45,
  0x29, 0x45, 0x29, 0x45, 0x29, 0x45, 0x29, 0x45, 0x29, 0x45, 0x29, 0x45, 0x29, 0x45, 0x29, 0x45, 0x29, 0x45, 0x29, 0x65, 0x29, 0x65, 0x29, 0x45, 0x29, 0x45, 0x29, 0x45, 0x29, 0x45, 0x29, 0x45,
  0x29, 0x45, 0x29, 0x45, 0x21, 0x24, 0x10, 0xA2, 0x18, 0xA3, 0x18, 0xA3, 0x18, 0xA2, 0x18, 0xC2, 0x18, 0xA2, 0x20, 0xC2, 0x28, 0xC3, 0x28, 0xE2, 0x39, 0x02, 0x38, 0xE2, 0x59, 0x41, 0xF4, 0x06,
  0x71, 0x82, 0x20, 0x60, 0x28, 0x80, 0x18, 0x60, 0x10, 0x20, 0x08, 0x20, 0x08, 0x20, 0x00, 0x00, 0x00, 0x00, 0x00, 0x00, 0x00, 0x00, 0x00, 0x00, 0x00, 0x00, 0x00, 0x00, 0x00, 0x00, 0x00, 0x00,
  0x00, 0x00, 0x00, 0x00, 0x00, 0x00, 0x00, 0x00, 0x00, 0x00, 0x00, 0x00, 0x00, 0x00, 0x00, 0x00, 0x00, 0x00, 0x08, 0x20, 0x10, 0x20, 0x18, 0x40, 0x20, 0x60, 0x28, 0x80, 0x28, 0x40, 0xC3, 0x04,
  0xC3, 0x25, 0x30, 0xC1, 0x39, 0x02, 0x30, 0xE2, 0x28, 0xC2, 0x20, 0xA2, 0x18, 0xA2, 0x18, 0xA2, 0x10, 0xA2, 0x10, 0xA2, 0x18, 0xA3, 0x10, 0xA2, 0x10, 0xA2, 0x21, 0x04, 0x21, 0x24, 0x21, 0x24,
  0x21, 0x24, 0x21, 0x24, 0x29, 0x25, 0x29, 0x25, 0x21, 0x24, 0x29, 0x45, 0x29, 0x45, 0x29, 0x45, 0x29, 0x45, 0x29, 0x45, 0x29, 0x45, 0x29, 0x45, 0x29, 0x45, 0x29, 0x45, 0x29, 0x45, 0x29, 0x45,
  0x29, 0x45, 0x29, 0x45, 0x29, 0x45, 0x29, 0x45, 0x29, 0x45, 0x29, 0x45, 0x29, 0x45, 0x29, 0x45, 0x29, 0x45, 0x29, 0x45, 0x29, 0x65, 0x41, 0xE8, 0x42, 0x08, 0x31, 0xA6, 0x29, 0x45, 0x29, 0x45,
  0x29, 0x45, 0x29, 0x45, 0x29, 0x45, 0x29, 0x45, 0x29, 0x45, 0x29, 0x45, 0x29, 0x45, 0x29, 0x45, 0x29, 0x45, 0x29, 0x45, 0x29, 0x45, 0x31, 0x65, 0x31, 0x65, 0x39, 0x65, 0x39, 0x85, 0x41, 0xA5,
  0x49, 0xA5, 0x51, 0xC5, 0x51, 0xC5, 0x59, 0xC5, 0x59, 0xC5, 0x59, 0xC5, 0x59, 0xC4, 0x59, 0xC4, 0x59, 0xC5, 0x59, 0xC5, 0x59, 0xC4, 0x59, 0xC5, 0x51, 0xA5, 0x51, 0xA5, 0x49, 0x85, 0x41, 0x84,
  0x39, 0x65, 0x31, 0x65, 0x31, 0x45, 0x29, 0x24, 0x29, 0x25, 0x29, 0x25, 0x29, 0x45, 0x29, 0x44, 0x29, 0x24, 0x31, 0x24, 0x31, 0x44, 0x39, 0x44, 0x39, 0x44, 0x39, 0x44, 0x41, 0x44, 0x41, 0x44,
  0x41, 0x44, 0x39, 0x43, 0x39, 0x24, 0x31, 0x24, 0x31, 0x23, 0x31, 0x23, 0x31, 0x23, 0x31, 0x23, 0x39, 0x23, 0x39, 0x23, 0x41, 0x43, 0x41, 0x43, 0x41, 0x43, 0x41, 0x43, 0x49, 0x43, 0x49, 0x63,
  0x49, 0x63, 0x51, 0x63, 0x51, 0x63, 0x51, 0x63, 0x51, 0x63, 0x51, 0x63, 0x51, 0x63, 0x51, 0x63, 0x51, 0x63, 0x51, 0x63, 0x51, 0x63, 0x51, 0x63, 0x51, 0x63, 0x51, 0x63, 0x51, 0x63, 0x51, 0x63,
  0x51, 0x83, 0x51, 0x83, 0x51, 0x83, 0x51, 0x83, 0x59, 0x83, 0x59, 0x83, 0x51, 0x83, 0x51, 0x83, 0x51, 0x83, 0x51, 0x83, 0x51, 0x83, 0x49, 0x63, 0x49, 0x63, 0x41, 0x64, 0x41, 0x44, 0x39, 0x23,
  0x31, 0x03, 0x31, 0x03, 0x29, 0x03, 0x29, 0x04, 0x21, 0x04, 0x21, 0x04, 0x21, 0x04, 0x21, 0x04, 0x21, 0x04, 0x21, 0x24, 0x21, 0x04, 0x21, 0x04, 0x21, 0x24, 0x21, 0x24, 0x21, 0x24, 0x21, 0x24,
  0x21, 0x24, 0x21, 0x04, 0x42, 0x08, 0x52, 0x8A, 0x52, 0x8A, 0x31, 0x86, 0x21, 0x04, 0x29, 0x25, 0x29, 0x45, 0x29, 0x45, 0x29, 0x25, 0x29, 0x45, 0x29, 0x45, 0x29, 0x45, 0x29, 0x45, 0x29, 0x45,
  0x29, 0x45, 0x29, 0x45, 0x29, 0x45, 0x29, 0x45, 0x29, 0x45, 0x29, 0x45, 0x29, 0x45, 0x29, 0x45, 0x29, 0x45, 0x29, 0x45, 0x29, 0x45, 0x29, 0x45, 0x29, 0x45, 0x29, 0x45, 0x29, 0x45, 0x29, 0x45,
  0x29, 0x45, 0x29, 0x45, 0x21, 0x24, 0x18, 0xA3, 0x10, 0xA2, 0x18, 0xA3, 0x18, 0xA2, 0x18, 0xA3, 0x18, 0xA2, 0x18, 0xA2, 0x20, 0xC3, 0x28, 0xE2, 0x30, 0xE2, 0x39, 0x02, 0x30, 0xC2, 0xC3, 0x24,
  0xC3, 0x04, 0x28, 0x60, 0x28, 0x80, 0x20, 0x60, 0x18, 0x40, 0x10, 0x20, 0x08, 0x20, 0x00, 0x00, 0x00, 0x00, 0x00, 0x00, 0x00, 0x00, 0x00, 0x00, 0x00, 0x00, 0x00, 0x00, 0x00, 0x00, 0x00, 0x00,
  0x00, 0x00, 0x00, 0x00, 0x00, 0x00, 0x00, 0x00, 0x00, 0x00, 0x00, 0x00, 0x00, 0x00, 0x00, 0x00, 0x08, 0x00, 0x08, 0x20, 0x10, 0x40, 0x18, 0x40, 0x20, 0x80, 0x28, 0x80, 0x48, 0xE1, 0xF4, 0x06,
  0x79, 0xC2, 0x30, 0xC1, 0x38, 0xE2, 0x28, 0xC2, 0x20, 0xC2, 0x18, 0xA2, 0x18, 0xA2, 0x10, 0x82, 0x10, 0xA2, 0x10, 0xA3, 0x10, 0xA2, 0x10, 0x82, 0x18, 0xA3, 0x21, 0x24, 0x21, 0x24, 0x21, 0x24,
  0x21, 0x24, 0x21, 0x24, 0x21, 0x24, 0x21, 0x24, 0x21, 0x24, 0x29, 0x25, 0x21, 0x24, 0x29, 0x45, 0x29, 0x25, 0x29, 0x25, 0x29, 0x45, 0x29, 0x45, 0x29, 0x45, 0x29, 0x45, 0x29, 0x45, 0x29, 0x45,
  0x29, 0x25, 0x29, 0x45, 0x29, 0x45, 0x29, 0x25, 0x29, 0x25, 0x29, 0x25, 0x29, 0x45, 0x29, 0x45, 0x29, 0x25, 0x29, 0x45, 0x39, 0xC7, 0x41, 0xE8, 0x39, 0xE7, 0x29, 0x45, 0x29, 0x45, 0x29, 0x45,
  0x29, 0x45, 0x29, 0x25, 0x21, 0x24, 0x29, 0x45, 0x29, 0x25, 0x29, 0x45, 0x29, 0x45, 0x29, 0x45, 0x29, 0x45, 0x29, 0x45, 0x29, 0x45, 0x31, 0x65, 0x31, 0x65, 0x39, 0x65, 0x41, 0x85, 0x49, 0xA5,
  0x51, 0xA5, 0x51, 0xC4, 0x61, 0xC4, 0x61, 0xC4, 0x61, 0xC4, 0x69, 0xC4, 0x69, 0xC4, 0x69, 0xE4, 0x69, 0xE4, 0x69, 0xE4, 0x61, 0xE4, 0x61, 0xC4, 0x59, 0xC4, 0x51, 0xA4, 0x51, 0x84, 0x49, 0xA5,
  0x41, 0x64, 0x39, 0x44, 0x31, 0x44, 0x29, 0x45, 0x29, 0x45, 0x29, 0x24, 0x29, 0x24, 0x29, 0x24, 0x31, 0x24, 0x31, 0x24, 0x39, 0x44, 0x39, 0x44, 0x41, 0x64, 0x49, 0x43, 0x49, 0x63, 0x49, 0x63,
  0x41, 0x43, 0x41, 0x43, 0x39, 0x23, 0x31, 0x03, 0x31, 0x03, 0x39, 0x23, 0x39, 0x23, 0x39, 0x23, 0x39, 0x23, 0x41, 0x43, 0x49, 0x43, 0x49, 0x43, 0x49, 0x43, 0x51, 0x43, 0x51, 0x62, 0x51, 0x62,
  0x59, 0x62, 0x59, 0x82, 0x59, 0x82, 0x59, 0x82, 0x59, 0x82, 0x61, 0x82, 0x61, 0x82, 0x59, 0x82, 0x59, 0x82, 0x61, 0x82, 0x61, 0x82, 0x61, 0x82, 0x61, 0x82, 0x61, 0x82, 0x61, 0x82, 0x61, 0x82,
  0x61, 0x82, 0x61, 0xA2, 0x61, 0xA2, 0x61, 0xA3, 0x61, 0xA2, 0x61, 0xA2, 0x61, 0xA3, 0x61, 0xA3, 0x61, 0x83, 0x59, 0x83, 0x59, 0x83, 0x59, 0x83, 0x51, 0x63, 0x49, 0x63, 0x49, 0x43, 0x41, 0x43,
  0x39, 0x23, 0x31, 0x03, 0x29, 0x03, 0x29, 0x04, 0x21, 0x04, 0x21, 0x04, 0x21, 0x04, 0x21, 0x04, 0x21, 0x04, 0x21, 0x04, 0x21, 0x04, 0x21, 0x04, 0x21, 0x04, 0x21, 0x24, 0x21, 0x24, 0x21, 0x04,
  0x21, 0x24, 0x21, 0x04, 0x29, 0x25, 0x4A, 0x69, 0x52, 0x8A, 0x4A, 0x49, 0x21, 0x24, 0x21, 0x04, 0x21, 0x24, 0x29, 0x25, 0x21, 0x24, 0x29, 0x25, 0x29, 0x25, 0x29, 0x25, 0x29, 0x45, 0x29, 0x45,
  0x29, 0x25, 0x29, 0x45, 0x29, 0x45, 0x29, 0x45, 0x29, 0x45, 0x29, 0x45, 0x29, 0x45, 0x29, 0x45, 0x29, 0x45, 0x29, 0x45, 0x29, 0x45, 0x29, 0x45, 0x29, 0x25, 0x29, 0x25, 0x29, 0x25, 0x29, 0x25,
  0x29, 0x45, 0x29, 0x45, 0x29, 0x25, 0x18, 0xC3, 0x10, 0xA2, 0x18, 0xA3, 0x18, 0xA3, 0x18, 0xA3, 0x18, 0xA2, 0x18, 0xA2, 0x20, 0xA2, 0x28, 0xC2, 0x28, 0xE2, 0x31, 0x02, 0x30, 0xE2, 0x71, 0xC2,
  0xF3, 0xE6, 0x50, 0xE1, 0x28, 0x60, 0x20, 0x60, 0x18, 0x40, 0x10, 0x20, 0x08, 0x20, 0x08, 0x00, 0x00, 0x00, 0x00, 0x00, 0x00, 0x00, 0x00, 0x00, 0x00, 0x00, 0x00, 0x00, 0x00, 0x00, 0x00, 0x00,
  0x00, 0x00, 0x00, 0x00, 0x00, 0x00, 0x00, 0x00, 0x00, 0x00, 0x00, 0x00, 0x00, 0x00, 0x08, 0x00, 0x08, 0x20, 0x10, 0x20, 0x18, 0x40, 0x20, 0x60, 0x28, 0x80, 0x20, 0x40, 0x92, 0x23, 0xE3, 0xC5,
  0x40, 0xE1, 0x30, 0xE2, 0x30, 0xE2, 0x28, 0xC2, 0x20, 0xA2, 0x18, 0xA2, 0x18, 0x82, 0x10, 0x82, 0x10, 0xA2, 0x18, 0xA2, 0x10, 0x82, 0x10, 0x82, 0x18, 0xC3, 0x21, 0x04, 0x21, 0x04, 0x21, 0x04,
  0x21, 0x04, 0x21, 0x24, 0x21, 0x24, 0x21, 0x04, 0x21, 0x24, 0x21, 0x24, 0x21, 0x24, 0x29, 0x25, 0x21, 0x24, 0x21, 0x24, 0x21, 0x24, 0x29, 0x25, 0x29, 0x25, 0x29, 0x25, 0x29, 0x45, 0x21, 0x24,
  0x21, 0x24, 0x29, 0x25, 0x29, 0x25, 0x21, 0x24, 0x21, 0x24, 0x21, 0x24, 0x29, 0x45, 0x21, 0x24, 0x21, 0x24, 0x31, 0x86, 0x39, 0xE7, 0x39, 0xE7, 0x29, 0x65, 0x21, 0x24, 0x29, 0x25, 0x29, 0x25,
  0x29, 0x25, 0x21, 0x24, 0x21, 0x24, 0x29, 0x25, 0x29, 0x25, 0x29, 0x25, 0x29, 0x25, 0x29, 0x45, 0x29, 0x25, 0x29, 0x45, 0x29, 0x45, 0x31, 0x45, 0x31, 0x45, 0x39, 0x85, 0x41, 0x85, 0x49, 0xA4,
  0x59, 0xC4, 0x61, 0xE5, 0x6A, 0x05, 0x6A, 0x05, 0x72, 0x04, 0x72, 0x24, 0x72, 0x24, 0x72, 0x24, 0x72, 0x24, 0x72, 0x04, 0x7A, 0x04, 0x71, 0xE3, 0x69, 0xC3, 0x61, 0xA3, 0x59, 0xA4, 0x49, 0x84,
  0x41, 0x64, 0x39, 0x64, 0x39, 0x44, 0x31, 0x45, 0x29, 0x44, 0x29, 0x24, 0x29, 0x24, 0x29, 0x24, 0x31, 0x24, 0x39, 0x44, 0x39, 0x44, 0x41, 0x43, 0x49, 0x63, 0x49, 0x83, 0x49, 0x42, 0x51, 0x84,
  0x51, 0x84, 0x49, 0x84, 0x41, 0x43, 0x41, 0x44, 0x39, 0x44, 0x39, 0x03, 0x39, 0x23, 0x41, 0x23, 0x49, 0x43, 0x49, 0x43, 0x59, 0x42, 0x61, 0x62, 0x61, 0x62, 0x61, 0x62, 0x61, 0x62, 0x61, 0x61,
  0x61, 0xA2, 0x69, 0xC3, 0x69, 0xC3, 0x69, 0xC3, 0x69, 0xC3, 0x69, 0xC3, 0x69, 0xC3, 0x69, 0xC3, 0x69, 0xC3, 0x69, 0xC3, 0x69, 0xC3, 0x69, 0xC3, 0x71, 0xC3, 0x71, 0xC3, 0x71, 0xC3, 0x71, 0xC3,
  0x71, 0xC3, 0x71, 0xE3, 0x71, 0xE3, 0x71, 0xE3, 0x71, 0xE3, 0x71, 0xE3, 0x71, 0xE3, 0x71, 0xE3, 0x69, 0xC3, 0x69, 0xC3, 0x61, 0xA3, 0x61, 0xA3, 0x61, 0xA4, 0x59, 0xA4, 0x51, 0xA4, 0x49, 0x84,
  0x41, 0x43, 0x39, 0x23, 0x29, 0x03, 0x29, 0x03, 0x21, 0x03, 0x21, 0x04, 0x20, 0xE4, 0x21, 0x04, 0x21, 0x04, 0x21, 0x04, 0x21, 0x04, 0x21, 0x04, 0x21, 0x04, 0x21, 0x24, 0x21, 0x24, 0x21, 0x04,
  0x21, 0x24, 0x21, 0x24, 0x21, 0x04, 0x31, 0x86, 0x52, 0x8A, 0x52, 0xAA, 0x39, 0xC7, 0x21, 0x04, 0x21, 0x24, 0x21, 0x24, 0x29, 0x25, 0x21, 0x24, 0x21, 0x24, 0x29, 0x25, 0x29, 0x45, 0x29, 0x45,
  0x29, 0x25, 0x29, 0x25, 0x29, 0x25, 0x29, 0x25, 0x29, 0x45, 0x29, 0x45, 0x29, 0x45, 0x29, 0x25, 0x29, 0x25, 0x29, 0x25, 0x29, 0x45, 0x29, 0x45, 0x21, 0x24, 0x29, 0x25, 0x21, 0x24, 0x21, 0x24,
  0x29, 0x25, 0x29, 0x45, 0x29, 0x25, 0x18, 0xC3, 0x10, 0xA2, 0x18, 0xA3, 0x18, 0xA3, 0x10, 0xA2, 0x18, 0xA2, 0x18, 0xA2, 0x18, 0xA2, 0x20, 0xC2, 0x28, 0xC2, 0x30, 0xE2, 0x31, 0x02, 0x40, 0xC1,
  0xE3, 0xA5, 0x9A, 0x43, 0x20, 0x40, 0x28, 0x80, 0x20, 0x60, 0x10, 0x40, 0x10, 0x20, 0x08, 0x20, 0x00, 0x00, 0x00, 0x00, 0x00, 0x00, 0x00, 0x00, 0x00, 0x00, 0x00, 0x00, 0x00, 0x00, 0x00, 0x00,
  0x00, 0x00, 0x00, 0x00, 0x00, 0x00, 0x00, 0x00, 0x00, 0x00, 0x00, 0x00, 0x00, 0x00, 0x08, 0x00, 0x08, 0x20, 0x10, 0x20, 0x18, 0x40, 0x20, 0x60, 0x28, 0x80, 0x30, 0x80, 0xDB, 0x85, 0xA2, 0xA4,
  0x28, 0xA1, 0x38, 0xE2, 0x28, 0xC2, 0x20, 0xC2, 0x18, 0xA2, 0x18, 0x82, 0x10, 0x82, 0x10, 0x82, 0x10, 0xA2, 0x10, 0x82, 0x10, 0x82, 0x10, 0x82, 0x18, 0xC3, 0x21, 0x04, 0x21, 0x04, 0x21, 0x04,
  0x21, 0x04, 0x21, 0x24, 0x21, 0x04, 0x21, 0x04, 0x21, 0x24, 0x21, 0x04, 0x21, 0x24, 0x21, 0x24, 0x21, 0x24, 0x21, 0x24, 0x21, 0x24, 0x29, 0x25, 0x21, 0x24, 0x21, 0x24, 0x21, 0x24, 0x21, 0x24,
  0x21, 0x24, 0x21, 0x24, 0x21, 0x24, 0x21, 0x24, 0x21, 0x24, 0x21, 0x24, 0x21, 0x24, 0x21, 0x04, 0x29, 0x45, 0x39, 0xC7, 0x39, 0xE7, 0x31, 0xA6, 0x21, 0x24, 0x21, 0x24, 0x21, 0x24, 0x21, 0x24,
  0x21, 0x24, 0x21, 0x04, 0x21, 0x24, 0x21, 0x24, 0x21, 0x24, 0x21, 0x24, 0x29, 0x25, 0x29, 0x25, 0x29, 0x25, 0x29, 0x44, 0x29, 0x44, 0x31, 0x44, 0x39, 0x65, 0x41, 0x85, 0x49, 0x85, 0x51, 0x84,
  0x59, 0xE5, 0xDE, 0x78, 0xEF, 0x3C, 0xEF, 0x1B, 0xEF, 0x3B, 0xEF, 0x1B, 0xEF, 0x3B, 0xEF, 0x3B, 0xEF, 0x1A, 0xEF, 0x3B, 0xDC, 0xCC, 0xE2, 0xE0, 0xE3, 0x21, 0xE3, 0x41, 0xBA, 0xC2, 0x51, 0x63,
  0x49, 0x84, 0x41, 0x64, 0x39, 0x64, 0x31, 0x45, 0x31, 0x44, 0x31, 0x24, 0x29, 0x24, 0x31, 0x24, 0x39, 0x24, 0x39, 0x44, 0x41, 0x43, 0x49, 0x63, 0x51, 0x83, 0x49, 0x01, 0xAC, 0xD1, 0xE7, 0x3B,
  0xE6, 0xFB, 0xE6, 0xFB, 0xE7, 0x1B, 0xCE, 0x17, 0x41, 0x64, 0x39, 0x02, 0x41, 0x22, 0x41, 0x22, 0x49, 0x22, 0x61, 0x62, 0xD3, 0x22, 0xE3, 0x41, 0xE3, 0x41, 0xE3, 0x42, 0xDA, 0xE0, 0xDD, 0x50,
  0xEF, 0x1B, 0xE6, 0xFA, 0xEF, 0x1B, 0xEF, 0x1A, 0xEF, 0x1A, 0xEF, 0x1A, 0xEF, 0x1A, 0xEF, 0x1B, 0xEF, 0x1B, 0xEF, 0x1A, 0xEF, 0x1B, 0xEF, 0x1A, 0xEF, 0x1B, 0xEF, 0x1B, 0xEF, 0x1B, 0xEF, 0x1B,
  0xEF, 0x1B, 0xEF, 0x1B, 0xEF, 0x1B, 0xEF, 0x1B, 0xEF, 0x1B, 0xEF, 0x1B, 0xEF, 0x1A, 0xEF, 0x1A, 0xEF, 0x1A, 0xE6, 0xFA, 0xE6, 0xFA, 0xE6, 0xFA, 0xE7, 0x1B, 0xE7, 0x1B, 0xE7, 0x1B, 0x6A, 0xA8,
  0x39, 0x02, 0x39, 0x44, 0x31, 0x03, 0x29, 0x03, 0x20, 0xE3, 0x20, 0xE3, 0x20, 0xE4, 0x21, 0x04, 0x21, 0x04, 0x21, 0x04, 0x21, 0x04, 0x21, 0x04, 0x21, 0x04, 0x21, 0x04, 0x21, 0x24, 0x21, 0x24,
  0x21, 0x04, 0x21, 0x24, 0x21, 0x24, 0x21, 0x04, 0x42, 0x08, 0x52, 0x8A, 0x4A, 0x69, 0x29, 0x45, 0x21, 0x04, 0x21, 0x24, 0x29, 0x25, 0x29, 0x25, 0x21, 0x24, 0x29, 0x25, 0x29, 0x25, 0x29, 0x25,
  0x29, 0x25, 0x21, 0x24, 0x29, 0x45, 0x29, 0x25, 0x29, 0x25, 0x21, 0x24, 0x29, 0x45, 0x29, 0x45, 0x21, 0x24, 0x29, 0x25, 0x21, 0x24, 0x29, 0x25, 0x29, 0x25, 0x21, 0x24, 0x21, 0x24, 0x21, 0x24,
  0x21, 0x24, 0x29, 0x25, 0x29, 0x25, 0x18, 0xE3, 0x10, 0xA2, 0x10, 0xA2, 0x18, 0xA3, 0x10, 0xA2, 0x10, 0xA2, 0x18, 0xA2, 0x18, 0xA2, 0x20, 0xA2, 0x20, 0xC2, 0x28, 0xC2, 0x39, 0x02, 0x28, 0xA2,
  0x9A, 0x83, 0xDB, 0x85, 0x30, 0x80, 0x28, 0x80, 0x20, 0x60, 0x18, 0x40, 0x10, 0x20, 0x08, 0x20, 0x00, 0x00, 0x00, 0x00, 0x00, 0x00, 0x00, 0x00, 0x00, 0x00, 0x00, 0x00, 0x00, 0x00, 0x00, 0x00,
  0x00, 0x00, 0x00, 0x00, 0x00, 0x00, 0x00, 0x00, 0x00, 0x00, 0x00, 0x00, 0x00, 0x00, 0x08, 0x20, 0x08, 0x20, 0x10, 0x40, 0x20, 0x60, 0x28, 0x80, 0x28, 0x60, 0x61, 0x41, 0xFC, 0x06, 0x61, 0x62,
  0x30, 0xC1, 0x30, 0xC2, 0x28, 0xC2, 0x20, 0xA2, 0x18, 0xA2, 0x10, 0x82, 0x10, 0x82, 0x10, 0x82, 0x10, 0xA2, 0x10, 0x82, 0x10, 0x82, 0x10, 0x82, 0x18, 0xC3, 0x21, 0x04, 0x21, 0x04, 0x21, 0x04,
  0x21, 0x04, 0x21, 0x04, 0x21, 0x04, 0x21, 0x04, 0x21, 0x04, 0x21, 0x04, 0x21, 0x24, 0x21, 0x04, 0x21, 0x24, 0x21, 0x04, 0x21, 0x24, 0x21, 0x24, 0x21, 0x24, 0x21, 0x24, 0x21, 0x04, 0x21, 0x04,
  0x21, 0x24, 0x21, 0x24, 0x21, 0x24, 0x21, 0x24, 0x21, 0x04, 0x21, 0x24, 0x21, 0x04, 0x21, 0x04, 0x31, 0x86, 0x39, 0xE7, 0x39, 0xC7, 0x21, 0x24, 0x21, 0x24, 0x21, 0x24, 0x21, 0x24, 0x21, 0x24,
  0x21, 0x04, 0x21, 0x24, 0x21, 0x24, 0x21, 0x24, 0x21, 0x04, 0x21, 0x24, 0x21, 0x24, 0x21, 0x24, 0x29, 0x24, 0x29, 0x44, 0x29, 0x44, 0x31, 0x44, 0x39, 0x65, 0x41, 0x84, 0x49, 0xA4, 0x51, 0xA3,
  0x61, 0xE5, 0xEF, 0x5C, 0xFF, 0xFF, 0xFF, 0xFF, 0xFF, 0xFF, 0xFF, 0xFF, 0xFF, 0xFF, 0xFF, 0xFF, 0xFF, 0xFF, 0xFF, 0xFF, 0xF5, 0x2D, 0xFB, 0x00, 0xFB, 0x61, 0xFB, 0x80, 0xD2, 0xE2, 0x51, 0x63,
  0x49, 0x84, 0x49, 0x64, 0x39, 0x64, 0x31, 0x44, 0x31, 0x24, 0x29, 0x24, 0x31, 0x24, 0x31, 0x24, 0x39, 0x44, 0x41, 0x44, 0x49, 0x63, 0x51, 0xA3, 0x49, 0x01, 0x8B, 0xCC, 0xFF, 0xFF, 0xFF, 0xFF,
  0xFF, 0xFF, 0xFF, 0xFF, 0xFF, 0xFF, 0x6A, 0xA9, 0x30, 0xC1, 0x41, 0x22, 0x41, 0x22, 0x49, 0x22, 0x49, 0x02, 0xCA, 0xC2, 0xFB, 0xA0, 0xFB, 0x61, 0xFB, 0x81, 0xFB, 0x40, 0xF5, 0x0B, 0xFF, 0xFE,
  0xFF, 0xFF, 0xFF, 0xFF, 0xFF, 0xFF, 0xFF, 0xFF, 0xFF, 0xFF, 0xFF, 0xFF, 0xFF, 0xFF, 0xFF, 0xFF, 0xFF, 0xFF, 0xFF, 0xFF, 0xFF, 0xFF, 0xFF, 0xFF, 0xFF, 0xFF, 0xFF, 0xFF, 0xFF, 0xFF, 0xFF, 0xFF,
  0xFF, 0xFF, 0xFF, 0xFF, 0xFF, 0xFF, 0xFF, 0xFF, 0xFF, 0xFF, 0xFF, 0xFF, 0xFF, 0xFF, 0xFF, 0xFF, 0xFF, 0xFF, 0xFF, 0xFF, 0xFF, 0xFF, 0xFF, 0xFF, 0xFF, 0xFF, 0xFF, 0xFF, 0xDE, 0xB9, 0x49, 0x43,
  0x41, 0x43, 0x39, 0x43, 0x31, 0x23, 0x29, 0x03, 0x20, 0xE3, 0x20, 0xE3, 0x20, 0xE4, 0x20, 0xE4, 0x20, 0xE4, 0x21, 0x04, 0x21, 0x04, 0x21, 0x04, 0x21, 0x04, 0x21, 0x04, 0x21, 0x04, 0x21, 0x24,
  0x21, 0x04, 0x21, 0x04, 0x21, 0x24, 0x21, 0x04, 0x29, 0x45, 0x4A, 0x69, 0x52, 0x8A, 0x42, 0x08, 0x21, 0x04, 0x21, 0x24, 0x21, 0x24, 0x29, 0x25, 0x21, 0x24, 0x21, 0x24, 0x21, 0x24, 0x29, 0x25,
  0x21, 0x24, 0x21, 0x24, 0x21, 0x24, 0x21, 0x24, 0x21, 0x24, 0x21, 0x24, 0x21, 0x24, 0x29, 0x45, 0x21, 0x24, 0x21, 0x24, 0x21, 0x24, 0x29, 0x25, 0x21, 0x24, 0x21, 0x24, 0x21, 0x24, 0x21, 0x24,
  0x21, 0x24, 0x21, 0x24, 0x21, 0x24, 0x18, 0xE3, 0x10, 0xA2, 0x10, 0xA2, 0x18, 0xA3, 0x10, 0xA2, 0x10, 0xA2, 0x18, 0xA2, 0x18, 0xA2, 0x18, 0xA2, 0x20, 0xC2, 0x28, 0xC2, 0x30, 0xE2, 0x30, 0xE2,
  0x59, 0x42, 0xF4, 0x06, 0x69, 0x61, 0x28, 0x60, 0x28, 0x80, 0x18, 0x40, 0x10, 0x40, 0x08, 0x20, 0x08, 0x20, 0x00, 0x00, 0x00, 0x00, 0x00, 0x00, 0x00, 0x00, 0x00, 0x00, 0x00, 0x00, 0x00, 0x00,
  0x00, 0x00, 0x00, 0x00, 0x00, 0x00, 0x00, 0x00, 0x00, 0x00, 0x00, 0x00, 0x00, 0x00, 0x08, 0x20, 0x08, 0x20, 0x18, 0x40, 0x20, 0x60, 0x28, 0x80, 0x20, 0x60, 0xAA, 0xA4, 0xDB, 0x65, 0x38, 0xC1,
  0x38, 0xE1, 0x28, 0xC2, 0x20, 0xA2, 0x20, 0xA2, 0x18, 0x82, 0x10, 0x82, 0x10, 0x82, 0x10, 0x82, 0x10, 0x82, 0x10, 0x82, 0x10, 0x82, 0x10, 0x82, 0x18, 0xC3, 0x21, 0x04, 0x21, 0x04, 0x21, 0x04,
  0x21, 0x04, 0x21, 0x04, 0x21, 0x04, 0x21, 0x04, 0x21, 0x04, 0x21, 0x04, 0x21, 0x04, 0x21, 0x04, 0x21, 0x04, 0x21, 0x04, 0x21, 0x04, 0x21, 0x04, 0x21, 0x04, 0x21, 0x24, 0x21, 0x04, 0x21, 0x04,
  0x21, 0x04, 0x21, 0x04, 0x21, 0x04, 0x21, 0x04, 0x21, 0x24, 0x21, 0x04, 0x21, 0x04, 0x29, 0x45, 0x39, 0xC7, 0x39, 0xC7, 0x29, 0x65, 0x21, 0x04, 0x21, 0x04, 0x21, 0x04, 0x21, 0x04, 0x21, 0x04,
  0x21, 0x04, 0x21, 0x04, 0x21, 0x04, 0x21, 0x04, 0x21, 0x04, 0x21, 0x24, 0x21, 0x04, 0x21, 0x24, 0x29, 0x24, 0x29, 0x24, 0x31, 0x44, 0x31, 0x65, 0x39, 0x64, 0x49, 0x84, 0x51, 0x84, 0x59, 0xA4,
  0x6A, 0x04, 0xEF, 0x1B, 0xFF, 0xFF, 0xFF, 0xDE, 0xFF, 0xFF, 0xFF, 0xDF, 0xFF, 0xDE, 0xFF, 0xDE, 0xFF, 0xBE, 0xFF, 0xDE, 0xED, 0x0D, 0xF3, 0x00, 0xFB, 0x61, 0xFB, 0x80, 0xD2, 0xE1, 0x59, 0x83,
  0x51, 0x84, 0x49, 0x64, 0x41, 0x64, 0x31, 0x44, 0x31, 0x24, 0x31, 0x24, 0x31, 0x24, 0x39, 0x44, 0x49, 0x43, 0x49, 0x63, 0x51, 0x84, 0x51, 0x21, 0x72, 0xA8, 0xF7, 0xBD, 0xFF, 0xDF, 0xFF, 0xDE,
  0xF7, 0xDE, 0xFF, 0xFF, 0x8B, 0xAD, 0x30, 0x80, 0x41, 0x23, 0x41, 0x22, 0x49, 0x22, 0x38, 0xE1, 0xAA, 0x42, 0xFB, 0x81, 0xFB, 0x40, 0xFB, 0x61, 0xF3, 0x40, 0xEC, 0x26, 0xF7, 0x9C, 0xF7, 0xDF,
  0xFF, 0xDE, 0xF7, 0xDE, 0xF7, 0xDE, 0xF7, 0xDE, 0xFF, 0xDE, 0xFF, 0xDE, 0xFF, 0xDE, 0xFF, 0xDE, 0xFF, 0xDE, 0xFF, 0xDE, 0xFF, 0xDE, 0xFF, 0xDE, 0xFF, 0xDE, 0xFF, 0xDE, 0xFF, 0xDE, 0xFF, 0xDE,
  0xFF, 0xDE, 0xFF, 0xDE, 0xFF, 0xDE, 0xFF, 0xDE, 0xFF, 0xDE, 0xFF, 0xDE, 0xFF, 0xDE, 0xFF, 0xDE, 0xFF, 0xDE, 0xFF, 0xFF, 0xFF, 0xFF, 0xFF, 0xFF, 0xF7, 0xDE, 0xFF, 0xFF, 0x8B, 0xAC, 0x48, 0xE1,
  0x49, 0x64, 0x39, 0x23, 0x31, 0x03, 0x29, 0x03, 0x20, 0xE3, 0x20, 0xE3, 0x18, 0xE3, 0x18, 0xE4, 0x20, 0xE3, 0x20, 0xE4, 0x21, 0x04, 0x21, 0x04, 0x21, 0x04, 0x21, 0x04, 0x21, 0x04, 0x21, 0x04,
  0x21, 0x24, 0x21, 0x04, 0x21, 0x04, 0x21, 0x24, 0x20, 0xE4, 0x39, 0xC7, 0x52, 0x8A, 0x52, 0x8A, 0x31, 0x86, 0x21, 0x04, 0x21, 0x24, 0x21, 0x24, 0x21, 0x24, 0x21, 0x24, 0x21, 0x24, 0x21, 0x24,
  0x21, 0x24, 0x21, 0x24, 0x21, 0x24, 0x21, 0x24, 0x21, 0x24, 0x21, 0x24, 0x21, 0x24, 0x29, 0x25, 0x21, 0x24, 0x21, 0x24, 0x21, 0x24, 0x21, 0x24, 0x21, 0x24, 0x21, 0x24, 0x21, 0x24, 0x21, 0x24,
  0x21, 0x04, 0x21, 0x24, 0x21, 0x24, 0x18, 0xE3, 0x10, 0xA2, 0x10, 0xA2, 0x10, 0xA2, 0x10, 0xA2, 0x10, 0xA2, 0x18, 0xA2, 0x18, 0xA2, 0x18, 0xA2, 0x20, 0xA2, 0x28, 0xC2, 0x30, 0xE2, 0x39, 0x02,
  0x38, 0xC1, 0xD3, 0x64, 0xAA, 0xA4, 0x20, 0x40, 0x28, 0x80, 0x20, 0x60, 0x18, 0x40, 0x10, 0x20, 0x08, 0x20, 0x00, 0x00, 0x00, 0x00, 0x00, 0x00, 0x00, 0x00, 0x00, 0x00, 0x00, 0x00, 0x00, 0x00,
  0x00, 0x00, 0x00, 0x00, 0x00, 0x00, 0x00, 0x00, 0x00, 0x00, 0x00, 0x00, 0x08, 0x00, 0x08, 0x20, 0x10, 0x40, 0x18, 0x40, 0x20, 0x60, 0x28, 0x80, 0x38, 0xA0, 0xEB, 0xA5, 0x92, 0x43, 0x30, 0xA1,
  0x30, 0xE2, 0x28, 0xC2, 0x20, 0xA2, 0x18, 0xA2, 0x18, 0x82, 0x10, 0x82, 0x10, 0x82, 0x10, 0xA2, 0x10, 0x82, 0x10, 0x82, 0x10, 0x82, 0x10, 0x82, 0x18, 0xC3, 0x20, 0xE4, 0x20, 0xE4, 0x21, 0x04,
  0x20, 0xE4, 0x20, 0xE4, 0x21, 0x04, 0x21, 0x04, 0x20, 0xE4, 0x21, 0x04, 0x21, 0x04, 0x21, 0x04, 0x21, 0x04, 0x21, 0x04, 0x21, 0x04, 0x21, 0x04, 0x21, 0x04, 0x21, 0x04, 0x21, 0x04, 0x21, 0x04,
  0x21, 0x04, 0x21, 0x04, 0x21, 0x04, 0x21, 0x04, 0x21, 0x04, 0x21, 0x04, 0x21, 0x04, 0x31, 0xA6, 0x39, 0xC7, 0x31, 0xA6, 0x21, 0x04, 0x21, 0x04, 0x21, 0x04, 0x21, 0x04, 0x21, 0x04, 0x21, 0x04,
  0x21, 0x04, 0x21, 0x04, 0x21, 0x04, 0x21, 0x04, 0x21, 0x04, 0x21, 0x04, 0x21, 0x04, 0x21, 0x24, 0x21, 0x24, 0x29, 0x24, 0x31, 0x44, 0x31, 0x44, 0x39, 0x64, 0x49, 0x64, 0x51, 0xA4, 0x61, 0xA3,
  0x6A, 0x04, 0xEF, 0x3B, 0xFF, 0xFF, 0xFF, 0xFF, 0xFF, 0xFF, 0xFF, 0xFF, 0xFF, 0xFF, 0xFF, 0xFF, 0xFF, 0xFF, 0xFF, 0xFF, 0xF5, 0x4D, 0xFB, 0x00, 0xFB, 0x61, 0xFB, 0x80, 0xD2, 0xE1, 0x59, 0x83,
  0x51, 0x83, 0x49, 0x64, 0x41, 0x44, 0x39, 0x44, 0x31, 0x44, 0x39, 0x44, 0x39, 0x44, 0x41, 0x64, 0x49, 0x63, 0x51, 0x83, 0x59, 0x62, 0x61, 0xE4, 0xE7, 0x1B, 0xFF, 0xFF, 0xFF, 0xDF, 0xF7, 0xDE,
  0xFF, 0xFF, 0xAC, 0xF2, 0x38, 0xA0, 0x49, 0x22, 0x41, 0x01, 0x49, 0x22, 0x38, 0xE1, 0x89, 0xE1, 0xFB, 0x61, 0xFB, 0x40, 0xFB, 0x61, 0xFB, 0x40, 0xFC, 0x05, 0xFF, 0x9B, 0xFF, 0xFF, 0xFF, 0xFF,
  0xFF, 0xFF, 0xFF, 0xFF, 0xFF, 0xFF, 0xFF, 0xFF, 0xFF, 0xFF, 0xFF, 0xFF, 0xFF, 0xFF, 0xFF, 0xFF, 0xFF, 0xFF, 0xFF, 0xFF, 0xFF, 0xFF, 0xFF, 0xFF, 0xFF, 0xFF, 0xFF, 0xFF, 0xFF, 0xFF, 0xFF, 0xFF,
  0xFF, 0xFF, 0xFF, 0xFF, 0xFF, 0xFF, 0xFF, 0xFF, 0xFF, 0xFF, 0xFF, 0xFF, 0xFF, 0xFF, 0xFF, 0xFF, 0xFF, 0xFF, 0xFF, 0xFF, 0xFF, 0xFF, 0xFF, 0xDF, 0xFF, 0xFF, 0xE6, 0xFA, 0x59, 0x83, 0x49, 0x62,
  0x41, 0x43, 0x39, 0x23, 0x31, 0x03, 0x29, 0x03, 0x20, 0xE3, 0x20, 0xE3, 0x18, 0xE3, 0x18, 0xE3, 0x18, 0xE3, 0x20, 0xE4, 0x20, 0xE4, 0x21, 0x04, 0x21, 0x04, 0x21, 0x04, 0x21, 0x04, 0x21, 0x04,
  0x21, 0x04, 0x21, 0x04, 0x21, 0x04, 0x21, 0x04, 0x21, 0x04, 0x21, 0x24, 0x4A, 0x49, 0x52, 0xAA, 0x4A, 0x49, 0x21, 0x04, 0x21, 0x04, 0x21, 0x24, 0x21, 0x24, 0x21, 0x24, 0x21, 0x04, 0x21, 0x04,
  0x21, 0x24, 0x21, 0x24, 0x21, 0x24, 0x21, 0x24, 0x21, 0x24, 0x21, 0x24, 0x21, 0x24, 0x21, 0x24, 0x21, 0x24, 0x21, 0x04, 0x21, 0x04, 0x21, 0x04, 0x21, 0x24, 0x21, 0x24, 0x21, 0x24, 0x21, 0x24,
  0x21, 0x04, 0x21, 0x04, 0x21, 0x24, 0x20, 0xE4, 0x10, 0xA2, 0x10, 0xA2, 0x10, 0xA2, 0x10, 0xA2, 0x10, 0xA2, 0x10, 0x82, 0x18, 0xA2, 0x18, 0xA2, 0x18, 0xA2, 0x20, 0xA2, 0x28, 0xC2, 0x38, 0xE2,
  0x28, 0xC1, 0x92, 0x23, 0xEB, 0xC5, 0x38, 0xA0, 0x28, 0x80, 0x20, 0x60, 0x18, 0x40, 0x10, 0x20, 0x08, 0x20, 0x08, 0x00, 0x00, 0x00, 0x00, 0x00, 0x00, 0x00, 0x00, 0x00, 0x00, 0x00, 0x00, 0x00,
  0x00, 0x00, 0x00, 0x00, 0x00, 0x00, 0x00, 0x00, 0x00, 0x00, 0x00, 0x00, 0x08, 0x00, 0x10, 0x20, 0x10, 0x40, 0x18, 0x60, 0x28, 0x80, 0x20, 0x60, 0x69, 0x62, 0xF4, 0x06, 0x51, 0x41, 0x30, 0xC1,
  0x30, 0xE2, 0x28, 0xA2, 0x18, 0xA2, 0x18, 0x82, 0x10, 0x82, 0x10, 0x82, 0x10, 0x82, 0x10, 0x82, 0x10, 0x82, 0x10, 0x82, 0x10, 0x82, 0x10, 0x82, 0x18, 0xC3, 0x20, 0xE4, 0x20, 0xE4, 0x21, 0x04,
  0x20, 0xE4, 0x18, 0xE3, 0x20, 0xE4, 0x20, 0xE4, 0x21, 0x04, 0x21, 0x04, 0x20, 0xE4, 0x21, 0x04, 0x21, 0x04, 0x21, 0x04, 0x21, 0x04, 0x21, 0x04, 0x21, 0x04, 0x21, 0x04, 0x21, 0x04, 0x21, 0x04,
  0x21, 0x04, 0x21, 0x04, 0x21, 0x04, 0x21, 0x04, 0x21, 0x04, 0x20, 0xE4, 0x29, 0x45, 0x39, 0xC7, 0x39, 0xC7, 0x29, 0x45, 0x20, 0xE4, 0x21, 0x04, 0x21, 0x04, 0x21, 0x04, 0x21, 0x04, 0x21, 0x04,
  0x21, 0x04, 0x21, 0x04, 0x21, 0x04, 0x21, 0x04, 0x21, 0x04, 0x21, 0x04, 0x21, 0x04, 0x21, 0x24, 0x21, 0x24, 0x29, 0x44, 0x31, 0x24, 0x31, 0x44, 0x39, 0x64, 0x49, 0x84, 0x51, 0xA4, 0x61, 0xA3,
  0x72, 0x24, 0xEF, 0x5B, 0xFF, 0xFF, 0xFF, 0xDE, 0xFF, 0xFF, 0xC5, 0xB5, 0x8B, 0x8B, 0x93, 0xCD, 0x93, 0xAC, 0x83, 0x8C, 0xCB, 0x85, 0xFB, 0x61, 0xFB, 0x60, 0xFB, 0x80, 0xD3, 0x02, 0x61, 0x83,
  0x51, 0x83, 0x49, 0x64, 0x41, 0x64, 0x39, 0x44, 0x39, 0x44, 0x39, 0x44, 0x41, 0x64, 0x49, 0x63, 0x51, 0x83, 0x59, 0x83, 0x59, 0x82, 0xD6, 0x37, 0xFF, 0xFF, 0xFF, 0xDF, 0xF7, 0xDE, 0xFF, 0xFF,
  0xCD, 0xF7, 0x38, 0xE1, 0x41, 0x01, 0x41, 0x02, 0x49, 0x22, 0x40, 0xE1, 0x79, 0xA1, 0xF3, 0x62, 0xFB, 0x40, 0xFB, 0x40, 0xFB, 0x40, 0xF3, 0x41, 0x9A, 0xC5, 0x83, 0x8C, 0x83, 0x6C, 0x83, 0x6C,
  0x83, 0x6C, 0x83, 0x6C, 0x83, 0x6C, 0x83, 0x6C, 0x83, 0x6C, 0x83, 0x6C, 0x83, 0x6C, 0x83, 0x4C, 0x83, 0x4C, 0x83, 0x4C, 0x83, 0x4C, 0x83, 0x6C, 0x83, 0x6C, 0x83, 0x6C, 0x83, 0x6C, 0x83, 0x6C,
  0x83, 0x6C, 0x83, 0x6C, 0x83, 0x6C, 0x83, 0x6B, 0x8B, 0x6B, 0x8B, 0x8C, 0x93, 0xCC, 0x8B, 0x6B, 0xB5, 0x12, 0xFF, 0xFF, 0xFF, 0xFF, 0xFF, 0xDF, 0xFF, 0xFF, 0xA4, 0x4E, 0x49, 0x00, 0x51, 0x63,
  0x41, 0x23, 0x39, 0x23, 0x31, 0x03, 0x28, 0xE3, 0x20, 0xE3, 0x20, 0xE3, 0x20, 0xE3, 0x18, 0xE3, 0x18, 0xE3, 0x18, 0xE3, 0x20, 0xE4, 0x20, 0xE4, 0x21, 0x04, 0x21, 0x04, 0x21, 0x04, 0x21, 0x04,
  0x21, 0x04, 0x21, 0x24, 0x21, 0x04, 0x21, 0x04, 0x21, 0x04, 0x20, 0xE4, 0x31, 0xA6, 0x52, 0xAA, 0x52, 0xAA, 0x31, 0x86, 0x21, 0x04, 0x21, 0x24, 0x21, 0x24, 0x21, 0x24, 0x21, 0x04, 0x21, 0x04,
  0x21, 0x04, 0x21, 0x04, 0x21, 0x24, 0x21, 0x04, 0x21, 0x24, 0x21, 0x04, 0x21, 0x24, 0x21, 0x24, 0x21, 0x24, 0x21, 0x04, 0x21, 0x04, 0x21, 0x04, 0x21, 0x04, 0x21, 0x24, 0x21, 0x04, 0x21, 0x04,
  0x21, 0x04, 0x21, 0x04, 0x21, 0x04, 0x20, 0xE4, 0x10, 0xA2, 0x10, 0xA2, 0x10, 0xA2, 0x10, 0xA2, 0x10, 0xA2, 0x10, 0x82, 0x10, 0xA2, 0x18, 0x82, 0x18, 0xA2, 0x20, 0xA2, 0x20, 0xC2, 0x30, 0xE2,
  0x30, 0xE2, 0x51, 0x42, 0xF4, 0x06, 0x69, 0x82, 0x20, 0x60, 0x28, 0x80, 0x18, 0x40, 0x10, 0x20, 0x08, 0x20, 0x08, 0x20, 0x00, 0x00, 0x00, 0x00, 0x00, 0x00, 0x00, 0x00, 0x00, 0x00, 0x00, 0x00,
  0x00, 0x00, 0x00, 0x00, 0x00, 0x00, 0x00, 0x00, 0x00, 0x00, 0x00, 0x00, 0x08, 0x20, 0x10, 0x20, 0x18, 0x40, 0x20, 0x60, 0x28, 0x80, 0x20, 0x40, 0xAA, 0xA4, 0xD3, 0x65, 0x30, 0xA1, 0x38, 0xE1,
  0x28, 0xC1, 0x20, 0xA2, 0x18, 0x82, 0x18, 0x82, 0x10, 0x82, 0x10, 0x82, 0x10, 0x82, 0x10, 0x82, 0x10, 0x82, 0x10, 0x82, 0x10, 0x82, 0x10, 0x82, 0x18, 0xC3, 0x18, 0xE3, 0x20, 0xE4, 0x20, 0xE4,
  0x18, 0xE3, 0x20, 0xE4, 0x21, 0x04, 0x20, 0xE4, 0x21, 0x04, 0x20, 0xE4, 0x20, 0xE4, 0x21, 0x04, 0x21, 0x04, 0x21, 0x04, 0x21, 0x04, 0x21, 0x04, 0x21, 0x04, 0x20, 0xE4, 0x21, 0x04, 0x21, 0x04,
  0x21, 0x04, 0x20, 0xE4, 0x21, 0x04, 0x21, 0x04, 0x21, 0x04, 0x21, 0x04, 0x31, 0xA6, 0x39, 0xC7, 0x31, 0xA6, 0x21, 0x04, 0x20, 0xE4, 0x21, 0x04, 0x21, 0x04, 0x21, 0x04, 0x20, 0xE4, 0x21, 0x04,
  0x21, 0x04, 0x21, 0x04, 0x21, 0x04, 0x21, 0x04, 0x21, 0x04, 0x21, 0x04, 0x21, 0x04, 0x21, 0x04, 0x21, 0x24, 0x29, 0x24, 0x29, 0x24, 0x31, 0x44, 0x39, 0x44, 0x49, 0x64, 0x59, 0x84, 0x69, 0xC3,
  0x7A, 0x25, 0xEF, 0x5B, 0xFF, 0xFF, 0xF7, 0xDE, 0xFF, 0xFF, 0x9C, 0x4F, 0x48, 0xA0, 0x51, 0x21, 0x49, 0x01, 0x40, 0xC0, 0xB2, 0x81, 0xFB, 0xA1, 0xF3, 0x60, 0xFB, 0x80, 0xD3, 0x01, 0x61, 0x83,
  0x59, 0x83, 0x49, 0x63, 0x41, 0x64, 0x41, 0x44, 0x39, 0x44, 0x41, 0x44, 0x49, 0x63, 0x49, 0x63, 0x61, 0x83, 0x59, 0x21, 0xB5, 0x33, 0xFF, 0xFF, 0xFF, 0xDE, 0xFF, 0xFF, 0xFF, 0xFF, 0xE6, 0xFB,
  0x49, 0x44, 0x38, 0xC1, 0x41, 0x01, 0x41, 0x01, 0x40, 0xE1, 0x59, 0x41, 0xEB, 0x42, 0xFB, 0x80, 0xFB, 0x40, 0xFB, 0x40, 0xFB, 0x61, 0x92, 0x22, 0x28, 0x60, 0x30, 0x80, 0x30, 0x80, 0x38, 0x80,
  0x30, 0x80, 0x30, 0x80, 0x30, 0x60, 0x30, 0x60, 0x30, 0x60, 0x30, 0x60, 0x30, 0x60, 0x30, 0x60, 0x30, 0x60, 0x30, 0x60, 0x30, 0x60, 0x30, 0x80, 0x30, 0x80, 0x30, 0x80, 0x30, 0x80, 0x38, 0x80,
  0x38, 0x80, 0x38, 0xA0, 0x38, 0x80, 0x38, 0x80, 0x40, 0xA0, 0x48, 0xC0, 0x50, 0xE0, 0x48, 0xA0, 0xC5, 0xB5, 0xFF, 0xFF, 0xFF, 0xDE, 0xFF, 0xFF, 0xEF, 0x5C, 0x69, 0xE4, 0x59, 0x62, 0x49, 0x43,
  0x39, 0x23, 0x31, 0x03, 0x29, 0x03, 0x20, 0xE3, 0x20, 0xE3, 0x20, 0xE3, 0x20, 0xE4, 0x18, 0xE3, 0x18, 0xE3, 0x18, 0xE3, 0x20, 0xE4, 0x20, 0xE4, 0x21, 0x04, 0x21, 0x04, 0x21, 0x04, 0x21, 0x04,
  0x21, 0x04, 0x21, 0x04, 0x21, 0x04, 0x21, 0x04, 0x21, 0x04, 0x21, 0x04, 0x21, 0x04, 0x4A, 0x69, 0x5A, 0xAB, 0x4A, 0x49, 0x21, 0x04, 0x21, 0x04, 0x21, 0x04, 0x21, 0x24, 0x21, 0x04, 0x21, 0x04,
  0x21, 0x04, 0x21, 0x04, 0x21, 0x04, 0x21, 0x04, 0x21, 0x04, 0x21, 0x04, 0x21, 0x04, 0x21, 0x04, 0x21, 0x24, 0x21, 0x24, 0x21, 0x04, 0x21, 0x04, 0x21, 0x04, 0x21, 0x04, 0x21, 0x04, 0x21, 0x04,
  0x21, 0x04, 0x20, 0xE4, 0x21, 0x04, 0x18, 0xE3, 0x10, 0xA2, 0x10, 0xA2, 0x10, 0xA2, 0x10, 0x82, 0x10, 0xA2, 0x10, 0x82, 0x10, 0x82, 0x10, 0x82, 0x18, 0x82, 0x20, 0xA2, 0x20, 0xC2, 0x28, 0xC2,
  0x31, 0x02, 0x30, 0xC1, 0xD3, 0x44, 0xAA, 0xA4, 0x20, 0x40, 0x28, 0x80, 0x20, 0x60, 0x10, 0x40, 0x10, 0x20, 0x08, 0x20, 0x00, 0x00, 0x00, 0x00, 0x00, 0x00, 0x00, 0x00, 0x00, 0x00, 0x00, 0x00,
  0x00, 0x00, 0x00, 0x00, 0x00, 0x00, 0x00, 0x00, 0x00, 0x00, 0x08, 0x00, 0x08, 0x20, 0x10, 0x40, 0x18, 0x40, 0x20, 0x60, 0x28, 0x80, 0x30, 0x80, 0xE3, 0xA5, 0x9A, 0x63, 0x28, 0xA1, 0x30, 0xE1,
  0x28, 0xC1, 0x20, 0xA2, 0x18, 0x82, 0x18, 0x81, 0x10, 0x82, 0x10, 0x82, 0x10, 0x82, 0x10, 0x82, 0x10, 0x82, 0x10, 0x82, 0x10, 0x82, 0x10, 0x82, 0x18, 0xC3, 0x18, 0xE3, 0x20, 0xE4, 0x18, 0xE3,
  0x18, 0xC3, 0x18, 0xE3, 0x20, 0xE4, 0x18, 0xE3, 0x20, 0xE4, 0x18, 0xE3, 0x20, 0xE4, 0x20, 0xE4, 0x20, 0xE4, 0x20, 0xE4, 0x21, 0x04, 0x21, 0x04, 0x20, 0xE4, 0x20, 0xE4, 0x20, 0xE4, 0x20, 0xE4,
  0x20, 0xE4, 0x20, 0xE4, 0x20, 0xE4, 0x20, 0xE4, 0x18, 0xE3, 0x29, 0x25, 0x39, 0xC7, 0x39, 0xC7, 0x29, 0x45, 0x18, 0xE3, 0x20, 0xE4, 0x20, 0xE4, 0x20, 0xE4, 0x20, 0xE4, 0x20, 0xE4, 0x20, 0xE4,
  0x21, 0x04, 0x20, 0xE4, 0x20, 0xE4, 0x21, 0x04, 0x21, 0x04, 0x21, 0x04, 0x21, 0x04, 0x21, 0x04, 0x21, 0x24, 0x29, 0x04, 0x29, 0x24, 0x31, 0x24, 0x39, 0x44, 0x49, 0x64, 0x59, 0xA4, 0x69, 0xC3,
  0x7A, 0x24, 0xEF, 0x5C, 0xFF, 0xFF, 0xFF, 0xDE, 0xFF, 0xFF, 0xA4, 0x90, 0x49, 0x01, 0x51, 0x63, 0x51, 0x63, 0x49, 0x42, 0xBA, 0xA2, 0xFB, 0x81, 0xFB, 0x60, 0xFB, 0x80, 0xD3, 0x01, 0x61, 0x83,
  0x59, 0x83, 0x51, 0x63, 0x41, 0x63, 0x41, 0x43, 0x41, 0x43, 0x41, 0x43, 0x49, 0x63, 0x59, 0xA3, 0x51, 0x20, 0x9C, 0x0D, 0xFF, 0xFF, 0xFF, 0xDF, 0xFF, 0xFF, 0xFF, 0xFF, 0xF7, 0xBE, 0x62, 0x27,
  0x30, 0xA0, 0x41, 0x02, 0x40, 0xE1, 0x38, 0xE1, 0x48, 0xE1, 0xD3, 0x02, 0xFB, 0xA1, 0xFB, 0x60, 0xFB, 0x40, 0xFB, 0x80, 0xB2, 0x82, 0x30, 0x80, 0x38, 0xE1, 0x38, 0xE1, 0x40, 0xE1, 0x41, 0x01,
  0x41, 0x01, 0x40, 0xE1, 0x40, 0xE1, 0x40, 0xE1, 0x38, 0xE2, 0x38, 0xE1, 0x38, 0xE1, 0x38, 0xE1, 0x38, 0xE1, 0x38, 0xE1, 0x39, 0x01, 0x39, 0x01, 0x41, 0x02, 0x41, 0x02, 0x41, 0x02, 0x41, 0x02,
  0x41, 0x02, 0x49, 0x02, 0x49, 0x02, 0x49, 0x22, 0x49, 0x22, 0x51, 0x42, 0x49, 0x01, 0x7A, 0xA8, 0xFF, 0xFF, 0xFF, 0xFF, 0xFF, 0xDF, 0xFF, 0xFF, 0xB5, 0x12, 0x51, 0x20, 0x59, 0x83, 0x49, 0x43,
  0x39, 0x23, 0x31, 0x03, 0x28, 0xE3, 0x20, 0xE3, 0x20, 0xE3, 0x20, 0xE3, 0x20, 0xE4, 0x18, 0xE3, 0x18, 0xE3, 0x18, 0xE3, 0x18, 0xE3, 0x20, 0xE4, 0x20, 0xE4, 0x20, 0xE4, 0x20, 0xE4, 0x21, 0x04,
  0x21, 0x04, 0x20, 0xE4, 0x21, 0x04, 0x21, 0x04, 0x21, 0x04, 0x21, 0x04, 0x20, 0xE4, 0x31, 0xA6, 0x52, 0xAA, 0x52, 0xAA, 0x31, 0x86, 0x18, 0xE3, 0x21, 0x04, 0x21, 0x04, 0x21, 0x04, 0x21, 0x04,
  0x21, 0x04, 0x21, 0x04, 0x21, 0x04, 0x21, 0x04, 0x21, 0x04, 0x21, 0x04, 0x21, 0x04, 0x21, 0x04, 0x21, 0x04, 0x21, 0x04, 0x21, 0x04, 0x21, 0x04, 0x21, 0x04, 0x21, 0x04, 0x21, 0x04, 0x21, 0x04,
  0x21, 0x04, 0x20, 0xE4, 0x20, 0xE4, 0x18, 0xE3, 0x10, 0xA2, 0x10, 0xA2, 0x10, 0xA2, 0x10, 0x82, 0x10, 0x82, 0x10, 0xA2, 0x10, 0x82, 0x10, 0x82, 0x18, 0x82, 0x18, 0xA2, 0x20, 0xA2, 0x28, 0xC2,
  0x30, 0xE2, 0x28, 0xA1, 0x92, 0x43, 0xE3, 0xA5, 0x30, 0x80, 0x28, 0x80, 0x20, 0x60, 0x18, 0x40, 0x10, 0x20, 0x08, 0x20, 0x00, 0x00, 0x00, 0x00, 0x00, 0x00, 0x00, 0x00, 0x00, 0x00, 0x00, 0x00,
  0x00, 0x00, 0x00, 0x00, 0x00, 0x00, 0x00, 0x00, 0x00, 0x00, 0x08, 0x00, 0x08, 0x20, 0x10, 0x40, 0x18, 0x60, 0x28, 0x80, 0x28, 0x60, 0x61, 0x41, 0xF3, 0xE5, 0x59, 0x62, 0x30, 0xC1, 0x30, 0xC1,
  0x20, 0xA1, 0x18, 0xA2, 0x18, 0x82, 0x10, 0x82, 0x10, 0x82, 0x10, 0x82, 0x10, 0x82, 0x10, 0x62, 0x10, 0x82, 0x10, 0x82, 0x10, 0x82, 0x10, 0x82, 0x18, 0xA3, 0x18, 0xE3, 0x18, 0xE3, 0x18, 0xC3,
  0x18, 0xC3, 0x18, 0xE3, 0x18, 0xE3, 0x18, 0xE3, 0x18, 0xE3, 0x18, 0xE3, 0x18, 0xE3, 0x20, 0xE4, 0x20, 0xE4, 0x20, 0xE4, 0x20, 0xE4, 0x20, 0xE4, 0x20, 0xE4, 0x20, 0xE4, 0x20, 0xE4, 0x18, 0xE3,
  0x20, 0xE4, 0x18, 0xE3, 0x20, 0xE4, 0x18, 0xE3, 0x18, 0xE3, 0x31, 0x86, 0x39, 0xC7, 0x31, 0x86, 0x20, 0xE4, 0x20, 0xE4, 0x20, 0xE4, 0x20, 0xE4, 0x20, 0xE4, 0x18, 0xE3, 0x20, 0xE4, 0x20, 0xE4,
  0x20, 0xE4, 0x20, 0xE4, 0x20, 0xE4, 0x20, 0xE4, 0x21, 0x04, 0x21, 0x04, 0x20, 0xE4, 0x21, 0x04, 0x21, 0x04, 0x29, 0x04, 0x29, 0x04, 0x31, 0x24, 0x39, 0x44, 0x49, 0x64, 0x59, 0x83, 0x69, 0xC3,
  0x7A, 0x24, 0xEF, 0x5B, 0xFF, 0xFF, 0xFF, 0xDE, 0xFF, 0xFF, 0xA4, 0x90, 0x48, 0xE0, 0x51, 0x83, 0x49, 0x63, 0x41, 0x22, 0xB2, 0xA1, 0xFB, 0x80, 0xFB, 0x40, 0xFB, 0x80, 0xD3, 0x01, 0x61, 0x82,
  0x59, 0x83, 0x51, 0x63, 0x49, 0x43, 0x41, 0x43, 0x49, 0x43, 0x49, 0x62, 0x59, 0x83, 0x51, 0x21, 0x83, 0x09, 0xFF, 0xDE, 0xFF, 0xDF, 0xFF, 0xFF, 0xFF, 0xDF, 0xFF, 0xFF, 0x83, 0x6C, 0x30, 0x60,
  0x41, 0x02, 0x38, 0xE2, 0x38, 0xE1, 0x30, 0x81, 0xB2, 0x62, 0xFB, 0xA1, 0xFB, 0x60, 0xFB, 0x60, 0xFB, 0x80, 0xDB, 0x22, 0x40, 0xC0, 0x30, 0xC1, 0x38, 0xC1, 0x38, 0xC1, 0x30, 0xC1, 0x28, 0x81,
  0x38, 0xC1, 0x40, 0xC0, 0x38, 0xC1, 0x38, 0xC1, 0x38, 0xC1, 0x38, 0xC1, 0x38, 0xC1, 0x38, 0xC1, 0x38, 0xC1, 0x38, 0xC1, 0x38, 0xC1, 0x38, 0xC1, 0x38, 0xC1, 0x38, 0xC1, 0x40, 0xC1, 0x40, 0xE1,
  0x40, 0xE1, 0x48, 0xE1, 0x49, 0x01, 0x49, 0x01, 0x49, 0x01, 0x51, 0x22, 0x40, 0xA0, 0xBD, 0x53, 0xFF, 0xFF, 0xF7, 0xDF, 0xFF, 0xFF, 0xF7, 0xBE, 0x7A, 0x86, 0x61, 0x61, 0x51, 0x62, 0x41, 0x23,
  0x31, 0x03, 0x31, 0x03, 0x28, 0xE3, 0x20, 0xE3, 0x20, 0xE3, 0x20, 0xE3, 0x20, 0xE3, 0x18, 0xE3, 0x18, 0xE3, 0x18, 0xE3, 0x18, 0xE3, 0x18, 0xE3, 0x20, 0xE4, 0x20, 0xE4, 0x20, 0xE4, 0x20, 0xE4,
  0x21, 0x04, 0x20, 0xE4, 0x21, 0x04, 0x21, 0x04, 0x20, 0xE4, 0x21, 0x04, 0x21, 0x04, 0x21, 0x04, 0x4A, 0x69, 0x52, 0xAA, 0x42, 0x28, 0x18, 0xE3, 0x21, 0x04, 0x21, 0x04, 0x21, 0x04, 0x21, 0x04,
  0x21, 0x04, 0x21, 0x04, 0x21, 0x04, 0x21, 0x04, 0x21, 0x04, 0x21, 0x04, 0x20, 0xE4, 0x21, 0x04, 0x21, 0x04, 0x21, 0x04, 0x21, 0x04, 0x20, 0xE4, 0x21, 0x04, 0x21, 0x04, 0x21, 0x04, 0x21, 0x04,
  0x20, 0xE4, 0x20, 0xE4, 0x20, 0xE4, 0x18, 0xE3, 0x10, 0xA2, 0x10, 0xA2, 0x10, 0x82, 0x10, 0x82, 0x10, 0x82, 0x10, 0xA2, 0x10, 0x82, 0x10, 0x82, 0x10, 0x82, 0x18, 0x82, 0x20, 0xA2, 0x20, 0xA2,
  0x30, 0xC1, 0x30, 0xC1, 0x59, 0x42, 0xF3, 0xE5, 0x61, 0x41, 0x20, 0x60, 0x28, 0x80, 0x18, 0x40, 0x10, 0x40, 0x08, 0x20, 0x08, 0x00, 0x00, 0x00, 0x00, 0x00, 0x00, 0x00, 0x00, 0x00, 0x00, 0x00,
  0x00, 0x00, 0x00, 0x00, 0x00, 0x00, 0x00, 0x00, 0x00, 0x00, 0x08, 0x20, 0x10, 0x20, 0x10, 0x40, 0x20, 0x60, 0x28, 0x80, 0x20, 0x40, 0x9A, 0x23, 0xDB, 0x85, 0x38, 0xC1, 0x30, 0xC1, 0x28, 0xC2,
  0x20, 0xA1, 0x18, 0x82, 0x10, 0x81, 0x10, 0x81, 0x10, 0x82, 0x10, 0x82, 0x10, 0x82, 0x10, 0x82, 0x10, 0x82, 0x10, 0x82, 0x10, 0x82, 0x10, 0x82, 0x18, 0xA3, 0x18, 0xE3, 0x18, 0xC3, 0x18, 0xC3,
  0x18, 0xC3, 0x18, 0xE3, 0x18, 0xE3, 0x18, 0xE3, 0x18, 0xC3, 0x18, 0xE3, 0x18, 0xE3, 0x20, 0xE4, 0x20, 0xE4, 0x20, 0xE4, 0x20, 0xE4, 0x18, 0xE3, 0x18, 0xE3, 0x20, 0xE4, 0x20, 0xE4, 0x18, 0xE3,
  0x18, 0xE3, 0x18, 0xE3, 0x18, 0xE3, 0x18, 0xC3, 0x21, 0x04, 0x31, 0xA6, 0x39, 0xA7, 0x29, 0x25, 0x18, 0xE3, 0x18, 0xE3, 0x18, 0xE3, 0x18, 0xE3, 0x18, 0xE3, 0x18, 0xE3, 0x18, 0xE3, 0x20, 0xE4,
  0x18, 0xE3, 0x20, 0xE4, 0x20, 0xE4, 0x20, 0xE4, 0x21, 0x04, 0x20, 0xE4, 0x20, 0xE4, 0x21, 0x04, 0x21, 0x04, 0x29, 0x04, 0x29, 0x04, 0x31, 0x24, 0x39, 0x23, 0x49, 0x64, 0x59, 0x83, 0x69, 0xA3,
  0x7A, 0x24, 0xEF, 0x5B, 0xFF, 0xFF, 0xFF, 0xDE, 0xFF, 0xFF, 0xA4, 0x90, 0x49, 0x00, 0x51, 0x83, 0x49, 0x43, 0x41, 0x22, 0xB2, 0xA1, 0xFB, 0x80, 0xFB, 0x40, 0xFB, 0x80, 0xDB, 0x01, 0x69, 0x82,
  0x61, 0x83, 0x51, 0x63, 0x49, 0x43, 0x49, 0x43, 0x49, 0x43, 0x51, 0x63, 0x51, 0x21, 0x61, 0xE4, 0xEF, 0x3C, 0xFF, 0xFF, 0xFF, 0xFF, 0xFF, 0xDE, 0xFF, 0xFF, 0xA4, 0xD1, 0x30, 0x80, 0x41, 0x02,
  0x38, 0xE1, 0x38, 0xE1, 0x28, 0x81, 0x89, 0xE2, 0xFB, 0x81, 0xFB, 0x40, 0xFB, 0x60, 0xFB, 0x80, 0xEB, 0x82, 0x61, 0x21, 0x30, 0xA0, 0x38, 0xC1, 0x38, 0xC1, 0x28, 0x81, 0x51, 0x01, 0xA2, 0x22,
  0xC2, 0xC2, 0xD2, 0xE1, 0xD2, 0xC2, 0xD2, 0xE2, 0xD2, 0xE1, 0xD2, 0xE1, 0xD2, 0xE1, 0xD2, 0xE1, 0xD2, 0xE1, 0xD2, 0xE1, 0xD2, 0xE1, 0xD2, 0xE2, 0xD2, 0xE2, 0xD2, 0xE2, 0xD2, 0xE2, 0xD2, 0xE1,
  0xD2, 0xE2, 0xD2, 0xE2, 0xD2, 0xE2, 0xD2, 0xE2, 0xD2, 0xE1, 0xD2, 0xA1, 0xCB, 0x45, 0xF7, 0x9C, 0xFF, 0xFF, 0xFF, 0xDE, 0xFF, 0xFF, 0xC5, 0xB4, 0x61, 0x41, 0x61, 0x82, 0x51, 0x42, 0x41, 0x23,
  0x31, 0x03, 0x28, 0xE3, 0x20, 0xC3, 0x20, 0xC3, 0x18, 0xC3, 0x18, 0xC3, 0x18, 0xC3, 0x18, 0xE3, 0x18, 0xE3, 0x18, 0xE3, 0x18, 0xE3, 0x18, 0xE3, 0x18, 0xE3, 0x20, 0xE4, 0x20, 0xE4, 0x20, 0xE4,
  0x20, 0xE4, 0x21, 0x04, 0x20, 0xE4, 0x21, 0x04, 0x20, 0xE4, 0x20, 0xE4, 0x21, 0x04, 0x18, 0xE3, 0x39, 0xA7, 0x52, 0xAA, 0x52, 0x8A, 0x29, 0x45, 0x18, 0xE3, 0x20, 0xE4, 0x21, 0x04, 0x21, 0x04,
  0x21, 0x04, 0x20, 0xE4, 0x21, 0x04, 0x21, 0x04, 0x20, 0xE4, 0x20, 0xE4, 0x20, 0xE4, 0x20, 0xE4, 0x21, 0x04, 0x21, 0x04, 0x21, 0x04, 0x18, 0xE3, 0x20, 0xE4, 0x20, 0xE4, 0x21, 0x04, 0x20, 0xE4,
  0x20, 0xE4, 0x20, 0xE4, 0x20, 0xE4, 0x18, 0xC3, 0x10, 0x82, 0x10, 0xA2, 0x10, 0x82, 0x10, 0x82, 0x10, 0x82, 0x10, 0x82, 0x10, 0x82, 0x10, 0x82, 0x10, 0x82, 0x18, 0x82, 0x18, 0xA2, 0x20, 0xA2,
  0x28, 0xC1, 0x30, 0xE1, 0x38, 0xC1, 0xDB, 0x64, 0x9A, 0x43, 0x20, 0x40, 0x28, 0x80, 0x20, 0x60, 0x10, 0x40, 0x08, 0x20, 0x08, 0x20, 0x00, 0x00, 0x00, 0x00, 0x00, 0x00, 0x00, 0x00, 0x00, 0x00,
  0x00, 0x00, 0x00, 0x00, 0x00, 0x00, 0x00, 0x00, 0x00, 0x20, 0x08, 0x20, 0x10, 0x20, 0x18, 0x40, 0x20, 0x60, 0x28, 0x80, 0x28, 0x60, 0xCB, 0x24, 0xAA, 0xA3, 0x28, 0x81, 0x30, 0xE1, 0x28, 0xA1,
  0x20, 0xA1, 0x18, 0x82, 0x10, 0x81, 0x10, 0x82, 0x10, 0x82, 0x10, 0x82, 0x10, 0x62, 0x10, 0x62, 0x10, 0x62, 0x10, 0x82, 0x10, 0x82, 0x10, 0x62, 0x18, 0xA3, 0x18, 0xC3, 0x18, 0xC3, 0x18, 0xC3,
  0x18, 0xC3, 0x18, 0xC3, 0x18, 0xC3, 0x18, 0xC3, 0x18, 0xC3, 0x18, 0xC3, 0x18, 0xC3, 0x18, 0xE3, 0x18, 0xE3, 0x18, 0xE3, 0x18, 0xE3, 0x18, 0xC3, 0x18, 0xE3, 0x18, 0xE3, 0x18, 0xE3, 0x18, 0xC3,
  0x18, 0xE3, 0x18, 0xC3, 0x18, 0xC3, 0x18, 0xC3, 0x29, 0x45, 0x31, 0xA6, 0x31, 0x86, 0x18, 0xE3, 0x18, 0xE3, 0x18, 0xE3, 0x18, 0xE3, 0x18, 0xE3, 0x18, 0xC3, 0x18, 0xE3, 0x18, 0xE3, 0x18, 0xE3,
  0x18, 0xE3, 0x18, 0xE3, 0x18, 0xE3, 0x20, 0xE4, 0x20, 0xE4, 0x18, 0xE3, 0x21, 0x04, 0x20, 0xE4, 0x20, 0xE3, 0x20, 0xE3, 0x29, 0x04, 0x31, 0x03, 0x39, 0x23, 0x49, 0x43, 0x59, 0x83, 0x61, 0xA3,
  0x7A, 0x24, 0xEF, 0x5B, 0xFF, 0xFF, 0xFF, 0xDE, 0xFF, 0xFF, 0xA4, 0x90, 0x51, 0x01, 0x51, 0x83, 0x49, 0x42, 0x41, 0x22, 0xB2, 0x81, 0xFB, 0x80, 0xFB, 0x40, 0xFB, 0x80, 0xDB, 0x01, 0x69, 0x82,
  0x61, 0x63, 0x51, 0x63, 0x51, 0x43, 0x51, 0x43, 0x51, 0x63, 0x59, 0x62, 0x59, 0x62, 0xD6, 0x78, 0xFF, 0xFF, 0xFF, 0xDE, 0xFF, 0xDE, 0xFF, 0xFF, 0xC5, 0xF6, 0x38, 0xC1, 0x40, 0xE1, 0x38, 0xE1,
  0x40, 0xE1, 0x30, 0x80, 0x69, 0x61, 0xF3, 0x62, 0xFB, 0x40, 0xFB, 0x40, 0xFB, 0x40, 0xFB, 0xA2, 0x81, 0xA1, 0x30, 0x81, 0x38, 0xE1, 0x38, 0xC1, 0x30, 0xA0, 0x71, 0x82, 0xEB, 0x42, 0xFB, 0x61,
  0xFB, 0x60, 0xFB, 0x60, 0xFB, 0x80, 0xFB, 0x80, 0xFB, 0x80, 0xFB, 0x80, 0xFB, 0x80, 0xFB, 0x80, 0xFB, 0x80, 0xFB, 0x80, 0xFB, 0x80, 0xFB, 0x61, 0xFB, 0x80, 0xFB, 0x80, 0xFB, 0x81, 0xFB, 0x80,
  0xFB, 0x81, 0xFB, 0x81, 0xFB, 0x80, 0xFB, 0x81, 0xFB, 0x81, 0xFB, 0x00, 0xF5, 0x6E, 0xFF, 0xFF, 0xFF, 0xDE, 0xFF, 0xFF, 0xFF, 0xFF, 0x8B, 0x08, 0x61, 0x41, 0x59, 0x83, 0x49, 0x42, 0x39, 0x23,
  0x30, 0xE3, 0x28, 0xE3, 0x20, 0xC3, 0x18, 0xC3, 0x18, 0xC3, 0x18, 0xC3, 0x18, 0xC3, 0x18, 0xC3, 0x20, 0xE4, 0x18, 0xE3, 0x18, 0xE3, 0x18, 0xE3, 0x18, 0xE3, 0x18, 0xE3, 0x18, 0xE3, 0x20, 0xE4,
  0x18, 0xE3, 0x20, 0xE4, 0x20, 0xE4, 0x20, 0xE4, 0x20, 0xE4, 0x18, 0xE3, 0x20, 0xE4, 0x18, 0xE3, 0x21, 0x04, 0x4A, 0x69, 0x52, 0xAA, 0x39, 0xE7, 0x18, 0xC3, 0x20, 0xE4, 0x20, 0xE4, 0x21, 0x04,
  0x20, 0xE4, 0x20, 0xE4, 0x20, 0xE4, 0x20, 0xE4, 0x20, 0xE4, 0x18, 0xE3, 0x20, 0xE4, 0x18, 0xE3, 0x20, 0xE4, 0x20, 0xE4, 0x20, 0xE4, 0x18, 0xE3, 0x18, 0xE3, 0x20, 0xE4, 0x20, 0xE4, 0x20, 0xE4,
  0x18, 0xE3, 0x18, 0xE3, 0x18, 0xE3, 0x18, 0xA3, 0x10, 0x82, 0x10, 0x82, 0x10, 0x82, 0x10, 0x82, 0x10, 0x82, 0x10, 0x82, 0x10, 0x82, 0x10, 0x82, 0x10, 0x82, 0x10, 0x82, 0x18, 0xA2, 0x20, 0xA2,
  0x28, 0xC2, 0x30, 0xE2, 0x28, 0xA1, 0xAA, 0x83, 0xCB, 0x24, 0x28, 0x60, 0x28, 0x80, 0x20, 0x60, 0x18, 0x40, 0x10, 0x20, 0x08, 0x20, 0x00, 0x20, 0x00, 0x00, 0x00, 0x00, 0x00, 0x00, 0x00, 0x00,
  0x00, 0x00, 0x00, 0x00, 0x00, 0x00, 0x00, 0x00, 0x08, 0x20, 0x08, 0x20, 0x10, 0x40, 0x18, 0x40, 0x20, 0x60, 0x28, 0x80, 0x40, 0xC1, 0xEB, 0xC5, 0x71, 0xA2, 0x28, 0xA1, 0x30, 0xC1, 0x20, 0xA1,
  0x20, 0x81, 0x18, 0x81, 0x10, 0x81, 0x10, 0x82, 0x10, 0x82, 0x10, 0x82, 0x10, 0x62, 0x10, 0x62, 0x10, 0x62, 0x10, 0x82, 0x10, 0x82, 0x10, 0x62, 0x10, 0xA2, 0x18, 0xC3, 0x18, 0xA3, 0x18, 0xA3,
  0x18, 0xC3, 0x18, 0xC3, 0x18, 0xC3, 0x18, 0xC3, 0x18, 0xC3, 0x18, 0xC3, 0x18, 0xC3, 0x18, 0xC3, 0x18, 0xC3, 0x18, 0xC3, 0x18, 0xC3, 0x18, 0xC3, 0x18, 0xC3, 0x18, 0xC3, 0x18, 0xC3, 0x18, 0xC3,
  0x18, 0xC3, 0x18, 0xC3, 0x18, 0xC3, 0x18, 0xE3, 0x31, 0x86, 0x31, 0x86, 0x29, 0x25, 0x18, 0xC3, 0x18, 0xC3, 0x18, 0xC3, 0x18, 0xE3, 0x18, 0xC3, 0x18, 0xC3, 0x18, 0xC3, 0x18, 0xC3, 0x18, 0xC3,
  0x18, 0xE3, 0x18, 0xC3, 0x18, 0xE3, 0x18, 0xE3, 0x18, 0xC3, 0x18, 0xE3, 0x18, 0xE3, 0x20, 0xE3, 0x20, 0xE3, 0x20, 0xE3, 0x28, 0xE3, 0x31, 0x03, 0x39, 0x23, 0x49, 0x43, 0x51, 0x83, 0x61, 0xA2,
  0x72, 0x04, 0xEF, 0x5B, 0xFF, 0xFF, 0xFF, 0xDE, 0xFF, 0xFF, 0xA4, 0x90, 0x49, 0x01, 0x51, 0x63, 0x49, 0x42, 0x41, 0x02, 0xB2, 0x81, 0xFB, 0x80, 0xF3, 0x40, 0xFB, 0x80, 0xD3, 0x01, 0x61, 0x61,
  0x59, 0x62, 0x59, 0x62, 0x59, 0x62, 0x51, 0x63, 0x59, 0x82, 0x51, 0x00, 0xBD, 0x73, 0xFF, 0xFF, 0xF7, 0xDE, 0xFF, 0xDF, 0xFF, 0xFF, 0xE6, 0xFA, 0x49, 0x43, 0x40, 0xC0, 0x40, 0xE1, 0x40, 0xE1,
  0x30, 0xC1, 0x59, 0x01, 0xE3, 0x42, 0xFB, 0x40, 0xFB, 0x40, 0xFB, 0x20, 0xFB, 0x81, 0x9A, 0x02, 0x28, 0x81, 0x38, 0xC0, 0x38, 0xC1, 0x30, 0xC1, 0x61, 0x21, 0xF3, 0x62, 0xFB, 0x60, 0xFB, 0x40,
  0xFB, 0x40, 0xF3, 0x40, 0xF3, 0x40, 0xFB, 0x40, 0xFB, 0x40, 0xFB, 0x40, 0xFB, 0x40, 0xFB, 0x40, 0xFB, 0x40, 0xFB, 0x40, 0xFB, 0x40, 0xF3, 0x40, 0xF3, 0x40, 0xFB, 0x40, 0xFB, 0x40, 0xFB, 0x40,
  0xFB, 0x40, 0xFB, 0x40, 0xFB, 0x40, 0xF3, 0x61, 0xFB, 0x41, 0xF3, 0x62, 0xF7, 0x3A, 0xFF, 0xFF, 0xF7, 0xDE, 0xFF, 0xFF, 0xD6, 0x36, 0x59, 0x41, 0x61, 0x82, 0x51, 0x62, 0x41, 0x42, 0x39, 0x03,
  0x28, 0xE3, 0x20, 0xC3, 0x20, 0xC3, 0x18, 0xC3, 0x18, 0xC3, 0x18, 0xC3, 0x18, 0xC3, 0x18, 0xC3, 0x18, 0xE3, 0x18, 0xE3, 0x18, 0xC3, 0x18, 0xE3, 0x18, 0xE3, 0x18, 0xE3, 0x18, 0xE3, 0x18, 0xE3,
  0x18, 0xE3, 0x20, 0xE4, 0x20, 0xE4, 0x18, 0xE3, 0x21, 0x04, 0x18, 0xE3, 0x18, 0xE3, 0x20, 0xE4, 0x18, 0xC3, 0x39, 0xC7, 0x52, 0xAA, 0x4A, 0x69, 0x21, 0x04, 0x18, 0xC3, 0x18, 0xE3, 0x20, 0xE4,
  0x20, 0xE4, 0x18, 0xE3, 0x18, 0xE3, 0x18, 0xE3, 0x18, 0xE3, 0x18, 0xE3, 0x18, 0xE3, 0x18, 0xE3, 0x18, 0xE3, 0x18, 0xE3, 0x18, 0xE3, 0x18, 0xE3, 0x18, 0xC3, 0x18, 0xE3, 0x18, 0xE3, 0x18, 0xE3,
  0x18, 0xE3, 0x18, 0xC3, 0x18, 0xC3, 0x18, 0xA3, 0x10, 0x82, 0x10, 0x82, 0x10, 0x82, 0x10, 0x82, 0x10, 0x82, 0x10, 0x82, 0x10, 0x82, 0x10, 0x82, 0x10, 0x82, 0x10, 0x82, 0x18, 0x81, 0x20, 0xA1,
  0x20, 0xA2, 0x30, 0xC2, 0x28, 0xA1, 0x71, 0xA2, 0xEB, 0xC5, 0x40, 0xC1, 0x28, 0x80, 0x20, 0x80, 0x18, 0x40, 0x10, 0x40, 0x08, 0x20, 0x00, 0x20, 0x00, 0x00, 0x00, 0x00, 0x00, 0x00, 0x00, 0x00,
  0x00, 0x00, 0x00, 0x00, 0x00, 0x00, 0x00, 0x00, 0x08, 0x00, 0x08, 0x20, 0x10, 0x40, 0x18, 0x60, 0x28, 0x80, 0x20, 0x60, 0x71, 0x82, 0xEB, 0xC5, 0x41, 0x01, 0x30, 0xA1, 0x28, 0xC1, 0x20, 0xA2,
  0x18, 0x82, 0x10, 0x81, 0x10, 0x61, 0x10, 0x61, 0x10, 0x82, 0x10, 0x62, 0x10, 0x62, 0x10, 0x62, 0x10, 0x82, 0x10, 0x62, 0x10, 0x82, 0x10, 0x82, 0x10, 0xA2, 0x18, 0xC3, 0x18, 0xA3, 0x18, 0xC3,
  0x18, 0xC3, 0x18, 0xC3, 0x18, 0xC3, 0x18, 0xC3, 0x18, 0xC3, 0x18, 0xC3, 0x18, 0xC3, 0x18, 0xC3, 0x18, 0xC3, 0x18, 0xC3, 0x18, 0xC3, 0x18, 0xC3, 0x18, 0xC3, 0x18, 0xC3, 0x18, 0xC3, 0x18, 0xC3,
  0x18, 0xC3, 0x18, 0xC3, 0x18, 0xC3, 0x21, 0x24, 0x31, 0x86, 0x31, 0x86, 0x18, 0xE3, 0x18, 0xC3, 0x18, 0xC3, 0x18, 0xC3, 0x18, 0xC3, 0x18, 0xC3, 0x18, 0xC3, 0x18, 0xC3, 0x18, 0xC3, 0x18, 0xC3,
  0x18, 0xC3, 0x18, 0xC3, 0x18, 0xE3, 0x18, 0xC3, 0x18, 0xC3, 0x18, 0xE3, 0x18, 0xC3, 0x18, 0xE3, 0x20, 0xE3, 0x20, 0xE3, 0x28, 0xE3, 0x31, 0x03, 0x39, 0x23, 0x41, 0x43, 0x51, 0x63, 0x61, 0xA2,
  0x72, 0x04, 0xEF, 0x5B, 0xFF, 0xFF, 0xFF, 0xDE, 0xFF, 0xFF, 0xA4, 0x8F, 0x49, 0x00, 0x51, 0x63, 0x49, 0x42, 0x41, 0x02, 0xB2, 0x81, 0xFB, 0x81, 0xFB, 0x40, 0xFB, 0x80, 0xD2, 0xE1, 0x61, 0x61,
  0x61, 0x62, 0x59, 0x62, 0x59, 0x63, 0x61, 0x82, 0x59, 0x00, 0xA4, 0x4E, 0xFF, 0xFF, 0xF7, 0xDF, 0xFF, 0xFF, 0xFF, 0xDF, 0xF7, 0x9D, 0x62, 0x06, 0x38, 0xA0, 0x41, 0x02, 0x38, 0xE1, 0x38, 0xC1,
  0x40, 0xC1, 0xD3, 0x02, 0xFB, 0x80, 0xFB, 0x40, 0xFB, 0x40, 0xFB, 0x80, 0xBA, 0x82, 0x28, 0x81, 0x30, 0xA0, 0x38, 0xA1, 0x38, 0xC0, 0x30, 0x81, 0xB2, 0x82, 0xFB, 0xA1, 0xF3, 0x41, 0xFB, 0x40,
  0xFB, 0x60, 0xFB, 0x81, 0xFB, 0x81, 0xFB, 0x81, 0xFB, 0x81, 0xFB, 0x81, 0xFB, 0x81, 0xFB, 0x81, 0xFB, 0x81, 0xFB, 0x81, 0xFB, 0x81, 0xFB, 0x81, 0xFB, 0x81, 0xFB, 0x81, 0xFB, 0x81, 0xFB, 0x81,
  0xFB, 0x81, 0xFB, 0x81, 0xFB, 0x81, 0xFB, 0xA1, 0xFB, 0x60, 0xED, 0x2C, 0xFF, 0xFF, 0xFF, 0xFE, 0xFF, 0xDF, 0xFF, 0xFF, 0x8B, 0x6A, 0x51, 0x00, 0x51, 0x63, 0x49, 0x43, 0x39, 0x23, 0x31, 0x03,
  0x28, 0xE3, 0x20, 0xC3, 0x20, 0xC3, 0x18, 0xC3, 0x18, 0xC3, 0x18, 0xC3, 0x18, 0xC3, 0x18, 0xC3, 0x18, 0xC3, 0x18, 0xE3, 0x18, 0xE3, 0x18, 0xC3, 0x18, 0xE3, 0x18, 0xC3, 0x18, 0xE3, 0x18, 0xE3,
  0x18, 0xE3, 0x20, 0xE4, 0x20, 0xE4, 0x18, 0xE3, 0x18, 0xE3, 0x18, 0xE3, 0x18, 0xE3, 0x18, 0xE3, 0x18, 0xC3, 0x21, 0x24, 0x4A, 0x69, 0x52, 0xAA, 0x31, 0xA6, 0x18, 0xC3, 0x18, 0xE3, 0x20, 0xE4,
  0x18, 0xE3, 0x18, 0xC3, 0x18, 0xC3, 0x18, 0xE3, 0x18, 0xE3, 0x18, 0xE3, 0x18, 0xE3, 0x18, 0xE3, 0x18, 0xE3, 0x18, 0xE3, 0x18, 0xE3, 0x18, 0xE3, 0x18, 0xC3, 0x18, 0xE3, 0x18, 0xC3, 0x18, 0xE3,
  0x18, 0xC3, 0x18, 0xC3, 0x18, 0xC3, 0x10, 0xA2, 0x10, 0x82, 0x10, 0x82, 0x10, 0x82, 0x10, 0x82, 0x10, 0x82, 0x10, 0x82, 0x10, 0x82, 0x10, 0x82, 0x10, 0x82, 0x10, 0x81, 0x10, 0x81, 0x18, 0x81,
  0x20, 0xA1, 0x28, 0xC1, 0x30, 0xC1, 0x41, 0x01, 0xEB, 0xC5, 0x71, 0x82, 0x20, 0x60, 0x28, 0x80, 0x18, 0x60, 0x10, 0x40, 0x08, 0x20, 0x08, 0x00, 0x00, 0x00, 0x00, 0x00, 0x00, 0x00, 0x00, 0x00,
  0x00, 0x00, 0x00, 0x00, 0x00, 0x00, 0x00, 0x00, 0x08, 0x20, 0x10, 0x20, 0x18, 0x40, 0x20, 0x60, 0x30, 0x80, 0x20, 0x40, 0xA2, 0x63, 0xD3, 0x44, 0x30, 0xA1, 0x30, 0xC1, 0x28, 0xA1, 0x20, 0xA1,
  0x18, 0x82, 0x10, 0x61, 0x10, 0x61, 0x10, 0x62, 0x10, 0x82, 0x10, 0x62, 0x10, 0x62, 0x10, 0x62, 0x10, 0x82, 0x10, 0x82, 0x10, 0x82, 0x10, 0x62, 0x10, 0x82, 0x18, 0xA3, 0x18, 0xA3, 0x18, 0xA3,
  0x18, 0xC3, 0x18, 0xC3, 0x18, 0xC3, 0x18, 0xA3, 0x18, 0xC3, 0x18, 0xC3, 0x18, 0xC3, 0x18, 0xC3, 0x18, 0xC3, 0x18, 0xC3, 0x18, 0xC3, 0x18, 0xC3, 0x18, 0xC3, 0x18, 0xC3, 0x18, 0xC3, 0x18, 0xC3,
  0x18, 0xC3, 0x18, 0xA3, 0x18, 0xC3, 0x29, 0x65, 0x31, 0x86, 0x29, 0x45, 0x18, 0xA3, 0x18, 0xC3, 0x18, 0xC3, 0x18, 0xC3, 0x18, 0xC3, 0x18, 0xC3, 0x18, 0xC3, 0x18, 0xC3, 0x18, 0xC3, 0x18, 0xC3,
  0x18, 0xC3, 0x18, 0xC3, 0x18, 0xC3, 0x18, 0xC3, 0x18, 0xC3, 0x18, 0xC3, 0x18, 0xC3, 0x18, 0xC3, 0x18, 0xC3, 0x20, 0xC3, 0x28, 0xE3, 0x31, 0x03, 0x39, 0x23, 0x41, 0x23, 0x51, 0x63, 0x61, 0x82,
  0x72, 0x04, 0xEF, 0x5B, 0xFF, 0xFF, 0xFF, 0xDE, 0xFF, 0xFF, 0xA4, 0x6F, 0x48, 0xE0, 0x51, 0x63, 0x51, 0x42, 0x41, 0x02, 0xB2, 0x81, 0xFB, 0x80, 0xFB, 0x40, 0xFB, 0x80, 0xD2, 0xC1, 0x59, 0x61,
  0x59, 0x62, 0x61, 0x62, 0x61, 0x82, 0x59, 0x00, 0x8B, 0x4A, 0xFF, 0xFF, 0xFF, 0xDF, 0xFF, 0xFE, 0xFF, 0xDE, 0xFF, 0xFF, 0x7B, 0x2B, 0x30, 0x60, 0x41, 0x01, 0x38, 0xC1, 0x38, 0xC1, 0x30, 0xA0,
  0xBA, 0xA2, 0xFB, 0xA1, 0xFB, 0x60, 0xFB, 0x40, 0xFB, 0x80, 0xD2, 0xE2, 0x38, 0xA1, 0x28, 0x81, 0x30, 0xA1, 0x30, 0xC1, 0x38, 0xC1, 0x38, 0xC1, 0xD2, 0xE2, 0xFB, 0x80, 0xFB, 0x60, 0xFB, 0x60,
  0xEB, 0x41, 0xAA, 0x41, 0x92, 0x01, 0x9A, 0x02, 0x9A, 0x02, 0x9A, 0x02, 0x9A, 0x02, 0x9A, 0x02, 0x9A, 0x02, 0x9A, 0x02, 0x9A, 0x02, 0x9A, 0x02, 0x9A, 0x01, 0x9A, 0x01, 0x9A, 0x22, 0x9A, 0x21,
  0x9A, 0x21, 0xA2, 0x21, 0xA2, 0x42, 0xAA, 0x62, 0xAA, 0x62, 0xEE, 0xF9, 0xFF, 0xFF, 0xFF, 0xDE, 0xFF, 0xFF, 0xDE, 0xB9, 0x59, 0x62, 0x59, 0x62, 0x49, 0x42, 0x41, 0x23, 0x39, 0x03, 0x28, 0xE3,
  0x28, 0xE3, 0x20, 0xC3, 0x18, 0xC3, 0x18, 0xC3, 0x18, 0xC3, 0x18, 0xC3, 0x18, 0xC3, 0x18, 0xC3, 0x18, 0xC3, 0x18, 0xE3, 0x18, 0xE3, 0x18, 0xC3, 0x18, 0xC3, 0x18, 0xE3, 0x18, 0xC3, 0x18, 0xE3,
  0x18, 0xE3, 0x18, 0xE3, 0x18, 0xE3, 0x18, 0xE3, 0x18, 0xE3, 0x18, 0xE3, 0x18, 0xC3, 0x18, 0xE3, 0x18, 0xE3, 0x18, 0xC3, 0x42, 0x28, 0x5A, 0xAB, 0x4A, 0x49, 0x18, 0xE3, 0x18, 0xE3, 0x18, 0xE3,
  0x18, 0xE3, 0x18, 0xC3, 0x18, 0xC3, 0x18, 0xC3, 0x18, 0xC3, 0x18, 0xC3, 0x18, 0xC3, 0x18, 0xC3, 0x18, 0xC3, 0x18, 0xC3, 0x18, 0xE3, 0x18, 0xC3, 0x18, 0xC3, 0x18, 0xC3, 0x18, 0xC3, 0x18, 0xC3,
  0x18, 0xC3, 0x18, 0xC3, 0x18, 0xC3, 0x10, 0xA2, 0x10, 0x82, 0x10, 0x82, 0x10, 0x82, 0x10, 0x82, 0x10, 0x82, 0x10, 0x82, 0x10, 0x82, 0x10, 0x82, 0x10, 0x82, 0x10, 0x82, 0x10, 0x81, 0x18, 0x81,
  0x20, 0xA1, 0x28, 0xA1, 0x30, 0xE2, 0x30, 0xA0, 0xD3, 0x44, 0xAA, 0x63, 0x20, 0x40, 0x28, 0x80, 0x18, 0x60, 0x10, 0x40, 0x10, 0x20, 0x08, 0x20, 0x00, 0x00, 0x00, 0x00, 0x00, 0x00, 0x00, 0x00,
  0x00, 0x00, 0x00, 0x00, 0x00, 0x00, 0x08, 0x00, 0x08, 0x20, 0x10, 0x20, 0x18, 0x40, 0x20, 0x60, 0x28, 0x80, 0x28, 0x60, 0xD3, 0x44, 0xA2, 0x83, 0x28, 0x80, 0x30, 0xC2, 0x28, 0xA1, 0x20, 0x81,
  0x18, 0x81, 0x10, 0x61, 0x10, 0x61, 0x10, 0x82, 0x10, 0x82, 0x10, 0x62, 0x10, 0x62, 0x10, 0x62, 0x10, 0x62, 0x10, 0x62, 0x10, 0x82, 0x10, 0x82, 0x10, 0x82, 0x18, 0xA3, 0x10, 0xA2, 0x18, 0xC3,
  0x18, 0xA3, 0x18, 0xA3, 0x18, 0xA3, 0x18, 0xA3, 0x18, 0xA3, 0x18, 0xC3, 0x18, 0xC3, 0x18, 0xC3, 0x18, 0xC3, 0x18, 0xC3, 0x18, 0xA3, 0x18, 0xC3, 0x18, 0xC3, 0x18, 0xC3, 0x18, 0xA3, 0x18, 0xC3,
  0x18, 0xC3, 0x18, 0xA3, 0x18, 0xE3, 0x31, 0x86, 0x31, 0x86, 0x21, 0x04, 0x10, 0xA2, 0x18, 0xC3, 0x18, 0xA3, 0x18, 0xC3, 0x18, 0xA3, 0x18, 0xA3, 0x18, 0xC3, 0x18, 0xC3, 0x18, 0xC3, 0x18, 0xC3,
  0x18, 0xC3, 0x18, 0xC3, 0x18, 0xC3, 0x18, 0xC3, 0x18, 0xC3, 0x18, 0xC3, 0x18, 0xC3, 0x18, 0xC3, 0x18, 0xC3, 0x20, 0xC3, 0x28, 0xE3, 0x28, 0xE3, 0x39, 0x03, 0x41, 0x23, 0x51, 0x63, 0x61, 0x82,
  0x71, 0xE4, 0xEF, 0x3B, 0xFF, 0xFF, 0xF7, 0xDE, 0xFF, 0xFF, 0xA4, 0x6F, 0x48, 0xE0, 0x51, 0x63, 0x49, 0x42, 0x41, 0x22, 0xB2, 0x81, 0xFB, 0x80, 0xF3, 0x40, 0xFB, 0x60, 0xCA, 0xC1, 0x59, 0x41,
  0x59, 0x62, 0x61, 0x82, 0x59, 0x40, 0x72, 0x46, 0xF7, 0x7C, 0xFF, 0xFF, 0xFF, 0xFF, 0xFF, 0xDE, 0xFF, 0xFF, 0x9C, 0x90, 0x30, 0x60, 0x41, 0x01, 0x38, 0xC1, 0x38, 0xC1, 0x28, 0x81, 0x9A, 0x02,
  0xFB, 0xA1, 0xFB, 0x40, 0xFB, 0x60, 0xFB, 0x60, 0xEB, 0x42, 0x51, 0x01, 0x28, 0x80, 0x30, 0xC0, 0x30, 0xA1, 0x30, 0xA1, 0x30, 0xA0, 0x40, 0xC1, 0xDB, 0x02, 0xFB, 0x80, 0xFB, 0x40, 0xFB, 0xA1,
  0xB2, 0x62, 0x28, 0x80, 0x38, 0xC1, 0x30, 0xA1, 0x30, 0xA1, 0x30, 0xA1, 0x30, 0xA1, 0x30, 0xA0, 0x30, 0xA1, 0x30, 0xA1, 0x30, 0xA1, 0x30, 0xA1, 0x30, 0xA1, 0x30, 0xA1, 0x30, 0xA1, 0x38, 0xC1,
  0x38, 0xC1, 0x40, 0xE1, 0x49, 0x22, 0x48, 0xC0, 0x83, 0x2A, 0xFF, 0xFF, 0xFF, 0xFF, 0xFF, 0xDF, 0xFF, 0xFF, 0x9C, 0x0D, 0x51, 0x00, 0x51, 0x63, 0x49, 0x22, 0x39, 0x02, 0x31, 0x03, 0x28, 0xE3,
  0x20, 0xC3, 0x20, 0xC3, 0x18, 0xC3, 0x18, 0xC3, 0x18, 0xC3, 0x18, 0xC3, 0x18, 0xC3, 0x18, 0xC3, 0x18, 0xC3, 0x18, 0xC3, 0x18, 0xE3, 0x18, 0xC3, 0x18, 0xC3, 0x18, 0xC3, 0x18, 0xC3, 0x18, 0xE3,
  0x18, 0xE3, 0x18, 0xE3, 0x18, 0xE3, 0x18, 0xE3, 0x18, 0xC3, 0x18, 0xE3, 0x18, 0xC3, 0x18, 0xC3, 0x18, 0xE3, 0x18, 0xC3, 0x31, 0x86, 0x5A, 0xAB, 0x52, 0xAA, 0x29, 0x25, 0x18, 0xC3, 0x18, 0xE3,
  0x18, 0xC3, 0x18, 0xC3, 0x18, 0xC3, 0x18, 0xC3, 0x18, 0xC3, 0x18, 0xC3, 0x18, 0xC3, 0x18, 0xC3, 0x18, 0xC3, 0x18, 0xC3, 0x18, 0xC3, 0x18, 0xC3, 0x18, 0xC3, 0x18, 0xC3, 0x18, 0xC3, 0x18, 0xC3,
  0x18, 0xC3, 0x18, 0xC3, 0x18, 0xC3, 0x10, 0x82, 0x10, 0x82, 0x10, 0x82, 0x10, 0x82, 0x10, 0x82, 0x10, 0x62, 0x10, 0x62, 0x10, 0x82, 0x10, 0x82, 0x10, 0x82, 0x10, 0x82, 0x10, 0x62, 0x18, 0x81,
  0x20, 0x81, 0x28, 0xA1, 0x30, 0xE2, 0x28, 0x80, 0xA2, 0x63, 0xD3, 0x44, 0x28, 0x60, 0x28, 0x80, 0x20, 0x60, 0x18, 0x40, 0x10, 0x20, 0x08, 0x20, 0x00, 0x00, 0x00, 0x00, 0x00, 0x00, 0x00, 0x00,
  0x00, 0x00, 0x00, 0x00, 0x00, 0x00, 0x08, 0x00, 0x08, 0x20, 0x10, 0x40, 0x18, 0x40, 0x20, 0x60, 0x28, 0x80, 0x48, 0xC0, 0xEB, 0xC5, 0x71, 0xA2, 0x28, 0xA1, 0x30, 0xC1, 0x20, 0xA1, 0x18, 0x82,
  0x18, 0x81, 0x10, 0x61, 0x10, 0x62, 0x10, 0x82, 0x10, 0x62, 0x10, 0x62, 0x10, 0x62, 0x10, 0x62, 0x10, 0x62, 0x10, 0x62, 0x10, 0x62, 0x10, 0x82, 0x10, 0x82, 0x10, 0xA2, 0x10, 0xA2, 0x18, 0xA3,
  0x18, 0xA3, 0x18, 0xA3, 0x18, 0xA3, 0x18, 0xA3, 0x18, 0xA3, 0x18, 0xA3, 0x18, 0xC3, 0x18, 0xC3, 0x18, 0xC3, 0x18, 0xC3, 0x18, 0xC3, 0x18, 0xC3, 0x18, 0xA3, 0x18, 0xA3, 0x18, 0xA3, 0x18, 0xC3,
  0x18, 0xA3, 0x10, 0xA2, 0x21, 0x24, 0x31, 0x86, 0x29, 0x65, 0x18, 0xC3, 0x18, 0xA3, 0x18, 0xA3, 0x18, 0xA3, 0x18, 0xA3, 0x10, 0xA2, 0x18, 0xA3, 0x18, 0xC3, 0x18, 0xA3, 0x18, 0xC3, 0x18, 0xA3,
  0x18, 0xA3, 0x18, 0xC3, 0x18, 0xA3, 0x18, 0xC3, 0x18, 0xC3, 0x18, 0xC3, 0x18, 0xA3, 0x18, 0xC3, 0x18, 0xC3, 0x20, 0xC3, 0x20, 0xE3, 0x28, 0xE3, 0x31, 0x03, 0x41, 0x23, 0x51, 0x63, 0x61, 0x82,
  0x71, 0xE4, 0xEF, 0x3B, 0xFF, 0xFF, 0xFF, 0xDE, 0xFF, 0xFF, 0xA4, 0x6F, 0x48, 0xE0, 0x51, 0x63, 0x49, 0x42, 0x41, 0x02, 0xB2, 0x81, 0xFB, 0x81, 0xF3, 0x60, 0xFB, 0x80, 0xCA, 0xC1, 0x59, 0x21,
  0x59, 0x62, 0x59, 0x41, 0x61, 0x62, 0xDE, 0xB9, 0xFF, 0xFF, 0xFF, 0xDF, 0xFF, 0xDF, 0xFF, 0xFF, 0xC5, 0xD5, 0x38, 0xA0, 0x40, 0xE1, 0x38, 0xE1, 0x38, 0xC1, 0x28, 0x80, 0x71, 0x81, 0xFB, 0x82,
  0xFB, 0x60, 0xFB, 0x61, 0xFB, 0x60, 0xFB, 0xA2, 0x71, 0x81, 0x28, 0x60, 0x30, 0xC1, 0x30, 0xA1, 0x30, 0x80, 0x30, 0xA0, 0x38, 0xA0, 0x38, 0xA1, 0xD2, 0xE1, 0xFB, 0x80, 0xFB, 0x60, 0xFB, 0x60,
  0xE3, 0x01, 0x59, 0x21, 0x38, 0xC0, 0x41, 0x01, 0x40, 0xE1, 0x38, 0xE1, 0x38, 0xC1, 0x38, 0xC1, 0x38, 0xC1, 0x30, 0xC1, 0x38, 0xC1, 0x38, 0xC1, 0x38, 0xC1, 0x38, 0xC1, 0x38, 0xE1, 0x38, 0xE1,
  0x41, 0x01, 0x49, 0x01, 0x51, 0x21, 0x48, 0xE1, 0xCE, 0x36, 0xFF, 0xFF, 0xFF, 0xDE, 0xFF, 0xFF, 0xEF, 0x3C, 0x61, 0xC4, 0x51, 0x42, 0x49, 0x42, 0x41, 0x23, 0x39, 0x03, 0x28, 0xE2, 0x28, 0xE3,
  0x20, 0xE3, 0x20, 0xC3, 0x18, 0xC3, 0x18, 0xC3, 0x18, 0xC3, 0x18, 0xC3, 0x18, 0xC3, 0x18, 0xC3, 0x18, 0xC3, 0x18, 0xC3, 0x18, 0xE3, 0x18, 0xE3, 0x18, 0xC3, 0x18, 0xC3, 0x18, 0xC3, 0x18, 0xC3,
  0x18, 0xE3, 0x18, 0xE3, 0x18, 0xE3, 0x18, 0xE3, 0x18, 0xC3, 0x18, 0xC3, 0x18, 0xC3, 0x18, 0xC3, 0x18, 0xC3, 0x18, 0xC3, 0x21, 0x04, 0x52, 0x8A, 0x5A, 0xCB, 0x39, 0xC7, 0x10, 0xA2, 0x18, 0xC3,
  0x18, 0xC3, 0x18, 0xC3, 0x18, 0xC3, 0x18, 0xC3, 0x18, 0xC3, 0x18, 0xC3, 0x18, 0xC3, 0x18, 0xC3, 0x18, 0xC3, 0x18, 0xC3, 0x18, 0xC3, 0x18, 0xC3, 0x18, 0xC3, 0x18, 0xA3, 0x18, 0xC3, 0x18, 0xC3,
  0x18, 0xC3, 0x18, 0xC3, 0x18, 0xA3, 0x10, 0x82, 0x10, 0x62, 0x10, 0x82, 0x10, 0x82, 0x10, 0x82, 0x10, 0x82, 0x10, 0x62, 0x10, 0x82, 0x10, 0x82, 0x10, 0x82, 0x10, 0x82, 0x10, 0x61, 0x18, 0x81,
  0x18, 0x82, 0x20, 0xA2, 0x30, 0xC1, 0x28, 0xA1, 0x71, 0xA2, 0xEB, 0xC4, 0x48, 0xC0, 0x28, 0x80, 0x20, 0x80, 0x18, 0x40, 0x10, 0x40, 0x08, 0x20, 0x08, 0x00, 0x00, 0x00, 0x00, 0x00, 0x00, 0x00,
  0x00, 0x00, 0x00, 0x00, 0x00, 0x00, 0x08, 0x00, 0x08, 0x20, 0x10, 0x40, 0x18, 0x40, 0x28, 0x80, 0x28, 0x60, 0x69, 0x61, 0xF3, 0xC5, 0x51, 0x01, 0x30, 0xC1, 0x28, 0xA1, 0x20, 0x81, 0x18, 0x81,
  0x10, 0x61, 0x10, 0x61, 0x10, 0x62, 0x10, 0x62, 0x10, 0x62, 0x08, 0x61, 0x10, 0x62, 0x10, 0x62, 0x10, 0x62, 0x10, 0x62, 0x10, 0x62, 0x10, 0x82, 0x10, 0x82, 0x10, 0x82, 0x18, 0xA3, 0x18, 0xA3,
  0x10, 0xA2, 0x18, 0xA3, 0x10, 0xA2, 0x18, 0xA3, 0x18, 0xA3, 0x18, 0xA3, 0x18, 0xA3, 0x18, 0xC3, 0x18, 0xA3, 0x18, 0xA3, 0x18, 0xA3, 0x18, 0xA3, 0x18, 0xA3, 0x18, 0xA3, 0x18, 0xA3, 0x18, 0xA3,
  0x10, 0xA2, 0x18, 0xA3, 0x29, 0x45, 0x31, 0x86, 0x29, 0x25, 0x10, 0xA2, 0x18, 0xA3, 0x10, 0xA2, 0x18, 0xA3, 0x18, 0xA3, 0x10, 0xA2, 0x18, 0xA3, 0x18, 0xA3, 0x10, 0xA2, 0x18, 0xA3, 0x18, 0xA3,
  0x18, 0xA3, 0x18, 0xA3, 0x10, 0xA2, 0x18, 0xC3, 0x18, 0xA3, 0x18, 0xA3, 0x10, 0xA2, 0x18, 0xA3, 0x18, 0xC2, 0x20, 0xC3, 0x20, 0xC3, 0x28, 0xE3, 0x30, 0xE3, 0x41, 0x23, 0x49, 0x42, 0x59, 0x62,
  0x69, 0xE3, 0xEF, 0x3B, 0xFF, 0xFF, 0xFF, 0xDE, 0xFF, 0xFF, 0x9C, 0x6F, 0x40, 0xC0, 0x51, 0x43, 0x49, 0x42, 0x41, 0x02, 0xB2, 0x81, 0xFB, 0xA1, 0xF3, 0x60, 0xFB, 0x80, 0xCA, 0xC1, 0x59, 0x21,
  0x59, 0x62, 0x48, 0xE0, 0xC5, 0x94, 0xFF, 0xFF, 0xFF, 0xDE, 0xFF, 0xDF, 0xFF, 0xFF, 0xE6, 0xDA, 0x49, 0x43, 0x40, 0xC0, 0x40, 0xE1, 0x38, 0xC1, 0x30, 0xA1, 0x51, 0x01, 0xEB, 0x41, 0xFB, 0x60,
  0xFB, 0x60, 0xFB, 0x60, 0xFB, 0xA1, 0x9A, 0x22, 0x28, 0x60, 0x30, 0xC1, 0x30, 0xA1, 0x28, 0x60, 0x30, 0xE2, 0x30, 0xA0, 0x38, 0xC0, 0x30, 0x80, 0x9A, 0x42, 0xFB, 0xA1, 0xFB, 0x40, 0xFB, 0x40,
  0xFB, 0x61, 0xE3, 0x22, 0x59, 0x21, 0x30, 0xA0, 0x40, 0xE1, 0x38, 0xC1, 0x30, 0xC1, 0x30, 0xC1, 0x30, 0xA1, 0x28, 0xA1, 0x28, 0xA1, 0x28, 0xA1, 0x28, 0xA1, 0x28, 0xC1, 0x30, 0xC1, 0x38, 0xE2,
  0x38, 0xE2, 0x41, 0x02, 0x40, 0xA0, 0x6A, 0x47, 0xF7, 0xDE, 0xF7, 0xDE, 0xF7, 0xBE, 0xFF, 0xFF, 0xAC, 0xB0, 0x48, 0xE0, 0x51, 0x63, 0x41, 0x22, 0x39, 0x03, 0x31, 0x03, 0x28, 0xE3, 0x20, 0xC3,
  0x20, 0xE3, 0x18, 0xC3, 0x18, 0xC3, 0x18, 0xC3, 0x18, 0xC3, 0x18, 0xC3, 0x18, 0xC3, 0x18, 0xC3, 0x18, 0xC3, 0x18, 0xC3, 0x18, 0xC3, 0x18, 0xE3, 0x18, 0xC3, 0x18, 0xC3, 0x18, 0xC3, 0x18, 0xC3,
  0x18, 0xC3, 0x18, 0xC3, 0x18, 0xE3, 0x18, 0xC3, 0x18, 0xC3, 0x18, 0xC3, 0x18, 0xC3, 0x18, 0xC3, 0x18, 0xC3, 0x18, 0xE3, 0x18, 0xC3, 0x42, 0x08, 0x5A, 0xCB, 0x4A, 0x49, 0x18, 0xC3, 0x18, 0xA3,
  0x18, 0xC3, 0x18, 0xC3, 0x18, 0xC3, 0x18, 0xC3, 0x18, 0xC3, 0x18, 0xC3, 0x18, 0xC3, 0x18, 0xC3, 0x18, 0xC3, 0x18, 0xA3, 0x18, 0xC3, 0x18, 0xC3, 0x18, 0xC3, 0x18, 0xA3, 0x18, 0xA3, 0x18, 0xA3,
  0x18, 0xA3, 0x18, 0xA3, 0x10, 0xA2, 0x10, 0x82, 0x10, 0x62, 0x10, 0x82, 0x10, 0x82, 0x10, 0x82, 0x10, 0x82, 0x10, 0x82, 0x10, 0x82, 0x10, 0x82, 0x10, 0x62, 0x10, 0x62, 0x10, 0x61, 0x10, 0x61,
  0x18, 0x82, 0x20, 0xA1, 0x28, 0xC1, 0x28, 0xC1, 0x49, 0x01, 0xEB, 0xC4, 0x69, 0x61, 0x28, 0x60, 0x28, 0x80, 0x18, 0x40, 0x10, 0x40, 0x08, 0x20, 0x08, 0x00, 0x00, 0x00, 0x00, 0x00, 0x00, 0x00,
  0x00, 0x00, 0x00, 0x00, 0x00, 0x00, 0x08, 0x20, 0x10, 0x20, 0x10, 0x40, 0x20, 0x60, 0x28, 0x80, 0x28, 0x40, 0x92, 0x23, 0xDB, 0x64, 0x38, 0xA1, 0x30, 0xC1, 0x28, 0xA1, 0x20, 0x81, 0x18, 0x81,
  0x10, 0x61, 0x10, 0x62, 0x10, 0x62, 0x10, 0x82, 0x10, 0x62, 0x08, 0x61, 0x10, 0x62, 0x10, 0x82, 0x10, 0x62, 0x10, 0x62, 0x10, 0x82, 0x10, 0x82, 0x10, 0x62, 0x10, 0x82, 0x18, 0xA3, 0x18, 0xA3,
  0x10, 0xA2, 0x10, 0xA2, 0x10, 0xA2, 0x10, 0xA2, 0x18, 0xA3, 0x18, 0xA3, 0x18, 0xA3, 0x18, 0xA3, 0x18, 0xA3, 0x18, 0xA3, 0x18, 0xA3, 0x18, 0xA3, 0x18, 0xA3, 0x10, 0xA2, 0x10, 0xA2, 0x10, 0xA2,
  0x10, 0x82, 0x18, 0xC3, 0x29, 0x65, 0x31, 0x66, 0x18, 0xE3, 0x10, 0xA2, 0x18, 0xA3, 0x10, 0xA2, 0x18, 0xA3, 0x10, 0xA2, 0x10, 0xA2, 0x18, 0xA3, 0x10, 0xA2, 0x10, 0xA2, 0x18, 0xA3, 0x18, 0xA3,
  0x18, 0xA3, 0x10, 0xA2, 0x10, 0xA2, 0x18, 0xA3, 0x18, 0xA3, 0x10, 0xA2, 0x10, 0xA2, 0x18, 0xA2, 0x18, 0xA2, 0x20, 0xC2, 0x20, 0xC2, 0x28, 0xC2, 0x31, 0x03, 0x39, 0x22, 0x49, 0x42, 0x59, 0x62,
  0x69, 0xE3, 0xEF, 0x5B, 0xFF, 0xFF, 0xFF, 0xDE, 0xFF, 0xFF, 0x9C, 0x4F, 0x40, 0xC0, 0x49, 0x42, 0x49, 0x22, 0x40, 0xE2, 0xB2, 0x81, 0xFB, 0xA1, 0xF3, 0x60, 0xFB, 0x80, 0xD2, 0xE1, 0x61, 0x41,
  0x48, 0xC0, 0xA4, 0x4E, 0xFF, 0xFF, 0xF7, 0xDF, 0xFF, 0xDE, 0xFF, 0xFF, 0xF7, 0x9D, 0x62, 0x46, 0x40, 0xA0, 0x49, 0x01, 0x40, 0xE1, 0x38, 0xC1, 0x40, 0xA1, 0xD2, 0xE2, 0xFB, 0x60, 0xFB, 0x40,
  0xFB, 0x40, 0xFB, 0xA1, 0xB2, 0xA3, 0x30, 0x80, 0x30, 0xA1, 0x38, 0xC1, 0x20, 0x00, 0x73, 0x2B, 0x9C, 0xB1, 0x20, 0x20, 0x38, 0xC1, 0x30, 0xC0, 0x50, 0xE1, 0xE3, 0x42, 0xFB, 0x80, 0xFB, 0x40,
  0xFB, 0x40, 0xFB, 0x60, 0xEB, 0x22, 0x69, 0x41, 0x30, 0xA0, 0x38, 0xE1, 0x38, 0xC1, 0x30, 0xA1, 0x30, 0xA1, 0x28, 0xA1, 0x20, 0xA1, 0x20, 0x81, 0x20, 0x81, 0x28, 0xA1, 0x28, 0xA1, 0x30, 0xC2,
  0x38, 0xE2, 0x41, 0x02, 0x38, 0xA0, 0xC5, 0xD5, 0xFF, 0xFF, 0xFF, 0xFF, 0xFF, 0xFF, 0xFF, 0xDE, 0x62, 0x05, 0x49, 0x21, 0x49, 0x42, 0x41, 0x02, 0x31, 0x03, 0x28, 0xE3, 0x20, 0xE3, 0x20, 0xC3,
  0x18, 0xC3, 0x18, 0xE3, 0x18, 0xC3, 0x18, 0xC3, 0x18, 0xC3, 0x18, 0xC3, 0x18, 0xC3, 0x18, 0xC3, 0x18, 0xC3, 0x18, 0xC3, 0x18, 0xC3, 0x18, 0xC3, 0x18, 0xC3, 0x18, 0xC3, 0x18, 0xC3, 0x18, 0xC3,
  0x18, 0xC3, 0x18, 0xC3, 0x18, 0xC3, 0x18, 0xC3, 0x18, 0xC3, 0x18, 0xC3, 0x18, 0xC3, 0x18, 0xC3, 0x18, 0xC3, 0x18, 0xC3, 0x18, 0xA3, 0x31, 0x66, 0x52, 0xAA, 0x52, 0x8A, 0x21, 0x04, 0x10, 0xA2,
  0x18, 0xC3, 0x18, 0xC3, 0x18, 0xA3, 0x18, 0xC3, 0x18, 0xC3, 0x18, 0xC3, 0x18, 0xC3, 0x18, 0xC3, 0x18, 0xC3, 0x18, 0xA3, 0x18, 0xA3, 0x18, 0xC3, 0x18, 0xC3, 0x18, 0xA3, 0x18, 0xA3, 0x18, 0xA3,
  0x18, 0xA3, 0x18, 0xA3, 0x10, 0x82, 0x10, 0x62, 0x10, 0x62, 0x10, 0x82, 0x10, 0x82, 0x10, 0x82, 0x10, 0x82, 0x10, 0x62, 0x10, 0x62, 0x10, 0x82, 0x10, 0x82, 0x10, 0x62, 0x10, 0x61, 0x10, 0x61,
  0x18, 0x81, 0x20, 0xA1, 0x28, 0xA1, 0x30, 0xC1, 0x38, 0xA1, 0xDB, 0x64, 0x92, 0x22, 0x28, 0x40, 0x28, 0x80, 0x20, 0x60, 0x10, 0x40, 0x08, 0x20, 0x08, 0x20, 0x00, 0x00, 0x00, 0x00, 0x00, 0x00,
  0x00, 0x00, 0x00, 0x00, 0x00, 0x00, 0x08, 0x20, 0x10, 0x20, 0x18, 0x40, 0x20, 0x60, 0x28, 0x80, 0x28, 0x40, 0xBA, 0xE3, 0xBA, 0xC3, 0x28, 0x81, 0x30, 0xC1, 0x28, 0xA1, 0x20, 0x81, 0x18, 0x61,
  0x10, 0x61, 0x10, 0x61, 0x10, 0x61, 0x10, 0x82, 0x10, 0x62, 0x10, 0x62, 0x10, 0x62, 0x10, 0x62, 0x10, 0x62, 0x10, 0x62, 0x10, 0x82, 0x10, 0x82, 0x10, 0x62, 0x10, 0x82, 0x10, 0xA2, 0x10, 0xA2,
  0x10, 0xA2, 0x10, 0x82, 0x10, 0xA2, 0x10, 0xA2, 0x10, 0xA2, 0x10, 0xA2, 0x18, 0xA3, 0x18, 0xA3, 0x10, 0xA2, 0x10, 0xA2, 0x18, 0xA3, 0x18, 0xA3, 0x10, 0xA2, 0x10, 0xA2, 0x10, 0xA2, 0x10, 0xA2,
  0x10, 0x82, 0x21, 0x04, 0x29, 0x65, 0x29, 0x45, 0x18, 0xA3, 0x10, 0xA2, 0x18, 0xA3, 0x10, 0xA2, 0x18, 0xA3, 0x10, 0xA2, 0x10, 0xA2, 0x18, 0xA3, 0x10, 0xA2, 0x10, 0xA2, 0x10, 0xA2, 0x10, 0xA2,
  0x10, 0xA2, 0x10, 0x82, 0x10, 0xA2, 0x10, 0xA2, 0x18, 0xA3, 0x10, 0xA2, 0x10, 0xA2, 0x10, 0xA2, 0x18, 0xA2, 0x18, 0xA2, 0x20, 0xC2, 0x28, 0xC2, 0x30, 0xE3, 0x39, 0x02, 0x49, 0x22, 0x59, 0x62,
  0x69, 0xE3, 0xEF, 0x3B, 0xFF, 0xFF, 0xFF, 0xDE, 0xFF, 0xFF, 0x9C, 0x4F, 0x40, 0xC0, 0x49, 0x42, 0x41, 0x22, 0x38, 0xE2, 0xB2, 0x82, 0xFB, 0xA1, 0xF3, 0x60, 0xFB, 0xA1, 0xDB, 0x02, 0x48, 0xC0,
  0x83, 0x4A, 0xFF, 0xFF, 0xFF, 0xDF, 0xFF, 0xFF, 0xFF, 0xDF, 0xFF, 0xFF, 0x83, 0x4B, 0x40, 0x80, 0x49, 0x21, 0x40, 0xE1, 0x40, 0xE1, 0x38, 0xA1, 0xBA, 0xA2, 0xFB, 0x60, 0xFB, 0x40, 0xFB, 0x40,
  0xFB, 0x60, 0xD2, 0xE1, 0x38, 0xA1, 0x30, 0xA0, 0x30, 0xC1, 0x28, 0x60, 0x49, 0x85, 0xF7, 0x9D, 0xE6, 0xFB, 0x30, 0xA1, 0x38, 0xA0, 0x38, 0xC1, 0x28, 0x80, 0x61, 0x41, 0xEB, 0x42, 0xFB, 0x60,
  0xF3, 0x40, 0xFB, 0x40, 0xFB, 0x60, 0xEB, 0x41, 0x79, 0x81, 0x38, 0x80, 0x38, 0xC1, 0x30, 0xC1, 0x28, 0xA1, 0x28, 0xA1, 0x20, 0x81, 0x20, 0x81, 0x20, 0x81, 0x20, 0x81, 0x20, 0xA1, 0x28, 0xC1,
  0x30, 0xC2, 0x38, 0xC1, 0x49, 0x63, 0xB5, 0x12, 0xB5, 0x74, 0xB5, 0x53, 0xB5, 0x74, 0x8B, 0xEE, 0x40, 0xE1, 0x49, 0x22, 0x41, 0x02, 0x39, 0x02, 0x30, 0xE3, 0x28, 0xE3, 0x20, 0xE3, 0x20, 0xC3,
  0x18, 0xC3, 0x18, 0xE3, 0x18, 0xC3, 0x18, 0xC3, 0x18, 0xC3, 0x18, 0xC3, 0x18, 0xC3, 0x18, 0xC3, 0x18, 0xC3, 0x18, 0xC3, 0x18, 0xC3, 0x18, 0xC3, 0x18, 0xC3, 0x18, 0xC3, 0x18, 0xA3, 0x18, 0xC3,
  0x18, 0xC3, 0x18, 0xC3, 0x18, 0xC3, 0x18, 0xC3, 0x18, 0xC3, 0x18, 0xC3, 0x18, 0xC3, 0x18, 0xC3, 0x18, 0xA3, 0x18, 0xC3, 0x18, 0xC3, 0x20, 0xE4, 0x4A, 0x69, 0x52, 0xAA, 0x31, 0x86, 0x10, 0x82,
  0x18, 0xA3, 0x18, 0xC3, 0x18, 0xC3, 0x18, 0xC3, 0x18, 0xC3, 0x18, 0xA3, 0x18, 0xC3, 0x18, 0xA3, 0x18, 0xA3, 0x18, 0xA3, 0x10, 0xA2, 0x18, 0xA3, 0x18, 0xA3, 0x18, 0xA3, 0x10, 0xA2, 0x18, 0xA3,
  0x10, 0xA2, 0x18, 0xA3, 0x10, 0x82, 0x10, 0x62, 0x10, 0x62, 0x10, 0x62, 0x10, 0x82, 0x10, 0x82, 0x10, 0x62, 0x10, 0x62, 0x10, 0x62, 0x10, 0x82, 0x10, 0x82, 0x10, 0x62, 0x10, 0x61, 0x10, 0x61,
  0x18, 0x81, 0x20, 0x81, 0x20, 0xA1, 0x30, 0xC1, 0x28, 0x81, 0xB2, 0xC3, 0xBA, 0xE3, 0x28, 0x40, 0x28, 0x80, 0x20, 0x60, 0x10, 0x40, 0x10, 0x20, 0x08, 0x20, 0x00, 0x00, 0x00, 0x00, 0x00, 0x00,
  0x00, 0x00, 0x00, 0x00, 0x00, 0x00, 0x08, 0x20, 0x10, 0x20, 0x18, 0x40, 0x20, 0x60, 0x28, 0x80, 0x30, 0x80, 0xDB, 0x64, 0x92, 0x22, 0x28, 0x81, 0x30, 0xC1, 0x20, 0xA1, 0x18, 0x81, 0x18, 0x61,
  0x10, 0x61, 0x10, 0x62, 0x10, 0x62, 0x10, 0x62, 0x08, 0x61, 0x10, 0x62, 0x10, 0x62, 0x10, 0x62, 0x10, 0x62, 0x10, 0x62, 0x10, 0x82, 0x10, 0x82, 0x10, 0x62, 0x10, 0x82, 0x10, 0xA2, 0x10, 0xA2,
  0x10, 0xA2, 0x10, 0x82, 0x10, 0xA2, 0x10, 0x82, 0x10, 0xA2, 0x10, 0xA2, 0x10, 0xA2, 0x10, 0xA2, 0x10, 0xA2, 0x10, 0xA2, 0x10, 0xA2, 0x10, 0xA2, 0x10, 0xA2, 0x10, 0xA2, 0x10, 0x82, 0x10, 0x82,
  0x10, 0x82, 0x21, 0x24, 0x29, 0x65, 0x21, 0x24, 0x10, 0x82, 0x10, 0xA2, 0x10, 0xA2, 0x10, 0xA2, 0x10, 0xA2, 0x10, 0xA2, 0x10, 0xA2, 0x10, 0xA2, 0x10, 0x82, 0x10, 0xA2, 0x10, 0x82, 0x10, 0xA2,
  0x10, 0x82, 0x10, 0x82, 0x10, 0xA2, 0x10, 0xA2, 0x10, 0xA2, 0x10, 0x82, 0x10, 0x82, 0x10, 0xA2, 0x18, 0xA2, 0x18, 0xA2, 0x20, 0xA2, 0x20, 0xC2, 0x30, 0xE2, 0x39, 0x02, 0x49, 0x22, 0x59, 0x62,
  0x69, 0xE3, 0xEF, 0x3B, 0xFF, 0xFF, 0xFF, 0xDE, 0xFF, 0xFF, 0x9C, 0x4F, 0x40, 0xC0, 0x49, 0x22, 0x41, 0x02, 0x38, 0xE1, 0xB2, 0x81, 0xFB, 0xA1, 0xF3, 0x60, 0xFB, 0xC1, 0xCA, 0xA0, 0x72, 0x46,
  0xF7, 0x9D, 0xFF, 0xFF, 0xFF, 0xFF, 0xF7, 0xDE, 0xFF, 0xFF, 0xA4, 0x70, 0x38, 0x80, 0x49, 0x21, 0x40, 0xE1, 0x40, 0xE1, 0x38, 0xA1, 0xA2, 0x42, 0xFB, 0xA1, 0xF3, 0x40, 0xFB, 0x40, 0xFB, 0x40,
  0xEB, 0x42, 0x48, 0xE1, 0x20, 0x80, 0x30, 0xA1, 0x28, 0x80, 0x30, 0xA1, 0xD6, 0x79, 0xFF, 0xFF, 0xFF, 0xFF, 0x73, 0x2B, 0x20, 0x00, 0x38, 0xC1, 0x30, 0xC0, 0x28, 0x80, 0x59, 0x01, 0xE3, 0x22,
  0xFB, 0x60, 0xFB, 0x40, 0xFB, 0x60, 0xFB, 0x80, 0xFB, 0x81, 0x81, 0xC2, 0x30, 0x80, 0x38, 0xC1, 0x30, 0xA1, 0x28, 0x81, 0x20, 0x81, 0x20, 0x81, 0x20, 0x81, 0x20, 0x81, 0x20, 0x81, 0x20, 0xA1,
  0x28, 0xC2, 0x30, 0xC2, 0x39, 0x02, 0x30, 0xA0, 0x30, 0x80, 0x30, 0x80, 0x30, 0x80, 0x30, 0xA1, 0x39, 0x02, 0x39, 0x02, 0x31, 0x02, 0x30, 0xE2, 0x28, 0xC3, 0x20, 0xC3, 0x20, 0xC3, 0x18, 0xC3,
  0x18, 0xC3, 0x18, 0xC3, 0x18, 0xC3, 0x18, 0xC3, 0x18, 0xA3, 0x18, 0xA3, 0x18, 0xC3, 0x18, 0xC3, 0x18, 0xC3, 0x18, 0xA3, 0x18, 0xC3, 0x18, 0xA3, 0x18, 0xC3, 0x18, 0xC3, 0x18, 0xA3, 0x18, 0xA3,
  0x18, 0xA3, 0x18, 0xC3, 0x18, 0xA3, 0x18, 0xC3, 0x18, 0xC3, 0x18, 0xC3, 0x18, 0xA3, 0x18, 0xC3, 0x18, 0xA3, 0x18, 0xA3, 0x18, 0xA3, 0x10, 0x82, 0x42, 0x08, 0x52, 0xAA, 0x42, 0x08, 0x10, 0x82,
  0x18, 0xA3, 0x18, 0xA3, 0x18, 0xA3, 0x18, 0xA3, 0x18, 0xA3, 0x18, 0xA3, 0x18, 0xA3, 0x18, 0xA3, 0x10, 0xA2, 0x10, 0xA2, 0x10, 0xA2, 0x18, 0xA3, 0x18, 0xA3, 0x18, 0xA3, 0x10, 0x82, 0x10, 0xA2,
  0x10, 0xA2, 0x10, 0xA2, 0x10, 0x82, 0x10, 0x62, 0x10, 0x62, 0x10, 0x62, 0x10, 0x82, 0x10, 0x82, 0x10, 0x62, 0x10, 0x62, 0x10, 0x62, 0x10, 0x62, 0x10, 0x62, 0x10, 0x62, 0x10, 0x62, 0x10, 0x61,
  0x18, 0x81, 0x18, 0x81, 0x20, 0xA1, 0x30, 0xC1, 0x20, 0x81, 0x92, 0x22, 0xDB, 0x64, 0x30, 0x80, 0x28, 0x80, 0x20, 0x60, 0x18, 0x40, 0x10, 0x40, 0x08, 0x20, 0x00, 0x00, 0x00, 0x00, 0x00, 0x00,
  0x00, 0x00, 0x00, 0x00, 0x08, 0x00, 0x08, 0x20, 0x10, 0x40, 0x18, 0x40, 0x20, 0x60, 0x28, 0x80, 0x48, 0xC1, 0xEB, 0xA5, 0x69, 0x82, 0x28, 0xA1, 0x30, 0xC1, 0x20, 0x81, 0x18, 0x81, 0x10, 0x61,
  0x10, 0x61, 0x10, 0x62, 0x10, 0x62, 0x10, 0x62, 0x10, 0x62, 0x10, 0x62, 0x10, 0x62, 0x10, 0x62, 0x10, 0x62, 0x10, 0x62, 0x10, 0x82, 0x10, 0x62, 0x10, 0x62, 0x10, 0x82, 0x10, 0xA2, 0x10, 0xA2,
  0x10, 0x82, 0x10, 0x82, 0x10, 0xA2, 0x10, 0x82, 0x10, 0xA2, 0x10, 0xA2, 0x10, 0xA2, 0x10, 0xA2, 0x10, 0xA2, 0x10, 0xA2, 0x10, 0xA2, 0x10, 0xA2, 0x10, 0x82, 0x10, 0x82, 0x10, 0x82, 0x10, 0x82,
  0x10, 0xA2, 0x29, 0x45, 0x29, 0x65, 0x18, 0xE3, 0x10, 0x82, 0x10, 0xA2, 0x10, 0x82, 0x10, 0x82, 0x10, 0x82, 0x10, 0xA2, 0x10, 0xA2, 0x10, 0x82, 0x10, 0x82, 0x10, 0x82, 0x10, 0x82, 0x10, 0x82,
  0x10, 0x82, 0x10, 0x82, 0x10, 0x82, 0x10, 0x82, 0x10, 0x82, 0x10, 0x82, 0x10, 0x82, 0x10, 0xA2, 0x18, 0xA2, 0x18, 0xA2, 0x18, 0xA2, 0x20, 0xC2, 0x30, 0xE2, 0x39, 0x02, 0x49, 0x22, 0x59, 0x62,
  0x69, 0xC3, 0xEF, 0x3B, 0xFF, 0xFF, 0xFF, 0xDE, 0xFF, 0xFF, 0x9C, 0x4F, 0x40, 0xC0, 0x49, 0x22, 0x41, 0x02, 0x38, 0xE1, 0xB2, 0x81, 0xFB, 0x80, 0xFB, 0x60, 0xFB, 0x81, 0xD3, 0x64, 0xE6, 0xDA,
  0xFF, 0xFF, 0xFF, 0xDF, 0xFF, 0xDE, 0xFF, 0xFF, 0xC5, 0xB5, 0x38, 0xA0, 0x41, 0x01, 0x40, 0xE1, 0x40, 0xE1, 0x30, 0xA1, 0x89, 0xC1, 0xFB, 0xA2, 0xFB, 0x60, 0xFB, 0x60, 0xFB, 0x60, 0xFB, 0x82,
  0x71, 0x61, 0x20, 0x60, 0x30, 0xA0, 0x28, 0x80, 0x20, 0x40, 0xAD, 0x13, 0xFF, 0xFF, 0xF7, 0xDE, 0xFF, 0xFF, 0xE7, 0x3C, 0x41, 0x23, 0x28, 0x60, 0x38, 0xC1, 0x30, 0xA1, 0x20, 0x60, 0x48, 0xC1,
  0xD3, 0x02, 0xFB, 0x80, 0xFB, 0x40, 0xFB, 0x60, 0xFB, 0x60, 0xFB, 0xA1, 0x92, 0x02, 0x30, 0x80, 0x30, 0xC0, 0x28, 0xA1, 0x28, 0xA1, 0x20, 0x81, 0x20, 0x81, 0x20, 0x81, 0x20, 0x81, 0x20, 0xA1,
  0x20, 0xA2, 0x28, 0xC2, 0x30, 0xC2, 0x38, 0xE2, 0x39, 0x02, 0x39, 0x02, 0x39, 0x02, 0x39, 0x02, 0x30, 0xE2, 0x28, 0xE2, 0x28, 0xE2, 0x28, 0xC2, 0x20, 0xC3, 0x20, 0xC3, 0x18, 0xC3, 0x18, 0xC3,
  0x18, 0xC3, 0x18, 0xA2, 0x18, 0xC3, 0x18, 0xC3, 0x18, 0xA3, 0x18, 0xA3, 0x18, 0xC3, 0x18, 0xC3, 0x18, 0xC3, 0x18, 0xA3, 0x18, 0xA3, 0x18, 0xA3, 0x18, 0xA3, 0x18, 0xC3, 0x18, 0xA3, 0x18, 0xA3,
  0x18, 0xA3, 0x18, 0xA3, 0x18, 0xA3, 0x18, 0xA3, 0x18, 0xC3, 0x18, 0xA3, 0x18, 0xA3, 0x18, 0xA3, 0x18, 0xA3, 0x18, 0xA3, 0x18, 0xA3, 0x10, 0x82, 0x31, 0x66, 0x52, 0xAA, 0x4A, 0x69, 0x18, 0xC3,
  0x10, 0xA2, 0x18, 0xA3, 0x18, 0xA3, 0x10, 0xA2, 0x18, 0xA3, 0x10, 0xA2, 0x10, 0xA2, 0x10, 0xA2, 0x10, 0xA2, 0x10, 0x82, 0x10, 0x82, 0x10, 0xA2, 0x10, 0xA2, 0x10, 0xA2, 0x10, 0x82, 0x10, 0xA2,
  0x10, 0xA2, 0x10, 0x82, 0x10, 0x82, 0x10, 0x62, 0x10, 0x62, 0x10, 0x62, 0x10, 0x62, 0x10, 0x62, 0x10, 0x62, 0x10, 0x62, 0x10, 0x62, 0x10, 0x62, 0x10, 0x82, 0x10, 0x62, 0x10, 0x62, 0x10, 0x61,
  0x10, 0x61, 0x18, 0x81, 0x20, 0xA1, 0x28, 0xC1, 0x28, 0xA1, 0x69, 0x82, 0xF3, 0xA4, 0x48, 0xE0, 0x28, 0x80, 0x20, 0x60, 0x18, 0x40, 0x10, 0x40, 0x08, 0x20, 0x00, 0x00, 0x00, 0x00, 0x00, 0x00,
  0x00, 0x00, 0x00, 0x00, 0x08, 0x00, 0x08, 0x20, 0x10, 0x40, 0x18, 0x40, 0x20, 0x80, 0x28, 0x60, 0x61, 0x41, 0xEB, 0xC5, 0x51, 0x21, 0x30, 0xA1, 0x28, 0xC1, 0x20, 0x81, 0x18, 0x81, 0x10, 0x61,
  0x10, 0x61, 0x10, 0x62, 0x10, 0x62, 0x10, 0x62, 0x10, 0x62, 0x10, 0x62, 0x10, 0x62, 0x10, 0x62, 0x10, 0x62, 0x10, 0x62, 0x10, 0x82, 0x10, 0x62, 0x10, 0x62, 0x10, 0x82, 0x10, 0x82, 0x10, 0x82,
  0x10, 0x82, 0x10, 0x82, 0x10, 0x82, 0x10, 0x82, 0x10, 0xA2, 0x10, 0xA2, 0x10, 0xA2, 0x10, 0x82, 0x10, 0x82, 0x10, 0x82, 0x10, 0xA2, 0x10, 0x82, 0x10, 0x82, 0x10, 0x82, 0x10, 0x82, 0x10, 0x82,
  0x18, 0xC3, 0x29, 0x45, 0x29, 0x45, 0x18, 0xA3, 0x10, 0x82, 0x10, 0x82, 0x10, 0x82, 0x10, 0x82, 0x10, 0x82, 0x10, 0xA2, 0x10, 0xA2, 0x10, 0x82, 0x10, 0x82, 0x10, 0x82, 0x10, 0x82, 0x10, 0x82,
  0x10, 0x82, 0x10, 0x82, 0x10, 0x82, 0x10, 0x82, 0x10, 0x82, 0x10, 0x82, 0x10, 0x82, 0x10, 0x82, 0x10, 0xA2, 0x18, 0xA2, 0x20, 0xA2, 0x20, 0xC2, 0x28, 0xE2, 0x39, 0x02, 0x49, 0x22, 0x59, 0x62,
  0x69, 0xC3, 0xEF, 0x3B, 0xFF, 0xFF, 0xFF, 0xDE, 0xFF, 0xFF, 0x9C, 0x4F, 0x38, 0xA0, 0x49, 0x22, 0x41, 0x02, 0x30, 0xC2, 0xB2, 0x61, 0xFB, 0x80, 0xFB, 0x61, 0xFB, 0x20, 0xF4, 0xEB, 0xFF, 0xFF,
  0xFF, 0xFF, 0xFF, 0xFE, 0xFF, 0xFF, 0xDE, 0xBA, 0x41, 0x22, 0x40, 0xC1, 0x40, 0xE1, 0x38, 0xC1, 0x30, 0xA1, 0x69, 0x81, 0xF3, 0x62, 0xFB, 0x60, 0xFB, 0x40, 0xFB, 0x40, 0xFB, 0xA1, 0x99, 0xE2,
  0x28, 0x60, 0x30, 0xA0, 0x30, 0xA1, 0x20, 0x20, 0x6A, 0xA9, 0xFF, 0xFF, 0xF7, 0xBE, 0xFF, 0xFF, 0xFF, 0xFF, 0xFF, 0xFF, 0xD6, 0x58, 0x30, 0xC2, 0x28, 0x60, 0x30, 0xA1, 0x30, 0xA1, 0x28, 0x60,
  0x40, 0xC1, 0xD2, 0xE2, 0xFB, 0xA1, 0xFB, 0x60, 0xFB, 0x61, 0xFB, 0x60, 0xFB, 0x81, 0xA2, 0x22, 0x30, 0x80, 0x30, 0xC0, 0x30, 0xA1, 0x28, 0xA1, 0x20, 0x81, 0x20, 0x81, 0x20, 0x81, 0x20, 0x81,
  0x20, 0xA1, 0x20, 0xA2, 0x28, 0xC2, 0x28, 0xC2, 0x28, 0xE2, 0x28, 0xE2, 0x28, 0xC2, 0x28, 0xC2, 0x28, 0xC2, 0x28, 0xC2, 0x20, 0xC2, 0x20, 0xC2, 0x20, 0xC2, 0x18, 0xC2, 0x18, 0xC3, 0x18, 0xC3,
  0x18, 0xC3, 0x18, 0xA3, 0x18, 0xC3, 0x18, 0xC3, 0x18, 0xA3, 0x18, 0xA3, 0x18, 0xA3, 0x18, 0xC3, 0x18, 0xC3, 0x18, 0xC3, 0x18, 0xA3, 0x18, 0xA3, 0x18, 0xA3, 0x18, 0xC3, 0x18, 0xA3, 0x10, 0xA2,
  0x18, 0xA3, 0x10, 0xA2, 0x18, 0xA3, 0x18, 0xA3, 0x18, 0xA3, 0x18, 0xA3, 0x18, 0xA3, 0x18, 0xA3, 0x18, 0xA3, 0x10, 0xA2, 0x10, 0xA2, 0x10, 0x82, 0x21, 0x04, 0x52, 0x8A, 0x52, 0xAA, 0x29, 0x45,
  0x10, 0x82, 0x18, 0xA3, 0x18, 0xA3, 0x10, 0xA2, 0x10, 0xA2, 0x10, 0xA2, 0x10, 0xA2, 0x10, 0xA2, 0x10, 0x82, 0x10, 0x82, 0x10, 0x82, 0x10, 0x82, 0x10, 0xA2, 0x10, 0xA2, 0x10, 0x82, 0x10, 0x82,
  0x10, 0xA2, 0x10, 0x82, 0x10, 0x62, 0x10, 0x62, 0x10, 0x62, 0x10, 0x62, 0x10, 0x62, 0x10, 0x62, 0x10, 0x62, 0x10, 0x62, 0x10, 0x62, 0x10, 0x62, 0x10, 0x62, 0x10, 0x62, 0x10, 0x62, 0x10, 0x61,
  0x10, 0x61, 0x18, 0x81, 0x20, 0xA1, 0x28, 0xA1, 0x28, 0xA1, 0x49, 0x01, 0xEB, 0xC5, 0x61, 0x41, 0x20, 0x60, 0x28, 0x80, 0x18, 0x60, 0x10, 0x40, 0x08, 0x20, 0x08, 0x00, 0x00, 0x00, 0x00, 0x00,
  0x00, 0x00, 0x00, 0x00, 0x08, 0x00, 0x08, 0x20, 0x10, 0x40, 0x18, 0x60, 0x28, 0x80, 0x20, 0x40, 0x81, 0xC2, 0xE3, 0x84, 0x40, 0xC1, 0x30, 0xC1, 0x28, 0xA1, 0x20, 0x81, 0x18, 0x81, 0x10, 0x61,
  0x10, 0x61, 0x10, 0x62, 0x10, 0x62, 0x10, 0x62, 0x10, 0x62, 0x10, 0x62, 0x10, 0x62, 0x10, 0x62, 0x10, 0x62, 0x10, 0x62, 0x10, 0x82, 0x10, 0x62, 0x10, 0x62, 0x10, 0x82, 0x10, 0x82, 0x10, 0x82,
  0x10, 0x82, 0x10, 0x82, 0x10, 0x82, 0x10, 0x82, 0x10, 0x82, 0x10, 0xA2, 0x10, 0x82, 0x10, 0x82, 0x10, 0x82, 0x10, 0x82, 0x10, 0x82, 0x10, 0x82, 0x10, 0x82, 0x10, 0x82, 0x10, 0x82, 0x10, 0x82,
  0x20, 0xE4, 0x29, 0x65, 0x29, 0x45, 0x10, 0x82, 0x10, 0x82, 0x10, 0x82, 0x10, 0x82, 0x10, 0x82, 0x10, 0x82, 0x10, 0x82, 0x10, 0x82, 0x10, 0x82, 0x10, 0x82, 0x10, 0x82, 0x10, 0x82, 0x10, 0x82,
  0x10, 0x82, 0x10, 0x82, 0x10, 0x82, 0x10, 0x82, 0x10, 0x82, 0x10, 0x82, 0x10, 0x82, 0x10, 0x82, 0x10, 0x82, 0x18, 0x82, 0x20, 0xA2, 0x20, 0xC2, 0x28, 0xC2, 0x38, 0xE2, 0x49, 0x22, 0x59, 0x42,
  0x69, 0xC3, 0xEF, 0x3B, 0xFF, 0xFF, 0xFF, 0xDE, 0xFF, 0xFF, 0x9C, 0x4F, 0x38, 0xA0, 0x49, 0x22, 0x39, 0x02, 0x30, 0xC1, 0xB2, 0x61, 0xFB, 0x80, 0xFB, 0x61, 0xFB, 0x20, 0xF4, 0xCA, 0xFF, 0xFF,
  0xFF, 0xDF, 0xFF, 0xFF, 0xF7, 0x9D, 0x5A, 0x06, 0x38, 0x80, 0x40, 0xE1, 0x38, 0xC0, 0x38, 0xC0, 0x30, 0xA0, 0x92, 0x02, 0xFB, 0xA1, 0xFB, 0x40, 0xFB, 0x40, 0xFB, 0x40, 0xFB, 0x80, 0xBA, 0xA2,
  0x38, 0xA0, 0x28, 0x81, 0x30, 0xA0, 0x30, 0xA0, 0x30, 0xA1, 0x9C, 0x91, 0xFF, 0xFF, 0xFF, 0xDF, 0xFF, 0xFF, 0xFF, 0xDF, 0xFF, 0xFF, 0xCE, 0x38, 0x30, 0xE2, 0x20, 0x40, 0x30, 0xA1, 0x30, 0xA0,
  0x28, 0x80, 0x38, 0xA0, 0xBA, 0xA2, 0xFB, 0xA1, 0xFB, 0x60, 0xFB, 0x61, 0xFB, 0x40, 0xFB, 0xA1, 0xB2, 0x62, 0x38, 0xA0, 0x30, 0xA0, 0x30, 0xC1, 0x28, 0xA1, 0x28, 0xA1, 0x20, 0xA1, 0x20, 0xA1,
  0x20, 0xA1, 0x20, 0xA2, 0x20, 0xA2, 0x20, 0xA2, 0x28, 0xC2, 0x28, 0xC2, 0x20, 0xA2, 0x20, 0xA2, 0x20, 0xA2, 0x20, 0xC2, 0x20, 0xA2, 0x20, 0xA2, 0x18, 0xC2, 0x18, 0xC2, 0x18, 0xC3, 0x18, 0xC3,
  0x18, 0xC3, 0x18, 0xA3, 0x18, 0xA3, 0x18, 0xC3, 0x18, 0xA3, 0x10, 0xA2, 0x10, 0xA2, 0x18, 0xA3, 0x18, 0xA3, 0x18, 0xA3, 0x18, 0xA3, 0x18, 0xA3, 0x10, 0xA2, 0x18, 0xA3, 0x18, 0xA3, 0x10, 0xA2,
  0x10, 0xA2, 0x10, 0xA2, 0x18, 0xA3, 0x10, 0xA2, 0x18, 0xA3, 0x18, 0xA3, 0x18, 0xA3, 0x10, 0xA2, 0x18, 0xA3, 0x10, 0xA2, 0x10, 0xA2, 0x10, 0x82, 0x10, 0xA2, 0x4A, 0x49, 0x5A, 0xCB, 0x39, 0xA7,
  0x10, 0x62, 0x10, 0xA2, 0x10, 0xA2, 0x10, 0xA2, 0x10, 0xA2, 0x10, 0xA2, 0x10, 0xA2, 0x10, 0xA2, 0x10, 0x82, 0x10, 0x82, 0x10, 0x82, 0x10, 0x82, 0x10, 0x82, 0x10, 0xA2, 0x10, 0x82, 0x10, 0x82,
  0x10, 0x82, 0x10, 0x82, 0x10, 0x62, 0x10, 0x62, 0x10, 0x62, 0x10, 0x62, 0x10, 0x62, 0x10, 0x62, 0x10, 0x62, 0x10, 0x62, 0x10, 0x62, 0x10, 0x62, 0x10, 0x82, 0x10, 0x62, 0x10, 0x61, 0x10, 0x61,
  0x10, 0x61, 0x18, 0x81, 0x20, 0x81, 0x28, 0xA1, 0x28, 0xC1, 0x38, 0xA1, 0xE3, 0x84, 0x81, 0xE2, 0x20, 0x60, 0x28, 0x80, 0x18, 0x60, 0x10, 0x40, 0x08, 0x20, 0x08, 0x00, 0x00, 0x00, 0x00, 0x00,
  0x00, 0x00, 0x00, 0x00, 0x08, 0x00, 0x10, 0x20, 0x18, 0x40, 0x20, 0x60, 0x28, 0x80, 0x20, 0x40, 0xA2, 0x63, 0xD3, 0x24, 0x30, 0xA0, 0x30, 0xC1, 0x28, 0xA1, 0x20, 0x81, 0x18, 0x81, 0x10, 0x61,
  0x10, 0x61, 0x10, 0x62, 0x10, 0x62, 0x10, 0x62, 0x10, 0x62, 0x10, 0x62, 0x10, 0x62, 0x10, 0x62, 0x10, 0x62, 0x10, 0x62, 0x10, 0x62, 0x10, 0x62, 0x10, 0x62, 0x10, 0x82, 0x10, 0x62, 0x10, 0x82,
  0x10, 0x82, 0x10, 0x82, 0x10, 0x82, 0x10, 0x82, 0x10, 0x82, 0x10, 0xA2, 0x10, 0x82, 0x10, 0x82, 0x10, 0x82, 0x10, 0x82, 0x10, 0x82, 0x10, 0x82, 0x10, 0x82, 0x10, 0x82, 0x10, 0x82, 0x10, 0x82,
  0x21, 0x24, 0x29, 0x65, 0x21, 0x04, 0x10, 0x62, 0x10, 0x82, 0x10, 0x82, 0x10, 0x82, 0x10, 0x82, 0x10, 0x82, 0x10, 0x82, 0x10, 0x82, 0x10, 0x82, 0x10, 0x82, 0x10, 0x82, 0x10, 0x82, 0x10, 0x82,
  0x10, 0x82, 0x10, 0x82, 0x10, 0x82, 0x10, 0x82, 0x10, 0x82, 0x10, 0x82, 0x10, 0x82, 0x10, 0x82, 0x10, 0x82, 0x18, 0x82, 0x18, 0xA2, 0x20, 0xC2, 0x28, 0xC2, 0x38, 0xE2, 0x49, 0x22, 0x59, 0x41,
  0x69, 0xC3, 0xEF, 0x3B, 0xFF, 0xFF, 0xFF, 0xDE, 0xFF, 0xFF, 0x9C, 0x4F, 0x38, 0xA0, 0x49, 0x22, 0x39, 0x02, 0x30, 0xA1, 0xAA, 0x61, 0xFB, 0x80, 0xFB, 0x61, 0xFB, 0x20, 0xF4, 0xCA, 0xFF, 0xFF,
  0xFF, 0xDE, 0xFF, 0xFF, 0x83, 0x4B, 0x30, 0x60, 0x40, 0xE1, 0x38, 0xC1, 0x38, 0xC1, 0x38, 0xC1, 0x38, 0xC1, 0x30, 0x80, 0x89, 0xE2, 0xFB, 0x81, 0xFB, 0x60, 0xFB, 0x60, 0xFB, 0x60, 0xFB, 0xA0,
  0xC2, 0xA2, 0x38, 0xA0, 0x30, 0xA0, 0x38, 0xC1, 0x30, 0x80, 0x18, 0x00, 0x8B, 0xEF, 0xFF, 0xFF, 0xFF, 0xFF, 0xFF, 0xFF, 0xFF, 0xDF, 0xFF, 0xFF, 0xD6, 0x99, 0x39, 0x44, 0x28, 0x40, 0x30, 0xC1,
  0x30, 0xA0, 0x28, 0x81, 0x30, 0x80, 0xAA, 0x62, 0xFB, 0x81, 0xFB, 0x40, 0xFB, 0x40, 0xFB, 0x40, 0xFB, 0x81, 0xC2, 0xA2, 0x40, 0xC1, 0x30, 0xA1, 0x38, 0xC1, 0x30, 0xC1, 0x28, 0xC1, 0x20, 0xA1,
  0x20, 0xA2, 0x20, 0xA2, 0x20, 0xA2, 0x20, 0xA2, 0x20, 0xA2, 0x20, 0xA2, 0x20, 0xA2, 0x20, 0xA2, 0x18, 0xA2, 0x18, 0xA2, 0x18, 0xA2, 0x18, 0xA2, 0x18, 0xC2, 0x18, 0xC2, 0x18, 0xC3, 0x18, 0xA2,
  0x18, 0xA3, 0x18, 0xC3, 0x18, 0xA3, 0x18, 0xC3, 0x18, 0xA3, 0x10, 0xA2, 0x10, 0xA2, 0x18, 0xA3, 0x18, 0xA3, 0x18, 0xA3, 0x18, 0xA3, 0x10, 0xA2, 0x10, 0xA2, 0x10, 0xA2, 0x10, 0xA3, 0x10, 0xA2,
  0x10, 0xA2, 0x10, 0xA2, 0x10, 0xA2, 0x10, 0xA2, 0x10, 0xA2, 0x10, 0xA2, 0x10, 0xA2, 0x10, 0xA2, 0x10, 0xA2, 0x10, 0xA2, 0x10, 0x82, 0x10, 0x82, 0x10, 0x82, 0x41, 0xE8, 0x5A, 0xCB, 0x42, 0x28,
  0x10, 0x82, 0x10, 0x82, 0x10, 0xA2, 0x10, 0xA2, 0x10, 0x82, 0x10, 0x82, 0x10, 0x82, 0x10, 0x82, 0x10, 0x82, 0x10, 0x82, 0x10, 0x82, 0x10, 0x82, 0x10, 0x82, 0x10, 0x82, 0x10, 0x82, 0x10, 0x82,
  0x10, 0x82, 0x10, 0x62, 0x10, 0x62, 0x10, 0x62, 0x10, 0x62, 0x10, 0x62, 0x10, 0x62, 0x10, 0x62, 0x10, 0x62, 0x10, 0x62, 0x08, 0x61, 0x08, 0x61, 0x10, 0x62, 0x10, 0x62, 0x10, 0x61, 0x10, 0x61,
  0x10, 0x61, 0x18, 0x81, 0x20, 0x81, 0x28, 0xA1, 0x30, 0xC1, 0x28, 0x81, 0xCB, 0x24, 0xA2, 0x62, 0x20, 0x40, 0x28, 0x80, 0x20, 0x60, 0x10, 0x40, 0x10, 0x20, 0x08, 0x20, 0x00, 0x00, 0x00, 0x00,
  0x00, 0x00, 0x08, 0x00, 0x08, 0x20, 0x10, 0x20, 0x18, 0x40, 0x20, 0x60, 0x28, 0x80, 0x28, 0x40, 0xBA, 0xE3, 0xB2, 0xC3, 0x28, 0x81, 0x30, 0xC1, 0x28, 0xA1, 0x18, 0x81, 0x10, 0x61, 0x10, 0x61,
  0x10, 0x62, 0x10, 0x62, 0x10, 0x62, 0x10, 0x62, 0x10, 0x62, 0x10, 0x62, 0x10, 0x62, 0x10, 0x62, 0x10, 0x62, 0x10, 0x62, 0x10, 0x62, 0x10, 0x62, 0x10, 0x62, 0x10, 0x82, 0x10, 0x62, 0x10, 0x82,
  0x10, 0x82, 0x10, 0x82, 0x10, 0x82, 0x10, 0x82, 0x10, 0x82, 0x10, 0x82, 0x10, 0x82, 0x10, 0x82, 0x10, 0x82, 0x10, 0x82, 0x10, 0x82, 0x10, 0x82, 0x10, 0x82, 0x10, 0x82, 0x10, 0x82, 0x10, 0x82,
  0x29, 0x45, 0x29, 0x65, 0x18, 0xE3, 0x10, 0x62, 0x10, 0x82, 0x10, 0x82, 0x10, 0x82, 0x10, 0x82, 0x10, 0x82, 0x10, 0x82, 0x10, 0x82, 0x10, 0x82, 0x10, 0x82, 0x10, 0x82, 0x10, 0x82, 0x10, 0x82,
  0x10, 0x82, 0x10, 0x82, 0x10, 0x82, 0x10, 0x82, 0x10, 0x82, 0x10, 0x82, 0x10, 0x82, 0x10, 0x82, 0x10, 0x82, 0x18, 0x82, 0x18, 0xA2, 0x20, 0xA2, 0x28, 0xC2, 0x38, 0xE2, 0x49, 0x22, 0x59, 0x41,
  0x69, 0xC3, 0xEF, 0x3B, 0xFF, 0xFF, 0xFF, 0xDE, 0xFF, 0xFF, 0x9C, 0x2F, 0x38, 0x80, 0x41, 0x22, 0x38, 0xE1, 0x30, 0xA1, 0xAA, 0x61, 0xFB, 0x80, 0xFB, 0x61, 0xFB, 0x20, 0xF4, 0xA9, 0xFF, 0xFF,
  0xFF, 0xFF, 0xA4, 0x90, 0x30, 0x60, 0x40, 0xE1, 0x38, 0xC1, 0x38, 0xC1, 0x30, 0x60, 0x30, 0xA0, 0x38, 0xC0, 0x30, 0xC1, 0x28, 0x60, 0x89, 0xE1, 0xFB, 0xA2, 0xFB, 0x60, 0xFB, 0x40, 0xF3, 0x40,
  0xFB, 0x81, 0xCA, 0xE2, 0x48, 0xC0, 0x28, 0x80, 0x30, 0xA0, 0x30, 0xA1, 0x20, 0x20, 0x83, 0x8D, 0xFF, 0xFF, 0xFF, 0xFF, 0xFF, 0xFF, 0xFF, 0xDE, 0xFF, 0xFF, 0xDE, 0xFB, 0x49, 0xC5, 0x28, 0x40,
  0x30, 0xC1, 0x30, 0xA1, 0x28, 0x80, 0x28, 0x60, 0x9A, 0x22, 0xFB, 0x81, 0xFB, 0x40, 0xFB, 0x41, 0xFB, 0x40, 0xFB, 0x81, 0xD2, 0xE2, 0x59, 0x01, 0x30, 0xC1, 0x38, 0xE1, 0x30, 0xC1, 0x28, 0xC1,
  0x28, 0xC2, 0x20, 0xA2, 0x20, 0xA2, 0x20, 0xA2, 0x18, 0xA2, 0x18, 0xA2, 0x18, 0xA2, 0x18, 0xA2, 0x18, 0x82, 0x18, 0x82, 0x18, 0xA2, 0x18, 0xA2, 0x18, 0xA2, 0x18, 0xA2, 0x18, 0xA2, 0x18, 0xA3,
  0x10, 0xA2, 0x18, 0xC3, 0x18, 0xA3, 0x18, 0xA3, 0x18, 0xA3, 0x10, 0xA2, 0x10, 0xA2, 0x10, 0xA2, 0x18, 0xA3, 0x18, 0xA3, 0x10, 0xA2, 0x10, 0xA2, 0x10, 0xA2, 0x10, 0xA2, 0x10, 0xA2, 0x10, 0xA2,
  0x10, 0x82, 0x10, 0x82, 0x10, 0x82, 0x10, 0xA2, 0x10, 0xA2, 0x10, 0xA2, 0x10, 0xA2, 0x10, 0x82, 0x10, 0xA2, 0x10, 0xA2, 0x10, 0x82, 0x10, 0xA2, 0x10, 0x62, 0x31, 0x86, 0x5A, 0xCB, 0x4A, 0x69,
  0x18, 0xA3, 0x10, 0x82, 0x10, 0x82, 0x10, 0x82, 0x10, 0x82, 0x10, 0x82, 0x10, 0x82, 0x10, 0x82, 0x10, 0x82, 0x10, 0x82, 0x10, 0x82, 0x10, 0x82, 0x10, 0x82, 0x10, 0x82, 0x10, 0x82, 0x10, 0x82,
  0x10, 0x82, 0x10, 0x62, 0x10, 0x62, 0x10, 0x62, 0x08, 0x61, 0x10, 0x62, 0x08, 0x61, 0x10, 0x62, 0x10, 0x62, 0x10, 0x62, 0x08, 0x61, 0x10, 0x62, 0x10, 0x62, 0x10, 0x62, 0x10, 0x61, 0x10, 0x61,
  0x10, 0x61, 0x10, 0x61, 0x18, 0x81, 0x20, 0xA1, 0x30, 0xC1, 0x20, 0x80, 0xB2, 0xA3, 0xC2, 0xE3, 0x28, 0x40, 0x28, 0x80, 0x20, 0x60, 0x18, 0x40, 0x10, 0x40, 0x08, 0x20, 0x00, 0x00, 0x00, 0x00,
  0x00, 0x00, 0x00, 0x00, 0x08, 0x20, 0x10, 0x20, 0x18, 0x40, 0x20, 0x60, 0x28, 0x80, 0x28, 0x60, 0xDB, 0x44, 0x9A, 0x42, 0x28, 0x80, 0x30, 0xC1, 0x28, 0xA1, 0x18, 0x81, 0x18, 0x61, 0x10, 0x61,
  0x10, 0x62, 0x10, 0x62, 0x10, 0x61, 0x08, 0x61, 0x10, 0x62, 0x10, 0x62, 0x10, 0x62, 0x10, 0x62, 0x10, 0x62, 0x10, 0x62, 0x10, 0x62, 0x10, 0x62, 0x10, 0x62, 0x10, 0x62, 0x10, 0x62, 0x10, 0x62,
  0x10, 0x82, 0x10, 0x82, 0x10, 0x82, 0x10, 0x82, 0x10, 0x82, 0x10, 0x82, 0x10, 0x82, 0x10, 0x82, 0x10, 0x82, 0x10, 0x82, 0x10, 0x82, 0x10, 0x82, 0x10, 0x82, 0x10, 0x82, 0x10, 0x82, 0x18, 0xA3,
  0x29, 0x45, 0x29, 0x45, 0x18, 0xA3, 0x10, 0x62, 0x10, 0x82, 0x10, 0x82, 0x10, 0x82, 0x10, 0x82, 0x10, 0x82, 0x10, 0x82, 0x10, 0x82, 0x10, 0x82, 0x10, 0x82, 0x10, 0x82, 0x10, 0x82, 0x10, 0x82,
  0x10, 0x82, 0x10, 0x82, 0x10, 0x82, 0x10, 0x62, 0x10, 0x61, 0x10, 0x82, 0x10, 0x82, 0x10, 0x82, 0x10, 0x81, 0x10, 0x82, 0x18, 0x82, 0x20, 0xA2, 0x28, 0xC2, 0x38, 0xE2, 0x49, 0x02, 0x59, 0x41,
  0x69, 0xC3, 0xEF, 0x3B, 0xFF, 0xFF, 0xFF, 0xDE, 0xFF, 0xFF, 0x9C, 0x4F, 0x38, 0x80, 0x41, 0x02, 0x38, 0xE1, 0x30, 0xA1, 0xB2, 0x61, 0xFB, 0x80, 0xFB, 0x60, 0xFB, 0x20, 0xEC, 0x89, 0xFF, 0xFF,
  0xC5, 0xB5, 0x38, 0xA0, 0x40, 0xE1, 0x38, 0xC1, 0x38, 0xE1, 0x28, 0x60, 0x51, 0xE6, 0x38, 0xE2, 0x30, 0x80, 0x38, 0xC1, 0x38, 0xC0, 0x30, 0x80, 0x89, 0xC2, 0xF3, 0xA2, 0xFB, 0x60, 0xFB, 0x40,
  0xFB, 0x40, 0xFB, 0x81, 0xD2, 0xE2, 0x40, 0xA1, 0x28, 0x80, 0x38, 0xC0, 0x38, 0xC1, 0x28, 0x20, 0x73, 0x0A, 0xF7, 0xDE, 0xFF, 0xFF, 0xFF, 0xDE, 0xFF, 0xDF, 0xFF, 0xFF, 0xEF, 0x5C, 0x5A, 0x27,
  0x20, 0x20, 0x30, 0xC1, 0x30, 0xA0, 0x28, 0xA1, 0x20, 0x40, 0x81, 0xC2, 0xFB, 0x81, 0xFB, 0x60, 0xFB, 0x40, 0xFB, 0x40, 0xFB, 0x80, 0xDB, 0x22, 0x61, 0x21, 0x38, 0xC1, 0x38, 0xE1, 0x30, 0xC2,
  0x30, 0xC1, 0x28, 0xC2, 0x20, 0xA2, 0x20, 0xA2, 0x18, 0xA2, 0x18, 0x82, 0x18, 0x82, 0x18, 0x82, 0x18, 0x82, 0x10, 0x82, 0x18, 0xA2, 0x10, 0xA2, 0x10, 0x82, 0x18, 0xA3, 0x10, 0xA2, 0x18, 0xA3,
  0x10, 0xA2, 0x18, 0xA3, 0x18, 0xA3, 0x10, 0xA2, 0x18, 0xA3, 0x10, 0xA2, 0x10, 0xA2, 0x10, 0x82, 0x10, 0xA2, 0x10, 0xA2, 0x10, 0xA2, 0x10, 0x82, 0x10, 0x82, 0x10, 0x82, 0x10, 0xA2, 0x10, 0x82,
  0x10, 0x82, 0x10, 0x82, 0x10, 0x82, 0x10, 0x82, 0x10, 0x82, 0x10, 0x82, 0x10, 0x82, 0x10, 0x82, 0x10, 0x82, 0x10, 0x82, 0x10, 0x82, 0x10, 0x82, 0x10, 0x62, 0x21, 0x24, 0x52, 0xAA, 0x52, 0xAA,
  0x21, 0x04, 0x10, 0x62, 0x10, 0x82, 0x10, 0x82, 0x10, 0x82, 0x10, 0x82, 0x10, 0x82, 0x10, 0x82, 0x10, 0x82, 0x10, 0x82, 0x10, 0x82, 0x10, 0x82, 0x10, 0x82, 0x10, 0x82, 0x10, 0x82, 0x10, 0x82,
  0x10, 0x62, 0x10, 0x62, 0x10, 0x62, 0x10, 0x62, 0x08, 0x61, 0x10, 0x62, 0x08, 0x61, 0x10, 0x62, 0x10, 0x62, 0x10, 0x62, 0x08, 0x61, 0x08, 0x61, 0x10, 0x62, 0x10, 0x61, 0x10, 0x62, 0x08, 0x62,
  0x10, 0x61, 0x10, 0x61, 0x18, 0x81, 0x20, 0xA1, 0x30, 0xC1, 0x28, 0x81, 0x92, 0x42, 0xDB, 0x24, 0x30, 0x60, 0x28, 0x80, 0x20, 0x60, 0x18, 0x40, 0x10, 0x20, 0x08, 0x20, 0x00, 0x00, 0x00, 0x00,
  0x00, 0x00, 0x00, 0x00, 0x08, 0x20, 0x10, 0x20, 0x18, 0x40, 0x20, 0x60, 0x28, 0x80, 0x38, 0xA0, 0xE3, 0x84, 0x81, 0xC2, 0x28, 0x81, 0x30, 0xC1, 0x20, 0xA1, 0x18, 0x81, 0x10, 0x61, 0x10, 0x61,
  0x10, 0x62, 0x10, 0x62, 0x10, 0x61, 0x08, 0x61, 0x08, 0x61, 0x10, 0x62, 0x10, 0x62, 0x10, 0x62, 0x10, 0x62, 0x10, 0x62, 0x10, 0x62, 0x10, 0x62, 0x10, 0x62, 0x10, 0x62, 0x10, 0x62, 0x10, 0x62,
  0x10, 0x62, 0x10, 0x82, 0x10, 0x82, 0x10, 0x82, 0x10, 0x82, 0x10, 0x82, 0x10, 0x82, 0x10, 0x82, 0x10, 0x82, 0x10, 0x82, 0x10, 0x82, 0x10, 0x82, 0x10, 0x82, 0x10, 0x82, 0x10, 0x62, 0x18, 0xC3,
  0x29, 0x45, 0x29, 0x45, 0x10, 0x82, 0x10, 0x62, 0x10, 0x82, 0x10, 0x82, 0x10, 0x82, 0x10, 0x82, 0x10, 0x82, 0x10, 0x82, 0x10, 0x62, 0x10, 0x82, 0x10, 0x82, 0x10, 0x82, 0x10, 0x62, 0x10, 0x82,
  0x10, 0x82, 0x10, 0x82, 0x10, 0x62, 0x10, 0x62, 0x10, 0x62, 0x10, 0x82, 0x10, 0x62, 0x10, 0x62, 0x10, 0x81, 0x10, 0x82, 0x18, 0x82, 0x20, 0xA2, 0x28, 0xC2, 0x30, 0xE2, 0x41, 0x02, 0x51, 0x41,
  0x69, 0xC3, 0xEF, 0x3B, 0xFF, 0xFF, 0xFF, 0xDE, 0xFF, 0xFF, 0x9C, 0x2F, 0x38, 0x80, 0x41, 0x02, 0x38, 0xE1, 0x30, 0xA1, 0xB2, 0x62, 0xFB, 0x80, 0xFB, 0x60, 0xFB, 0x00, 0xFD, 0x0A, 0xDE, 0xFA,
  0x40, 0xE2, 0x38, 0xC0, 0x40, 0xE1, 0x40, 0xE1, 0x30, 0x80, 0x51, 0xC5, 0xF7, 0x9D, 0xB5, 0x75, 0x28, 0x60, 0x30, 0xA1, 0x38, 0xC0, 0x38, 0xC0, 0x28, 0x80, 0x71, 0x61, 0xF3, 0x62, 0xFB, 0x60,
  0xFB, 0x60, 0xFB, 0x40, 0xFB, 0x81, 0xD3, 0x02, 0x49, 0x01, 0x30, 0x80, 0x38, 0xA0, 0x38, 0xC1, 0x20, 0x00, 0x5A, 0x68, 0xF7, 0x9D, 0xFF, 0xFF, 0xFF, 0xDF, 0xFF, 0xDF, 0xFF, 0xFF, 0xF7, 0x9D,
  0x62, 0x89, 0x20, 0x00, 0x30, 0xC1, 0x30, 0xA1, 0x28, 0xA1, 0x20, 0x40, 0x71, 0x81, 0xF3, 0x62, 0xFB, 0x60, 0xFB, 0x60, 0xF3, 0x60, 0xFB, 0x80, 0xEB, 0x42, 0x69, 0x61, 0x30, 0xA1, 0x40, 0xE1,
  0x30, 0xE2, 0x28, 0xC2, 0x28, 0xC2, 0x20, 0xA2, 0x20, 0xA2, 0x18, 0xA2, 0x18, 0xA2, 0x18, 0x82, 0x10, 0x82, 0x10, 0x82, 0x10, 0x82, 0x10, 0xA2, 0x10, 0x82, 0x10, 0xA2, 0x10, 0xA2, 0x10, 0xA2,
  0x10, 0xA2, 0x10, 0xA2, 0x10, 0xA2, 0x10, 0x82, 0x10, 0xA2, 0x10, 0xA2, 0x10, 0x82, 0x10, 0x82, 0x10, 0x82, 0x10, 0x82, 0x10, 0x82, 0x10, 0x82, 0x10, 0x82, 0x10, 0x82, 0x10, 0x82, 0x10, 0x82,
  0x10, 0x82, 0x10, 0x82, 0x10, 0x82, 0x10, 0x82, 0x10, 0x82, 0x10, 0x82, 0x10, 0x82, 0x10, 0x82, 0x10, 0x82, 0x10, 0x82, 0x10, 0x82, 0x10, 0x82, 0x10, 0x62, 0x18, 0xC3, 0x52, 0x8A, 0x5A, 0xAB,
  0x29, 0x45, 0x08, 0x41, 0x10, 0x82, 0x10, 0x82, 0x10, 0x82, 0x10, 0x82, 0x10, 0x82, 0x10, 0x82, 0x10, 0x82, 0x10, 0x82, 0x10, 0x82, 0x10, 0x82, 0x10, 0x82, 0x10, 0x82, 0x10, 0x82, 0x10, 0x62,
  0x10, 0x62, 0x10, 0x62, 0x10, 0x62, 0x10, 0x62, 0x08, 0x61, 0x10, 0x62, 0x08, 0x61, 0x10, 0x62, 0x10, 0x62, 0x10, 0x62, 0x08, 0x61, 0x08, 0x61, 0x10, 0x62, 0x10, 0x61, 0x08, 0x61, 0x08, 0x61,
  0x10, 0x61, 0x10, 0x61, 0x18, 0x81, 0x20, 0x81, 0x28, 0xC1, 0x28, 0x81, 0x79, 0xC2, 0xE3, 0x84, 0x38, 0xA0, 0x28, 0x80, 0x20, 0x60, 0x18, 0x40, 0x10, 0x20, 0x08, 0x20, 0x08, 0x00, 0x00, 0x00,
  0x00, 0x00, 0x00, 0x20, 0x08, 0x20, 0x10, 0x40, 0x18, 0x60, 0x20, 0x80, 0x28, 0x80, 0x48, 0xE0, 0xEB, 0xA5, 0x69, 0x61, 0x28, 0xA1, 0x30, 0xC1, 0x20, 0xA1, 0x18, 0x81, 0x10, 0x61, 0x10, 0x61,
  0x10, 0x62, 0x10, 0x62, 0x10, 0x61, 0x08, 0x61, 0x10, 0x62, 0x10, 0x62, 0x10, 0x62, 0x10, 0x62, 0x10, 0x62, 0x10, 0x62, 0x10, 0x62, 0x10, 0x62, 0x10, 0x62, 0x10, 0x62, 0x10, 0x62, 0x10, 0x62,
  0x10, 0x62, 0x10, 0x82, 0x10, 0x82, 0x10, 0x82, 0x10, 0x82, 0x10, 0x82, 0x10, 0x82, 0x10, 0x82, 0x10, 0x82, 0x10, 0x82, 0x10, 0x82, 0x10, 0x82, 0x10, 0x82, 0x10, 0x82, 0x10, 0x62, 0x20, 0xE4,
  0x29, 0x45, 0x21, 0x24, 0x10, 0x62, 0x10, 0x82, 0x10, 0x82, 0x10, 0x82, 0x10, 0x82, 0x10, 0x82, 0x10, 0x82, 0x10, 0x82, 0x10, 0x62, 0x10, 0x62, 0x10, 0x62, 0x10, 0x82, 0x10, 0x62, 0x10, 0x82,
  0x10, 0x82, 0x10, 0x82, 0x10, 0x82, 0x10, 0x82, 0x10, 0x62, 0x10, 0x82, 0x10, 0x82, 0x10, 0x62, 0x10, 0x81, 0x18, 0x82, 0x18, 0x82, 0x20, 0xA1, 0x28, 0xC2, 0x30, 0xE2, 0x41, 0x02, 0x51, 0x41,
  0x69, 0xC3, 0xEF, 0x3B, 0xFF, 0xFF, 0xFF, 0xDE, 0xFF, 0xFF, 0x94, 0x2F, 0x30, 0x80, 0x41, 0x01, 0x38, 0xE1, 0x30, 0xA1, 0xB2, 0x82, 0xFB, 0xA1, 0xF3, 0x61, 0xFB, 0x20, 0xEC, 0x48, 0x52, 0x06,
  0x30, 0x60, 0x40, 0xE1, 0x38, 0xE1, 0x38, 0xA0, 0x41, 0x02, 0xDE, 0xBA, 0xFF, 0xFF, 0xFF, 0xFF, 0xBD, 0x95, 0x38, 0xA1, 0x38, 0xA0, 0x38, 0xC1, 0x38, 0xC1, 0x28, 0x60, 0x69, 0x61, 0xEB, 0x62,
  0xFB, 0x80, 0xF3, 0x61, 0xFB, 0x40, 0xFB, 0x80, 0xE3, 0x22, 0x59, 0x01, 0x28, 0x80, 0x30, 0xA0, 0x30, 0xA0, 0x20, 0x20, 0x5A, 0x07, 0xEF, 0x5C, 0xFF, 0xFF, 0xFF, 0xDE, 0xFF, 0xDF, 0xFF, 0xFF,
  0xFF, 0xDE, 0x73, 0x0B, 0x20, 0x00, 0x30, 0xC1, 0x30, 0xA0, 0x28, 0xA1, 0x20, 0x60, 0x69, 0x61, 0xEB, 0x62, 0xFB, 0x80, 0xF3, 0x61, 0xFB, 0x60, 0xFB, 0x80, 0xF3, 0x61, 0x71, 0x82, 0x30, 0xA1,
  0x40, 0xE1, 0x38, 0xE1, 0x30, 0xC2, 0x28, 0xC2, 0x28, 0xC2, 0x20, 0xA2, 0x18, 0xA2, 0x18, 0xA2, 0x18, 0x82, 0x10, 0x82, 0x10, 0x82, 0x10, 0xA2, 0x10, 0x82, 0x10, 0x82, 0x10, 0xA2, 0x10, 0xA2,
  0x10, 0xA2, 0x10, 0xA2, 0x10, 0xA2, 0x10, 0x82, 0x10, 0x82, 0x10, 0xA2, 0x10, 0x82, 0x10, 0x82, 0x10, 0x82, 0x10, 0x82, 0x10, 0x82, 0x10, 0x82, 0x10, 0x82, 0x10, 0x82, 0x10, 0x82, 0x10, 0x82,
  0x10, 0x82, 0x10, 0x62, 0x10, 0x62, 0x10, 0x82, 0x10, 0x82, 0x10, 0x82, 0x10, 0x82, 0x10, 0x82, 0x10, 0x82, 0x10, 0x82, 0x10, 0x82, 0x10, 0x82, 0x10, 0x82, 0x10, 0x82, 0x4A, 0x29, 0x5A, 0xCB,
  0x31, 0xA6, 0x08, 0x41, 0x10, 0x82, 0x10, 0x82, 0x10, 0x82, 0x10, 0x82, 0x10, 0x82, 0x10, 0x82, 0x10, 0x82, 0x10, 0x82, 0x10, 0x82, 0x10, 0x82, 0x10, 0x82, 0x10, 0x82, 0x10, 0x82, 0x10, 0x62,
  0x08, 0x61, 0x10, 0x62, 0x10, 0x62, 0x10, 0x62, 0x08, 0x61, 0x08, 0x61, 0x08, 0x61, 0x08, 0x61, 0x10, 0x62, 0x08, 0x61, 0x08, 0x61, 0x08, 0x61, 0x10, 0x61, 0x10, 0x61, 0x08, 0x61, 0x08, 0x61,
  0x10, 0x61, 0x10, 0x61, 0x18, 0x81, 0x20, 0x81, 0x28, 0xA1, 0x28, 0xA1, 0x61, 0x61, 0xEB, 0xA4, 0x48, 0xE0, 0x28, 0x80, 0x20, 0x80, 0x18, 0x60, 0x10, 0x40, 0x08, 0x20, 0x08, 0x00, 0x00, 0x00,
  0x00, 0x00, 0x00, 0x20, 0x08, 0x20, 0x10, 0x20, 0x18, 0x60, 0x28, 0x80, 0x28, 0x60, 0x59, 0x21, 0xEB, 0xA4, 0x51, 0x21, 0x28, 0xA1, 0x28, 0xC1, 0x20, 0xA1, 0x18, 0x81, 0x10, 0x61, 0x10, 0x61,
  0x10, 0x62, 0x10, 0x62, 0x10, 0x61, 0x08, 0x61, 0x08, 0x61, 0x10, 0x62, 0x08, 0x61, 0x10, 0x62, 0x10, 0x62, 0x10, 0x62, 0x10, 0x62, 0x10, 0x62, 0x10, 0x62, 0x10, 0x62, 0x10, 0x62, 0x10, 0x62,
  0x10, 0x62, 0x10, 0x82, 0x10, 0x82, 0x10, 0x82, 0x10, 0x82, 0x10, 0x82, 0x10, 0x82, 0x10, 0x82, 0x10, 0x82, 0x10, 0x82, 0x10, 0x82, 0x10, 0x82, 0x10, 0x82, 0x10, 0x82, 0x10, 0x62, 0x21, 0x04,
  0x29, 0x45, 0x21, 0x04, 0x10, 0x62, 0x10, 0x82, 0x10, 0x62, 0x10, 0x82, 0x10, 0x62, 0x10, 0x82, 0x10, 0x82, 0x10, 0x62, 0x10, 0x62, 0x10, 0x62, 0x10, 0x62, 0x10, 0x82, 0x10, 0x62, 0x10, 0x82,
  0x10, 0x82, 0x10, 0x62, 0x10, 0x62, 0x10, 0x62, 0x10, 0x62, 0x10, 0x62, 0x10, 0x62, 0x10, 0x62, 0x10, 0x81, 0x10, 0x81, 0x18, 0x82, 0x20, 0x81, 0x28, 0xC2, 0x30, 0xE2, 0x41, 0x02, 0x51, 0x41,
  0x69, 0xA3, 0xEF, 0x3B, 0xFF, 0xFF, 0xFF, 0xDE, 0xFF, 0xFF, 0x94, 0x2F, 0x30, 0x60, 0x40, 0xE1, 0x38, 0xC1, 0x28, 0x81, 0xB2, 0x82, 0xFB, 0xA1, 0xFB, 0x60, 0xFB, 0xA2, 0x71, 0x81, 0x28, 0x60,
  0x38, 0xE1, 0x38, 0xC1, 0x38, 0xC1, 0x30, 0x80, 0xBD, 0xB5, 0xFF, 0xFF, 0xF7, 0xDE, 0xF7, 0xBE, 0xFF, 0xFF, 0xC5, 0xB5, 0x30, 0xA1, 0x30, 0x80, 0x38, 0xC0, 0x38, 0xC0, 0x30, 0x80, 0x61, 0x41,
  0xEB, 0x42, 0xFB, 0x80, 0xFB, 0x60, 0xFB, 0x61, 0xFB, 0x80, 0xEB, 0x42, 0x61, 0x01, 0x20, 0x40, 0x30, 0xA0, 0x38, 0xC1, 0x28, 0x40, 0x49, 0xA5, 0xE6, 0xFB, 0xFF, 0xFF, 0xF7, 0xDF, 0xFF, 0xFF,
  0xFF, 0xFF, 0xFF, 0xFF, 0x83, 0x8D, 0x20, 0x00, 0x30, 0xC1, 0x30, 0xA1, 0x38, 0xA1, 0x28, 0x80, 0x59, 0x21, 0xE3, 0x42, 0xFB, 0xA0, 0xF3, 0x60, 0xFB, 0x60, 0xFB, 0x60, 0xF3, 0x81, 0x89, 0xC1,
  0x38, 0xA1, 0x41, 0x01, 0x38, 0xE2, 0x30, 0xE1, 0x28, 0xE2, 0x28, 0xC2, 0x20, 0xA2, 0x20, 0xA2, 0x18, 0xA2, 0x18, 0xA2, 0x10, 0x82, 0x10, 0x82, 0x10, 0x82, 0x10, 0x82, 0x10, 0x82, 0x10, 0x82,
  0x10, 0x82, 0x10, 0x82, 0x10, 0xA2, 0x10, 0x82, 0x10, 0x82, 0x10, 0x82, 0x10, 0x82, 0x10, 0x82, 0x10, 0x82, 0x10, 0x82, 0x10, 0x82, 0x10, 0x82, 0x10, 0x82, 0x10, 0x82, 0x10, 0x82, 0x10, 0x82,
  0x10, 0x62, 0x10, 0x62, 0x10, 0x62, 0x10, 0x82, 0x10, 0x82, 0x10, 0x82, 0x10, 0x82, 0x10, 0x82, 0x10, 0x82, 0x10, 0x82, 0x10, 0x82, 0x10, 0x82, 0x10, 0x82, 0x08, 0x61, 0x39, 0xE7, 0x5A, 0xAB,
  0x39, 0xE7, 0x08, 0x61, 0x10, 0x82, 0x10, 0x82, 0x10, 0x82, 0x10, 0x82, 0x10, 0x82, 0x10, 0x82, 0x10, 0x82, 0x10, 0x82, 0x10, 0x62, 0x10, 0x82, 0x10, 0x82, 0x10, 0x82, 0x10, 0x82, 0x08, 0x61,
  0x08, 0x61, 0x10, 0x62, 0x10, 0x62, 0x10, 0x62, 0x08, 0x61, 0x08, 0x61, 0x08, 0x61, 0x08, 0x61, 0x10, 0x62, 0x08, 0x61, 0x08, 0x61, 0x08, 0x61, 0x08, 0x61, 0x10, 0x61, 0x08, 0x61, 0x08, 0x61,
  0x10, 0x61, 0x10, 0x61, 0x18, 0x81, 0x20, 0x81, 0x28, 0xA1, 0x28, 0xA1, 0x51, 0x01, 0xEB, 0xA4, 0x59, 0x21, 0x20, 0x60, 0x28, 0x80, 0x18, 0x60, 0x10, 0x40, 0x08, 0x20, 0x08, 0x00, 0x00, 0x00,
  0x00, 0x00, 0x08, 0x20, 0x08, 0x20, 0x10, 0x40, 0x18, 0x60, 0x28, 0x80, 0x20, 0x60, 0x71, 0x62, 0xEB, 0x84, 0x40, 0xE1, 0x30, 0xA1, 0x28, 0xA1, 0x20, 0x81, 0x18, 0x81, 0x10, 0x61, 0x10, 0x61,
  0x10, 0x61, 0x10, 0x62, 0x08, 0x62, 0x08, 0x61, 0x08, 0x61, 0x08, 0x61, 0x10, 0x62, 0x10, 0x62, 0x10, 0x62, 0x10, 0x62, 0x10, 0x62, 0x10, 0x62, 0x10, 0x62, 0x10, 0x62, 0x10, 0x62, 0x08, 0x61,
  0x10, 0x62, 0x10, 0x82, 0x10, 0x82, 0x10, 0x82, 0x10, 0x82, 0x10, 0x82, 0x10, 0x82, 0x10, 0x82, 0x10, 0x82, 0x10, 0x82, 0x10, 0x82, 0x10, 0x82, 0x10, 0x82, 0x10, 0x82, 0x10, 0x82, 0x21, 0x24,
  0x29, 0x45, 0x18, 0xE3, 0x08, 0x61, 0x10, 0x82, 0x10, 0x62, 0x10, 0x82, 0x10, 0x62, 0x10, 0x62, 0x10, 0x82, 0x10, 0x62, 0x10, 0x62, 0x10, 0x62, 0x10, 0x62, 0x10, 0x62, 0x10, 0x62, 0x10, 0x82,
  0x10, 0x62, 0x10, 0x62, 0x10, 0x62, 0x10, 0x62, 0x10, 0x62, 0x10, 0x62, 0x10, 0x62, 0x10, 0x62, 0x10, 0x62, 0x10, 0x81, 0x18, 0x81, 0x20, 0x81, 0x28, 0xC2, 0x30, 0xE1, 0x41, 0x02, 0x51, 0x21,
  0x69, 0xA3, 0xEF, 0x3B, 0xFF, 0xFF, 0xFF, 0xDE, 0xFF, 0xFF, 0x94, 0x2F, 0x30, 0x60, 0x38, 0xE1, 0x30, 0xC1, 0x28, 0x81, 0xB2, 0x82, 0xFB, 0xA1, 0xFB, 0xA1, 0x9A, 0x22, 0x30, 0x80, 0x38, 0xE1,
  0x38, 0xC0, 0x38, 0xE1, 0x28, 0x20, 0x9C, 0x4F, 0xFF, 0xFF, 0xFF, 0xDF, 0xFF, 0xFF, 0xFF, 0xFF, 0xF7, 0xDE, 0xFF, 0xFF, 0xC5, 0xD6, 0x30, 0xA1, 0x30, 0x80, 0x38, 0xC0, 0x38, 0xC0, 0x28, 0x80,
  0x59, 0x01, 0xE3, 0x42, 0xFB, 0x81, 0xFB, 0x60, 0xFB, 0x60, 0xFB, 0x80, 0xEB, 0x62, 0x61, 0x41, 0x28, 0x60, 0x38, 0xA0, 0x38, 0xC1, 0x20, 0x40, 0x39, 0x24, 0xD6, 0x99, 0xFF, 0xFF, 0xFF, 0xDE,
  0xFF, 0xFF, 0xFF, 0xDF, 0xFF, 0xFF, 0x94, 0x2F, 0x20, 0x40, 0x38, 0xC1, 0x38, 0xC1, 0x38, 0xC1, 0x30, 0x80, 0x50, 0xE1, 0xD3, 0x02, 0xFB, 0x81, 0xFB, 0x40, 0xFB, 0x61, 0xFB, 0x60, 0xFB, 0x82,
  0x92, 0x01, 0x38, 0xC1, 0x41, 0x01, 0x41, 0x02, 0x38, 0xE1, 0x30, 0xE2, 0x28, 0xC2, 0x20, 0xA2, 0x20, 0xA2, 0x18, 0xA2, 0x18, 0x82, 0x10, 0x82, 0x10, 0x82, 0x10, 0x82, 0x10, 0x82, 0x10, 0x82,
  0x10, 0x82, 0x10, 0x82, 0x10, 0x82, 0x10, 0x82, 0x10, 0x82, 0x10, 0x82, 0x10, 0x82, 0x10, 0x82, 0x10, 0x82, 0x10, 0x82, 0x10, 0x82, 0x10, 0x82, 0x10, 0x62, 0x10, 0x82, 0x10, 0x62, 0x10, 0x82,
  0x10, 0x62, 0x10, 0x62, 0x10, 0x62, 0x10, 0x62, 0x10, 0x82, 0x10, 0x62, 0x10, 0x62, 0x10, 0x82, 0x10, 0x82, 0x10, 0x82, 0x10, 0x82, 0x10, 0x82, 0x10, 0x82, 0x08, 0x41, 0x31, 0x86, 0x52, 0xAA,
  0x42, 0x28, 0x10, 0x62, 0x10, 0x62, 0x10, 0x82, 0x10, 0x82, 0x10, 0x62, 0x10, 0x62, 0x10, 0x62, 0x10, 0x62, 0x10, 0x62, 0x10, 0x62, 0x10, 0x62, 0x10, 0x62, 0x10, 0x82, 0x10, 0x62, 0x08, 0x61,
  0x08, 0x61, 0x08, 0x61, 0x10, 0x62, 0x08, 0x61, 0x08, 0x61, 0x08, 0x61, 0x08, 0x61, 0x08, 0x61, 0x08, 0x61, 0x08, 0x61, 0x08, 0x61, 0x08, 0x61, 0x08, 0x61, 0x10, 0x61, 0x10, 0x62, 0x08, 0x61,
  0x10, 0x61, 0x10, 0x61, 0x18, 0x81, 0x20, 0x81, 0x28, 0xA1, 0x28, 0xA1, 0x40, 0xC1, 0xEB, 0x84, 0x71, 0x82, 0x20, 0x60, 0x28, 0x80, 0x20, 0x60, 0x10, 0x40, 0x08, 0x20, 0x08, 0x20, 0x00, 0x00,
  0x00, 0x00, 0x08, 0x20, 0x10, 0x20, 0x10, 0x40, 0x20, 0x60, 0x28, 0x80, 0x20, 0x40, 0x81, 0xC2, 0xE3, 0x64, 0x38, 0xA1, 0x30, 0xC1, 0x28, 0xA1, 0x20, 0x81, 0x18, 0x81, 0x10, 0x61, 0x10, 0x61,
  0x10, 0x61, 0x10, 0x62, 0x08, 0x61, 0x08, 0x61, 0x10, 0x62, 0x08, 0x61, 0x10, 0x62, 0x10, 0x62, 0x10, 0x62, 0x10, 0x62, 0x10, 0x62, 0x10, 0x62, 0x10, 0x62, 0x10, 0x62, 0x10, 0x62, 0x08, 0x61,
  0x08, 0x61, 0x10, 0x62, 0x10, 0x82, 0x10, 0x82, 0x10, 0x82, 0x10, 0x82, 0x10, 0x62, 0x10, 0x82, 0x10, 0x82, 0x10, 0x82, 0x10, 0x82, 0x10, 0x82, 0x10, 0x82, 0x10, 0x62, 0x10, 0x82, 0x29, 0x25,
  0x29, 0x45, 0x18, 0xC3, 0x08, 0x61, 0x10, 0x82, 0x10, 0x62, 0x10, 0x82, 0x10, 0x62, 0x10, 0x62, 0x10, 0x62, 0x10, 0x62, 0x10, 0x62, 0x10, 0x62, 0x10, 0x62, 0x10, 0x62, 0x10, 0x62, 0x10, 0x62,
  0x10, 0x62, 0x10, 0x62, 0x10, 0x62, 0x10, 0x62, 0x10, 0x62, 0x10, 0x62, 0x08, 0x61, 0x10, 0x62, 0x10, 0x62, 0x10, 0x61, 0x18, 0x81, 0x20, 0x81, 0x28, 0xC2, 0x30, 0xE1, 0x41, 0x01, 0x51, 0x21,
  0x61, 0xA3, 0xEF, 0x3B, 0xFF, 0xFF, 0xFF, 0xDE, 0xFF, 0xFF, 0x94, 0x2F, 0x28, 0x60, 0x38, 0xE1, 0x30, 0xA1, 0x20, 0x61, 0xAA, 0x62, 0xFB, 0xE1, 0xBA, 0xA2, 0x30, 0x80, 0x38, 0xC1, 0x30, 0xC1,
  0x38, 0xE1, 0x28, 0x40, 0x72, 0xEA, 0xFF, 0xFF, 0xFF, 0xDF, 0xFF, 0xFF, 0xFF, 0xFF, 0xFF, 0xFF, 0xFF, 0xFF, 0xF7, 0xDE, 0xFF, 0xFF, 0xC5, 0xF6, 0x40, 0xC2, 0x30, 0x80, 0x38, 0xC0, 0x38, 0xA1,
  0x28, 0x80, 0x50, 0xE1, 0xDB, 0x22, 0xFB, 0xA1, 0xFB, 0x60, 0xFB, 0x60, 0xFB, 0x80, 0xF3, 0x62, 0x79, 0x61, 0x20, 0x60, 0x30, 0xA0, 0x30, 0xA1, 0x28, 0x40, 0x38, 0xE2, 0xC5, 0xF7, 0xFF, 0xFF,
  0xFF, 0xDE, 0xFF, 0xDF, 0xF7, 0xDE, 0xFF, 0xFF, 0xAC, 0xD2, 0x30, 0x80, 0x38, 0xC0, 0x38, 0xC1, 0x38, 0xC1, 0x30, 0xA0, 0x40, 0xC0, 0xC2, 0xA2, 0xFB, 0x81, 0xFB, 0x40, 0xFB, 0x40, 0xFB, 0x60,
  0xFB, 0xA1, 0xAA, 0x42, 0x48, 0xE1, 0x41, 0x02, 0x41, 0x01, 0x38, 0xE2, 0x30, 0xE2, 0x28, 0xC2, 0x20, 0xA2, 0x20, 0xA2, 0x18, 0x82, 0x18, 0x82, 0x10, 0x82, 0x10, 0x82, 0x10, 0x82, 0x10, 0x82,
  0x10, 0x82, 0x10, 0x82, 0x10, 0x82, 0x10, 0x82, 0x10, 0x82, 0x10, 0x82, 0x10, 0x82, 0x10, 0x62, 0x10, 0x62, 0x10, 0x82, 0x10, 0x82, 0x10, 0x62, 0x10, 0x62, 0x10, 0x62, 0x10, 0x62, 0x10, 0x62,
  0x10, 0x62, 0x10, 0x62, 0x10, 0x62, 0x10, 0x62, 0x10, 0x82, 0x10, 0x62, 0x10, 0x62, 0x10, 0x62, 0x10, 0x62, 0x10, 0x62, 0x10, 0x82, 0x10, 0x62, 0x10, 0x62, 0x08, 0x41, 0x29, 0x45, 0x52, 0xAA,
  0x4A, 0x49, 0x10, 0x82, 0x08, 0x61, 0x10, 0x62, 0x10, 0x62, 0x10, 0x62, 0x10, 0x62, 0x10, 0x62, 0x10, 0x62, 0x10, 0x62, 0x10, 0x62, 0x10, 0x62, 0x10, 0x62, 0x10, 0x62, 0x10, 0x62, 0x08, 0x61,
  0x08, 0x61, 0x08, 0x61, 0x08, 0x61, 0x08, 0x61, 0x08, 0x61, 0x08, 0x61, 0x08, 0x61, 0x08, 0x61, 0x08, 0x61, 0x10, 0x62, 0x08, 0x61, 0x08, 0x61, 0x08, 0x61, 0x10, 0x61, 0x10, 0x62, 0x08, 0x61,
  0x10, 0x61, 0x10, 0x61, 0x18, 0x61, 0x18, 0x81, 0x20, 0xA1, 0x28, 0xA1, 0x38, 0xA1, 0xE3, 0x64, 0x81, 0xC2, 0x20, 0x60, 0x28, 0x80, 0x20, 0x60, 0x10, 0x40, 0x08, 0x20, 0x08, 0x20, 0x00, 0x00,
  0x08, 0x00, 0x08, 0x20, 0x10, 0x20, 0x18, 0x40, 0x20, 0x60, 0x28, 0x80, 0x20, 0x40, 0x92, 0x02, 0xD3, 0x44, 0x30, 0xA1, 0x30, 0xC1, 0x28, 0xA1, 0x20, 0x81, 0x18, 0x61, 0x10, 0x61, 0x10, 0x61,
  0x10, 0x61, 0x10, 0x62, 0x08, 0x61, 0x08, 0x61, 0x08, 0x61, 0x10, 0x62, 0x10, 0x62, 0x10, 0x62, 0x10, 0x62, 0x10, 0x62, 0x10, 0x62, 0x10, 0x62, 0x10, 0x62, 0x10, 0x62, 0x10, 0x62, 0x08, 0x61,
  0x08, 0x61, 0x10, 0x62, 0x10, 0x82, 0x10, 0x82, 0x10, 0x82, 0x10, 0x82, 0x10, 0x62, 0x10, 0x62, 0x10, 0x82, 0x10, 0x82, 0x10, 0x82, 0x10, 0x82, 0x10, 0x82, 0x10, 0x62, 0x10, 0xA2, 0x29, 0x45,
  0x29, 0x45, 0x18, 0xA3, 0x08, 0x61, 0x10, 0x62, 0x10, 0x62, 0x10, 0x62, 0x10, 0x62, 0x10, 0x62, 0x10, 0x82, 0x10, 0x62, 0x10, 0x62, 0x10, 0x62, 0x10, 0x62, 0x10, 0x62, 0x10, 0x62, 0x10, 0x62,
  0x10, 0x62, 0x10, 0x62, 0x10, 0x62, 0x10, 0x62, 0x10, 0x62, 0x10, 0x62, 0x08, 0x61, 0x10, 0x62, 0x10, 0x62, 0x10, 0x61, 0x18, 0x61, 0x20, 0x81, 0x28, 0xC2, 0x30, 0xE1, 0x41, 0x02, 0x51, 0x21,
  0x61, 0xA2, 0xEF, 0x3B, 0xFF, 0xFF, 0xFF, 0xDE, 0xFF, 0xFF, 0x94, 0x0E, 0x28, 0x40, 0x38, 0xC1, 0x30, 0xA1, 0x20, 0x40, 0xB2, 0x82, 0xE3, 0x42, 0x38, 0xA1, 0x30, 0xA0, 0x38, 0xC1, 0x38, 0xE1,
  0x30, 0x60, 0x51, 0xC5, 0xF7, 0x7D, 0xFF, 0xFF, 0xFF, 0xFF, 0xFF, 0xFF, 0xFF, 0xFF, 0xFF, 0xFF, 0xFF, 0xFF, 0xFF, 0xFF, 0xF7, 0xDE, 0xFF, 0xFF, 0xCE, 0x37, 0x38, 0xE2, 0x30, 0x60, 0x38, 0xC1,
  0x38, 0xC0, 0x30, 0x80, 0x50, 0xE0, 0xD3, 0x02, 0xFB, 0x81, 0xFB, 0x60, 0xFB, 0x60, 0xFB, 0x60, 0xF3, 0x82, 0x79, 0x81, 0x20, 0x40, 0x30, 0xA0, 0x30, 0xC0, 0x30, 0x60, 0x28, 0x81, 0xB5, 0x74,
  0xFF, 0xFF, 0xFF, 0xDE, 0xFF, 0xFF, 0xFF, 0xDF, 0xFF, 0xFF, 0xBD, 0x74, 0x38, 0xC1, 0x38, 0xA0, 0x38, 0xE1, 0x38, 0xC0, 0x28, 0xA0, 0x30, 0xA1, 0xB2, 0x82, 0xFB, 0x81, 0xFB, 0x40, 0xFB, 0x61,
  0xFB, 0x60, 0xFB, 0xA1, 0xBA, 0xA1, 0x51, 0x01, 0x41, 0x01, 0x41, 0x02, 0x38, 0xE2, 0x30, 0xC1, 0x28, 0xC2, 0x20, 0xA2, 0x20, 0x82, 0x18, 0x81, 0x18, 0x81, 0x10, 0x82, 0x10, 0x82, 0x10, 0x82,
  0x10, 0x82, 0x10, 0x82, 0x10, 0x82, 0x10, 0x82, 0x10, 0x82, 0x10, 0x82, 0x10, 0x82, 0x10, 0x62, 0x10, 0x62, 0x10, 0x62, 0x10, 0x62, 0x10, 0x62, 0x10, 0x62, 0x10, 0x62, 0x08, 0x61, 0x10, 0x62,
  0x10, 0x62, 0x08, 0x61, 0x10, 0x62, 0x10, 0x62, 0x10, 0x62, 0x10, 0x62, 0x10, 0x62, 0x10, 0x62, 0x10, 0x62, 0x10, 0x62, 0x10, 0x62, 0x10, 0x62, 0x10, 0x62, 0x08, 0x41, 0x21, 0x04, 0x52, 0x8A,
  0x4A, 0x69, 0x18, 0xC3, 0x08, 0x61, 0x10, 0x62, 0x10, 0x62, 0x10, 0x62, 0x10, 0x62, 0x10, 0x62, 0x10, 0x62, 0x10, 0x62, 0x10, 0x62, 0x10, 0x62, 0x08, 0x61, 0x10, 0x62, 0x08, 0x61, 0x08, 0x61,
  0x08, 0x61, 0x08, 0x61, 0x08, 0x61, 0x08, 0x61, 0x08, 0x61, 0x08, 0x61, 0x08, 0x61, 0x08, 0x61, 0x10, 0x62, 0x10, 0x62, 0x08, 0x61, 0x08, 0x61, 0x08, 0x61, 0x10, 0x61, 0x08, 0x61, 0x08, 0x61,
  0x10, 0x41, 0x10, 0x61, 0x10, 0x61, 0x18, 0x81, 0x20, 0x81, 0x30, 0xC1, 0x30, 0x80, 0xD3, 0x23, 0x92, 0x02, 0x20, 0x40, 0x28, 0x80, 0x20, 0x60, 0x18, 0x40, 0x10, 0x20, 0x08, 0x20, 0x00, 0x00,
  0x00, 0x00, 0x08, 0x20, 0x10, 0x20, 0x18, 0x40, 0x20, 0x60, 0x28, 0x80, 0x20, 0x40, 0xA2, 0x43, 0xCB, 0x03, 0x28, 0x80, 0x30, 0xC1, 0x28, 0xA1, 0x20, 0x81, 0x18, 0x61, 0x10, 0x61, 0x10, 0x61,
  0x10, 0x61, 0x10, 0x62, 0x08, 0x61, 0x10, 0x62, 0x10, 0x62, 0x10, 0x62, 0x10, 0x62, 0x08, 0x61, 0x10, 0x62, 0x10, 0x62, 0x10, 0x62, 0x10, 0x62, 0x10, 0x62, 0x10, 0x62, 0x10, 0x62, 0x08, 0x61,
  0x08, 0x61, 0x10, 0x62, 0x10, 0x62, 0x10, 0x62, 0x10, 0x82, 0x10, 0x82, 0x10, 0x82, 0x10, 0x62, 0x10, 0x82, 0x10, 0x82, 0x10, 0x82, 0x10, 0x82, 0x10, 0x82, 0x10, 0x62, 0x18, 0xA3, 0x29, 0x45,
  0x29, 0x45, 0x10, 0xA2, 0x08, 0x61, 0x10, 0x62, 0x10, 0x62, 0x10, 0x62, 0x10, 0x62, 0x10, 0x62, 0x10, 0x62, 0x10, 0x62, 0x10, 0x62, 0x10, 0x62, 0x10, 0x62, 0x10, 0x62, 0x10, 0x62, 0x10, 0x62,
  0x10, 0x62, 0x10, 0x62, 0x10, 0x62, 0x10, 0x62, 0x10, 0x62, 0x10, 0x62, 0x08, 0x61, 0x10, 0x62, 0x10, 0x62, 0x10, 0x61, 0x18, 0x81, 0x20, 0x81, 0x28, 0xC2, 0x30, 0xC1, 0x41, 0x01, 0x51, 0x21,
  0x61, 0xA3, 0xEF, 0x3B, 0xFF, 0xFF, 0xFF, 0xDE, 0xFF, 0xFF, 0x94, 0x0E, 0x28, 0x40, 0x30, 0xC1, 0x30, 0xA1, 0x20, 0x60, 0x9A, 0x43, 0x61, 0x21, 0x28, 0x81, 0x30, 0xC1, 0x38, 0xC1, 0x38, 0xA0,
  0x41, 0x02, 0xDE, 0xBA, 0xFF, 0xFF, 0xFF, 0xDE, 0xFF, 0xDE, 0xFF, 0xFF, 0xB5, 0x53, 0x83, 0x6C, 0xFF, 0xFF, 0xFF, 0xFF, 0xFF, 0xDF, 0xF7, 0xDF, 0xFF, 0xFF, 0xCE, 0x58, 0x39, 0x02, 0x30, 0x80,
  0x38, 0xC1, 0x38, 0xA0, 0x30, 0x80, 0x40, 0xA1, 0xCA, 0xE2, 0xFB, 0xA1, 0xFB, 0x40, 0xFB, 0x60, 0xFB, 0x60, 0xFB, 0x81, 0x81, 0xC2, 0x28, 0x40, 0x30, 0xA0, 0x30, 0xC1, 0x28, 0x80, 0x20, 0x40,
  0xAD, 0x12, 0xFF, 0xFF, 0xFF, 0xDF, 0xFF, 0xFF, 0xFF, 0xDF, 0xFF, 0xFF, 0xC5, 0xF6, 0x41, 0x02, 0x38, 0xA0, 0x38, 0xE1, 0x38, 0xC1, 0x30, 0xA1, 0x30, 0x80, 0xAA, 0x42, 0xFB, 0xA1, 0xFB, 0x60,
  0xFB, 0x60, 0xFB, 0x61, 0xFB, 0xA1, 0xC2, 0xC2, 0x51, 0x01, 0x41, 0x01, 0x41, 0x01, 0x38, 0xE1, 0x28, 0xC2, 0x28, 0xA2, 0x20, 0xA2, 0x18, 0x81, 0x18, 0x82, 0x10, 0x82, 0x10, 0x82, 0x10, 0x82,
  0x10, 0x82, 0x10, 0x82, 0x10, 0x62, 0x10, 0x82, 0x10, 0x62, 0x10, 0x62, 0x10, 0x82, 0x10, 0x62, 0x10, 0x62, 0x10, 0x62, 0x10, 0x62, 0x10, 0x62, 0x10, 0x62, 0x10, 0x62, 0x08, 0x61, 0x10, 0x62,
  0x10, 0x62, 0x08, 0x61, 0x08, 0x61, 0x10, 0x62, 0x10, 0x62, 0x10, 0x62, 0x10, 0x62, 0x10, 0x62, 0x10, 0x62, 0x10, 0x62, 0x10, 0x62, 0x10, 0x62, 0x10, 0x62, 0x08, 0x41, 0x18, 0xC3, 0x52, 0x8A,
  0x52, 0x8A, 0x18, 0xE3, 0x08, 0x41, 0x10, 0x62, 0x10, 0x62, 0x10, 0x62, 0x10, 0x62, 0x10, 0x62, 0x10, 0x62, 0x10, 0x62, 0x10, 0x62, 0x10, 0x62, 0x10, 0x62, 0x08, 0x61, 0x08, 0x61, 0x08, 0x61,
  0x08, 0x61, 0x08, 0x61, 0x10, 0x62, 0x08, 0x61, 0x08, 0x61, 0x08, 0x61, 0x08, 0x61, 0x08, 0x61, 0x10, 0x62, 0x08, 0x61, 0x08, 0x61, 0x08, 0x61, 0x08, 0x61, 0x08, 0x61, 0x08, 0x61, 0x08, 0x61,
  0x08, 0x61, 0x10, 0x61, 0x10, 0x61, 0x18, 0x81, 0x20, 0x81, 0x30, 0xC1, 0x28, 0x81, 0xCB, 0x03, 0xA2, 0x62, 0x20, 0x40, 0x28, 0x80, 0x20, 0x60, 0x18, 0x40, 0x10, 0x20, 0x08, 0x20, 0x00, 0x00,
  0x00, 0x00, 0x08, 0x20, 0x10, 0x20, 0x18, 0x40, 0x20, 0x60, 0x28, 0x80, 0x20, 0x40, 0xB2, 0x83, 0xC2, 0xC3, 0x28, 0x80, 0x30, 0xC1, 0x20, 0xA1, 0x20, 0x81, 0x18, 0x81, 0x10, 0x61, 0x10, 0x61,
  0x10, 0x61, 0x10, 0x62, 0x08, 0x61, 0x10, 0x62, 0x10, 0x62, 0x10, 0x62, 0x10, 0x62, 0x10, 0x62, 0x10, 0x62, 0x10, 0x62, 0x10, 0x62, 0x10, 0x62, 0x10, 0x62, 0x10, 0x62, 0x10, 0x62, 0x08, 0x61,
  0x10, 0x62, 0x10, 0x62, 0x10, 0x62, 0x10, 0x62, 0x10, 0x82, 0x10, 0x82, 0x10, 0x82, 0x10, 0x82, 0x10, 0x82, 0x10, 0x82, 0x10, 0x62, 0x10, 0x82, 0x10, 0x82, 0x10, 0x62, 0x18, 0xC3, 0x29, 0x45,
  0x29, 0x25, 0x10, 0x82, 0x10, 0x62, 0x10, 0x62, 0x10, 0x62, 0x10, 0x62, 0x10, 0x62, 0x10, 0x62, 0x10, 0x62, 0x10, 0x62, 0x10, 0x62, 0x10, 0x62, 0x10, 0x62, 0x10, 0x62, 0x10, 0x62, 0x10, 0x62,
  0x10, 0x62, 0x10, 0x62, 0x10, 0x62, 0x10, 0x62, 0x10, 0x62, 0x10, 0x62, 0x08, 0x61, 0x10, 0x62, 0x10, 0x61, 0x10, 0x61, 0x18, 0x81, 0x20, 0xA1, 0x28, 0xC2, 0x30, 0xC1, 0x41, 0x01, 0x51, 0x21,
  0x61, 0xA3, 0xEF, 0x3B, 0xFF, 0xFF, 0xFF, 0xDE, 0xFF, 0xFF, 0x94, 0x0E, 0x28, 0x40, 0x30, 0xC1, 0x28, 0xA1, 0x28, 0xA1, 0x38, 0xC1, 0x28, 0x81, 0x30, 0xA1, 0x38, 0xC0, 0x40, 0xE1, 0x38, 0x80,
  0xC5, 0xD6, 0xFF, 0xFF, 0xFF, 0xDE, 0xF7, 0xFF, 0xFF, 0xFF, 0xDE, 0x99, 0x49, 0x22, 0x38, 0x40, 0x83, 0x6C, 0xFF, 0xFF, 0xFF, 0xDF, 0xFF, 0xDF, 0xF7, 0xDE, 0xFF, 0xFF, 0xD6, 0x78, 0x41, 0x23,
  0x30, 0x60, 0x38, 0xC0, 0x30, 0xA0, 0x28, 0x80, 0x40, 0xA1, 0xC2, 0xC2, 0xFB, 0xA1, 0xFB, 0x40, 0xFB, 0x60, 0xFB, 0x60, 0xFB, 0xA2, 0x91, 0xE2, 0x28, 0x60, 0x30, 0xA0, 0x30, 0xA0, 0x30, 0x80,
  0x28, 0x40, 0x9C, 0x91, 0xFF, 0xFF, 0xFF, 0xDF, 0xFF, 0xFF, 0xF7, 0xDE, 0xFF, 0xFF, 0xD6, 0x58, 0x49, 0x43, 0x38, 0x80, 0x40, 0xE1, 0x38, 0xC1, 0x30, 0xC1, 0x30, 0x81, 0xA2, 0x22, 0xFB, 0xA1,
  0xFB, 0x81, 0xFB, 0x61, 0xFB, 0x61, 0xFB, 0x81, 0xD2, 0xE2, 0x59, 0x01, 0x38, 0xE1, 0x41, 0x02, 0x38, 0xC1, 0x30, 0xC1, 0x28, 0xA2, 0x20, 0x81, 0x18, 0x82, 0x18, 0x82, 0x10, 0x81, 0x10, 0x82,
  0x10, 0x62, 0x10, 0x62, 0x10, 0x62, 0x10, 0x62, 0x10, 0x62, 0x10, 0x62, 0x10, 0x62, 0x10, 0x62, 0x10, 0x62, 0x10, 0x62, 0x10, 0x62, 0x08, 0x61, 0x10, 0x62, 0x08, 0x61, 0x10, 0x62, 0x08, 0x61,
  0x10, 0x62, 0x08, 0x61, 0x08, 0x61, 0x08, 0x61, 0x10, 0x62, 0x10, 0x62, 0x10, 0x62, 0x10, 0x62, 0x10, 0x62, 0x10, 0x62, 0x10, 0x62, 0x10, 0x62, 0x10, 0x62, 0x08, 0x41, 0x18, 0xA3, 0x4A, 0x69,
  0x52, 0xAA, 0x21, 0x04, 0x08, 0x41, 0x10, 0x62, 0x10, 0x62, 0x10, 0x62, 0x10, 0x62, 0x10, 0x62, 0x10, 0x62, 0x10, 0x62, 0x10, 0x62, 0x08, 0x61, 0x08, 0x61, 0x08, 0x61, 0x08, 0x61, 0x08, 0x61,
  0x08, 0x61, 0x08, 0x61, 0x08, 0x61, 0x08, 0x61, 0x08, 0x61, 0x08, 0x61, 0x08, 0x61, 0x08, 0x61, 0x08, 0x61, 0x08, 0x61, 0x08, 0x61, 0x08, 0x61, 0x08, 0x61, 0x08, 0x61, 0x08, 0x61, 0x08, 0x61,
  0x08, 0x61, 0x10, 0x61, 0x10, 0x61, 0x18, 0x81, 0x20, 0x81, 0x28, 0xC1, 0x28, 0x81, 0xBA, 0xC3, 0xB2, 0x83, 0x20, 0x40, 0x28, 0x80, 0x20, 0x60, 0x18, 0x40, 0x10, 0x20, 0x08, 0x20, 0x08, 0x00,
  0x00, 0x00, 0x08, 0x20, 0x10, 0x20, 0x18, 0x40, 0x20, 0x60, 0x28, 0x80, 0x28, 0x40, 0xBA, 0xC3, 0xB2, 0xA3, 0x28, 0x80, 0x30, 0xC1, 0x20, 0xA1, 0x20, 0x81, 0x18, 0x61, 0x10, 0x61, 0x10, 0x61,
  0x10, 0x61, 0x10, 0x62, 0x08, 0x61, 0x10, 0x62, 0x10, 0x62, 0x10, 0x62, 0x08, 0x61, 0x10, 0x62, 0x10, 0x62, 0x10, 0x62, 0x10, 0x62, 0x10, 0x62, 0x10, 0x62, 0x08, 0x61, 0x10, 0x62, 0x08, 0x61,
  0x10, 0x62, 0x10, 0x62, 0x10, 0x62, 0x10, 0x62, 0x10, 0x62, 0x10, 0x62, 0x10, 0x82, 0x10, 0x62, 0x10, 0x82, 0x10, 0x82, 0x10, 0x82, 0x10, 0x82, 0x10, 0x82, 0x10, 0x62, 0x18, 0xC3, 0x29, 0x45,
  0x21, 0x24, 0x10, 0x82, 0x10, 0x62, 0x10, 0x62, 0x10, 0x62, 0x10, 0x62, 0x10, 0x62, 0x10, 0x62, 0x10, 0x62, 0x10, 0x62, 0x10, 0x62, 0x10, 0x62, 0x10, 0x62, 0x10, 0x62, 0x10, 0x62, 0x10, 0x62,
  0x10, 0x62, 0x10, 0x62, 0x10, 0x62, 0x10, 0x62, 0x10, 0x62, 0x10, 0x62, 0x08, 0x61, 0x10, 0x62, 0x10, 0x61, 0x10, 0x61, 0x18, 0x81, 0x20, 0xA1, 0x28, 0xC1, 0x30, 0xC1, 0x41, 0x01, 0x51, 0x21,
  0x61, 0xA3, 0xEF, 0x3B, 0xFF, 0xFF, 0xFF, 0xDE, 0xFF, 0xFF, 0x94, 0x0E, 0x28, 0x40, 0x38, 0xC1, 0x28, 0xA1, 0x28, 0xA1, 0x28, 0x81, 0x30, 0xA1, 0x30, 0xA0, 0x38, 0xE1, 0x30, 0x60, 0xA4, 0x90,
  0xFF, 0xFF, 0xFF, 0xDF, 0xFF, 0xFF, 0xFF, 0xFF, 0xEF, 0x5C, 0x59, 0xA4, 0x40, 0xA0, 0x51, 0x21, 0x38, 0x60, 0x83, 0x2B, 0xFF, 0xDE, 0xFF, 0xFF, 0xFF, 0xDF, 0xF7, 0xDF, 0xFF, 0xFF, 0xDE, 0xB9,
  0x41, 0x44, 0x28, 0x40, 0x30, 0xC0, 0x30, 0xA0, 0x30, 0x80, 0x38, 0x80, 0xBA, 0x82, 0xFB, 0xA1, 0xFB, 0x60, 0xFB, 0x60, 0xFB, 0x60, 0xFB, 0xA1, 0x9A, 0x21, 0x28, 0x60, 0x30, 0xA0, 0x38, 0xC1,
  0x38, 0xC0, 0x28, 0x40, 0x94, 0x0F, 0xFF, 0xFF, 0xFF, 0xFF, 0xFF, 0xFF, 0xFF, 0xDF, 0xFF, 0xFF, 0xDE, 0xDA, 0x51, 0xA5, 0x30, 0x60, 0x38, 0xE2, 0x38, 0xC1, 0x40, 0xE1, 0x38, 0xA0, 0x92, 0x02,
  0xFB, 0xA1, 0xFB, 0x60, 0xFB, 0x61, 0xFB, 0x60, 0xFB, 0x81, 0xDB, 0x02, 0x61, 0x21, 0x38, 0xC1, 0x40, 0xE2, 0x38, 0xC1, 0x30, 0xC1, 0x28, 0xA1, 0x20, 0x81, 0x18, 0x82, 0x18, 0x81, 0x10, 0x81,
  0x10, 0x61, 0x10, 0x61, 0x10, 0x61, 0x10, 0x62, 0x10, 0x62, 0x10, 0x62, 0x10, 0x62, 0x10, 0x62, 0x08, 0x61, 0x08, 0x61, 0x10, 0x62, 0x08, 0x61, 0x08, 0x61, 0x08, 0x61, 0x08, 0x61, 0x08, 0x61,
  0x10, 0x62, 0x08, 0x61, 0x08, 0x61, 0x08, 0x61, 0x10, 0x62, 0x10, 0x62, 0x10, 0x62, 0x10, 0x62, 0x10, 0x62, 0x10, 0x62, 0x10, 0x62, 0x08, 0x61, 0x08, 0x61, 0x08, 0x61, 0x10, 0x82, 0x4A, 0x49,
  0x52, 0xAA, 0x29, 0x25, 0x08, 0x21, 0x10, 0x62, 0x08, 0x61, 0x10, 0x62, 0x10, 0x62, 0x10, 0x62, 0x10, 0x62, 0x10, 0x62, 0x08, 0x61, 0x08, 0x61, 0x08, 0x61, 0x08, 0x61, 0x08, 0x61, 0x08, 0x61,
  0x08, 0x41, 0x08, 0x61, 0x08, 0x61, 0x08, 0x61, 0x08, 0x61, 0x08, 0x61, 0x08, 0x61, 0x08, 0x61, 0x08, 0x61, 0x08, 0x61, 0x08, 0x61, 0x08, 0x61, 0x08, 0x41, 0x08, 0x61, 0x08, 0x61, 0x08, 0x61,
  0x08, 0x61, 0x10, 0x61, 0x10, 0x61, 0x18, 0x81, 0x20, 0x81, 0x28, 0xC1, 0x20, 0x80, 0xB2, 0xA3, 0xBA, 0xC3, 0x28, 0x40, 0x28, 0x80, 0x20, 0x60, 0x18, 0x40, 0x10, 0x20, 0x08, 0x20, 0x08, 0x00,
  0x00, 0x20, 0x08, 0x20, 0x10, 0x40, 0x18, 0x40, 0x20, 0x60, 0x28, 0x80, 0x28, 0x60, 0xC2, 0xE3, 0xAA, 0x83, 0x28, 0x80, 0x30, 0xC1, 0x20, 0xA1, 0x20, 0x81, 0x10, 0x61, 0x10, 0x61, 0x10, 0x61,
  0x10, 0x61, 0x10, 0x62, 0x08, 0x61, 0x10, 0x62, 0x08, 0x61, 0x08, 0x61, 0x08, 0x61, 0x08, 0x61, 0x10, 0x62, 0x10, 0x62, 0x10, 0x62, 0x10, 0x62, 0x10, 0x62, 0x08, 0x61, 0x10, 0x62, 0x08, 0x61,
  0x10, 0x62, 0x10, 0x62, 0x10, 0x62, 0x10, 0x62, 0x10, 0x62, 0x10, 0x62, 0x10, 0x82, 0x10, 0x62, 0x10, 0x62, 0x10, 0x62, 0x10, 0x62, 0x10, 0x82, 0x10, 0x82, 0x08, 0x61, 0x18, 0xC3, 0x29, 0x45,
  0x21, 0x24, 0x10, 0x82, 0x10, 0x62, 0x10, 0x62, 0x10, 0x62, 0x10, 0x62, 0x10, 0x62, 0x10, 0x62, 0x10, 0x62, 0x10, 0x62, 0x10, 0x62, 0x10, 0x62, 0x10, 0x62, 0x10, 0x62, 0x10, 0x62, 0x10, 0x62,
  0x10, 0x62, 0x10, 0x62, 0x10, 0x62, 0x10, 0x62, 0x10, 0x62, 0x08, 0x61, 0x08, 0x61, 0x10, 0x62, 0x10, 0x62, 0x10, 0x61, 0x18, 0x61, 0x20, 0xA1, 0x28, 0xA1, 0x30, 0xC1, 0x41, 0x01, 0x51, 0x21,
  0x61, 0x82, 0xEF, 0x3B, 0xFF, 0xFF, 0xFF, 0xDE, 0xFF, 0xFF, 0x94, 0x0E, 0x28, 0x40, 0x38, 0xC1, 0x30, 0xA1, 0x28, 0xA1, 0x28, 0xA1, 0x30, 0xA1, 0x38, 0xC1, 0x30, 0x40, 0x7B, 0x2B, 0xFF, 0xFF,
  0xFF, 0xDF, 0xFF, 0xFF, 0xFF, 0xDF, 0xFF, 0xDF, 0x72, 0xA9, 0x38, 0x60, 0x49, 0x01, 0x40, 0xE1, 0x49, 0x01, 0x30, 0x40, 0x72, 0xEA, 0xF7, 0xDE, 0xFF, 0xFF, 0xFF, 0xFF, 0xFF, 0xDF, 0xFF, 0xFF,
  0xDE, 0xDA, 0x41, 0x44, 0x28, 0x40, 0x38, 0xC1, 0x30, 0xA1, 0x28, 0x80, 0x30, 0x60, 0xB2, 0x62, 0xFB, 0xA1, 0xFB, 0x60, 0xFB, 0x61, 0xFB, 0x60, 0xFB, 0xA1, 0xAA, 0x42, 0x38, 0x80, 0x38, 0xC0,
  0x38, 0xC0, 0x38, 0xC1, 0x28, 0x40, 0x83, 0x8C, 0xFF, 0xFF, 0xFF, 0xFF, 0xFF, 0xDF, 0xF7, 0xDE, 0xFF, 0xFF, 0xE7, 0x1B, 0x5A, 0x06, 0x30, 0x60, 0x40, 0xE1, 0x40, 0xE1, 0x40, 0xE0, 0x38, 0xA0,
  0x89, 0xE1, 0xF3, 0x82, 0xFB, 0x60, 0xFB, 0x60, 0xFB, 0x40, 0xFB, 0x80, 0xE3, 0x42, 0x69, 0x61, 0x40, 0xC1, 0x41, 0x01, 0x38, 0xC1, 0x30, 0xA1, 0x20, 0xA1, 0x20, 0x81, 0x18, 0x81, 0x18, 0x81,
  0x10, 0x61, 0x10, 0x61, 0x10, 0x61, 0x10, 0x62, 0x10, 0x62, 0x10, 0x62, 0x10, 0x62, 0x08, 0x61, 0x08, 0x61, 0x08, 0x61, 0x08, 0x61, 0x10, 0x62, 0x10, 0x62, 0x08, 0x61, 0x08, 0x61, 0x08, 0x61,
  0x10, 0x62, 0x08, 0x61, 0x08, 0x61, 0x08, 0x61, 0x10, 0x62, 0x10, 0x62, 0x08, 0x61, 0x10, 0x62, 0x08, 0x61, 0x08, 0x61, 0x10, 0x62, 0x08, 0x61, 0x10, 0x62, 0x08, 0x61, 0x10, 0x62, 0x4A, 0x29,
  0x52, 0xAA, 0x29, 0x45, 0x08, 0x21, 0x10, 0x62, 0x10, 0x62, 0x10, 0x62, 0x10, 0x62, 0x10, 0x62, 0x10, 0x62, 0x08, 0x61, 0x08, 0x61, 0x08, 0x61, 0x08, 0x61, 0x08, 0x41, 0x08, 0x61, 0x08, 0x61,
  0x08, 0x41, 0x08, 0x61, 0x08, 0x61, 0x08, 0x61, 0x08, 0x61, 0x08, 0x61, 0x08, 0x61, 0x08, 0x61, 0x08, 0x61, 0x08, 0x61, 0x08, 0x61, 0x08, 0x61, 0x08, 0x41, 0x08, 0x61, 0x08, 0x61, 0x08, 0x61,
  0x08, 0x61, 0x10, 0x61, 0x10, 0x61, 0x18, 0x61, 0x20, 0x81, 0x28, 0xA1, 0x20, 0x80, 0xAA, 0x62, 0xC2, 0xE3, 0x28, 0x40, 0x28, 0x80, 0x20, 0x60, 0x18, 0x40, 0x10, 0x40, 0x08, 0x20, 0x08, 0x00,
  0x08, 0x00, 0x08, 0x20, 0x10, 0x40, 0x18, 0x40, 0x20, 0x60, 0x28, 0x80, 0x28, 0x60, 0xCB, 0x04, 0xA2, 0x62, 0x28, 0x80, 0x30, 0xC1, 0x28, 0xA1, 0x18, 0x81, 0x10, 0x61, 0x10, 0x61, 0x10, 0x61,
  0x10, 0x61, 0x10, 0x62, 0x08, 0x61, 0x10, 0x62, 0x08, 0x61, 0x08, 0x61, 0x10, 0x62, 0x10, 0x62, 0x10, 0x62, 0x10, 0x62, 0x10, 0x62, 0x10, 0x62, 0x10, 0x62, 0x10, 0x62, 0x10, 0x62, 0x08, 0x61,
  0x10, 0x62, 0x10, 0x62, 0x10, 0x62, 0x10, 0x62, 0x10, 0x62, 0x10, 0x62, 0x10, 0x82, 0x10, 0x62, 0x10, 0x82, 0x10, 0x62, 0x10, 0x62, 0x10, 0x82, 0x10, 0x82, 0x08, 0x61, 0x18, 0xC3, 0x29, 0x45,
  0x21, 0x24, 0x10, 0x62, 0x10, 0x62, 0x10, 0x62, 0x10, 0x62, 0x10, 0x62, 0x10, 0x62, 0x10, 0x62, 0x10, 0x62, 0x10, 0x62, 0x10, 0x62, 0x10, 0x62, 0x10, 0x62, 0x10, 0x62, 0x10, 0x62, 0x10, 0x62,
  0x10, 0x62, 0x10, 0x62, 0x08, 0x61, 0x10, 0x62, 0x10, 0x62, 0x10, 0x62, 0x08, 0x61, 0x10, 0x62, 0x10, 0x61, 0x10, 0x61, 0x18, 0x81, 0x20, 0xA1, 0x28, 0xA1, 0x30, 0xC1, 0x41, 0x01, 0x51, 0x21,
  0x61, 0x82, 0xEF, 0x3B, 0xFF, 0xFF, 0xFF, 0xDE, 0xFF, 0xFF, 0x94, 0x0F, 0x28, 0x40, 0x38, 0xE1, 0x30, 0xA1, 0x30, 0xA1, 0x30, 0xA1, 0x30, 0xC1, 0x30, 0x60, 0x51, 0xE5, 0xF7, 0x9D, 0xFF, 0xFF,
  0xFF, 0xFF, 0xFF, 0xDE, 0xFF, 0xFF, 0x94, 0x0E, 0x30, 0x40, 0x40, 0xE1, 0x38, 0xC1, 0x38, 0xC1, 0x38, 0xC1, 0x40, 0xE1, 0x30, 0x40, 0x72, 0xE9, 0xF7, 0xBE, 0xFF, 0xFF, 0xFF, 0xDF, 0xFF, 0xDF,
  0xFF, 0xFF, 0xDE, 0xFA, 0x49, 0x85, 0x30, 0x40, 0x38, 0xC1, 0x30, 0x80, 0x28, 0x80, 0x30, 0x60, 0xAA, 0x42, 0xFB, 0xA1, 0xFB, 0x40, 0xFB, 0x60, 0xFB, 0x60, 0xFB, 0xA1, 0xB2, 0x82, 0x40, 0xA0,
  0x38, 0xA0, 0x38, 0xC0, 0x40, 0xE1, 0x30, 0x40, 0x73, 0x0A, 0xF7, 0xBE, 0xFF, 0xFF, 0xFF, 0xDF, 0xFF, 0xDE, 0xFF, 0xFF, 0xEF, 0x7D, 0x6A, 0x88, 0x38, 0x60, 0x41, 0x01, 0x40, 0xC1, 0x40, 0xE1,
  0x30, 0xA1, 0x79, 0x81, 0xEB, 0x41, 0xFB, 0x60, 0xFB, 0x40, 0xFB, 0x40, 0xFB, 0x60, 0xEB, 0x61, 0x79, 0x81, 0x40, 0xC1, 0x40, 0xE1, 0x30, 0xC1, 0x28, 0xA1, 0x20, 0xA1, 0x20, 0x81, 0x18, 0x81,
  0x10, 0x61, 0x10, 0x61, 0x10, 0x61, 0x10, 0x61, 0x10, 0x62, 0x10, 0x62, 0x10, 0x62, 0x08, 0x61, 0x08, 0x61, 0x08, 0x61, 0x08, 0x61, 0x08, 0x61, 0x08, 0x61, 0x08, 0x61, 0x08, 0x61, 0x08, 0x61,
  0x08, 0x61, 0x08, 0x61, 0x08, 0x61, 0x08, 0x61, 0x08, 0x61, 0x10, 0x62, 0x08, 0x61, 0x10, 0x62, 0x08, 0x61, 0x08, 0x61, 0x08, 0x61, 0x08, 0x61, 0x08, 0x61, 0x08, 0x61, 0x08, 0x61, 0x42, 0x08,
  0x52, 0xAA, 0x29, 0x65, 0x08, 0x21, 0x08, 0x61, 0x08, 0x61, 0x08, 0x61, 0x10, 0x62, 0x08, 0x61, 0x08, 0x61, 0x08, 0x61, 0x08, 0x61, 0x08, 0x61, 0x08, 0x61, 0x08, 0x41, 0x08, 0x61, 0x08, 0x61,
  0x08, 0x41, 0x08, 0x61, 0x08, 0x61, 0x08, 0x61, 0x08, 0x61, 0x08, 0x61, 0x08, 0x61, 0x08, 0x61, 0x08, 0x61, 0x08, 0x61, 0x08, 0x61, 0x08, 0x61, 0x08, 0x61, 0x08, 0x61, 0x08, 0x61, 0x08, 0x41,
  0x08, 0x41, 0x10, 0x61, 0x10, 0x61, 0x18, 0x61, 0x20, 0x81, 0x28, 0xC1, 0x20, 0x80, 0x9A, 0x62, 0xCB, 0x03, 0x28, 0x60, 0x28, 0x80, 0x20, 0x60, 0x18, 0x40, 0x10, 0x20, 0x08, 0x20, 0x08, 0x00,
  0x08, 0x00, 0x08, 0x20, 0x10, 0x40, 0x18, 0x40, 0x20, 0x80, 0x28, 0x80, 0x28, 0x60, 0xCB, 0x04, 0x9A, 0x62, 0x28, 0x80, 0x30, 0xC1, 0x20, 0xA1, 0x18, 0x81, 0x10, 0x61, 0x10, 0x61, 0x10, 0x61,
  0x10, 0x61, 0x10, 0x62, 0x08, 0x61, 0x10, 0x62, 0x08, 0x61, 0x10, 0x62, 0x10, 0x62, 0x10, 0x62, 0x10, 0x62, 0x10, 0x62, 0x10, 0x62, 0x10, 0x62, 0x10, 0x62, 0x10, 0x62, 0x10, 0x62, 0x10, 0x62,
  0x10, 0x62, 0x10, 0x62, 0x10, 0x62, 0x10, 0x62, 0x10, 0x62, 0x10, 0x62, 0x10, 0x62, 0x10, 0x62, 0x10, 0x62, 0x10, 0x62, 0x10, 0x62, 0x10, 0x82, 0x10, 0x62, 0x08, 0x61, 0x18, 0xC3, 0x29, 0x45,
  0x21, 0x04, 0x10, 0x62, 0x10, 0x62, 0x10, 0x62, 0x10, 0x62, 0x10, 0x62, 0x10, 0x62, 0x10, 0x62, 0x10, 0x62, 0x10, 0x62, 0x10, 0x62, 0x10, 0x62, 0x10, 0x62, 0x08, 0x61, 0x10, 0x62, 0x10, 0x62,
  0x10, 0x62, 0x10, 0x62, 0x08, 0x61, 0x10, 0x62, 0x10, 0x62, 0x10, 0x62, 0x08, 0x61, 0x10, 0x62, 0x10, 0x61, 0x10, 0x61, 0x18, 0x81, 0x20, 0xA1, 0x28, 0xA1, 0x30, 0xC1, 0x41, 0x02, 0x51, 0x21,
  0x61, 0x82, 0xEF, 0x3B, 0xFF, 0xFF, 0xFF, 0xDE, 0xFF, 0xFF, 0x94, 0x0F, 0x30, 0x60, 0x38, 0xE1, 0x30, 0xA1, 0x30, 0xA1, 0x30, 0xC1, 0x30, 0xA0, 0x39, 0x02, 0xDE, 0xDA, 0xFF, 0xFF, 0xFF, 0xDF,
  0xFF, 0xDE, 0xFF, 0xFF, 0xBD, 0x74, 0x38, 0x80, 0x40, 0xE1, 0x38, 0xC1, 0x30, 0xC1, 0x30, 0xC1, 0x30, 0xA1, 0x30, 0xC0, 0x40, 0xE1, 0x30, 0x60, 0x6A, 0xC9, 0xF7, 0x9D, 0xFF, 0xFF, 0xFF, 0xDF,
  0xFF, 0xDE, 0xFF, 0xFF, 0xE7, 0x1B, 0x49, 0xA5, 0x20, 0x20, 0x30, 0xA0, 0x30, 0xA0, 0x30, 0xA0, 0x30, 0x80, 0xA2, 0x22, 0xFB, 0xA1, 0xFB, 0x60, 0xFB, 0x60, 0xFB, 0x60, 0xFB, 0xA1, 0xBA, 0xA2,
  0x40, 0xA0, 0x38, 0xA0, 0x40, 0xC0, 0x40, 0xE1, 0x30, 0x40, 0x62, 0x68, 0xEF, 0x7C, 0xFF, 0xFF, 0xF7, 0xDF, 0xFF, 0xDE, 0xFF, 0xFF, 0xF7, 0xBE, 0x7B, 0x2A, 0x30, 0x60, 0x41, 0x01, 0x40, 0xE1,
  0x40, 0xE1, 0x30, 0xA1, 0x69, 0x61, 0xE3, 0x42, 0xFB, 0x60, 0xFB, 0x40, 0xFB, 0x60, 0xFB, 0x80, 0xF3, 0x82, 0x79, 0xA1, 0x38, 0xC1, 0x40, 0xE1, 0x30, 0xC1, 0x28, 0xA1, 0x20, 0xA1, 0x18, 0x81,
  0x18, 0x81, 0x10, 0x61, 0x10, 0x61, 0x10, 0x61, 0x10, 0x61, 0x08, 0x61, 0x08, 0x61, 0x08, 0x61, 0x08, 0x61, 0x08, 0x61, 0x08, 0x61, 0x08, 0x61, 0x08, 0x61, 0x08, 0x61, 0x08, 0x61, 0x08, 0x61,
  0x08, 0x61, 0x08, 0x61, 0x08, 0x61, 0x08, 0x61, 0x08, 0x61, 0x10, 0x62, 0x08, 0x61, 0x10, 0x62, 0x08, 0x61, 0x08, 0x61, 0x08, 0x61, 0x08, 0x61, 0x08, 0x61, 0x10, 0x62, 0x08, 0x61, 0x42, 0x08,
  0x52, 0xAA, 0x31, 0x86, 0x08, 0x21, 0x10, 0x62, 0x08, 0x61, 0x08, 0x61, 0x10, 0x62, 0x10, 0x62, 0x08, 0x61, 0x08, 0x61, 0x08, 0x61, 0x08, 0x61, 0x08, 0x61, 0x08, 0x61, 0x08, 0x61, 0x08, 0x61,
  0x08, 0x61, 0x08, 0x61, 0x08, 0x61, 0x08, 0x61, 0x08, 0x61, 0x08, 0x61, 0x08, 0x61, 0x08, 0x61, 0x08, 0x61, 0x08, 0x61, 0x08, 0x61, 0x08, 0x61, 0x08, 0x41, 0x08, 0x61, 0x08, 0x61, 0x08, 0x61,
  0x08, 0x61, 0x10, 0x61, 0x10, 0x61, 0x18, 0x81, 0x20, 0x81, 0x28, 0xC1, 0x20, 0x80, 0x9A, 0x42, 0xD3, 0x24, 0x28, 0x60, 0x28, 0x80, 0x20, 0x60, 0x18, 0x40, 0x10, 0x40, 0x08, 0x20, 0x08, 0x00,
  0x08, 0x00, 0x08, 0x20, 0x10, 0x40, 0x18, 0x40, 0x20, 0x60, 0x28, 0x80, 0x28, 0x60, 0xCB, 0x24, 0x9A, 0x42, 0x28, 0x80, 0x30, 0xC1, 0x20, 0xA1, 0x18, 0x81, 0x10, 0x61, 0x10, 0x61, 0x10, 0x61,
  0x10, 0x62, 0x10, 0x62, 0x08, 0x61, 0x10, 0x62, 0x10, 0x62, 0x10, 0x62, 0x08, 0x61, 0x10, 0x62, 0x10, 0x62, 0x10, 0x62, 0x10, 0x62, 0x10, 0x62, 0x10, 0x62, 0x10, 0x62, 0x10, 0x62, 0x08, 0x61,
  0x10, 0x62, 0x10, 0x62, 0x10, 0x62, 0x10, 0x62, 0x10, 0x62, 0x10, 0x62, 0x10, 0x62, 0x10, 0x62, 0x10, 0x82, 0x10, 0x62, 0x10, 0x62, 0x10, 0x62, 0x10, 0x82, 0x08, 0x61, 0x18, 0xE3, 0x29, 0x45,
  0x21, 0x04, 0x10, 0x62, 0x10, 0x62, 0x10, 0x62, 0x10, 0x62, 0x10, 0x62, 0x10, 0x62, 0x10, 0x62, 0x10, 0x62, 0x10, 0x62, 0x10, 0x62, 0x10, 0x62, 0x10, 0x62, 0x10, 0x62, 0x10, 0x62, 0x10, 0x62,
  0x10, 0x62, 0x10, 0x62, 0x08, 0x61, 0x10, 0x62, 0x10, 0x62, 0x10, 0x62, 0x08, 0x61, 0x10, 0x62, 0x10, 0x61, 0x10, 0x61, 0x18, 0x81, 0x20, 0xA1, 0x28, 0xA1, 0x30, 0xC1, 0x41, 0x02, 0x51, 0x21,
  0x61, 0x82, 0xEF, 0x3B, 0xFF, 0xFF, 0xFF, 0xDE, 0xFF, 0xFF, 0x94, 0x0F, 0x30, 0x40, 0x38, 0xE1, 0x30, 0xC1, 0x38, 0xC1, 0x38, 0xC1, 0x30, 0x60, 0xBD, 0x95, 0xFF, 0xFF, 0xFF, 0xDE, 0xFF, 0xDF,
  0xFF, 0xFF, 0xD6, 0x99, 0x49, 0x01, 0x48, 0xC0, 0x38, 0xE1, 0x30, 0xC1, 0x28, 0xA1, 0x28, 0xA1, 0x28, 0xA1, 0x30, 0xA1, 0x30, 0xC1, 0x38, 0xE1, 0x30, 0x60, 0x6A, 0x67, 0xF7, 0x9D, 0xFF, 0xFF,
  0xFF, 0xDF, 0xFF, 0xDF, 0xFF, 0xFF, 0xE7, 0x3C, 0x49, 0xC6, 0x20, 0x20, 0x38, 0xC0, 0x38, 0xA0, 0x38, 0xA0, 0x30, 0x80, 0x9A, 0x02, 0xFB, 0xC1, 0xFB, 0x80, 0xFB, 0x61, 0xFB, 0x60, 0xFB, 0x81,
  0xCA, 0xC2, 0x48, 0xE0, 0x38, 0xC0, 0x40, 0xC1, 0x40, 0xE1, 0x28, 0x60, 0x51, 0xE6, 0xE7, 0x1B, 0xFF, 0xFF, 0xFF, 0xDF, 0xFF, 0xFF, 0xFF, 0xFF, 0xFF, 0xFF, 0x8B, 0xAD, 0x30, 0x60, 0x40, 0xE2,
  0x38, 0xE1, 0x40, 0xE1, 0x30, 0xA1, 0x61, 0x21, 0xE3, 0x22, 0xFB, 0x80, 0xFB, 0x60, 0xFB, 0x61, 0xFB, 0x80, 0xF3, 0x81, 0x69, 0x61, 0x38, 0xC1, 0x38, 0xE1, 0x30, 0xC1, 0x28, 0xA1, 0x20, 0x81,
  0x18, 0x81, 0x18, 0x81, 0x10, 0x61, 0x10, 0x61, 0x08, 0x61, 0x08, 0x61, 0x08, 0x61, 0x08, 0x61, 0x08, 0x61, 0x08, 0x61, 0x08, 0x61, 0x08, 0x61, 0x08, 0x61, 0x08, 0x61, 0x08, 0x61, 0x08, 0x61,
  0x10, 0x62, 0x08, 0x61, 0x08, 0x61, 0x08, 0x61, 0x08, 0x61, 0x08, 0x61, 0x08, 0x61, 0x08, 0x61, 0x08, 0x61, 0x08, 0x61, 0x08, 0x61, 0x08, 0x61, 0x08, 0x61, 0x10, 0x62, 0x08, 0x41, 0x41, 0xE8,
  0x5A, 0xCB, 0x31, 0xA6, 0x08, 0x21, 0x10, 0x62, 0x08, 0x61, 0x08, 0x61, 0x08, 0x61, 0x08, 0x61, 0x08, 0x61, 0x08, 0x61, 0x08, 0x61, 0x08, 0x61, 0x08, 0x41, 0x08, 0x61, 0x08, 0x61, 0x08, 0x61,
  0x08, 0x61, 0x08, 0x61, 0x08, 0x61, 0x08, 0x61, 0x08, 0x61, 0x08, 0x61, 0x08, 0x61, 0x08, 0x61, 0x08, 0x61, 0x08, 0x61, 0x08, 0x61, 0x08, 0x61, 0x08, 0x41, 0x08, 0x61, 0x08, 0x61, 0x08, 0x61,
  0x08, 0x61, 0x10, 0x61, 0x10, 0x61, 0x18, 0x81, 0x20, 0x81, 0x28, 0xC1, 0x20, 0x81, 0x92, 0x22, 0xD3, 0x24, 0x28, 0x60, 0x28, 0x80, 0x20, 0x60, 0x18, 0x40, 0x10, 0x40, 0x08, 0x20, 0x08, 0x00,
  0x08, 0x00, 0x08, 0x20, 0x10, 0x40, 0x18, 0x40, 0x20, 0x80, 0x30, 0x80, 0x28, 0x60, 0xD3, 0x24, 0x9A, 0x42, 0x28, 0x81, 0x30, 0xC1, 0x20, 0xA1, 0x18, 0x81, 0x10, 0x61, 0x10, 0x61, 0x10, 0x61,
  0x10, 0x62, 0x10, 0x62, 0x08, 0x61, 0x08, 0x61, 0x08, 0x61, 0x08, 0x61, 0x08, 0x61, 0x10, 0x62, 0x10, 0x62, 0x10, 0x62, 0x10, 0x62, 0x10, 0x62, 0x10, 0x62, 0x10, 0x62, 0x10, 0x62, 0x08, 0x61,
  0x10, 0x62, 0x10, 0x62, 0x10, 0x62, 0x10, 0x62, 0x10, 0x62, 0x10, 0x62, 0x10, 0x62, 0x10, 0x62, 0x10, 0x82, 0x10, 0x62, 0x10, 0x62, 0x10, 0x62, 0x10, 0x62, 0x08, 0x61, 0x18, 0xE3, 0x29, 0x45,
  0x21, 0x04, 0x10, 0x62, 0x10, 0x62, 0x10, 0x62, 0x10, 0x62, 0x10, 0x62, 0x10, 0x62, 0x10, 0x62, 0x10, 0x62, 0x10, 0x62, 0x10, 0x62, 0x10, 0x62, 0x10, 0x62, 0x10, 0x62, 0x10, 0x62, 0x10, 0x62,
  0x10, 0x62, 0x10, 0x62, 0x10, 0x62, 0x10, 0x62, 0x10, 0x62, 0x10, 0x62, 0x08, 0x62, 0x10, 0x62, 0x10, 0x61, 0x10, 0x61, 0x18, 0x81, 0x20, 0xA1, 0x28, 0xC2, 0x30, 0xE1, 0x41, 0x02, 0x51, 0x21,
  0x61, 0xA2, 0xEF, 0x3B, 0xFF, 0xFF, 0xFF, 0xDE, 0xFF, 0xFF, 0x94, 0x0F, 0x30, 0x60, 0x40, 0xE1, 0x38, 0xC1, 0x40, 0xE1, 0x30, 0x60, 0x7B, 0x6B, 0xFF, 0xFF, 0xF7, 0xDF, 0xFF, 0xFF, 0xFF, 0xFF,
  0xEF, 0x5C, 0x59, 0xA4, 0x40, 0xC0, 0x40, 0xE1, 0x30, 0xC1, 0x30, 0xA1, 0x20, 0xA1, 0x20, 0x81, 0x20, 0xA1, 0x28, 0xA1, 0x30, 0xA1, 0x30, 0xA1, 0x38, 0xE1, 0x28, 0x60, 0x62, 0x47, 0xEF, 0x7C,
  0xFF, 0xFF, 0xFF, 0xDF, 0xFF, 0xDE, 0xFF, 0xFF, 0xEF, 0x5C, 0x51, 0xE6, 0x30, 0x40, 0x38, 0xE1, 0x38, 0xC0, 0x38, 0xC0, 0x38, 0x80, 0x92, 0x02, 0xFB, 0xA1, 0xFB, 0x60, 0xFB, 0x60, 0xFB, 0x60,
  0xFB, 0xC1, 0xD3, 0x02, 0x50, 0xE1, 0x30, 0xA0, 0x40, 0xE1, 0x40, 0xE1, 0x30, 0x60, 0x51, 0xA4, 0xDE, 0xDA, 0xFF, 0xFF, 0xFF, 0xDF, 0xFF, 0xFF, 0xFF, 0xFF, 0xFF, 0xFF, 0x94, 0x2F, 0x28, 0x40,
  0x38, 0xE1, 0x40, 0xE1, 0x40, 0xE1, 0x30, 0xC0, 0x59, 0x21, 0xDB, 0x42, 0xFB, 0xA1, 0xFB, 0x61, 0xFB, 0x60, 0xFB, 0x80, 0xDB, 0x22, 0x50, 0xE1, 0x38, 0xE1, 0x38, 0xE1, 0x30, 0xC1, 0x20, 0xA1,
  0x18, 0x81, 0x18, 0x81, 0x10, 0x61, 0x10, 0x61, 0x08, 0x61, 0x08, 0x61, 0x08, 0x61, 0x08, 0x61, 0x08, 0x61, 0x08, 0x61, 0x08, 0x61, 0x08, 0x61, 0x08, 0x61, 0x08, 0x61, 0x08, 0x61, 0x08, 0x61,
  0x08, 0x61, 0x08, 0x61, 0x08, 0x61, 0x08, 0x61, 0x08, 0x61, 0x08, 0x61, 0x08, 0x61, 0x08, 0x61, 0x08, 0x61, 0x08, 0x61, 0x08, 0x61, 0x08, 0x61, 0x08, 0x61, 0x10, 0x62, 0x08, 0x41, 0x41, 0xE8,
  0x5A, 0xCB, 0x31, 0xA6, 0x08, 0x21, 0x08, 0x61, 0x08, 0x61, 0x08, 0x61, 0x08, 0x61, 0x08, 0x61, 0x08, 0x61, 0x08, 0x61, 0x08, 0x61, 0x08, 0x61, 0x08, 0x61, 0x08, 0x61, 0x08, 0x61, 0x08, 0x61,
  0x08, 0x61, 0x08, 0x61, 0x08, 0x61, 0x08, 0x61, 0x08, 0x61, 0x08, 0x61, 0x08, 0x61, 0x08, 0x61, 0x08, 0x61, 0x08, 0x61, 0x08, 0x61, 0x08, 0x61, 0x08, 0x41, 0x08, 0x61, 0x08, 0x61, 0x08, 0x61,
  0x08, 0x41, 0x10, 0x61, 0x10, 0x61, 0x18, 0x81, 0x20, 0x81, 0x28, 0xC1, 0x20, 0x81, 0x92, 0x22, 0xD3, 0x24, 0x28, 0x60, 0x28, 0x80, 0x20, 0x60, 0x18, 0x40, 0x10, 0x20, 0x08, 0x20, 0x08, 0x00,
  0x08, 0x00, 0x08, 0x20, 0x10, 0x40, 0x18, 0x40, 0x20, 0x80, 0x28, 0x80, 0x28, 0x60, 0xD3, 0x24, 0x9A, 0x42, 0x28, 0x81, 0x30, 0xC1, 0x20, 0xA1, 0x18, 0x81, 0x10, 0x61, 0x10, 0x61, 0x10, 0x61,
  0x10, 0x61, 0x10, 0x62, 0x10, 0x62, 0x10, 0x62, 0x10, 0x62, 0x10, 0x62, 0x10, 0x62, 0x10, 0x62, 0x10, 0x62, 0x10, 0x62, 0x10, 0x62, 0x10, 0x62, 0x10, 0x62, 0x10, 0x62, 0x10, 0x62, 0x08, 0x61,
  0x10, 0x62, 0x10, 0x62, 0x10, 0x62, 0x10, 0x62, 0x10, 0x62, 0x10, 0x62, 0x10, 0x62, 0x10, 0x62, 0x10, 0x82, 0x10, 0x62, 0x10, 0x62, 0x10, 0x62, 0x10, 0x62, 0x08, 0x61, 0x18, 0xE3, 0x29, 0x45,
  0x21, 0x04, 0x10, 0x62, 0x10, 0x62, 0x10, 0x62, 0x10, 0x82, 0x10, 0x62, 0x10, 0x62, 0x10, 0x62, 0x10, 0x62, 0x10, 0x62, 0x10, 0x62, 0x10, 0x62, 0x10, 0x62, 0x10, 0x62, 0x10, 0x62, 0x10, 0x62,
  0x10, 0x62, 0x10, 0x62, 0x10, 0x62, 0x10, 0x62, 0x10, 0x62, 0x10, 0x62, 0x10, 0x62, 0x10, 0x82, 0x10, 0x81, 0x10, 0x61, 0x18, 0x81, 0x20, 0xA1, 0x28, 0xC2, 0x30, 0xE1, 0x41, 0x02, 0x51, 0x21,
  0x61, 0xA3, 0xEF, 0x3B, 0xFF, 0xFF, 0xFF, 0xDE, 0xFF, 0xFF, 0x94, 0x2E, 0x30, 0x60, 0x41, 0x01, 0x38, 0xE1, 0x40, 0xE1, 0x49, 0x22, 0xE6, 0xFB, 0xFF, 0xFF, 0xFF, 0xDF, 0xFF, 0xDF, 0xFF, 0xFF,
  0x72, 0xC9, 0x38, 0x60, 0x41, 0x01, 0x38, 0xC1, 0x30, 0xC1, 0x28, 0xA1, 0x20, 0x81, 0x18, 0x81, 0x20, 0x81, 0x20, 0x81, 0x28, 0xA1, 0x28, 0xA1, 0x30, 0xA1, 0x38, 0xE2, 0x30, 0x60, 0x62, 0x27,
  0xEF, 0x5C, 0xFF, 0xFF, 0xFF, 0xDE, 0xFF, 0xDF, 0xFF, 0xFF, 0xEF, 0x5C, 0x5A, 0x27, 0x28, 0x40, 0x38, 0xA0, 0x38, 0xA0, 0x38, 0xC0, 0x28, 0x60, 0x81, 0x81, 0xF3, 0x41, 0xFB, 0x40, 0xFB, 0x40,
  0xFB, 0x60, 0xFB, 0x80, 0xD2, 0xE2, 0x50, 0xC0, 0x30, 0x80, 0x40, 0xE1, 0x40, 0xE1, 0x38, 0xA0, 0x49, 0x64, 0xD6, 0x78, 0xFF, 0xFF, 0xFF, 0xDF, 0xFF, 0xFF, 0xFF, 0xDF, 0xFF, 0xFF, 0xA4, 0x90,
  0x30, 0x80, 0x40, 0xC1, 0x40, 0xE1, 0x40, 0xE1, 0x38, 0xC1, 0x59, 0x01, 0xD3, 0x22, 0xFB, 0xA1, 0xFB, 0x60, 0xFB, 0x60, 0xFB, 0x81, 0xAA, 0x62, 0x38, 0xC1, 0x40, 0xE1, 0x38, 0xC1, 0x28, 0xA1,
  0x20, 0xA1, 0x18, 0x81, 0x18, 0x81, 0x10, 0x61, 0x10, 0x61, 0x08, 0x61, 0x08, 0x61, 0x08, 0x61, 0x08, 0x61, 0x08, 0x61, 0x08, 0x61, 0x08, 0x61, 0x08, 0x61, 0x08, 0x61, 0x08, 0x61, 0x08, 0x61,
  0x08, 0x61, 0x08, 0x61, 0x08, 0x61, 0x08, 0x61, 0x08, 0x61, 0x08, 0x61, 0x08, 0x61, 0x08, 0x61, 0x08, 0x61, 0x08, 0x61, 0x08, 0x61, 0x08, 0x61, 0x08, 0x61, 0x10, 0x62, 0x08, 0x41, 0x29, 0x65,
  0x52, 0x8A, 0x21, 0x24, 0x08, 0x41, 0x08, 0x61, 0x08, 0x61, 0x08, 0x61, 0x08, 0x61, 0x08, 0x61, 0x08, 0x61, 0x08, 0x61, 0x08, 0x61, 0x08, 0x61, 0x08, 0x61, 0x08, 0x61, 0x08, 0x61, 0x08, 0x61,
  0x08, 0x61, 0x08, 0x61, 0x10, 0x62, 0x08, 0x61, 0x08, 0x61, 0x08, 0x61, 0x08, 0x61, 0x08, 0x61, 0x08, 0x61, 0x08, 0x61, 0x08, 0x61, 0x08, 0x61, 0x08, 0x41, 0x08, 0x61, 0x08, 0x61, 0x08, 0x61,
  0x08, 0x61, 0x10, 0x61, 0x10, 0x61, 0x18, 0x81, 0x20, 0x81, 0x28, 0xC1, 0x20, 0x61, 0x92, 0x22, 0xD3, 0x24, 0x28, 0x60, 0x28, 0x80, 0x20, 0x60, 0x18, 0x40, 0x10, 0x20, 0x08, 0x20, 0x08, 0x00,
  0x08, 0x00, 0x08, 0x20, 0x10, 0x40, 0x18, 0x40, 0x20, 0x60, 0x28, 0x80, 0x28, 0x60, 0xCB, 0x24, 0x9A, 0x42, 0x28, 0x80, 0x30, 0xC1, 0x20, 0xA1, 0x18, 0x81, 0x10, 0x61, 0x10, 0x61, 0x10, 0x61,
  0x10, 0x62, 0x10, 0x62, 0x10, 0x62, 0x10, 0x62, 0x10, 0x62, 0x10, 0x62, 0x08, 0x61, 0x10, 0x62, 0x10, 0x62, 0x10, 0x62, 0x10, 0x62, 0x10, 0x62, 0x10, 0x62, 0x10, 0x62, 0x10, 0x62, 0x10, 0x62,
  0x10, 0x62, 0x10, 0x62, 0x10, 0x62, 0x10, 0x62, 0x10, 0x62, 0x10, 0x62, 0x10, 0x62, 0x10, 0x62, 0x10, 0x62, 0x10, 0x62, 0x10, 0x62, 0x10, 0x62, 0x10, 0x62, 0x08, 0x61, 0x18, 0xE3, 0x29, 0x45,
  0x21, 0x04, 0x10, 0x62, 0x10, 0x62, 0x10, 0x62, 0x10, 0x62, 0x10, 0x62, 0x10, 0x62, 0x10, 0x62, 0x10, 0x62, 0x10, 0x62, 0x10, 0x62, 0x10, 0x62, 0x10, 0x62, 0x10, 0x62, 0x10, 0x62, 0x10, 0x82,
  0x10, 0x62, 0x10, 0x62, 0x10, 0x62, 0x10, 0x62, 0x10, 0x62, 0x10, 0x62, 0x10, 0x62, 0x10, 0x82, 0x10, 0x61, 0x10, 0x81, 0x18, 0x81, 0x20, 0xA2, 0x28, 0xC2, 0x30, 0xE1, 0x41, 0x01, 0x51, 0x41,
  0x61, 0xA3, 0xEF, 0x3B, 0xFF, 0xFF, 0xFF, 0xDE, 0xFF, 0xFF, 0x94, 0x2E, 0x30, 0x60, 0x41, 0x01, 0x41, 0x01, 0x38, 0x80, 0x83, 0x6C, 0xFF, 0xFF, 0xFF, 0xDF, 0xFF, 0xDF, 0xFF, 0xFF, 0xA4, 0x90,
  0x30, 0x60, 0x41, 0x02, 0x38, 0xC1, 0x30, 0xC1, 0x28, 0xA1, 0x20, 0x81, 0x18, 0x81, 0x18, 0x81, 0x18, 0x81, 0x18, 0x81, 0x20, 0x81, 0x20, 0x81, 0x28, 0xA1, 0x28, 0xA1, 0x38, 0xE1, 0x30, 0x40,
  0x59, 0xE6, 0xEF, 0x3B, 0xFF, 0xFF, 0xFF, 0xDF, 0xFF, 0xDE, 0xFF, 0xFF, 0xEF, 0x9D, 0x62, 0x88, 0x41, 0x22, 0x49, 0x63, 0x49, 0x43, 0x49, 0x43, 0x39, 0x02, 0x8A, 0x24, 0xEB, 0xE4, 0xF3, 0xC4,
  0xF3, 0xC3, 0xEB, 0x83, 0xF3, 0xC3, 0xD3, 0x85, 0x59, 0x42, 0x30, 0x60, 0x40, 0xE1, 0x40, 0xE1, 0x38, 0x80, 0x41, 0x02, 0xC5, 0xF6, 0xFF, 0xFF, 0xF7, 0xDF, 0xFF, 0xFF, 0xFF, 0xDF, 0xFF, 0xFF,
  0xAD, 0x12, 0x30, 0x80, 0x40, 0xC1, 0x40, 0xE1, 0x38, 0xE1, 0x30, 0xA1, 0x59, 0x01, 0xEB, 0x62, 0xFB, 0x60, 0xFB, 0x40, 0xFB, 0x40, 0xF3, 0x81, 0x71, 0x81, 0x38, 0xC1, 0x40, 0xE1, 0x30, 0xC1,
  0x20, 0xA1, 0x20, 0x81, 0x18, 0x81, 0x10, 0x61, 0x10, 0x61, 0x08, 0x61, 0x08, 0x61, 0x08, 0x61, 0x08, 0x61, 0x08, 0x61, 0x08, 0x61, 0x08, 0x61, 0x08, 0x61, 0x08, 0x61, 0x08, 0x61, 0x08, 0x61,
  0x08, 0x61, 0x08, 0x61, 0x08, 0x61, 0x08, 0x61, 0x08, 0x61, 0x08, 0x61, 0x08, 0x61, 0x08, 0x61, 0x08, 0x61, 0x08, 0x61, 0x08, 0x61, 0x08, 0x61, 0x08, 0x61, 0x08, 0x61, 0x08, 0x61, 0x18, 0xA3,
  0x21, 0x04, 0x10, 0xA2, 0x08, 0x41, 0x08, 0x61, 0x08, 0x61, 0x08, 0x61, 0x08, 0x61, 0x08, 0x61, 0x08, 0x61, 0x08, 0x61, 0x08, 0x61, 0x08, 0x61, 0x08, 0x61, 0x08, 0x61, 0x08, 0x61, 0x08, 0x61,
  0x08, 0x61, 0x08, 0x61, 0x08, 0x61, 0x08, 0x61, 0x08, 0x61, 0x08, 0x61, 0x08, 0x61, 0x08, 0x61, 0x08, 0x61, 0x08, 0x61, 0x08, 0x61, 0x08, 0x61, 0x08, 0x41, 0x08, 0x61, 0x08, 0x61, 0x08, 0x41,
  0x08, 0x61, 0x10, 0x61, 0x10, 0x61, 0x18, 0x81, 0x20, 0x81, 0x28, 0xC1, 0x20, 0x61, 0x92, 0x22, 0xD3, 0x24, 0x28, 0x60, 0x28, 0x80, 0x20, 0x60, 0x18, 0x40, 0x10, 0x20, 0x08, 0x20, 0x08, 0x00,
  0x08, 0x00, 0x08, 0x20, 0x10, 0x40, 0x18, 0x40, 0x20, 0x80, 0x28, 0x80, 0x28, 0x60, 0xCB, 0x03, 0x9A, 0x62, 0x28, 0x80, 0x30, 0xC1, 0x20, 0xA1, 0x18, 0x81, 0x10, 0x81, 0x10, 0x61, 0x10, 0x61,
  0x10, 0x62, 0x10, 0x62, 0x10, 0x62, 0x10, 0x62, 0x10, 0x62, 0x10, 0x62, 0x10, 0x62, 0x10, 0x62, 0x10, 0x62, 0x10, 0x62, 0x10, 0x62, 0x10, 0x62, 0x10, 0x62, 0x10, 0x62, 0x10, 0x62, 0x10, 0x62,
  0x10, 0x62, 0x10, 0x62, 0x10, 0x62, 0x10, 0x82, 0x10, 0x62, 0x10, 0x62, 0x10, 0x62, 0x10, 0x62, 0x10, 0x62, 0x10, 0x62, 0x10, 0x62, 0x10, 0x82, 0x10, 0x62, 0x08, 0x61, 0x18, 0xE3, 0x29, 0x45,
  0x21, 0x04, 0x10, 0x62, 0x10, 0x62, 0x10, 0x62, 0x10, 0x62, 0x10, 0x62, 0x10, 0x62, 0x10, 0x62, 0x10, 0x62, 0x10, 0x62, 0x10, 0x62, 0x10, 0x62, 0x10, 0x62, 0x10, 0x62, 0x10, 0x62, 0x10, 0x82,
  0x10, 0x62, 0x10, 0x62, 0x10, 0x62, 0x10, 0x82, 0x10, 0x82, 0x10, 0x82, 0x10, 0x62, 0x10, 0x82, 0x10, 0x82, 0x10, 0x81, 0x18, 0x81, 0x20, 0xA2, 0x28, 0xC2, 0x30, 0xE1, 0x49, 0x02, 0x51, 0x41,
  0x61, 0xA3, 0xEF, 0x3B, 0xFF, 0xFF, 0xFF, 0xDE, 0xFF, 0xFF, 0x94, 0x2E, 0x38, 0x80, 0x49, 0x22, 0x49, 0x01, 0x40, 0xC0, 0xC5, 0xF6, 0xFF, 0xFF, 0xFF, 0xDE, 0xFF, 0xFF, 0xE7, 0x3B, 0x51, 0x42,
  0x48, 0xE1, 0x38, 0xE1, 0x30, 0xC1, 0x28, 0xA1, 0x20, 0xA1, 0x18, 0x81, 0x18, 0x81, 0x18, 0x61, 0x18, 0x82, 0x10, 0x81, 0x18, 0x81, 0x18, 0x81, 0x20, 0x81, 0x28, 0x81, 0x28, 0xA1, 0x30, 0xE1,
  0x28, 0x60, 0x51, 0xC5, 0xE7, 0x1B, 0xFF, 0xFF, 0xFF, 0xDE, 0xFF, 0xDF, 0xFF, 0xFF, 0xFF, 0xFE, 0xEF, 0x5C, 0xEF, 0x7D, 0xEF, 0x5C, 0xEF, 0x5C, 0xEF, 0x5C, 0xE7, 0x5C, 0xF7, 0x7C, 0xF7, 0x9C,
  0xF7, 0x7B, 0xF7, 0x7B, 0xF7, 0x7B, 0xFF, 0xBB, 0xEF, 0x1B, 0x62, 0x68, 0x28, 0x40, 0x40, 0xE1, 0x38, 0xE0, 0x38, 0xA0, 0x30, 0xA1, 0xB5, 0x74, 0xFF, 0xFF, 0xF7, 0xDF, 0xFF, 0xFF, 0xF7, 0xDF,
  0xFF, 0xFF, 0xB5, 0x33, 0x30, 0xA0, 0x40, 0xE1, 0x38, 0xC1, 0x40, 0xC1, 0x30, 0xA1, 0x71, 0x82, 0xFB, 0x61, 0xFB, 0x60, 0xF3, 0x40, 0xFB, 0x80, 0xCA, 0xC1, 0x48, 0xE1, 0x40, 0xE1, 0x38, 0xC1,
  0x28, 0xA1, 0x20, 0x81, 0x18, 0x81, 0x10, 0x61, 0x10, 0x61, 0x08, 0x61, 0x08, 0x61, 0x08, 0x61, 0x08, 0x61, 0x08, 0x61, 0x08, 0x61, 0x08, 0x61, 0x08, 0x61, 0x08, 0x61, 0x08, 0x61, 0x08, 0x61,
  0x08, 0x61, 0x08, 0x61, 0x08, 0x61, 0x08, 0x61, 0x08, 0x61, 0x08, 0x61, 0x08, 0x61, 0x08, 0x61, 0x08, 0x61, 0x08, 0x61, 0x08, 0x61, 0x08, 0x61, 0x08, 0x61, 0x08, 0x61, 0x08, 0x61, 0x18, 0xC3,
  0x21, 0x04, 0x18, 0xA3, 0x08, 0x41, 0x08, 0x61, 0x08, 0x61, 0x08, 0x61, 0x08, 0x61, 0x08, 0x61, 0x08, 0x61, 0x08, 0x61, 0x08, 0x61, 0x08, 0x61, 0x08, 0x61, 0x08, 0x61, 0x08, 0x61, 0x08, 0x61,
  0x08, 0x61, 0x08, 0x61, 0x08, 0x61, 0x08, 0x61, 0x08, 0x61, 0x08, 0x61, 0x08, 0x61, 0x08, 0x61, 0x08, 0x61, 0x08, 0x61, 0x08, 0x61, 0x08, 0x61, 0x08, 0x61, 0x08, 0x61, 0x08, 0x61, 0x08, 0x61,
  0x08, 0x61, 0x10, 0x61, 0x10, 0x61, 0x18, 0x81, 0x20, 0x81, 0x28, 0xC1, 0x20, 0x60, 0x92, 0x42, 0xD3, 0x23, 0x28, 0x60, 0x28, 0x80, 0x20, 0x60, 0x18, 0x40, 0x10, 0x20, 0x08, 0x20, 0x08, 0x00,
  0x08, 0x00, 0x08, 0x20, 0x10, 0x40, 0x18, 0x40, 0x20, 0x60, 0x30, 0x80, 0x28, 0x60, 0xCA, 0xE3, 0xA2, 0x62, 0x28, 0x80, 0x30, 0xC1, 0x20, 0xA1, 0x18, 0x81, 0x10, 0x81, 0x10, 0x61, 0x10, 0x61,
  0x10, 0x62, 0x10, 0x62, 0x10, 0x62, 0x10, 0x62, 0x10, 0x62, 0x10, 0x62, 0x10, 0x62, 0x10, 0x62, 0x10, 0x62, 0x10, 0x62, 0x10, 0x62, 0x10, 0x62, 0x10, 0x62, 0x10, 0x62, 0x10, 0x62, 0x10, 0x62,
  0x10, 0x62, 0x10, 0x62, 0x10, 0x62, 0x10, 0x62, 0x10, 0x62, 0x10, 0x62, 0x10, 0x62, 0x10, 0x62, 0x10, 0x62, 0x10, 0x62, 0x10, 0x62, 0x10, 0x62, 0x10, 0x82, 0x08, 0x61, 0x18, 0xE3, 0x29, 0x45,
  0x21, 0x04, 0x10, 0x82, 0x10, 0x62, 0x10, 0x62, 0x10, 0x82, 0x10, 0x62, 0x10, 0x62, 0x10, 0x82, 0x10, 0x62, 0x10, 0x62, 0x10, 0x82, 0x10, 0x62, 0x10, 0x62, 0x10, 0x62, 0x10, 0x62, 0x10, 0x82,
  0x10, 0x82, 0x10, 0x62, 0x10, 0x62, 0x10, 0x82, 0x10, 0x82, 0x10, 0x82, 0x10, 0x62, 0x10, 0x82, 0x10, 0x82, 0x10, 0x81, 0x18, 0x81, 0x20, 0xA2, 0x28, 0xC2, 0x38, 0xE2, 0x49, 0x22, 0x59, 0x41,
  0x69, 0xA3, 0xEF, 0x3B, 0xFF, 0xFF, 0xFF, 0xDE, 0xFF, 0xFF, 0x9C, 0x2F, 0x38, 0x80, 0x49, 0x22, 0x40, 0xE1, 0x51, 0xA4, 0xF7, 0x9D, 0xFF, 0xFF, 0xFF, 0xDE, 0xFF, 0xFF, 0xA4, 0x90, 0x40, 0xA0,
  0x49, 0x22, 0x38, 0xE1, 0x30, 0xC1, 0x20, 0xA1, 0x18, 0x81, 0x18, 0x81, 0x10, 0x81, 0x10, 0x61, 0x10, 0x81, 0x10, 0x61, 0x10, 0x61, 0x18, 0x61, 0x18, 0x61, 0x20, 0x81, 0x20, 0x81, 0x28, 0x81,
  0x30, 0xC1, 0x30, 0x60, 0x51, 0xC5, 0xE7, 0x1B, 0xFF, 0xFF, 0xFF, 0xDE, 0xFF, 0xFF, 0xFF, 0xFF, 0xFF, 0xFF, 0xFF, 0xFF, 0xFF, 0xFF, 0xFF, 0xFF, 0xFF, 0xFF, 0xFF, 0xFF, 0xFF, 0xFF, 0xFF, 0xFF,
  0xFF, 0xFF, 0xFF, 0xFF, 0xFF, 0xFF, 0xFF, 0xFF, 0xFF, 0xFF, 0xF7, 0x9D, 0x6A, 0xA9, 0x28, 0x40, 0x38, 0xC1, 0x38, 0xE1, 0x38, 0xA0, 0x28, 0x80, 0xAD, 0x13, 0xFF, 0xFF, 0xF7, 0xDE, 0xFF, 0xFF,
  0xF7, 0xDE, 0xFF, 0xFF, 0x94, 0x2F, 0x30, 0x60, 0x38, 0xE1, 0x38, 0xC1, 0x38, 0xC1, 0x30, 0x80, 0xAA, 0x82, 0xFB, 0x81, 0xFB, 0x40, 0xFB, 0x60, 0xFB, 0x82, 0x79, 0x81, 0x40, 0xE0, 0x38, 0xE1,
  0x30, 0xC1, 0x20, 0xA1, 0x18, 0x81, 0x10, 0x61, 0x10, 0x61, 0x08, 0x61, 0x08, 0x61, 0x08, 0x61, 0x08, 0x61, 0x08, 0x61, 0x08, 0x61, 0x08, 0x61, 0x08, 0x61, 0x08, 0x61, 0x08, 0x61, 0x08, 0x61,
  0x08, 0x61, 0x08, 0x61, 0x08, 0x41, 0x08, 0x61, 0x08, 0x61, 0x08, 0x61, 0x08, 0x61, 0x08, 0x61, 0x08, 0x61, 0x08, 0x61, 0x08, 0x61, 0x08, 0x61, 0x08, 0x61, 0x08, 0x61, 0x08, 0x61, 0x18, 0xC3,
  0x21, 0x04, 0x18, 0xA3, 0x08, 0x41, 0x08, 0x61, 0x08, 0x61, 0x08, 0x61, 0x08, 0x61, 0x08, 0x61, 0x08, 0x61, 0x08, 0x61, 0x08, 0x61, 0x08, 0x61, 0x08, 0x61, 0x08, 0x61, 0x08, 0x61, 0x08, 0x61,
  0x08, 0x41, 0x08, 0x61, 0x08, 0x61, 0x08, 0x61, 0x08, 0x61, 0x08, 0x41, 0x08, 0x61, 0x08, 0x61, 0x08, 0x61, 0x08, 0x61, 0x08, 0x61, 0x08, 0x61, 0x08, 0x41, 0x08, 0x61, 0x08, 0x61, 0x08, 0x61,
  0x08, 0x61, 0x10, 0x61, 0x10, 0x61, 0x18, 0x61, 0x20, 0x81, 0x28, 0xC1, 0x20, 0x60, 0x9A, 0x42, 0xCB, 0x03, 0x28, 0x60, 0x28, 0x80, 0x20, 0x60, 0x18, 0x40, 0x10, 0x20, 0x08, 0x20, 0x08, 0x00,
  0x00, 0x20, 0x08, 0x20, 0x10, 0x40, 0x18, 0x40, 0x20, 0x60, 0x28, 0x80, 0x28, 0x40, 0xC2, 0xE3, 0xAA, 0x83, 0x28, 0x80, 0x30, 0xC1, 0x28, 0xA1, 0x20, 0x81, 0x18, 0x81, 0x10, 0x61, 0x10, 0x61,
  0x10, 0x62, 0x10, 0x62, 0x10, 0x62, 0x10, 0x62, 0x10, 0x62, 0x10, 0x62, 0x10, 0x62, 0x10, 0x62, 0x10, 0x62, 0x10, 0x62, 0x10, 0x62, 0x10, 0x62, 0x10, 0x62, 0x10, 0x62, 0x10, 0x62, 0x10, 0x62,
  0x10, 0x82, 0x10, 0x82, 0x10, 0x82, 0x10, 0x82, 0x10, 0x62, 0x10, 0x62, 0x10, 0x62, 0x10, 0x62, 0x10, 0x82, 0x10, 0x62, 0x10, 0x62, 0x10, 0x82, 0x10, 0x82, 0x10, 0x62, 0x18, 0xC3, 0x29, 0x45,
  0x21, 0x24, 0x10, 0x82, 0x10, 0x62, 0x10, 0x82, 0x10, 0x82, 0x10, 0x82, 0x10, 0x62, 0x10, 0x82, 0x10, 0x82, 0x10, 0x62, 0x10, 0x62, 0x10, 0x82, 0x10, 0x82, 0x10, 0x62, 0x10, 0x82, 0x10, 0x82,
  0x10, 0x82, 0x10, 0x82, 0x10, 0x62, 0x10, 0x82, 0x10, 0x82, 0x10, 0x82, 0x10, 0x62, 0x10, 0x82, 0x10, 0x82, 0x18, 0x81, 0x18, 0x82, 0x20, 0xA2, 0x28, 0xC2, 0x38, 0xE2, 0x49, 0x22, 0x59, 0x41,
  0x69, 0xC3, 0xEF, 0x3B, 0xFF, 0xFF, 0xFF, 0xDE, 0xFF, 0xFF, 0x9C, 0x4F, 0x40, 0x80, 0x49, 0x42, 0x38, 0xA0, 0x72, 0xC9, 0xFF, 0xFF, 0xFF, 0xDF, 0xFF, 0xFF, 0xFF, 0xDE, 0x6A, 0x67, 0x40, 0xC0,
  0x41, 0x02, 0x30, 0xC1, 0x28, 0xC1, 0x20, 0xA1, 0x18, 0x81, 0x18, 0x81, 0x10, 0x61, 0x10, 0x61, 0x10, 0x61, 0x10, 0x61, 0x10, 0x61, 0x10, 0x61, 0x10, 0x61, 0x18, 0x61, 0x20, 0x60, 0x20, 0x60,
  0x28, 0x81, 0x30, 0xC1, 0x30, 0x60, 0x49, 0x84, 0xDE, 0xDA, 0xFF, 0xFF, 0xF7, 0xDE, 0xFF, 0xDF, 0xFF, 0xDE, 0xFF, 0xDE, 0xFF, 0xDE, 0xFF, 0xDE, 0xFF, 0xDE, 0xFF, 0xDE, 0xFF, 0xDE, 0xFF, 0xDE,
  0xFF, 0xDF, 0xFF, 0xDF, 0xFF, 0xDF, 0xFF, 0xDF, 0xF7, 0xDE, 0xFF, 0xFF, 0xF7, 0xBE, 0x73, 0x0A, 0x20, 0x20, 0x30, 0xA0, 0x30, 0xC1, 0x30, 0xC1, 0x28, 0x60, 0xA4, 0xD2, 0xFF, 0xFF, 0xFF, 0xDF,
  0xFF, 0xFF, 0xFF, 0xDF, 0xFF, 0xDE, 0x5A, 0x06, 0x30, 0x80, 0x38, 0xC1, 0x30, 0xC1, 0x30, 0xA1, 0x59, 0x01, 0xEB, 0x41, 0xFB, 0x60, 0xFB, 0x60, 0xFB, 0xA1, 0xB2, 0x82, 0x40, 0xE0, 0x40, 0xE1,
  0x30, 0xC1, 0x28, 0xA1, 0x20, 0x81, 0x18, 0x61, 0x10, 0x61, 0x10, 0x61, 0x08, 0x61, 0x08, 0x61, 0x08, 0x61, 0x08, 0x61, 0x08, 0x61, 0x08, 0x61, 0x08, 0x61, 0x08, 0x61, 0x08, 0x61, 0x08, 0x61,
  0x08, 0x61, 0x08, 0x61, 0x08, 0x61, 0x08, 0x61, 0x08, 0x61, 0x08, 0x61, 0x08, 0x61, 0x08, 0x61, 0x08, 0x61, 0x08, 0x61, 0x08, 0x61, 0x08, 0x61, 0x08, 0x61, 0x08, 0x61, 0x08, 0x61, 0x18, 0xC3,
  0x21, 0x04, 0x18, 0xA3, 0x08, 0x41, 0x08, 0x41, 0x08, 0x61, 0x08, 0x61, 0x08, 0x61, 0x08, 0x61, 0x08, 0x61, 0x08, 0x61, 0x08, 0x61, 0x08, 0x61, 0x08, 0x61, 0x08, 0x61, 0x08, 0x61, 0x08, 0x61,
  0x08, 0x61, 0x08, 0x61, 0x08, 0x61, 0x08, 0x61, 0x08, 0x61, 0x08, 0x41, 0x08, 0x61, 0x08, 0x61, 0x08, 0x61, 0x08, 0x61, 0x08, 0x61, 0x08, 0x61, 0x08, 0x41, 0x08, 0x61, 0x08, 0x61, 0x08, 0x41,
  0x08, 0x61, 0x10, 0x61, 0x10, 0x61, 0x18, 0x81, 0x20, 0x81, 0x28, 0xC1, 0x20, 0x60, 0xA2, 0x62, 0xC2, 0xE3, 0x28, 0x40, 0x28, 0x80, 0x20, 0x60, 0x18, 0x40, 0x10, 0x20, 0x08, 0x20, 0x08, 0x00,
  0x00, 0x20, 0x08, 0x20, 0x10, 0x40, 0x18, 0x40, 0x20, 0x60, 0x28, 0x80, 0x28, 0x40, 0xBA, 0xC3, 0xB2, 0xA3, 0x28, 0x80, 0x30, 0xC1, 0x28, 0xA1, 0x20, 0x81, 0x18, 0x81, 0x10, 0x61, 0x10, 0x61,
  0x10, 0x62, 0x10, 0x62, 0x10, 0x62, 0x10, 0x62, 0x10, 0x62, 0x10, 0x62, 0x10, 0x62, 0x10, 0x62, 0x10, 0x62, 0x10, 0x62, 0x10, 0x62, 0x10, 0x62, 0x10, 0x62, 0x10, 0x62, 0x10, 0x62, 0x10, 0x62,
  0x10, 0x62, 0x10, 0x82, 0x10, 0x82, 0x10, 0x82, 0x10, 0x62, 0x10, 0x62, 0x10, 0x62, 0x10, 0x62, 0x10, 0x82, 0x10, 0x62, 0x10, 0x62, 0x10, 0x82, 0x10, 0x82, 0x10, 0x62, 0x18, 0xC3, 0x29, 0x45,
  0x21, 0x24, 0x10, 0x82, 0x10, 0x62, 0x10, 0x62, 0x10, 0x82, 0x10, 0x82, 0x10, 0x82, 0x10, 0x82, 0x10, 0x82, 0x10, 0x62, 0x10, 0x82, 0x10, 0x82, 0x10, 0x62, 0x10, 0x62, 0x10, 0x82, 0x10, 0x82,
  0x10, 0x82, 0x10, 0x82, 0x10, 0x82, 0x10, 0x82, 0x10, 0x82, 0x10, 0x82, 0x10, 0x62, 0x10, 0x82, 0x10, 0x82, 0x18, 0x81, 0x18, 0x82, 0x20, 0xA2, 0x28, 0xC2, 0x38, 0xE2, 0x49, 0x22, 0x59, 0x41,
  0x69, 0xC3, 0xEF, 0x3B, 0xFF, 0xFF, 0xFF, 0xDE, 0xFF, 0xFF, 0x9C, 0x4F, 0x40, 0xA0, 0x51, 0x42, 0x38, 0xA0, 0x93, 0xED, 0xFF, 0xFF, 0xF7, 0xBE, 0xFF, 0xFF, 0xEF, 0x5C, 0x51, 0x42, 0x40, 0xE1,
  0x38, 0xE1, 0x28, 0xC2, 0x28, 0xA1, 0x20, 0xA1, 0x18, 0x81, 0x18, 0x81, 0x18, 0x61, 0x10, 0x61, 0x10, 0x61, 0x10, 0x61, 0x10, 0x61, 0x10, 0x61, 0x10, 0x61, 0x18, 0x40, 0x18, 0x60, 0x20, 0x60,
  0x20, 0x80, 0x28, 0x80, 0x30, 0xC1, 0x28, 0x60, 0x41, 0x43, 0xDE, 0xB9, 0xFF, 0xFF, 0xFF, 0xFF, 0xFF, 0xFF, 0xFF, 0xFF, 0xFF, 0xFF, 0xFF, 0xFF, 0xFF, 0xFF, 0xFF, 0xFF, 0xFF, 0xFF, 0xFF, 0xFF,
  0xFF, 0xFF, 0xFF, 0xFF, 0xFF, 0xFF, 0xFF, 0xFF, 0xFF, 0xFF, 0xFF, 0xFF, 0xFF, 0xFF, 0xFF, 0xFF, 0x83, 0xCE, 0x28, 0x61, 0x30, 0xC1, 0x30, 0xC1, 0x38, 0xC1, 0x28, 0x60, 0xA4, 0xB1, 0xFF, 0xFF,
  0xF7, 0xDF, 0xF7, 0xBE, 0xFF, 0xFF, 0xB5, 0x54, 0x20, 0x60, 0x38, 0xC1, 0x30, 0xC1, 0x38, 0xC1, 0x30, 0x81, 0xBA, 0x82, 0xFB, 0xA0, 0xF3, 0x60, 0xFB, 0x80, 0xE3, 0x21, 0x51, 0x21, 0x40, 0xE1,
  0x38, 0xC1, 0x28, 0xA1, 0x20, 0x81, 0x18, 0x61, 0x10, 0x61, 0x10, 0x61, 0x08, 0x61, 0x08, 0x61, 0x08, 0x61, 0x08, 0x61, 0x08, 0x61, 0x08, 0x61, 0x08, 0x61, 0x08, 0x61, 0x08, 0x61, 0x08, 0x61,
  0x08, 0x61, 0x08, 0x61, 0x08, 0x61, 0x08, 0x61, 0x08, 0x61, 0x08, 0x61, 0x08, 0x61, 0x08, 0x61, 0x08, 0x61, 0x08, 0x61, 0x08, 0x61, 0x08, 0x61, 0x08, 0x61, 0x08, 0x61, 0x08, 0x61, 0x18, 0xC3,
  0x21, 0x04, 0x10, 0xA2, 0x08, 0x41, 0x08, 0x61, 0x08, 0x61, 0x08, 0x61, 0x08, 0x61, 0x08, 0x61, 0x08, 0x61, 0x08, 0x61, 0x08, 0x61, 0x08, 0x61, 0x08, 0x61, 0x08, 0x61, 0x08, 0x61, 0x08, 0x61,
  0x08, 0x61, 0x08, 0x61, 0x08, 0x61, 0x08, 0x61, 0x08, 0x61, 0x08, 0x61, 0x08, 0x61, 0x08, 0x61, 0x08, 0x61, 0x08, 0x61, 0x08, 0x61, 0x08, 0x61, 0x08, 0x41, 0x08, 0x61, 0x08, 0x61, 0x08, 0x61,
  0x08, 0x41, 0x10, 0x61, 0x10, 0x61, 0x18, 0x81, 0x20, 0x81, 0x28, 0xA1, 0x20, 0x80, 0xAA, 0x82, 0xBA, 0xC3, 0x28, 0x40, 0x28, 0x80, 0x20, 0x60, 0x18, 0x40, 0x10, 0x20, 0x08, 0x20, 0x00, 0x00,
  0x00, 0x00, 0x08, 0x20, 0x10, 0x20, 0x18, 0x40, 0x20, 0x60, 0x28, 0x80, 0x20, 0x40, 0xB2, 0x83, 0xBA, 0xE3, 0x30, 0x80, 0x30, 0xC1, 0x28, 0xA1, 0x20, 0x81, 0x18, 0x81, 0x10, 0x61, 0x10, 0x61,
  0x10, 0x62, 0x10, 0x62, 0x10, 0x62, 0x10, 0x62, 0x10, 0x62, 0x10, 0x62, 0x10, 0x62, 0x10, 0x62, 0x10, 0x62, 0x10, 0x62, 0x10, 0x62, 0x10, 0x62, 0x10, 0x62, 0x10, 0x62, 0x10, 0x62, 0x10, 0x62,
  0x10, 0x62, 0x10, 0x82, 0x10, 0x82, 0x10, 0x62, 0x10, 0x62, 0x10, 0x62, 0x10, 0x82, 0x10, 0x62, 0x10, 0x62, 0x10, 0x62, 0x10, 0x62, 0x10, 0x82, 0x10, 0x82, 0x10, 0x62, 0x18, 0xA3, 0x29, 0x45,
  0x29, 0x25, 0x10, 0x82, 0x10, 0x62, 0x10, 0x82, 0x10, 0x82, 0x10, 0x82, 0x10, 0x82, 0x10, 0x82, 0x10, 0x82, 0x10, 0x82, 0x10, 0x82, 0x10, 0x82, 0x10, 0x82, 0x10, 0x82, 0x10, 0x82, 0x10, 0x82,
  0x10, 0x82, 0x10, 0x82, 0x10, 0x82, 0x10, 0x82, 0x10, 0x82, 0x10, 0x82, 0x10, 0x82, 0x10, 0x82, 0x10, 0x82, 0x18, 0x82, 0x18, 0x82, 0x20, 0xA2, 0x30, 0xC2, 0x38, 0xE2, 0x49, 0x22, 0x59, 0x42,
  0x69, 0xC3, 0xEF, 0x3B, 0xFF, 0xFF, 0xFF, 0xDE, 0xFF, 0xFF, 0x9C, 0x4F, 0x48, 0xA0, 0x51, 0x42, 0x40, 0xA0, 0xA4, 0x90, 0xFF, 0xFF, 0xFF, 0xFF, 0xEF, 0x7C, 0x93, 0xEE, 0x48, 0xE0, 0x41, 0x02,
  0x30, 0xE1, 0x28, 0xC2, 0x28, 0xA1, 0x20, 0xA1, 0x20, 0x81, 0x18, 0x81, 0x18, 0x61, 0x18, 0x61, 0x18, 0x61, 0x18, 0x61, 0x18, 0x61, 0x18, 0x60, 0x18, 0x60, 0x18, 0x40, 0x18, 0x40, 0x20, 0x60,
  0x20, 0x60, 0x28, 0x60, 0x28, 0x80, 0x30, 0xC1, 0x28, 0x60, 0x41, 0x43, 0x72, 0xEA, 0x6A, 0xC9, 0x72, 0xC9, 0x72, 0xC9, 0x72, 0xE9, 0x72, 0xEA, 0x72, 0xEA, 0x72, 0xEA, 0x72, 0xCA, 0x72, 0xCA,
  0x6A, 0xCA, 0x72, 0xCA, 0x6A, 0xCA, 0x6A, 0xCA, 0x6A, 0xEA, 0x6A, 0xEA, 0x6A, 0xEA, 0x6A, 0xCA, 0x6A, 0xEA, 0x30, 0xC1, 0x28, 0x80, 0x30, 0xA1, 0x38, 0xC1, 0x38, 0xC1, 0x30, 0x60, 0xBD, 0x74,
  0xFF, 0xFF, 0xFF, 0xFF, 0xFF, 0xFF, 0xEF, 0x7D, 0x41, 0x64, 0x30, 0x80, 0x30, 0xC1, 0x38, 0xC0, 0x30, 0xA1, 0x81, 0xC1, 0xFB, 0xA1, 0xFB, 0x60, 0xFB, 0x61, 0xFB, 0x81, 0x71, 0x81, 0x40, 0xC1,
  0x38, 0xC1, 0x30, 0xA1, 0x20, 0x81, 0x18, 0x61, 0x10, 0x61, 0x10, 0x61, 0x08, 0x61, 0x08, 0x41, 0x08, 0x61, 0x08, 0x61, 0x08, 0x61, 0x08, 0x61, 0x08, 0x61, 0x08, 0x41, 0x08, 0x61, 0x08, 0x61,
  0x08, 0x61, 0x08, 0x61, 0x08, 0x61, 0x08, 0x61, 0x08, 0x61, 0x08, 0x61, 0x08, 0x61, 0x08, 0x61, 0x08, 0x61, 0x08, 0x61, 0x08, 0x61, 0x08, 0x61, 0x08, 0x61, 0x08, 0x41, 0x08, 0x61, 0x18, 0xE3,
  0x20, 0xE4, 0x10, 0x82, 0x08, 0x41, 0x08, 0x61, 0x08, 0x61, 0x08, 0x61, 0x08, 0x61, 0x08, 0x61, 0x08, 0x61, 0x08, 0x61, 0x08, 0x61, 0x08, 0x61, 0x08, 0x61, 0x08, 0x61, 0x08, 0x61, 0x08, 0x61,
  0x08, 0x61, 0x08, 0x61, 0x08, 0x61, 0x08, 0x61, 0x08, 0x61, 0x08, 0x61, 0x08, 0x61, 0x08, 0x61, 0x08, 0x61, 0x08, 0x61, 0x08, 0x61, 0x08, 0x61, 0x08, 0x61, 0x08, 0x61, 0x08, 0x41, 0x08, 0x41,
  0x08, 0x41, 0x10, 0x61, 0x10, 0x61, 0x18, 0x81, 0x20, 0x81, 0x28, 0xC1, 0x28, 0x80, 0xBA, 0xA3, 0xB2, 0xA2, 0x20, 0x60, 0x28, 0x80, 0x20, 0x60, 0x18, 0x40, 0x10, 0x20, 0x08, 0x20, 0x00, 0x00,
  0x00, 0x00, 0x08, 0x20, 0x10, 0x40, 0x18, 0x40, 0x20, 0x60, 0x28, 0x80, 0x20, 0x40, 0xA2, 0x42, 0xCB, 0x03, 0x30, 0x81, 0x30, 0xC1, 0x28, 0xA1, 0x20, 0xA1, 0x18, 0x82, 0x10, 0x61, 0x10, 0x61,
  0x10, 0x62, 0x10, 0x62, 0x10, 0x62, 0x10, 0x62, 0x10, 0x62, 0x10, 0x62, 0x10, 0x62, 0x10, 0x62, 0x10, 0x62, 0x10, 0x62, 0x10, 0x62, 0x10, 0x62, 0x10, 0x62, 0x10, 0x62, 0x10, 0x82, 0x10, 0x62,
  0x10, 0x62, 0x10, 0x82, 0x10, 0x82, 0x10, 0x82, 0x10, 0x62, 0x10, 0x62, 0x10, 0x82, 0x10, 0x62, 0x10, 0x62, 0x10, 0x62, 0x10, 0x62, 0x10, 0x82, 0x10, 0x82, 0x10, 0x62, 0x10, 0xA2, 0x29, 0x45,
  0x29, 0x45, 0x10, 0xA2, 0x10, 0x62, 0x10, 0x82, 0x10, 0x82, 0x10, 0x82, 0x10, 0x82, 0x10, 0x82, 0x10, 0x82, 0x10, 0x82, 0x10, 0x82, 0x10, 0x82, 0x10, 0x82, 0x10, 0x82, 0x10, 0x82, 0x10, 0x82,
  0x10, 0x82, 0x10, 0x82, 0x10, 0x82, 0x10, 0x82, 0x10, 0x82, 0x10, 0x82, 0x10, 0x82, 0x10, 0x82, 0x10, 0x82, 0x18, 0x82, 0x18, 0x82, 0x20, 0xA2, 0x30, 0xE2, 0x38, 0xE2, 0x49, 0x22, 0x59, 0x41,
  0x69, 0xC3, 0xEF, 0x3B, 0xFF, 0xFF, 0xFF, 0xDE, 0xFF, 0xFF, 0xA4, 0x4F, 0x48, 0xC0, 0x59, 0x62, 0x40, 0xA0, 0xAC, 0xF2, 0xDE, 0x99, 0x7B, 0x2B, 0x59, 0xA4, 0x40, 0xC0, 0x49, 0x01, 0x40, 0xE2,
  0x38, 0xC1, 0x30, 0xC1, 0x28, 0xA1, 0x28, 0xA1, 0x20, 0xA1, 0x20, 0x81, 0x20, 0x81, 0x20, 0x81, 0x20, 0x81, 0x20, 0x81, 0x20, 0x61, 0x18, 0x60, 0x20, 0x60, 0x20, 0x60, 0x20, 0x60, 0x20, 0x60,
  0x20, 0x61, 0x20, 0x60, 0x20, 0x80, 0x28, 0x80, 0x30, 0xA1, 0x30, 0x80, 0x20, 0x20, 0x20, 0x40, 0x20, 0x40, 0x20, 0x40, 0x20, 0x20, 0x28, 0x40, 0x20, 0x40, 0x20, 0x20, 0x20, 0x20, 0x20, 0x20,
  0x20, 0x20, 0x20, 0x20, 0x20, 0x20, 0x20, 0x20, 0x20, 0x40, 0x20, 0x40, 0x20, 0x20, 0x18, 0x20, 0x18, 0x20, 0x28, 0x80, 0x30, 0xA1, 0x30, 0xA1, 0x30, 0xC1, 0x38, 0xC1, 0x38, 0xC1, 0x40, 0xE1,
  0x72, 0xEA, 0xB5, 0x13, 0xE7, 0x3B, 0xFF, 0xFF, 0x7B, 0x4C, 0x20, 0x40, 0x38, 0xC1, 0x38, 0xC1, 0x38, 0xC1, 0x59, 0x21, 0xF3, 0x62, 0xFB, 0x80, 0xFB, 0x60, 0xFB, 0xA1, 0x91, 0xE1, 0x40, 0xC1,
  0x40, 0xE1, 0x30, 0xC1, 0x20, 0x81, 0x18, 0x81, 0x10, 0x61, 0x10, 0x61, 0x08, 0x61, 0x08, 0x61, 0x08, 0x61, 0x08, 0x61, 0x08, 0x61, 0x08, 0x61, 0x08, 0x61, 0x08, 0x61, 0x08, 0x61, 0x08, 0x61,
  0x08, 0x61, 0x08, 0x61, 0x08, 0x61, 0x08, 0x61, 0x08, 0x61, 0x08, 0x61, 0x08, 0x61, 0x08, 0x61, 0x08, 0x61, 0x08, 0x61, 0x08, 0x61, 0x08, 0x61, 0x08, 0x61, 0x08, 0x61, 0x10, 0x62, 0x18, 0xE3,
  0x20, 0xE4, 0x10, 0x82, 0x08, 0x41, 0x08, 0x61, 0x08, 0x61, 0x08, 0x61, 0x08, 0x61, 0x08, 0x61, 0x08, 0x61, 0x08, 0x61, 0x08, 0x61, 0x08, 0x61, 0x08, 0x61, 0x08, 0x61, 0x08, 0x61, 0x08, 0x61,
  0x08, 0x61, 0x08, 0x61, 0x08, 0x61, 0x08, 0x61, 0x08, 0x61, 0x08, 0x61, 0x08, 0x61, 0x08, 0x61, 0x08, 0x61, 0x08, 0x61, 0x08, 0x61, 0x08, 0x61, 0x08, 0x61, 0x08, 0x61, 0x08, 0x41, 0x08, 0x41,
  0x08, 0x61, 0x10, 0x61, 0x10, 0x61, 0x18, 0x81, 0x20, 0x81, 0x30, 0xA1, 0x28, 0x80, 0xC2, 0xE3, 0xAA, 0x62, 0x20, 0x40, 0x28, 0x80, 0x20, 0x60, 0x18, 0x40, 0x10, 0x20, 0x08, 0x20, 0x00, 0x00,
  0x00, 0x00, 0x08, 0x20, 0x10, 0x40, 0x18, 0x40, 0x20, 0x60, 0x28, 0x80, 0x20, 0x40, 0x92, 0x22, 0xDB, 0x43, 0x38, 0xA1, 0x30, 0xC1, 0x28, 0xC1, 0x20, 0xA1, 0x18, 0x81, 0x10, 0x61, 0x10, 0x62,
  0x10, 0x62, 0x10, 0x62, 0x10, 0x62, 0x10, 0x62, 0x10, 0x62, 0x10, 0x62, 0x10, 0x62, 0x10, 0x62, 0x10, 0x62, 0x10, 0x62, 0x10, 0x62, 0x10, 0x62, 0x10, 0x62, 0x10, 0x62, 0x10, 0x82, 0x10, 0x82,
  0x10, 0x62, 0x10, 0x82, 0x10, 0x82, 0x10, 0x62, 0x10, 0x62, 0x10, 0x62, 0x10, 0x82, 0x10, 0x62, 0x10, 0x62, 0x10, 0x82, 0x10, 0x62, 0x10, 0x82, 0x10, 0x82, 0x10, 0x62, 0x10, 0x82, 0x29, 0x25,
  0x29, 0x45, 0x18, 0xA3, 0x10, 0x62, 0x10, 0x82, 0x10, 0x82, 0x10, 0x82, 0x10, 0x82, 0x10, 0x82, 0x10, 0x82, 0x10, 0x82, 0x10, 0x82, 0x10, 0x82, 0x10, 0x82, 0x10, 0x82, 0x10, 0x82, 0x10, 0x82,
  0x10, 0x82, 0x10, 0x82, 0x10, 0x82, 0x10, 0x62, 0x10, 0x82, 0x10, 0x82, 0x10, 0x82, 0x10, 0x82, 0x10, 0x82, 0x18, 0x82, 0x18, 0x82, 0x20, 0xA2, 0x30, 0xE2, 0x38, 0xE2, 0x49, 0x22, 0x59, 0x41,
  0x69, 0xC3, 0xEF, 0x3B, 0xFF, 0xFF, 0xFF, 0xDE, 0xFF, 0xFF, 0xA4, 0x4F, 0x48, 0xC0, 0x59, 0x62, 0x48, 0xE1, 0x7A, 0xE9, 0x59, 0xA4, 0x38, 0x80, 0x49, 0x01, 0x49, 0x02, 0x41, 0x01, 0x40, 0xE1,
  0x38, 0xE1, 0x30, 0xC1, 0x28, 0xC1, 0x28, 0xA1, 0x28, 0xA1, 0x28, 0xA1, 0x28, 0xA1, 0x28, 0x81, 0x28, 0x81, 0x28, 0x81, 0x28, 0x81, 0x28, 0x81, 0x20, 0x80, 0x20, 0x80, 0x20, 0x80, 0x20, 0x80,
  0x28, 0x80, 0x28, 0x80, 0x28, 0x80, 0x28, 0x80, 0x28, 0x80, 0x28, 0xA1, 0x30, 0xA1, 0x30, 0xA1, 0x30, 0xA1, 0x30, 0xA1, 0x30, 0xA1, 0x30, 0xA1, 0x30, 0xA1, 0x30, 0xA1, 0x30, 0xA1, 0x30, 0xA1,
  0x30, 0xA1, 0x30, 0xC1, 0x30, 0xC1, 0x30, 0xC1, 0x30, 0xC1, 0x30, 0xC1, 0x28, 0xC1, 0x30, 0xC1, 0x30, 0xA1, 0x30, 0xA1, 0x30, 0xA1, 0x30, 0xA1, 0x30, 0xC1, 0x38, 0xC1, 0x38, 0xC1, 0x40, 0xC1,
  0x30, 0x60, 0x28, 0x60, 0x39, 0x03, 0x8B, 0xEE, 0x83, 0x6C, 0x28, 0x60, 0x38, 0xE1, 0x38, 0xC1, 0x38, 0xE1, 0x48, 0xE1, 0xDB, 0x01, 0xFB, 0x80, 0xFB, 0x40, 0xFB, 0xA0, 0xAA, 0x41, 0x40, 0xC1,
  0x40, 0xE1, 0x30, 0xC1, 0x28, 0xA1, 0x18, 0x81, 0x10, 0x61, 0x10, 0x61, 0x08, 0x61, 0x08, 0x41, 0x08, 0x61, 0x08, 0x61, 0x08, 0x61, 0x08, 0x61, 0x08, 0x61, 0x08, 0x61, 0x08, 0x61, 0x08, 0x61,
  0x08, 0x61, 0x08, 0x61, 0x08, 0x61, 0x08, 0x61, 0x08, 0x61, 0x08, 0x61, 0x08, 0x61, 0x08, 0x61, 0x08, 0x61, 0x08, 0x61, 0x08, 0x61, 0x08, 0x61, 0x08, 0x61, 0x08, 0x41, 0x10, 0x82, 0x20, 0xE4,
  0x20, 0xE4, 0x10, 0x62, 0x08, 0x41, 0x08, 0x61, 0x08, 0x61, 0x08, 0x61, 0x08, 0x61, 0x08, 0x61, 0x08, 0x61, 0x08, 0x61, 0x08, 0x61, 0x08, 0x61, 0x08, 0x61, 0x08, 0x61, 0x08, 0x61, 0x08, 0x61,
  0x08, 0x41, 0x08, 0x61, 0x08, 0x61, 0x08, 0x61, 0x08, 0x61, 0x08, 0x61, 0x08, 0x61, 0x08, 0x61, 0x08, 0x61, 0x08, 0x61, 0x08, 0x61, 0x08, 0x61, 0x08, 0x41, 0x08, 0x61, 0x08, 0x41, 0x08, 0x41,
  0x10, 0x41, 0x10, 0x61, 0x10, 0x61, 0x20, 0x81, 0x20, 0x81, 0x28, 0xC1, 0x28, 0x80, 0xD3, 0x23, 0x9A, 0x22, 0x20, 0x40, 0x28, 0x80, 0x20, 0x60, 0x18, 0x40, 0x10, 0x20, 0x08, 0x00, 0x00, 0x00,
  0x00, 0x00, 0x08, 0x20, 0x10, 0x20, 0x18, 0x40, 0x20, 0x60, 0x28, 0x80, 0x20, 0x60, 0x81, 0xC2, 0xE3, 0x64, 0x38, 0xC0, 0x30, 0xC1, 0x28, 0xC1, 0x20, 0xA1, 0x18, 0x81, 0x10, 0x61, 0x10, 0x62,
  0x10, 0x62, 0x10, 0x62, 0x10, 0x62, 0x10, 0x62, 0x10, 0x62, 0x10, 0x62, 0x10, 0x62, 0x10, 0x62, 0x10, 0x62, 0x10, 0x62, 0x10, 0x62, 0x10, 0x62, 0x10, 0x82, 0x10, 0x62, 0x10, 0x82, 0x10, 0x62,
  0x10, 0x62, 0x10, 0x82, 0x10, 0x82, 0x10, 0x82, 0x10, 0x82, 0x10, 0x62, 0x10, 0x82, 0x10, 0x62, 0x10, 0x82, 0x10, 0x82, 0x10, 0x82, 0x10, 0x82, 0x10, 0x82, 0x10, 0x82, 0x10, 0x82, 0x21, 0x24,
  0x29, 0x45, 0x18, 0xC3, 0x10, 0x62, 0x10, 0x82, 0x10, 0x82, 0x10, 0x82, 0x10, 0x82, 0x10, 0x82, 0x10, 0x82, 0x10, 0x82, 0x10, 0x82, 0x10, 0x82, 0x10, 0x82, 0x10, 0x82, 0x10, 0x82, 0x10, 0x82,
  0x10, 0x82, 0x10, 0x82, 0x10, 0x82, 0x10, 0x62, 0x10, 0x82, 0x10, 0x82, 0x10, 0x82, 0x10, 0x82, 0x10, 0x82, 0x18, 0x82, 0x18, 0x82, 0x20, 0xA2, 0x30, 0xE2, 0x38, 0xE2, 0x49, 0x22, 0x59, 0x41,
  0x69, 0xC3, 0xEF, 0x3B, 0xFF, 0xFF, 0xFF, 0xDE, 0xFF, 0xFF, 0xA4, 0x6F, 0x50, 0xE0, 0x51, 0x42, 0x51, 0x22, 0x40, 0xE1, 0x49, 0x01, 0x49, 0x22, 0x41, 0x22, 0x41, 0x02, 0x40, 0xE1, 0x38, 0xE1,
  0x38, 0xC1, 0x30, 0xC1, 0x30, 0xC1, 0x30, 0xC1, 0x30, 0xA1, 0x30, 0xA1, 0x30, 0xA1, 0x30, 0xA1, 0x30, 0xA1, 0x30, 0x81, 0x30, 0x81, 0x30, 0xA0, 0x30, 0xA1, 0x30, 0x80, 0x28, 0x80, 0x28, 0x80,
  0x28, 0x80, 0x28, 0xA0, 0x30, 0xA0, 0x28, 0xA0, 0x28, 0x80, 0x28, 0x80, 0x28, 0x80, 0x28, 0x80, 0x28, 0x80, 0x28, 0x81, 0x28, 0x80, 0x28, 0x80, 0x28, 0x80, 0x28, 0x81, 0x30, 0xA1, 0x30, 0x81,
  0x28, 0x81, 0x30, 0xA1, 0x30, 0xA1, 0x30, 0xA1, 0x30, 0xA1, 0x28, 0xA1, 0x28, 0xA1, 0x30, 0xA1, 0x30, 0xA1, 0x30, 0xA1, 0x30, 0xA1, 0x30, 0xC1, 0x38, 0xA1, 0x38, 0xC0, 0x38, 0xE1, 0x40, 0xE1,
  0x40, 0xE1, 0x40, 0xE1, 0x38, 0xA0, 0x28, 0x60, 0x30, 0xA1, 0x38, 0xC1, 0x38, 0xC1, 0x38, 0xC1, 0x40, 0xE1, 0x40, 0xC1, 0xCA, 0xC1, 0xFB, 0x80, 0xF3, 0x40, 0xFB, 0x80, 0xBA, 0x81, 0x40, 0xC1,
  0x40, 0xE1, 0x30, 0xC1, 0x28, 0xA1, 0x18, 0x81, 0x10, 0x61, 0x10, 0x61, 0x10, 0x61, 0x08, 0x61, 0x08, 0x61, 0x08, 0x61, 0x08, 0x61, 0x08, 0x61, 0x08, 0x61, 0x08, 0x61, 0x08, 0x61, 0x08, 0x61,
  0x08, 0x61, 0x08, 0x61, 0x08, 0x61, 0x08, 0x61, 0x08, 0x61, 0x08, 0x61, 0x08, 0x61, 0x08, 0x61, 0x08, 0x61, 0x08, 0x61, 0x08, 0x61, 0x08, 0x61, 0x08, 0x61, 0x08, 0x41, 0x10, 0x82, 0x20, 0xE4,
  0x18, 0xE3, 0x10, 0x62, 0x08, 0x61, 0x08, 0x61, 0x08, 0x61, 0x08, 0x61, 0x08, 0x61, 0x08, 0x61, 0x08, 0x61, 0x08, 0x61, 0x08, 0x61, 0x08, 0x61, 0x08, 0x61, 0x08, 0x61, 0x08, 0x61, 0x08, 0x61,
  0x08, 0x41, 0x08, 0x61, 0x08, 0x61, 0x08, 0x61, 0x08, 0x61, 0x08, 0x61, 0x08, 0x61, 0x08, 0x61, 0x08, 0x61, 0x08, 0x61, 0x08, 0x61, 0x08, 0x61, 0x08, 0x41, 0x08, 0x41, 0x08, 0x61, 0x08, 0x61,
  0x10, 0x61, 0x10, 0x61, 0x18, 0x61, 0x20, 0x81, 0x20, 0x81, 0x28, 0xA1, 0x30, 0xA0, 0xDB, 0x43, 0x89, 0xE2, 0x20, 0x40, 0x28, 0x80, 0x20, 0x60, 0x10, 0x40, 0x10, 0x20, 0x08, 0x20, 0x00, 0x00,
  0x00, 0x00, 0x08, 0x20, 0x10, 0x20, 0x10, 0x40, 0x20, 0x60, 0x28, 0x80, 0x20, 0x60, 0x71, 0x62, 0xEB, 0x84, 0x40, 0xE0, 0x30, 0xC1, 0x28, 0xC1, 0x20, 0xA1, 0x18, 0x81, 0x10, 0x61, 0x10, 0x62,
  0x10, 0x62, 0x10, 0x62, 0x10, 0x62, 0x10, 0x62, 0x10, 0x62, 0x10, 0x62, 0x10, 0x62, 0x10, 0x62, 0x10, 0x62, 0x10, 0x62, 0x10, 0x82, 0x10, 0x62, 0x10, 0x82, 0x10, 0x62, 0x10, 0x82, 0x10, 0x82,
  0x10, 0x62, 0x10, 0x82, 0x10, 0x82, 0x10, 0x82, 0x10, 0x82, 0x10, 0x62, 0x10, 0x82, 0x10, 0x82, 0x10, 0x82, 0x10, 0x82, 0x10, 0x82, 0x10, 0x82, 0x10, 0x82, 0x10, 0x82, 0x10, 0x82, 0x21, 0x04,
  0x29, 0x45, 0x18, 0xE3, 0x10, 0x62, 0x10, 0x82, 0x10, 0x82, 0x10, 0x82, 0x10, 0x82, 0x10, 0x82, 0x10, 0x82, 0x10, 0x82, 0x10, 0x82, 0x10, 0x82, 0x10, 0x82, 0x10, 0x82, 0x10, 0x82, 0x10, 0x82,
  0x10, 0x82, 0x10, 0x82, 0x10, 0x82, 0x10, 0x82, 0x10, 0x82, 0x10, 0x82, 0x10, 0x82, 0x10, 0x82, 0x10, 0x82, 0x18, 0x82, 0x18, 0x82, 0x20, 0xA2, 0x28, 0xE2, 0x38, 0xE2, 0x49, 0x22, 0x51, 0x41,
  0x69, 0xC3, 0xEF, 0x3B, 0xFF, 0xFF, 0xFF, 0xDE, 0xFF, 0xFF, 0xA4, 0x6F, 0x50, 0xE0, 0x59, 0x42, 0x49, 0x22, 0x49, 0x22, 0x49, 0x02, 0x41, 0x02, 0x40, 0xE1, 0x40, 0xE1, 0x49, 0x01, 0x48, 0xE1,
  0x49, 0x01, 0x48, 0xE1, 0x48, 0xE1, 0x48, 0xE1, 0x48, 0xE1, 0x48, 0xE1, 0x48, 0xC1, 0x40, 0xC1, 0x40, 0xC1, 0x40, 0xC1, 0x40, 0xC1, 0x40, 0xC1, 0x40, 0xC1, 0x40, 0xC1, 0x40, 0xC1, 0x40, 0xC1,
  0x38, 0xA0, 0x30, 0x80, 0x20, 0x60, 0x28, 0x80, 0x30, 0x80, 0x28, 0x80, 0x28, 0x80, 0x28, 0x80, 0x28, 0x80, 0x28, 0x81, 0x30, 0x81, 0x38, 0xA1, 0x38, 0xA1, 0x38, 0xC1, 0x40, 0xC1, 0x40, 0xC1,
  0x40, 0xC1, 0x40, 0xC1, 0x40, 0xC1, 0x40, 0xC1, 0x40, 0xC1, 0x40, 0xC1, 0x40, 0xC1, 0x40, 0xC1, 0x40, 0xC1, 0x40, 0xC1, 0x40, 0xC1, 0x48, 0xC1, 0x48, 0xE1, 0x40, 0xC0, 0x38, 0xA0, 0x30, 0xA1,
  0x38, 0xC1, 0x40, 0xE1, 0x38, 0xC1, 0x38, 0xE1, 0x38, 0xC1, 0x38, 0xC1, 0x38, 0xE1, 0x38, 0xC1, 0x40, 0xE1, 0x38, 0xC1, 0xC2, 0xA1, 0xFB, 0x80, 0xF3, 0x40, 0xFB, 0x80, 0xC2, 0x81, 0x40, 0xC1,
  0x40, 0xE1, 0x30, 0xC1, 0x28, 0xA1, 0x18, 0x81, 0x10, 0x61, 0x10, 0x61, 0x08, 0x61, 0x08, 0x61, 0x08, 0x61, 0x08, 0x61, 0x08, 0x61, 0x08, 0x61, 0x08, 0x61, 0x08, 0x61, 0x08, 0x61, 0x08, 0x61,
  0x08, 0x61, 0x08, 0x61, 0x08, 0x61, 0x08, 0x61, 0x08, 0x61, 0x08, 0x61, 0x08, 0x61, 0x08, 0x61, 0x08, 0x61, 0x08, 0x61, 0x08, 0x61, 0x08, 0x61, 0x08, 0x61, 0x08, 0x41, 0x10, 0xA2, 0x20, 0xE4,
  0x18, 0xE3, 0x08, 0x61, 0x08, 0x61, 0x08, 0x61, 0x08, 0x61, 0x08, 0x61, 0x08, 0x61, 0x08, 0x61, 0x08, 0x61, 0x08, 0x61, 0x08, 0x61, 0x08, 0x61, 0x08, 0x41, 0x08, 0x61, 0x08, 0x61, 0x08, 0x61,
  0x08, 0x41, 0x08, 0x61, 0x08, 0x61, 0x08, 0x61, 0x08, 0x61, 0x08, 0x61, 0x08, 0x61, 0x08, 0x61, 0x08, 0x61, 0x08, 0x61, 0x08, 0x61, 0x08, 0x61, 0x08, 0x41, 0x08, 0x41, 0x08, 0x61, 0x08, 0x61,
  0x10, 0x61, 0x10, 0x61, 0x18, 0x61, 0x20, 0x81, 0x28, 0xA1, 0x28, 0xA1, 0x40, 0xC1, 0xE3, 0x83, 0x71, 0x82, 0x20, 0x60, 0x28, 0x80, 0x18, 0x60, 0x10, 0x40, 0x10, 0x20, 0x08, 0x00, 0x00, 0x00,
  0x00, 0x00, 0x08, 0x20, 0x10, 0x20, 0x10, 0x40, 0x18, 0x60, 0x28, 0x80, 0x28, 0x60, 0x59, 0x21, 0xEB, 0xA3, 0x51, 0x21, 0x30, 0xC1, 0x30, 0xC1, 0x20, 0xA1, 0x18, 0x82, 0x10, 0x81, 0x10, 0x61,
  0x10, 0x62, 0x10, 0x62, 0x10, 0x62, 0x10, 0x62, 0x10, 0x62, 0x10, 0x62, 0x10, 0x62, 0x10, 0x62, 0x10, 0x62, 0x10, 0x62, 0x10, 0x82, 0x10, 0x82, 0x10, 0x82, 0x10, 0x62, 0x10, 0x82, 0x10, 0x82,
  0x10, 0x62, 0x10, 0x82, 0x10, 0x82, 0x10, 0x82, 0x10, 0x82, 0x10, 0x62, 0x10, 0x82, 0x10, 0x82, 0x10, 0x82, 0x10, 0x82, 0x10, 0x82, 0x10, 0x82, 0x10, 0x82, 0x10, 0x82, 0x10, 0x62, 0x21, 0x04,
  0x29, 0x45, 0x20, 0xE4, 0x10, 0x62, 0x10, 0x82, 0x10, 0x82, 0x10, 0x82, 0x10, 0x82, 0x10, 0x82, 0x10, 0x82, 0x10, 0x82, 0x10, 0x82, 0x10, 0x82, 0x10, 0x82, 0x10, 0x82, 0x10, 0x82, 0x10, 0x82,
  0x10, 0x82, 0x10, 0x82, 0x10, 0x82, 0x10, 0x82, 0x10, 0x82, 0x10, 0x82, 0x10, 0x82, 0x10, 0x82, 0x10, 0x82, 0x18, 0x82, 0x18, 0x82, 0x20, 0xA2, 0x28, 0xC2, 0x38, 0xE2, 0x41, 0x22, 0x51, 0x41,
  0x69, 0xA3, 0xEF, 0x3B, 0xFF, 0xFF, 0xFF, 0xDE, 0xFF, 0xFF, 0xA4, 0x70, 0x50, 0xE0, 0x51, 0x42, 0x49, 0x22, 0x41, 0x02, 0x40, 0xE1, 0x38, 0xE1, 0x38, 0xC0, 0xBA, 0xA2, 0xE3, 0x42, 0xE3, 0x02,
  0xE3, 0x22, 0xE3, 0x22, 0xE3, 0x22, 0xE3, 0x22, 0xE3, 0x02, 0xE3, 0x22, 0xE3, 0x22, 0xE3, 0x22, 0xE3, 0x22, 0xE3, 0x22, 0xE3, 0x22, 0xE3, 0x22, 0xE3, 0x22, 0xE3, 0x22, 0xE3, 0x22, 0xE3, 0x02,
  0xDB, 0x01, 0xC2, 0xA2, 0x92, 0x02, 0x49, 0x01, 0x20, 0x60, 0x30, 0xA0, 0x28, 0xA0, 0x28, 0x80, 0x28, 0x81, 0x30, 0x80, 0xBA, 0xA2, 0xE3, 0x22, 0xDB, 0x02, 0xE3, 0x22, 0xE3, 0x22, 0xE3, 0x22,
  0xE3, 0x22, 0xE3, 0x22, 0xE3, 0x22, 0xE3, 0x22, 0xE3, 0x22, 0xE3, 0x22, 0xE3, 0x22, 0xE3, 0x22, 0xE3, 0x22, 0xE3, 0x22, 0xE3, 0x22, 0xE3, 0x22, 0xE3, 0x22, 0xDB, 0x02, 0xC2, 0xA2, 0x91, 0xE2,
  0x50, 0xE1, 0x30, 0xA1, 0x40, 0xE1, 0x38, 0xC1, 0x38, 0xC1, 0x38, 0xE1, 0x38, 0xC1, 0x38, 0xC1, 0x40, 0xE1, 0x38, 0xC1, 0xCA, 0xC1, 0xFB, 0x80, 0xF3, 0x40, 0xFB, 0x80, 0xBA, 0x81, 0x40, 0xE1,
  0x40, 0xE1, 0x30, 0xC1, 0x28, 0xA1, 0x18, 0x81, 0x10, 0x61, 0x10, 0x61, 0x08, 0x61, 0x08, 0x61, 0x08, 0x61, 0x08, 0x61, 0x08, 0x61, 0x08, 0x61, 0x08, 0x61, 0x08, 0x61, 0x08, 0x61, 0x08, 0x61,
  0x08, 0x61, 0x08, 0x61, 0x08, 0x61, 0x08, 0x61, 0x08, 0x61, 0x08, 0x61, 0x08, 0x61, 0x08, 0x61, 0x08, 0x61, 0x08, 0x61, 0x08, 0x61, 0x08, 0x61, 0x08, 0x61, 0x08, 0x41, 0x18, 0xA3, 0x20, 0xE4,
  0x18, 0xC3, 0x08, 0x41, 0x08, 0x61, 0x08, 0x61, 0x08, 0x61, 0x08, 0x61, 0x08, 0x61, 0x08, 0x61, 0x08, 0x61, 0x08, 0x61, 0x08, 0x61, 0x08, 0x61, 0x08, 0x41, 0x08, 0x61, 0x08, 0x61, 0x08, 0x61,
  0x08, 0x41, 0x08, 0x61, 0x08, 0x61, 0x08, 0x61, 0x08, 0x61, 0x08, 0x61, 0x08, 0x61, 0x08, 0x61, 0x08, 0x61, 0x08, 0x61, 0x08, 0x61, 0x08, 0x61, 0x08, 0x41, 0x08, 0x61, 0x08, 0x41, 0x08, 0x41,
  0x10, 0x61, 0x10, 0x61, 0x18, 0x61, 0x20, 0x81, 0x28, 0xA1, 0x28, 0xA1, 0x48, 0xE1, 0xEB, 0xA3, 0x61, 0x41, 0x20, 0x60, 0x28, 0x80, 0x18, 0x40, 0x10, 0x40, 0x08, 0x20, 0x08, 0x00, 0x00, 0x00,
  0x00, 0x00, 0x08, 0x00, 0x08, 0x20, 0x10, 0x40, 0x18, 0x60, 0x20, 0x80, 0x28, 0x60, 0x48, 0xE0, 0xEB, 0xA4, 0x69, 0x61, 0x28, 0xA1, 0x30, 0xC1, 0x28, 0xA1, 0x18, 0x82, 0x18, 0x82, 0x10, 0x61,
  0x10, 0x62, 0x10, 0x62, 0x10, 0x62, 0x10, 0x82, 0x10, 0x82, 0x10, 0x82, 0x10, 0x62, 0x10, 0x62, 0x10, 0x82, 0x10, 0x82, 0x10, 0x82, 0x10, 0x62, 0x10, 0x82, 0x10, 0x62, 0x10, 0x82, 0x10, 0x82,
  0x10, 0x82, 0x10, 0x82, 0x10, 0x82, 0x10, 0x82, 0x10, 0x82, 0x10, 0x82, 0x10, 0x82, 0x10, 0x82, 0x10, 0x82, 0x10, 0x82, 0x10, 0x82, 0x10, 0x82, 0x10, 0x82, 0x10, 0x82, 0x10, 0x62, 0x18, 0xE3,
  0x29, 0x45, 0x21, 0x04, 0x10, 0x82, 0x10, 0x82, 0x10, 0x82, 0x10, 0x82, 0x10, 0x82, 0x10, 0x82, 0x10, 0x82, 0x10, 0x82, 0x10, 0x82, 0x10, 0x82, 0x10, 0x82, 0x10, 0x82, 0x10, 0x82, 0x10, 0x82,
  0x10, 0x82, 0x10, 0x82, 0x10, 0x82, 0x10, 0x82, 0x10, 0x82, 0x10, 0x82, 0x10, 0x82, 0x10, 0x82, 0x10, 0x82, 0x18, 0x82, 0x18, 0x82, 0x20, 0xA2, 0x28, 0xC2, 0x30, 0xE2, 0x41, 0x02, 0x51, 0x42,
  0x61, 0x82, 0xE6, 0xDA, 0xFF, 0xFF, 0xFF, 0xDE, 0xFF, 0xFF, 0xB4, 0xF2, 0x48, 0xC0, 0x51, 0x42, 0x49, 0x02, 0x41, 0x01, 0x38, 0xE2, 0x38, 0xE1, 0x40, 0xC1, 0xDB, 0x22, 0xFB, 0x80, 0xFB, 0x60,
  0xFB, 0x60, 0xFB, 0x60, 0xFB, 0x60, 0xFB, 0x60, 0xFB, 0x60, 0xFB, 0x80, 0xFB, 0x80, 0xFB, 0x80, 0xFB, 0x80, 0xFB, 0x80, 0xFB, 0x80, 0xFB, 0x80, 0xFB, 0x80, 0xFB, 0x80, 0xFB, 0x80, 0xFB, 0x80,
  0xFB, 0x80, 0xFB, 0x80, 0xFB, 0x81, 0xEB, 0x62, 0x89, 0xE2, 0x28, 0x80, 0x28, 0xA1, 0x30, 0x80, 0x28, 0x80, 0x38, 0x81, 0xE3, 0x22, 0xFB, 0x80, 0xFB, 0x60, 0xFB, 0x80, 0xFB, 0x80, 0xFB, 0x80,
  0xFB, 0x60, 0xFB, 0x80, 0xFB, 0x80, 0xFB, 0x80, 0xFB, 0x80, 0xFB, 0x80, 0xFB, 0x80, 0xFB, 0x80, 0xFB, 0x80, 0xFB, 0x80, 0xFB, 0x80, 0xFB, 0x80, 0xFB, 0x80, 0xFB, 0x80, 0xFB, 0x80, 0xFB, 0x81,
  0xE3, 0x42, 0x71, 0x82, 0x30, 0xA1, 0x40, 0xE0, 0x38, 0xE1, 0x38, 0xE1, 0x38, 0xE1, 0x40, 0xE1, 0x40, 0xE1, 0x48, 0xE1, 0xDB, 0x01, 0xFB, 0x80, 0xFB, 0x60, 0xFB, 0xA0, 0xAA, 0x41, 0x40, 0xE1,
  0x40, 0xE1, 0x30, 0xC1, 0x28, 0xA1, 0x18, 0x81, 0x10, 0x61, 0x10, 0x61, 0x08, 0x61, 0x08, 0x61, 0x08, 0x61, 0x08, 0x61, 0x08, 0x61, 0x08, 0x61, 0x08, 0x61, 0x08, 0x61, 0x08, 0x61, 0x08, 0x61,
  0x08, 0x61, 0x08, 0x61, 0x08, 0x61, 0x08, 0x61, 0x08, 0x61, 0x08, 0x61, 0x08, 0x61, 0x08, 0x61, 0x08, 0x61, 0x08, 0x61, 0x08, 0x61, 0x08, 0x61, 0x08, 0x61, 0x08, 0x61, 0x18, 0xC3, 0x21, 0x04,
  0x18, 0xA3, 0x08, 0x41, 0x08, 0x61, 0x08, 0x61, 0x08, 0x61, 0x08, 0x61, 0x08, 0x61, 0x08, 0x61, 0x08, 0x61, 0x08, 0x61, 0x08, 0x61, 0x08, 0x61, 0x08, 0x61, 0x08, 0x61, 0x08, 0x61, 0x08, 0x61,
  0x08, 0x61, 0x08, 0x61, 0x08, 0x61, 0x08, 0x61, 0x08, 0x61, 0x08, 0x61, 0x08, 0x61, 0x08, 0x61, 0x08, 0x61, 0x08, 0x61, 0x08, 0x61, 0x08, 0x61, 0x08, 0x41, 0x08, 0x61, 0x08, 0x41, 0x08, 0x41,
  0x10, 0x61, 0x10, 0x61, 0x18, 0x81, 0x20, 0x81, 0x28, 0xA1, 0x28, 0xA1, 0x61, 0x41, 0xEB, 0xA4, 0x50, 0xE0, 0x28, 0x60, 0x20, 0x60, 0x18, 0x40, 0x10, 0x40, 0x08, 0x20, 0x08, 0x00, 0x00, 0x00,
  0x00, 0x00, 0x08, 0x00, 0x08, 0x20, 0x10, 0x40, 0x18, 0x40, 0x20, 0x60, 0x28, 0x80, 0x38, 0xA0, 0xE3, 0x64, 0x81, 0xC1, 0x28, 0xA1, 0x30, 0xC1, 0x28, 0xA1, 0x20, 0x82, 0x18, 0x82, 0x10, 0x61,
  0x10, 0x62, 0x10, 0x62, 0x10, 0x62, 0x10, 0x62, 0x10, 0x62, 0x10, 0x82, 0x10, 0x82, 0x10, 0x82, 0x10, 0x82, 0x10, 0x82, 0x10, 0x82, 0x10, 0x82, 0x10, 0x82, 0x10, 0x82, 0x10, 0x82, 0x10, 0x82,
  0x10, 0x62, 0x10, 0x82, 0x10, 0x82, 0x10, 0x82, 0x10, 0x82, 0x10, 0x82, 0x10, 0x82, 0x10, 0x82, 0x10, 0x82, 0x10, 0x82, 0x10, 0x82, 0x10, 0x82, 0x10, 0x82, 0x10, 0x82, 0x10, 0x62, 0x18, 0xC3,
  0x29, 0x25, 0x21, 0x24, 0x10, 0x82, 0x10, 0x82, 0x10, 0x82, 0x10, 0x82, 0x10, 0x82, 0x10, 0x82, 0x10, 0x82, 0x10, 0x82, 0x10, 0x82, 0x10, 0x82, 0x10, 0x82, 0x10, 0x82, 0x10, 0x82, 0x10, 0x82,
  0x10, 0x82, 0x10, 0x82, 0x10, 0x82, 0x10, 0x82, 0x10, 0x82, 0x10, 0x82, 0x10, 0x82, 0x10, 0x82, 0x10, 0x82, 0x18, 0x82, 0x18, 0xA2, 0x20, 0xA2, 0x20, 0xC2, 0x30, 0xE2, 0x41, 0x02, 0x51, 0x42,
  0x59, 0x21, 0xCE, 0x16, 0xFF, 0xFF, 0xF7, 0xDE, 0xFF, 0xFF, 0xCD, 0xF6, 0x48, 0xE0, 0x51, 0x22, 0x41, 0x01, 0x41, 0x01, 0x38, 0xE2, 0x38, 0xE1, 0x40, 0xC1, 0xD3, 0x02, 0xFB, 0x60, 0xF3, 0x60,
  0xFB, 0x40, 0xFB, 0x40, 0xFB, 0x40, 0xFB, 0x40, 0xFB, 0x40, 0xFB, 0x40, 0xFB, 0x40, 0xFB, 0x40, 0xFB, 0x40, 0xFB, 0x60, 0xFB, 0x40, 0xFB, 0x60, 0xFB, 0x60, 0xFB, 0x60, 0xFB, 0x60, 0xFB, 0x60,
  0xFB, 0x40, 0xFB, 0x40, 0xFB, 0x40, 0xFB, 0x60, 0xFB, 0xC2, 0x71, 0x81, 0x28, 0x60, 0x30, 0xA0, 0x28, 0x80, 0x38, 0x81, 0xDB, 0x22, 0xFB, 0x60, 0xF3, 0x40, 0xFB, 0x60, 0xFB, 0x60, 0xFB, 0x60,
  0xFB, 0x40, 0xFB, 0x40, 0xFB, 0x40, 0xFB, 0x40, 0xFB, 0x40, 0xFB, 0x40, 0xFB, 0x40, 0xFB, 0x40, 0xFB, 0x40, 0xFB, 0x40, 0xFB, 0x40, 0xFB, 0x60, 0xFB, 0x40, 0xFB, 0x40, 0xFB, 0x40, 0xF3, 0x40,
  0xFB, 0x60, 0xF3, 0x81, 0x69, 0x61, 0x38, 0xC1, 0x40, 0xE1, 0x40, 0xE1, 0x40, 0xE1, 0x48, 0xE1, 0x40, 0xE1, 0x61, 0x41, 0xF3, 0x41, 0xFB, 0x60, 0xFB, 0x40, 0xFB, 0x81, 0x92, 0x01, 0x40, 0xE1,
  0x40, 0xE1, 0x30, 0xC1, 0x20, 0xA1, 0x18, 0x81, 0x18, 0x61, 0x10, 0x61, 0x10, 0x61, 0x08, 0x61, 0x08, 0x61, 0x08, 0x61, 0x08, 0x61, 0x08, 0x61, 0x08, 0x61, 0x08, 0x61, 0x08, 0x61, 0x10, 0x62,
  0x08, 0x61, 0x08, 0x61, 0x08, 0x61, 0x08, 0x61, 0x08, 0x61, 0x08, 0x61, 0x08, 0x61, 0x08, 0x61, 0x08, 0x61, 0x08, 0x61, 0x08, 0x61, 0x08, 0x61, 0x08, 0x61, 0x08, 0x61, 0x18, 0xC3, 0x20, 0xE4,
  0x10, 0x82, 0x08, 0x41, 0x08, 0x61, 0x08, 0x61, 0x10, 0x62, 0x08, 0x61, 0x08, 0x61, 0x08, 0x61, 0x08, 0x61, 0x08, 0x61, 0x08, 0x61, 0x08, 0x61, 0x08, 0x61, 0x08, 0x61, 0x08, 0x61, 0x08, 0x61,
  0x08, 0x41, 0x08, 0x61, 0x08, 0x61, 0x08, 0x61, 0x08, 0x61, 0x08, 0x61, 0x08, 0x61, 0x08, 0x61, 0x08, 0x61, 0x08, 0x61, 0x08, 0x61, 0x08, 0x61, 0x08, 0x41, 0x08, 0x61, 0x08, 0x41, 0x08, 0x41,
  0x10, 0x61, 0x10, 0x61, 0x18, 0x81, 0x20, 0x81, 0x28, 0xA1, 0x28, 0x81, 0x79, 0x81, 0xE3, 0x83, 0x40, 0xA0, 0x28, 0x80, 0x20, 0x60, 0x18, 0x40, 0x10, 0x20, 0x08, 0x20, 0x00, 0x00, 0x00, 0x00,
  0x00, 0x00, 0x08, 0x00, 0x08, 0x20, 0x10, 0x40, 0x18, 0x40, 0x20, 0x60, 0x28, 0x80, 0x30, 0x60, 0xDB, 0x23, 0x92, 0x22, 0x28, 0xA1, 0x30, 0xE1, 0x28, 0xC1, 0x20, 0xA2, 0x18, 0x82, 0x10, 0x81,
  0x10, 0x62, 0x10, 0x82, 0x10, 0x82, 0x10, 0x82, 0x10, 0x82, 0x10, 0x82, 0x10, 0x82, 0x10, 0x82, 0x10, 0x82, 0x10, 0x82, 0x10, 0x82, 0x10, 0x82, 0x10, 0x82, 0x10, 0x82, 0x10, 0x82, 0x10, 0x82,
  0x10, 0x82, 0x10, 0x82, 0x10, 0x82, 0x10, 0x82, 0x10, 0x82, 0x10, 0x82, 0x10, 0x82, 0x10, 0x82, 0x10, 0x82, 0x10, 0x82, 0x10, 0x82, 0x10, 0x82, 0x10, 0x82, 0x10, 0x82, 0x10, 0x82, 0x10, 0xA2,
  0x21, 0x24, 0x29, 0x45, 0x18, 0xA3, 0x10, 0x82, 0x10, 0x82, 0x10, 0x82, 0x10, 0x82, 0x10, 0x82, 0x10, 0x82, 0x10, 0x82, 0x10, 0x82, 0x10, 0x82, 0x10, 0x82, 0x10, 0x82, 0x10, 0x82, 0x10, 0x82,
  0x10, 0x82, 0x10, 0x82, 0x10, 0x82, 0x10, 0x82, 0x10, 0x82, 0x10, 0x82, 0x10, 0xA2, 0x10, 0x82, 0x10, 0x82, 0x10, 0x82, 0x18, 0xA2, 0x18, 0xA2, 0x20, 0xA2, 0x30, 0xE2, 0x39, 0x02, 0x49, 0x42,
  0x50, 0xE0, 0xB4, 0xF1, 0xFF, 0xFF, 0xFF, 0xDE, 0xFF, 0xFF, 0xEF, 0x7C, 0x59, 0xA3, 0x49, 0x01, 0x41, 0x02, 0x40, 0xE1, 0x38, 0xE1, 0x30, 0xC2, 0x38, 0xC1, 0xE3, 0x42, 0xFB, 0xC1, 0xFB, 0x81,
  0xFB, 0x81, 0xFB, 0x81, 0xFB, 0x81, 0xFB, 0x81, 0xFB, 0x81, 0xFB, 0x81, 0xFB, 0xA1, 0xFB, 0xA1, 0xFB, 0xA1, 0xFB, 0xA1, 0xFB, 0xA1, 0xFB, 0xA1, 0xFB, 0xA1, 0xFB, 0xA1, 0xFB, 0xA1, 0xFB, 0xA1,
  0xFB, 0x60, 0xFB, 0x60, 0xFB, 0x60, 0xF3, 0x61, 0xFB, 0xA1, 0xC2, 0xA2, 0x28, 0x60, 0x28, 0x80, 0x28, 0x80, 0x38, 0xA1, 0xEB, 0x62, 0xFB, 0xC0, 0xFB, 0xA1, 0xFB, 0xA1, 0xFB, 0xA1, 0xFB, 0xA1,
  0xFB, 0xA1, 0xFB, 0xA1, 0xFB, 0xA1, 0xFB, 0xA1, 0xFB, 0xA1, 0xFB, 0xA1, 0xFB, 0xA1, 0xFB, 0xA1, 0xFB, 0xA1, 0xFB, 0xA1, 0xFB, 0xA1, 0xFB, 0xA1, 0xFB, 0x80, 0xFB, 0x60, 0xFB, 0x60, 0xFB, 0x60,
  0xF3, 0x40, 0xFB, 0x80, 0xCA, 0xC2, 0x38, 0xA1, 0x40, 0xE1, 0x40, 0xE1, 0x40, 0xE1, 0x49, 0x01, 0x40, 0xE1, 0x9A, 0x01, 0xFB, 0x81, 0xFB, 0x60, 0xFB, 0x60, 0xF3, 0x61, 0x71, 0x81, 0x40, 0xE1,
  0x38, 0xE1, 0x30, 0xC1, 0x20, 0xA1, 0x18, 0x81, 0x18, 0x61, 0x10, 0x61, 0x10, 0x62, 0x10, 0x62, 0x10, 0x61, 0x10, 0x61, 0x10, 0x62, 0x08, 0x61, 0x08, 0x61, 0x10, 0x62, 0x10, 0x62, 0x10, 0x62,
  0x08, 0x61, 0x08, 0x61, 0x08, 0x61, 0x10, 0x62, 0x10, 0x62, 0x08, 0x61, 0x08, 0x61, 0x08, 0x61, 0x08, 0x61, 0x08, 0x61, 0x08, 0x61, 0x08, 0x61, 0x08, 0x61, 0x10, 0x82, 0x20, 0xE4, 0x20, 0xE4,
  0x10, 0x82, 0x08, 0x41, 0x08, 0x61, 0x10, 0x62, 0x08, 0x61, 0x08, 0x61, 0x08, 0x61, 0x08, 0x61, 0x08, 0x61, 0x08, 0x61, 0x08, 0x61, 0x08, 0x61, 0x08, 0x61, 0x08, 0x61, 0x08, 0x61, 0x08, 0x61,
  0x08, 0x41, 0x08, 0x61, 0x08, 0x61, 0x08, 0x61, 0x08, 0x61, 0x08, 0x61, 0x08, 0x61, 0x08, 0x61, 0x08, 0x61, 0x08, 0x61, 0x08, 0x61, 0x08, 0x61, 0x08, 0x61, 0x08, 0x61, 0x08, 0x61, 0x08, 0x61,
  0x10, 0x61, 0x10, 0x61, 0x18, 0x81, 0x20, 0x81, 0x28, 0xA1, 0x20, 0x80, 0x92, 0x01, 0xDB, 0x43, 0x30, 0x60, 0x28, 0x80, 0x20, 0x60, 0x18, 0x40, 0x10, 0x20, 0x08, 0x20, 0x00, 0x00, 0x00, 0x00,
  0x00, 0x00, 0x00, 0x00, 0x08, 0x20, 0x10, 0x20, 0x18, 0x40, 0x20, 0x60, 0x28, 0x80, 0x28, 0x40, 0xC2, 0xC2, 0xB2, 0xA2, 0x28, 0xA1, 0x38, 0xE2, 0x28, 0xC1, 0x20, 0xA1, 0x18, 0x82, 0x10, 0x81,
  0x10, 0x62, 0x10, 0x82, 0x10, 0x82, 0x10, 0x82, 0x10, 0x82, 0x10, 0x82, 0x10, 0x82, 0x10, 0x82, 0x10, 0x82, 0x10, 0x82, 0x10, 0x82, 0x10, 0x82, 0x10, 0x82, 0x10, 0x82, 0x10, 0x82, 0x10, 0x82,
  0x10, 0x82, 0x10, 0x82, 0x10, 0x82, 0x10, 0x82, 0x10, 0x82, 0x10, 0x82, 0x10, 0x82, 0x10, 0x82, 0x10, 0x82, 0x10, 0x82, 0x10, 0x82, 0x10, 0x82, 0x10, 0x82, 0x10, 0x82, 0x10, 0x82, 0x10, 0x82,
  0x21, 0x04, 0x29, 0x45, 0x18, 0xE3, 0x10, 0x82, 0x10, 0x82, 0x10, 0x82, 0x10, 0x82, 0x10, 0x82, 0x10, 0xA2, 0x10, 0x82, 0x10, 0x82, 0x10, 0x82, 0x10, 0xA2, 0x10, 0x82, 0x10, 0x82, 0x10, 0x82,
  0x10, 0x82, 0x10, 0xA2, 0x10, 0x82, 0x10, 0x82, 0x10, 0x82, 0x10, 0x82, 0x10, 0x82, 0x10, 0x82, 0x10, 0x82, 0x10, 0x82, 0x18, 0xA2, 0x18, 0xA2, 0x20, 0xA2, 0x28, 0xC2, 0x38, 0xE2, 0x49, 0x22,
  0x50, 0xE0, 0x7A, 0xC8, 0xFF, 0xFF, 0xFF, 0xFF, 0xFF, 0xDE, 0xFF, 0xFF, 0x8B, 0xAD, 0x38, 0x80, 0x49, 0x02, 0x38, 0xE1, 0x38, 0xE1, 0x30, 0xC1, 0x30, 0xC1, 0x71, 0xA2, 0x89, 0xE2, 0x81, 0xC1,
  0x89, 0xE1, 0x89, 0xE1, 0x89, 0xE1, 0x89, 0xE1, 0x89, 0xE1, 0x91, 0xE1, 0x91, 0xE1, 0x91, 0xE1, 0x91, 0xE1, 0x91, 0xE1, 0x91, 0xE1, 0x91, 0xE1, 0x91, 0xE1, 0x91, 0xE1, 0x91, 0xE2, 0xA2, 0x01,
  0xDB, 0x22, 0xFB, 0x81, 0xFB, 0x60, 0xFB, 0x60, 0xFB, 0x60, 0xE3, 0x22, 0x38, 0xA1, 0x28, 0x80, 0x28, 0xA1, 0x30, 0x81, 0x71, 0x82, 0x89, 0xC1, 0x81, 0xC1, 0x89, 0xE1, 0x89, 0xE1, 0x89, 0xE1,
  0x89, 0xE1, 0x89, 0xE1, 0x91, 0xE1, 0x89, 0xE1, 0x89, 0xE1, 0x91, 0xE1, 0x91, 0xE2, 0x92, 0x01, 0x92, 0x01, 0x92, 0x01, 0x92, 0x01, 0x92, 0x02, 0xB2, 0x61, 0xEB, 0x62, 0xFB, 0x60, 0xFB, 0x40,
  0xFB, 0x60, 0xFB, 0x60, 0xEB, 0x42, 0x59, 0x01, 0x38, 0xE1, 0x40, 0xE1, 0x40, 0xE1, 0x49, 0x01, 0x51, 0x01, 0xD2, 0xE2, 0xFB, 0x81, 0xFB, 0x60, 0xFB, 0x80, 0xDB, 0x01, 0x59, 0x01, 0x41, 0x01,
  0x38, 0xE1, 0x28, 0xC1, 0x20, 0x81, 0x18, 0x81, 0x10, 0x82, 0x10, 0x62, 0x10, 0x62, 0x10, 0x62, 0x10, 0x62, 0x10, 0x62, 0x08, 0x61, 0x08, 0x61, 0x08, 0x61, 0x08, 0x61, 0x10, 0x62, 0x10, 0x62,
  0x10, 0x62, 0x10, 0x62, 0x08, 0x61, 0x10, 0x62, 0x10, 0x62, 0x08, 0x61, 0x10, 0x62, 0x08, 0x61, 0x08, 0x61, 0x10, 0x62, 0x10, 0x62, 0x08, 0x61, 0x08, 0x41, 0x10, 0xA2, 0x20, 0xE4, 0x20, 0xE4,
  0x10, 0x62, 0x08, 0x61, 0x08, 0x61, 0x10, 0x62, 0x10, 0x62, 0x08, 0x61, 0x08, 0x61, 0x10, 0x62, 0x08, 0x61, 0x08, 0x61, 0x08, 0x61, 0x08, 0x61, 0x08, 0x61, 0x08, 0x61, 0x08, 0x61, 0x08, 0x61,
  0x08, 0x61, 0x10, 0x62, 0x08, 0x61, 0x08, 0x61, 0x08, 0x61, 0x08, 0x61, 0x08, 0x61, 0x08, 0x61, 0x08, 0x61, 0x08, 0x61, 0x08, 0x61, 0x08, 0x61, 0x08, 0x61, 0x08, 0x62, 0x08, 0x61, 0x10, 0x61,
  0x10, 0x61, 0x18, 0x61, 0x18, 0x81, 0x20, 0x81, 0x30, 0xC1, 0x20, 0x60, 0xAA, 0x82, 0xC2, 0xE2, 0x20, 0x40, 0x28, 0x80, 0x20, 0x60, 0x18, 0x40, 0x10, 0x20, 0x08, 0x20, 0x00, 0x00, 0x00, 0x00,
  0x00, 0x00, 0x00, 0x00, 0x08, 0x20, 0x10, 0x20, 0x18, 0x40, 0x20, 0x60, 0x28, 0x80, 0x20, 0x40, 0xA2, 0x62, 0xCB, 0x03, 0x30, 0xA1, 0x30, 0xE2, 0x28, 0xC1, 0x20, 0xA1, 0x18, 0x82, 0x18, 0x82,
  0x10, 0x62, 0x10, 0x82, 0x10, 0x82, 0x10, 0x82, 0x10, 0x82, 0x10, 0x82, 0x10, 0x82, 0x10, 0x82, 0x10, 0x82, 0x10, 0x82, 0x10, 0x82, 0x10, 0x82, 0x10, 0x82, 0x10, 0x82, 0x10, 0x82, 0x10, 0x82,
  0x10, 0x82, 0x10, 0x82, 0x10, 0x82, 0x10, 0x82, 0x10, 0x82, 0x10, 0x82, 0x10, 0x82, 0x10, 0x82, 0x10, 0x82, 0x10, 0x82, 0x10, 0x82, 0x10, 0x82, 0x10, 0x82, 0x10, 0x82, 0x10, 0x82, 0x10, 0x82,
  0x21, 0x04, 0x29, 0x45, 0x21, 0x04, 0x10, 0x82, 0x10, 0x82, 0x10, 0x82, 0x10, 0x82, 0x10, 0x82, 0x10, 0x82, 0x10, 0x82, 0x10, 0x82, 0x10, 0x82, 0x10, 0x82, 0x10, 0x82, 0x10, 0x82, 0x10, 0x82,
  0x10, 0x82, 0x10, 0x82, 0x10, 0x82, 0x10, 0x82, 0x10, 0x82, 0x10, 0x82, 0x10, 0x82, 0x10, 0x82, 0x10, 0x82, 0x10, 0x82, 0x18, 0xA2, 0x18, 0xA2, 0x20, 0xA2, 0x28, 0xC2, 0x30, 0xE2, 0x41, 0x02,
  0x49, 0x22, 0x48, 0xE1, 0xCE, 0x16, 0xFF, 0xFF, 0xF7, 0xDE, 0xFF, 0xFF, 0xDE, 0xDA, 0x51, 0x63, 0x40, 0xE1, 0x38, 0xE1, 0x38, 0xC1, 0x30, 0xC1, 0x30, 0xC1, 0x20, 0x81, 0x20, 0x61, 0x20, 0x61,
  0x20, 0x61, 0x20, 0x61, 0x20, 0x60, 0x20, 0x60, 0x28, 0x60, 0x28, 0x60, 0x28, 0x60, 0x28, 0x80, 0x28, 0x80, 0x28, 0x80, 0x28, 0x80, 0x28, 0x80, 0x28, 0x80, 0x30, 0x80, 0x30, 0x80, 0x28, 0x60,
  0x61, 0x21, 0xF3, 0x61, 0xFB, 0x80, 0xFB, 0x61, 0xFB, 0x60, 0xF3, 0x61, 0x48, 0xE1, 0x28, 0x80, 0x28, 0xA0, 0x28, 0x81, 0x20, 0x60, 0x18, 0x40, 0x20, 0x60, 0x20, 0x60, 0x20, 0x60, 0x20, 0x81,
  0x20, 0x81, 0x28, 0x80, 0x28, 0x80, 0x28, 0x81, 0x28, 0x81, 0x28, 0x80, 0x30, 0x81, 0x30, 0xA1, 0x38, 0xC1, 0x38, 0xC1, 0x38, 0xC1, 0x38, 0xC1, 0x38, 0xA1, 0x81, 0xC2, 0xFB, 0x81, 0xFB, 0x60,
  0xFB, 0x60, 0xFB, 0x60, 0xFB, 0x81, 0x69, 0x41, 0x38, 0xC1, 0x40, 0xE1, 0x49, 0x01, 0x40, 0xE1, 0x81, 0xA1, 0xFB, 0xA2, 0xFB, 0x60, 0xFB, 0x60, 0xFB, 0xA1, 0xAA, 0x41, 0x40, 0xE1, 0x41, 0x01,
  0x30, 0xC2, 0x28, 0xA1, 0x20, 0x81, 0x18, 0x82, 0x10, 0x82, 0x10, 0x62, 0x10, 0x62, 0x10, 0x62, 0x10, 0x62, 0x10, 0x62, 0x10, 0x62, 0x10, 0x62, 0x10, 0x62, 0x10, 0x62, 0x10, 0x62, 0x10, 0x62,
  0x10, 0x62, 0x10, 0x62, 0x10, 0x62, 0x08, 0x61, 0x10, 0x62, 0x08, 0x61, 0x10, 0x62, 0x08, 0x61, 0x08, 0x61, 0x10, 0x62, 0x10, 0x62, 0x08, 0x61, 0x08, 0x61, 0x18, 0xC3, 0x21, 0x04, 0x18, 0xC3,
  0x08, 0x61, 0x08, 0x61, 0x08, 0x61, 0x10, 0x62, 0x10, 0x62, 0x08, 0x61, 0x08, 0x61, 0x10, 0x62, 0x08, 0x61, 0x08, 0x61, 0x08, 0x61, 0x08, 0x61, 0x08, 0x61, 0x08, 0x61, 0x08, 0x61, 0x08, 0x61,
  0x08, 0x61, 0x10, 0x62, 0x08, 0x61, 0x08, 0x61, 0x08, 0x61, 0x08, 0x61, 0x08, 0x61, 0x08, 0x61, 0x08, 0x61, 0x08, 0x61, 0x08, 0x61, 0x08, 0x61, 0x08, 0x61, 0x08, 0x61, 0x08, 0x41, 0x10, 0x61,
  0x10, 0x61, 0x18, 0x61, 0x20, 0x81, 0x28, 0x81, 0x28, 0xC1, 0x28, 0x60, 0xCB, 0x03, 0xAA, 0x82, 0x20, 0x40, 0x28, 0x80, 0x20, 0x60, 0x18, 0x40, 0x10, 0x20, 0x08, 0x20, 0x00, 0x00, 0x00, 0x00,
  0x00, 0x00, 0x00, 0x00, 0x08, 0x20, 0x10, 0x20, 0x18, 0x40, 0x20, 0x60, 0x28, 0x80, 0x20, 0x60, 0x81, 0xE2, 0xE3, 0x63, 0x40, 0xC1, 0x30, 0xE2, 0x30, 0xC1, 0x20, 0xA1, 0x18, 0x82, 0x18, 0x82,
  0x10, 0x62, 0x10, 0x82, 0x10, 0x82, 0x10, 0x82, 0x10, 0x82, 0x10, 0x82, 0x10, 0x82, 0x10, 0x82, 0x10, 0x82, 0x10, 0x82, 0x10, 0x82, 0x10, 0x82, 0x10, 0x82, 0x10, 0x82, 0x10, 0x82, 0x10, 0x82,
  0x10, 0x82, 0x10, 0x82, 0x10, 0x82, 0x10, 0x82, 0x10, 0x82, 0x10, 0xA2, 0x10, 0x82, 0x10, 0xA2, 0x10, 0xA2, 0x10, 0x82, 0x10, 0xA2, 0x10, 0x82, 0x10, 0x82, 0x10, 0x82, 0x10, 0x82, 0x10, 0x82,
  0x18, 0xE3, 0x29, 0x45, 0x21, 0x24, 0x10, 0x82, 0x10, 0x82, 0x10, 0x82, 0x10, 0x82, 0x10, 0x82, 0x10, 0x82, 0x10, 0xA2, 0x10, 0x82, 0x10, 0x82, 0x10, 0x82, 0x10, 0x82, 0x10, 0x82, 0x10, 0x82,
  0x10, 0x82, 0x10, 0x82, 0x10, 0x82, 0x10, 0x82, 0x10, 0x82, 0x10, 0x82, 0x10, 0x82, 0x10, 0x82, 0x10, 0x82, 0x10, 0x82, 0x18, 0x82, 0x18, 0xA2, 0x18, 0xA2, 0x20, 0xA2, 0x30, 0xC2, 0x38, 0xE2,
  0x41, 0x02, 0x40, 0xC0, 0x6A, 0x26, 0xF7, 0xBD, 0xFF, 0xFF, 0xFF, 0xDF, 0xFF, 0xFF, 0x72, 0xC9, 0x38, 0xA0, 0x39, 0x01, 0x30, 0xC1, 0x28, 0xC2, 0x28, 0xA1, 0x28, 0xA1, 0x28, 0xA1, 0x28, 0xA1,
  0x30, 0xA1, 0x30, 0xA1, 0x30, 0xA1, 0x30, 0xA1, 0x30, 0xA0, 0x30, 0xA0, 0x30, 0xA0, 0x30, 0xA0, 0x30, 0xA0, 0x30, 0xA0, 0x38, 0xA0, 0x38, 0xC0, 0x38, 0xC0, 0x38, 0xC0, 0x38, 0xC0, 0x38, 0xC0,
  0x40, 0xA1, 0xDB, 0x01, 0xFB, 0x80, 0xFB, 0x60, 0xFB, 0x60, 0xF3, 0x61, 0x51, 0x01, 0x28, 0x80, 0x28, 0xA0, 0x28, 0x80, 0x28, 0x80, 0x28, 0xA1, 0x30, 0xA1, 0x30, 0xA1, 0x30, 0xA1, 0x30, 0xA1,
  0x30, 0xA1, 0x30, 0xA1, 0x38, 0xC1, 0x38, 0xC1, 0x38, 0xC1, 0x38, 0xC1, 0x38, 0xE1, 0x40, 0xE1, 0x40, 0xE1, 0x41, 0x01, 0x41, 0x02, 0x49, 0x02, 0x49, 0x01, 0x51, 0x01, 0xE3, 0x41, 0xFB, 0x80,
  0xFB, 0x60, 0xFB, 0x60, 0xFB, 0x81, 0x69, 0x61, 0x38, 0xC1, 0x49, 0x01, 0x41, 0x01, 0x51, 0x01, 0xCA, 0xE2, 0xFB, 0xA0, 0xFB, 0x60, 0xFB, 0x81, 0xEB, 0x61, 0x69, 0x61, 0x41, 0x01, 0x40, 0xE1,
  0x30, 0xC1, 0x20, 0xA1, 0x18, 0x81, 0x18, 0x82, 0x10, 0x82, 0x10, 0x62, 0x10, 0x62, 0x10, 0x62, 0x10, 0x62, 0x10, 0x62, 0x10, 0x62, 0x10, 0x62, 0x10, 0x62, 0x10, 0x62, 0x10, 0x62, 0x10, 0x62,
  0x10, 0x62, 0x10, 0x62, 0x10, 0x62, 0x10, 0x62, 0x10, 0x62, 0x08, 0x61, 0x08, 0x61, 0x08, 0x61, 0x10, 0x62, 0x10, 0x62, 0x10, 0x62, 0x10, 0x62, 0x08, 0x61, 0x18, 0xE3, 0x21, 0x04, 0x18, 0xC3,
  0x08, 0x61, 0x08, 0x61, 0x10, 0x62, 0x10, 0x62, 0x10, 0x62, 0x10, 0x62, 0x08, 0x61, 0x10, 0x62, 0x10, 0x62, 0x08, 0x61, 0x08, 0x61, 0x08, 0x61, 0x10, 0x62, 0x10, 0x62, 0x08, 0x61, 0x08, 0x61,
  0x08, 0x61, 0x10, 0x62, 0x08, 0x61, 0x10, 0x62, 0x08, 0x61, 0x08, 0x61, 0x08, 0x61, 0x08, 0x61, 0x08, 0x61, 0x08, 0x61, 0x08, 0x61, 0x08, 0x61, 0x08, 0x61, 0x08, 0x61, 0x08, 0x61, 0x10, 0x61,
  0x10, 0x61, 0x18, 0x61, 0x20, 0x81, 0x28, 0xA1, 0x28, 0xA1, 0x30, 0xA0, 0xE3, 0x63, 0x89, 0xE2, 0x20, 0x40, 0x28, 0x80, 0x20, 0x60, 0x10, 0x40, 0x10, 0x20, 0x08, 0x20, 0x00, 0x00, 0x00, 0x00,
  0x00, 0x00, 0x00, 0x00, 0x08, 0x20, 0x10, 0x20, 0x10, 0x40, 0x20, 0x60, 0x28, 0x80, 0x20, 0x60, 0x61, 0x41, 0xEB, 0xA4, 0x51, 0x01, 0x30, 0xC1, 0x30, 0xC2, 0x20, 0xA2, 0x18, 0x82, 0x18, 0x82,
  0x10, 0x62, 0x10, 0x82, 0x10, 0x82, 0x10, 0x82, 0x10, 0x82, 0x10, 0x82, 0x10, 0x82, 0x10, 0x82, 0x10, 0x82, 0x10, 0x82, 0x10, 0x82, 0x10, 0x82, 0x10, 0x82, 0x10, 0x82, 0x10, 0x82, 0x10, 0x82,
  0x10, 0x82, 0x10, 0x82, 0x10, 0x82, 0x10, 0x82, 0x10, 0xA2, 0x10, 0xA2, 0x10, 0x82, 0x10, 0x82, 0x10, 0xA2, 0x10, 0x82, 0x10, 0xA2, 0x10, 0x82, 0x10, 0x82, 0x10, 0x82, 0x10, 0x82, 0x10, 0x82,
  0x18, 0xC3, 0x29, 0x45, 0x29, 0x45, 0x18, 0xA3, 0x10, 0x82, 0x10, 0x82, 0x10, 0x82, 0x10, 0xA2, 0x10, 0x82, 0x10, 0xA2, 0x10, 0x82, 0x10, 0x82, 0x10, 0x82, 0x10, 0xA2, 0x10, 0x82, 0x10, 0x82,
  0x10, 0x82, 0x10, 0x82, 0x10, 0x82, 0x10, 0x82, 0x10, 0x82, 0x10, 0x82, 0x10, 0x82, 0x10, 0x82, 0x10, 0x82, 0x10, 0x82, 0x10, 0x82, 0x18, 0x82, 0x18, 0x82, 0x20, 0xA2, 0x28, 0xC2, 0x30, 0xC2,
  0x38, 0xE1, 0x49, 0x02, 0x40, 0xA0, 0x8B, 0xAC, 0xFF, 0xFF, 0xFF, 0xDF, 0xFF, 0xFF, 0x7A, 0xE9, 0x30, 0x80, 0x38, 0xE2, 0x28, 0xC1, 0x28, 0xA1, 0x20, 0xA1, 0x20, 0x81, 0x20, 0x81, 0x20, 0x81,
  0x28, 0x81, 0x28, 0x81, 0x28, 0xA1, 0x28, 0xA1, 0x28, 0x81, 0x28, 0xA1, 0x28, 0xA1, 0x30, 0xA0, 0x30, 0xA1, 0x30, 0xA0, 0x30, 0xA1, 0x30, 0xA0, 0x30, 0xA0, 0x38, 0xC1, 0x38, 0xC1, 0x38, 0xC0,
  0x38, 0xA0, 0xD2, 0xE2, 0xFB, 0x80, 0xFB, 0x60, 0xFB, 0x61, 0xF3, 0x61, 0x48, 0xE1, 0x28, 0x60, 0x28, 0x80, 0x20, 0x81, 0x20, 0x81, 0x28, 0x80, 0x28, 0x80, 0x28, 0xA1, 0x30, 0xA1, 0x30, 0xA1,
  0x30, 0xA1, 0x30, 0xA1, 0x38, 0xC1, 0x38, 0xC1, 0x38, 0xE1, 0x38, 0xE1, 0x38, 0xE1, 0x38, 0xC1, 0x38, 0xE1, 0x41, 0x01, 0x41, 0x01, 0x49, 0x01, 0x49, 0x01, 0x51, 0x21, 0xE3, 0x21, 0xFB, 0x80,
  0xFB, 0x60, 0xFB, 0x60, 0xFB, 0x81, 0x69, 0x61, 0x38, 0xE1, 0x49, 0x01, 0x40, 0xE1, 0x79, 0xA1, 0xFB, 0x81, 0xFB, 0x60, 0xF3, 0x60, 0xFB, 0xA1, 0xB2, 0x62, 0x49, 0x01, 0x49, 0x02, 0x30, 0xE1,
  0x28, 0xC1, 0x20, 0xA2, 0x18, 0x81, 0x10, 0x82, 0x10, 0x82, 0x10, 0x82, 0x10, 0x62, 0x10, 0x62, 0x10, 0x62, 0x10, 0x82, 0x10, 0x62, 0x10, 0x62, 0x10, 0x62, 0x10, 0x62, 0x10, 0x62, 0x10, 0x62,
  0x10, 0x62, 0x10, 0x62, 0x10, 0x62, 0x10, 0x62, 0x10, 0x62, 0x10, 0x62, 0x10, 0x62, 0x08, 0x61, 0x10, 0x62, 0x10, 0x62, 0x10, 0x62, 0x08, 0x61, 0x10, 0x82, 0x20, 0xE4, 0x21, 0x04, 0x10, 0x82,
  0x08, 0x61, 0x08, 0x61, 0x08, 0x61, 0x10, 0x62, 0x10, 0x62, 0x10, 0x62, 0x10, 0x62, 0x10, 0x62, 0x10, 0x62, 0x08, 0x61, 0x08, 0x61, 0x08, 0x61, 0x08, 0x61, 0x08, 0x61, 0x08, 0x61, 0x08, 0x61,
  0x08, 0x61, 0x10, 0x62, 0x08, 0x61, 0x08, 0x61, 0x08, 0x61, 0x08, 0x61, 0x08, 0x61, 0x08, 0x61, 0x08, 0x61, 0x08, 0x61, 0x08, 0x61, 0x08, 0x61, 0x08, 0x61, 0x08, 0x61, 0x08, 0x61, 0x10, 0x61,
  0x10, 0x61, 0x18, 0x81, 0x20, 0x81, 0x28, 0xA1, 0x28, 0xA1, 0x48, 0xE1, 0xEB, 0xA4, 0x69, 0x61, 0x20, 0x60, 0x28, 0x80, 0x18, 0x40, 0x10, 0x40, 0x08, 0x20, 0x08, 0x20, 0x00, 0x00, 0x00, 0x00,
  0x00, 0x00, 0x00, 0x00, 0x08, 0x20, 0x08, 0x20, 0x10, 0x40, 0x18, 0x60, 0x20, 0x80, 0x28, 0x80, 0x48, 0xE0, 0xEB, 0xA3, 0x69, 0x81, 0x30, 0xC1, 0x30, 0xC1, 0x28, 0xA2, 0x20, 0x82, 0x18, 0x82,
  0x10, 0x82, 0x10, 0x82, 0x10, 0x82, 0x10, 0x82, 0x10, 0x82, 0x10, 0x82, 0x10, 0x82, 0x10, 0x82, 0x10, 0x82, 0x10, 0x82, 0x10, 0x82, 0x10, 0x82, 0x10, 0x82, 0x10, 0x82, 0x10, 0x82, 0x10, 0x82,
  0x10, 0x82, 0x10, 0x82, 0x10, 0x82, 0x10, 0xA2, 0x10, 0xA2, 0x10, 0xA2, 0x10, 0xA2, 0x10, 0x82, 0x10, 0xA2, 0x10, 0x82, 0x10, 0x82, 0x10, 0x82, 0x10, 0xA2, 0x10, 0xA2, 0x10, 0x82, 0x10, 0x82,
  0x10, 0xA2, 0x21, 0x24, 0x29, 0x45, 0x18, 0xE3, 0x10, 0x82, 0x10, 0xA2, 0x10, 0x82, 0x10, 0xA2, 0x10, 0x82, 0x10, 0xA2, 0x10, 0x82, 0x10, 0x82, 0x10, 0x82, 0x10, 0x82, 0x10, 0x82, 0x10, 0x82,
  0x10, 0x82, 0x10, 0x82, 0x10, 0x82, 0x10, 0x82, 0x10, 0x82, 0x10, 0x82, 0x10, 0x82, 0x10, 0x82, 0x10, 0x82, 0x10, 0x82, 0x10, 0x62, 0x18, 0x82, 0x18, 0x82, 0x18, 0x81, 0x20, 0xA1, 0x28, 0xC1,
  0x30, 0xC1, 0x38, 0xE1, 0x41, 0x02, 0x40, 0xA0, 0x94, 0x0E, 0xFF, 0xFF, 0xFF, 0xFF, 0x7B, 0x2B, 0x30, 0x60, 0x30, 0xC2, 0x28, 0xA1, 0x20, 0xA1, 0x20, 0x81, 0x20, 0x81, 0x20, 0x81, 0x20, 0x81,
  0x18, 0x60, 0x18, 0x40, 0x18, 0x60, 0x18, 0x60, 0x20, 0x60, 0x20, 0x60, 0x20, 0x60, 0x20, 0x60, 0x20, 0x60, 0x20, 0x60, 0x20, 0x60, 0x28, 0x80, 0x28, 0x80, 0x30, 0x80, 0x30, 0xA0, 0x20, 0x60,
  0x48, 0xC1, 0xE3, 0x21, 0xFB, 0x60, 0xFB, 0x60, 0xFB, 0x80, 0xE3, 0x42, 0x40, 0xC1, 0x28, 0x80, 0x28, 0x80, 0x28, 0xA0, 0x28, 0x80, 0x28, 0xA0, 0x30, 0xA1, 0x30, 0xA1, 0x30, 0xA1, 0x30, 0xC1,
  0x30, 0xC1, 0x30, 0xC1, 0x30, 0xC1, 0x30, 0xC1, 0x30, 0xC1, 0x30, 0xC1, 0x30, 0xC1, 0x30, 0xC1, 0x38, 0xC1, 0x38, 0xC1, 0x38, 0xE1, 0x41, 0x02, 0x38, 0xC1, 0x59, 0x21, 0xF3, 0x61, 0xFB, 0x80,
  0xFB, 0x80, 0xFB, 0x60, 0xFB, 0x81, 0x61, 0x61, 0x38, 0xE1, 0x49, 0x01, 0x41, 0x01, 0x89, 0xE1, 0xFB, 0x81, 0xF3, 0x61, 0xFB, 0x80, 0xE3, 0x42, 0x61, 0x41, 0x49, 0x02, 0x41, 0x01, 0x30, 0xC2,
  0x28, 0xA2, 0x20, 0x82, 0x18, 0x82, 0x10, 0x82, 0x10, 0x82, 0x10, 0x82, 0x10, 0x82, 0x10, 0x82, 0x10, 0x82, 0x10, 0x82, 0x10, 0x62, 0x10, 0x62, 0x10, 0x62, 0x10, 0x82, 0x10, 0x82, 0x10, 0x62,
  0x10, 0x62, 0x10, 0x62, 0x10, 0x62, 0x10, 0x62, 0x10, 0x62, 0x10, 0x62, 0x10, 0x62, 0x10, 0x62, 0x10, 0x62, 0x10, 0x62, 0x10, 0x62, 0x08, 0x61, 0x10, 0xA2, 0x21, 0x04, 0x21, 0x04, 0x10, 0x82,
  0x10, 0x62, 0x10, 0x62, 0x10, 0x62, 0x10, 0x62, 0x10, 0x62, 0x08, 0x61, 0x10, 0x62, 0x10, 0x62, 0x10, 0x62, 0x08, 0x61, 0x10, 0x62, 0x10, 0x62, 0x10, 0x62, 0x10, 0x62, 0x08, 0x61, 0x08, 0x61,
  0x10, 0x62, 0x10, 0x62, 0x10, 0x62, 0x08, 0x61, 0x08, 0x61, 0x08, 0x61, 0x08, 0x61, 0x10, 0x62, 0x08, 0x61, 0x08, 0x61, 0x08, 0x61, 0x08, 0x61, 0x08, 0x61, 0x08, 0x41, 0x08, 0x61, 0x10, 0x61,
  0x10, 0x61, 0x18, 0x81, 0x20, 0x81, 0x28, 0xA1, 0x28, 0x81, 0x61, 0x61, 0xEB, 0xA3, 0x48, 0xE0, 0x28, 0x60, 0x20, 0x60, 0x18, 0x40, 0x10, 0x40, 0x08, 0x20, 0x08, 0x00, 0x00, 0x00, 0x00, 0x00,
  0x00, 0x00, 0x00, 0x00, 0x08, 0x20, 0x08, 0x20, 0x10, 0x20, 0x18, 0x40, 0x20, 0x60, 0x28, 0x80, 0x30, 0x80, 0xDB, 0x43, 0x92, 0x22, 0x28, 0xA1, 0x30, 0xE2, 0x28, 0xC2, 0x20, 0xA2, 0x18, 0x82,
  0x10, 0x82, 0x10, 0x82, 0x10, 0x82, 0x10, 0x82, 0x10, 0x82, 0x10, 0x82, 0x10, 0x82, 0x10, 0x82, 0x10, 0x82, 0x10, 0x82, 0x10, 0x82, 0x10, 0x82, 0x10, 0x82, 0x10, 0x82, 0x10, 0x82, 0x10, 0x82,
  0x10, 0x82, 0x10, 0x82, 0x10, 0x82, 0x10, 0x82, 0x10, 0xA2, 0x10, 0xA2, 0x10, 0xA2, 0x10, 0x82, 0x10, 0xA2, 0x10, 0x82, 0x10, 0x82, 0x10, 0xA2, 0x10, 0xA2, 0x10, 0xA2, 0x10, 0x82, 0x10, 0x82,
  0x10, 0x82, 0x21, 0x04, 0x29, 0x45, 0x21, 0x04, 0x10, 0x82, 0x10, 0x82, 0x10, 0x82, 0x10, 0xA2, 0x10, 0x82, 0x10, 0x82, 0x10, 0xA2, 0x10, 0x82, 0x10, 0x82, 0x10, 0x82, 0x10, 0x82, 0x10, 0x82,
  0x10, 0x82, 0x10, 0x82, 0x10, 0x82, 0x10, 0x82, 0x10, 0x82, 0x10, 0x82, 0x10, 0x62, 0x10, 0x82, 0x10, 0x82, 0x10, 0x82, 0x10, 0x62, 0x10, 0x82, 0x18, 0x82, 0x18, 0x82, 0x18, 0x81, 0x20, 0xA1,
  0x28, 0xC1, 0x30, 0xC1, 0x38, 0xE1, 0x49, 0x01, 0x38, 0xA0, 0x6A, 0xA9, 0xEF, 0x5C, 0x9C, 0x70, 0x20, 0x20, 0x28, 0xC1, 0x20, 0xA1, 0x20, 0x81, 0x20, 0x81, 0x20, 0x81, 0x18, 0x81, 0x38, 0xA1,
  0x69, 0x62, 0x61, 0x41, 0x61, 0x41, 0x61, 0x41, 0x69, 0x41, 0x61, 0x41, 0x61, 0x41, 0x61, 0x41, 0x69, 0x61, 0x69, 0x41, 0x69, 0x61, 0x69, 0x61, 0x69, 0x61, 0x71, 0x61, 0x71, 0x81, 0x81, 0xA1,
  0xCA, 0xA2, 0xFB, 0x81, 0xFB, 0x60, 0xFB, 0x60, 0xFB, 0xA0, 0xBA, 0xA1, 0x28, 0x81, 0x30, 0xA0, 0x30, 0xA0, 0x30, 0x81, 0x30, 0xA1, 0x30, 0xC1, 0x28, 0x81, 0x28, 0x80, 0x38, 0xA1, 0x48, 0xE1,
  0x59, 0x21, 0x59, 0x21, 0x61, 0x21, 0x59, 0x21, 0x59, 0x21, 0x59, 0x21, 0x59, 0x41, 0x59, 0x41, 0x59, 0x41, 0x59, 0x41, 0x61, 0x41, 0x61, 0x62, 0x69, 0x82, 0xC2, 0xA1, 0xFB, 0x81, 0xFB, 0x60,
  0xFB, 0x60, 0xFB, 0x80, 0xEB, 0x41, 0x59, 0x21, 0x49, 0x01, 0x51, 0x22, 0x49, 0x01, 0xA2, 0x41, 0xFB, 0x81, 0xFB, 0x40, 0xF3, 0x81, 0x79, 0xA2, 0x49, 0x01, 0x41, 0x02, 0x38, 0xE2, 0x28, 0xC2,
  0x20, 0xA2, 0x18, 0x82, 0x18, 0xA2, 0x10, 0x82, 0x10, 0x82, 0x10, 0x82, 0x10, 0x82, 0x10, 0x82, 0x10, 0x82, 0x10, 0x82, 0x10, 0x82, 0x10, 0x62, 0x10, 0x62, 0x10, 0x82, 0x10, 0x82, 0x10, 0x62,
  0x10, 0x62, 0x10, 0x62, 0x10, 0x62, 0x10, 0x62, 0x10, 0x62, 0x10, 0x62, 0x10, 0x62, 0x10, 0x62, 0x10, 0x62, 0x10, 0x62, 0x10, 0x62, 0x10, 0x62, 0x18, 0xC3, 0x21, 0x04, 0x18, 0xE3, 0x10, 0x62,
  0x10, 0x62, 0x08, 0x61, 0x10, 0x62, 0x10, 0x62, 0x10, 0x62, 0x08, 0x61, 0x10, 0x62, 0x10, 0x62, 0x10, 0x62, 0x08, 0x61, 0x08, 0x61, 0x10, 0x62, 0x10, 0x62, 0x10, 0x62, 0x08, 0x61, 0x08, 0x61,
  0x10, 0x62, 0x10, 0x62, 0x08, 0x61, 0x08, 0x61, 0x08, 0x61, 0x08, 0x61, 0x10, 0x62, 0x08, 0x61, 0x08, 0x61, 0x08, 0x61, 0x08, 0x61, 0x08, 0x61, 0x08, 0x61, 0x08, 0x61, 0x10, 0x61, 0x10, 0x61,
  0x10, 0x61, 0x18, 0x81, 0x20, 0xA1, 0x30, 0xA1, 0x20, 0x81, 0x89, 0xE1, 0xE3, 0x43, 0x30, 0x80, 0x28, 0x80, 0x20, 0x60, 0x18, 0x40, 0x10, 0x40, 0x08, 0x20, 0x08, 0x00, 0x00, 0x00, 0x00, 0x00,
  0x00, 0x00, 0x00, 0x00, 0x00, 0x00, 0x08, 0x20, 0x10, 0x20, 0x18, 0x40, 0x20, 0x60, 0x28, 0x80, 0x28, 0x40, 0xBA, 0xC3, 0xBA, 0xA2, 0x30, 0xA1, 0x30, 0xE2, 0x28, 0xC2, 0x20, 0xA2, 0x18, 0x82,
  0x18, 0x82, 0x10, 0x82, 0x10, 0x82, 0x10, 0x82, 0x10, 0x82, 0x10, 0x82, 0x10, 0x82, 0x10, 0x82, 0x10, 0x82, 0x10, 0x82, 0x10, 0x82, 0x10, 0x82, 0x10, 0x82, 0x10, 0x82, 0x10, 0x82, 0x10, 0x82,
  0x10, 0x82, 0x10, 0x82, 0x10, 0x82, 0x10, 0x82, 0x10, 0xA2, 0x10, 0xA2, 0x10, 0xA2, 0x10, 0x82, 0x10, 0xA2, 0x10, 0x82, 0x10, 0x82, 0x10, 0xA2, 0x10, 0x82, 0x10, 0xA2, 0x10, 0xA2, 0x10, 0x82,
  0x10, 0x82, 0x18, 0xE3, 0x29, 0x45, 0x29, 0x25, 0x10, 0xA2, 0x10, 0x82, 0x10, 0x82, 0x10, 0xA2, 0x10, 0xA2, 0x10, 0x82, 0x10, 0x82, 0x10, 0x82, 0x10, 0x82, 0x10, 0x82, 0x10, 0x82, 0x10, 0x82,
  0x10, 0x82, 0x10, 0x82, 0x10, 0x82, 0x10, 0x82, 0x10, 0x82, 0x10, 0x82, 0x10, 0x62, 0x10, 0x82, 0x10, 0x82, 0x10, 0x82, 0x10, 0x62, 0x10, 0x62, 0x10, 0x82, 0x18, 0x82, 0x18, 0x82, 0x18, 0x81,
  0x20, 0xA1, 0x28, 0xA1, 0x30, 0xC1, 0x30, 0xE1, 0x41, 0x02, 0x30, 0x60, 0x49, 0xA4, 0x7B, 0x6C, 0x20, 0x61, 0x20, 0xA1, 0x20, 0x81, 0x18, 0x81, 0x18, 0x61, 0x20, 0x81, 0x10, 0x41, 0x71, 0x82,
  0xFB, 0xC1, 0xFB, 0x81, 0xFB, 0x81, 0xFB, 0x81, 0xFB, 0x81, 0xFB, 0x81, 0xFB, 0x81, 0xFB, 0x81, 0xFB, 0x81, 0xFB, 0x81, 0xFB, 0x81, 0xFB, 0x81, 0xFB, 0x81, 0xFB, 0x81, 0xFB, 0x81, 0xFB, 0xA1,
  0xFB, 0x81, 0xFB, 0x61, 0xFB, 0x60, 0xFB, 0x81, 0xDB, 0x42, 0x59, 0x21, 0x30, 0xA0, 0x30, 0xA0, 0x30, 0xA1, 0x30, 0xA1, 0x30, 0xA0, 0x38, 0xA0, 0x69, 0x61, 0xAA, 0x62, 0xD2, 0xE1, 0xEB, 0x41,
  0xF3, 0x61, 0xF3, 0x61, 0xF3, 0x61, 0xF3, 0x61, 0xF3, 0x61, 0xF3, 0x61, 0xF3, 0x61, 0xF3, 0x61, 0xF3, 0x61, 0xF3, 0x61, 0xF3, 0x61, 0xF3, 0x61, 0xFB, 0x81, 0xFB, 0x81, 0xFB, 0x60, 0xFB, 0x60,
  0xFB, 0x60, 0xFB, 0xA1, 0xC2, 0xC2, 0x48, 0xE1, 0x49, 0x22, 0x51, 0x42, 0x51, 0x21, 0xC2, 0xA1, 0xFB, 0x80, 0xF3, 0x81, 0x89, 0xE1, 0x40, 0xE1, 0x49, 0x22, 0x38, 0xE2, 0x30, 0xC2, 0x28, 0xC2,
  0x20, 0xA2, 0x18, 0xA2, 0x18, 0xA2, 0x10, 0xA2, 0x10, 0x82, 0x10, 0x82, 0x10, 0x82, 0x10, 0x82, 0x10, 0x82, 0x10, 0x82, 0x10, 0x82, 0x10, 0x62, 0x10, 0x82, 0x10, 0x82, 0x10, 0x62, 0x10, 0x62,
  0x10, 0x62, 0x10, 0x62, 0x10, 0x82, 0x10, 0x62, 0x10, 0x62, 0x10, 0x62, 0x10, 0x62, 0x10, 0x82, 0x10, 0x62, 0x10, 0x62, 0x10, 0x62, 0x10, 0x62, 0x20, 0xE4, 0x21, 0x04, 0x18, 0xA3, 0x08, 0x61,
  0x10, 0x62, 0x10, 0x62, 0x10, 0x62, 0x10, 0x62, 0x10, 0x62, 0x10, 0x62, 0x10, 0x62, 0x10, 0x62, 0x10, 0x62, 0x10, 0x62, 0x08, 0x61, 0x10, 0x62, 0x10, 0x62, 0x10, 0x62, 0x08, 0x61, 0x08, 0x61,
  0x10, 0x62, 0x08, 0x61, 0x10, 0x62, 0x08, 0x61, 0x08, 0x61, 0x08, 0x61, 0x08, 0x61, 0x10, 0x62, 0x08, 0x61, 0x08, 0x61, 0x08, 0x61, 0x08, 0x61, 0x08, 0x61, 0x08, 0x61, 0x10, 0x61, 0x10, 0x61,
  0x10, 0x61, 0x18, 0x81, 0x20, 0xA1, 0x30, 0xC1, 0x28, 0x80, 0xB2, 0xA2, 0xC2, 0xC3, 0x20, 0x40, 0x28, 0x80, 0x20, 0x60, 0x18, 0x40, 0x10, 0x20, 0x08, 0x20, 0x00, 0x00, 0x00, 0x00, 0x00, 0x00,
  0x00, 0x00, 0x00, 0x00, 0x00, 0x00, 0x08, 0x20, 0x10, 0x20, 0x18, 0x40, 0x20, 0x60, 0x28, 0x80, 0x20, 0x40, 0x92, 0x22, 0xDB, 0x43, 0x38, 0xC1, 0x30, 0xE1, 0x28, 0xC2, 0x20, 0xA2, 0x18, 0xA2,
  0x18, 0x82, 0x10, 0x82, 0x10, 0x62, 0x10, 0x82, 0x10, 0x82, 0x10, 0x82, 0x10, 0x82, 0x10, 0x82, 0x10, 0x82, 0x10, 0x82, 0x10, 0x82, 0x10, 0x82, 0x10, 0x82, 0x10, 0x82, 0x10, 0x82, 0x10, 0x82,
  0x10, 0x82, 0x10, 0xA2, 0x10, 0x82, 0x10, 0x82, 0x10, 0xA2, 0x10, 0xA2, 0x10, 0xA2, 0x10, 0x82, 0x10, 0x82, 0x10, 0x82, 0x10, 0x82, 0x10, 0xA2, 0x10, 0x82, 0x10, 0xA2, 0x10, 0xA2, 0x10, 0x82,
  0x10, 0x82, 0x10, 0xA2, 0x29, 0x25, 0x29, 0x45, 0x18, 0xC3, 0x10, 0x82, 0x10, 0x82, 0x10, 0x82, 0x10, 0x82, 0x10, 0x82, 0x10, 0x82, 0x10, 0x82, 0x10, 0x82, 0x10, 0x82, 0x10, 0x82, 0x10, 0x82,
  0x10, 0x82, 0x10, 0x82, 0x10, 0x82, 0x10, 0x82, 0x10, 0x82, 0x10, 0x62, 0x10, 0x62, 0x10, 0x62, 0x10, 0x62, 0x10, 0x62, 0x10, 0x62, 0x10, 0x61, 0x10, 0x61, 0x10, 0x81, 0x10, 0x81, 0x18, 0x81,
  0x18, 0x81, 0x20, 0xA1, 0x28, 0xA1, 0x28, 0xC1, 0x30, 0xA1, 0x30, 0xC1, 0x20, 0x60, 0x20, 0x60, 0x20, 0x81, 0x20, 0x81, 0x18, 0x61, 0x18, 0x61, 0x18, 0x61, 0x18, 0x61, 0x10, 0x40, 0x71, 0x81,
  0xF3, 0xA1, 0xF3, 0x40, 0xFB, 0x60, 0xF3, 0x60, 0xFB, 0x40, 0xFB, 0x40, 0xF3, 0x40, 0xFB, 0x40, 0xFB, 0x40, 0xFB, 0x40, 0xFB, 0x40, 0xFB, 0x40, 0xFB, 0x60, 0xFB, 0x40, 0xFB, 0x40, 0xF3, 0x40,
  0xFB, 0x40, 0xFB, 0x61, 0xFB, 0x60, 0xE3, 0x01, 0x58, 0xE1, 0x30, 0x80, 0x38, 0xC0, 0x38, 0xA0, 0x38, 0xA0, 0x38, 0xC0, 0x40, 0xA0, 0xAA, 0x62, 0xFB, 0xA2, 0xFB, 0xA1, 0xFB, 0x80, 0xFB, 0x60,
  0xFB, 0x60, 0xFB, 0x60, 0xFB, 0x60, 0xFB, 0x60, 0xFB, 0x60, 0xFB, 0x60, 0xFB, 0x60, 0xFB, 0x60, 0xFB, 0x60, 0xFB, 0x60, 0xFB, 0x60, 0xFB, 0x60, 0xFB, 0x60, 0xF3, 0x40, 0xFB, 0x40, 0xFB, 0x40,
  0xFB, 0x80, 0xEB, 0x62, 0x61, 0x61, 0x41, 0x02, 0x49, 0x22, 0x49, 0x22, 0x61, 0x41, 0xF3, 0x81, 0xF3, 0x61, 0x81, 0xA1, 0x38, 0xC1, 0x41, 0x02, 0x39, 0x02, 0x30, 0xE2, 0x28, 0xC2, 0x20, 0xA2,
  0x18, 0xA2, 0x18, 0xA2, 0x18, 0xA2, 0x10, 0xA2, 0x10, 0x82, 0x10, 0x82, 0x10, 0x82, 0x10, 0x82, 0x10, 0x82, 0x10, 0x82, 0x10, 0x82, 0x10, 0x62, 0x10, 0x82, 0x10, 0x82, 0x10, 0x82, 0x10, 0x62,
  0x10, 0x62, 0x10, 0x62, 0x10, 0x82, 0x10, 0x62, 0x10, 0x82, 0x10, 0x62, 0x10, 0x62, 0x10, 0x82, 0x10, 0x62, 0x10, 0x62, 0x08, 0x61, 0x10, 0xA2, 0x21, 0x04, 0x21, 0x04, 0x10, 0x82, 0x10, 0x62,
  0x10, 0x62, 0x10, 0x62, 0x10, 0x62, 0x10, 0x62, 0x10, 0x62, 0x10, 0x62, 0x10, 0x62, 0x10, 0x62, 0x10, 0x62, 0x10, 0x62, 0x08, 0x61, 0x10, 0x62, 0x10, 0x62, 0x10, 0x62, 0x08, 0x61, 0x10, 0x62,
  0x10, 0x62, 0x10, 0x62, 0x10, 0x62, 0x08, 0x61, 0x10, 0x62, 0x08, 0x61, 0x08, 0x61, 0x10, 0x62, 0x08, 0x61, 0x08, 0x61, 0x08, 0x61, 0x08, 0x61, 0x08, 0x61, 0x10, 0x61, 0x10, 0x61, 0x10, 0x61,
  0x18, 0x81, 0x20, 0x81, 0x28, 0xA1, 0x30, 0xC1, 0x30, 0x80, 0xD3, 0x23, 0x9A, 0x22, 0x20, 0x40, 0x28, 0x80, 0x20, 0x60, 0x18, 0x40, 0x10, 0x20, 0x08, 0x20, 0x00, 0x00, 0x00, 0x00, 0x00, 0x00,
  0x00, 0x00, 0x00, 0x00, 0x00, 0x00, 0x08, 0x20, 0x10, 0x20, 0x18, 0x40, 0x20, 0x60, 0x28, 0x80, 0x20, 0x60, 0x69, 0x61, 0xF3, 0xA3, 0x51, 0x21, 0x30, 0xE2, 0x30, 0xC2, 0x28, 0xC2, 0x20, 0xA2,
  0x18, 0xA2, 0x10, 0x82, 0x10, 0x82, 0x10, 0x82, 0x10, 0x82, 0x10, 0x82, 0x10, 0x82, 0x10, 0x82, 0x10, 0x82, 0x10, 0x82, 0x10, 0x82, 0x10, 0x82, 0x10, 0x82, 0x10, 0x82, 0x10, 0x82, 0x10, 0x82,
  0x10, 0x82, 0x10, 0xA2, 0x10, 0x82, 0x10, 0x82, 0x10, 0xA2, 0x10, 0x82, 0x10, 0xA2, 0x10, 0x82, 0x10, 0x82, 0x10, 0xA2, 0x10, 0x82, 0x10, 0x82, 0x10, 0x82, 0x10, 0x82, 0x10, 0x82, 0x10, 0x82,
  0x10, 0x82, 0x10, 0x82, 0x21, 0x04, 0x29, 0x45, 0x21, 0x04, 0x10, 0x82, 0x10, 0x82, 0x10, 0x82, 0x10, 0x82, 0x10, 0x82, 0x10, 0x82, 0x10, 0x82, 0x10, 0x82, 0x10, 0x82, 0x10, 0x82, 0x10, 0x82,
  0x10, 0x82, 0x10, 0x82, 0x10, 0x82, 0x10, 0x82, 0x10, 0x82, 0x10, 0x82, 0x10, 0x62, 0x10, 0x62, 0x10, 0x62, 0x10, 0x62, 0x10, 0x62, 0x10, 0x62, 0x10, 0x61, 0x10, 0x61, 0x10, 0x61, 0x10, 0x61,
  0x18, 0x81, 0x18, 0x81, 0x20, 0x81, 0x20, 0x81, 0x20, 0x81, 0x20, 0x81, 0x20, 0xA1, 0x20, 0x81, 0x18, 0x61, 0x18, 0x61, 0x18, 0x61, 0x18, 0x61, 0x18, 0x61, 0x20, 0x61, 0x10, 0x21, 0x79, 0xA2,
  0xFB, 0xE1, 0xFB, 0xA0, 0xFB, 0xA1, 0xFB, 0xA0, 0xFB, 0xA1, 0xFB, 0xA0, 0xFB, 0xA0, 0xFB, 0xA0, 0xFB, 0xA0, 0xFB, 0xA0, 0xFB, 0xA0, 0xFB, 0xA0, 0xFB, 0xA0, 0xFB, 0xA1, 0xFB, 0x81, 0xFB, 0x81,
  0xFB, 0x60, 0xFB, 0x60, 0xFB, 0x60, 0xFB, 0x61, 0xD3, 0x02, 0x51, 0x01, 0x38, 0xA0, 0x38, 0xC0, 0x38, 0xC1, 0x38, 0xA0, 0x9A, 0x22, 0xFB, 0xC2, 0xFB, 0x60, 0xFB, 0x60, 0xFB, 0x61, 0xFB, 0x40,
  0xFB, 0x60, 0xFB, 0x60, 0xFB, 0x80, 0xFB, 0x80, 0xFB, 0x80, 0xFB, 0x80, 0xFB, 0x80, 0xFB, 0x80, 0xFB, 0x80, 0xFB, 0x80, 0xFB, 0x81, 0xFB, 0x81, 0xFB, 0x80, 0xFB, 0x60, 0xFB, 0x80, 0xFB, 0x81,
  0xDB, 0x02, 0x69, 0x81, 0x39, 0x01, 0x49, 0x22, 0x49, 0x22, 0x41, 0x02, 0x9A, 0x42, 0xE3, 0x62, 0x69, 0x61, 0x38, 0xE2, 0x41, 0x02, 0x39, 0x02, 0x30, 0xE2, 0x28, 0xC2, 0x28, 0xC2, 0x20, 0xA2,
  0x18, 0xA2, 0x18, 0xA2, 0x18, 0xA2, 0x10, 0xA2, 0x10, 0x82, 0x10, 0x82, 0x10, 0x82, 0x10, 0x82, 0x10, 0x82, 0x10, 0x82, 0x10, 0x82, 0x10, 0x82, 0x10, 0x82, 0x10, 0x82, 0x10, 0x82, 0x10, 0x62,
  0x10, 0x82, 0x10, 0x82, 0x10, 0x62, 0x10, 0x82, 0x10, 0x82, 0x10, 0x62, 0x10, 0x82, 0x10, 0x62, 0x10, 0x62, 0x10, 0x82, 0x10, 0x62, 0x18, 0xC3, 0x21, 0x04, 0x20, 0xE4, 0x10, 0x62, 0x10, 0x62,
  0x10, 0x62, 0x10, 0x62, 0x10, 0x62, 0x10, 0x62, 0x10, 0x62, 0x10, 0x62, 0x10, 0x62, 0x10, 0x62, 0x10, 0x62, 0x10, 0x62, 0x08, 0x61, 0x10, 0x62, 0x10, 0x62, 0x10, 0x62, 0x08, 0x61, 0x10, 0x62,
  0x08, 0x61, 0x08, 0x61, 0x08, 0x61, 0x08, 0x61, 0x08, 0x61, 0x08, 0x61, 0x10, 0x62, 0x10, 0x62, 0x08, 0x61, 0x08, 0x61, 0x08, 0x61, 0x08, 0x61, 0x08, 0x61, 0x10, 0x61, 0x10, 0x61, 0x10, 0x61,
  0x18, 0x81, 0x20, 0x81, 0x28, 0xA1, 0x28, 0xA1, 0x48, 0xE1, 0xEB, 0x83, 0x69, 0x61, 0x20, 0x60, 0x28, 0x80, 0x18, 0x60, 0x10, 0x40, 0x08, 0x20, 0x08, 0x20, 0x00, 0x00, 0x00, 0x00, 0x00, 0x00,
  0x00, 0x00, 0x00, 0x00, 0x00, 0x00, 0x08, 0x00, 0x08, 0x20, 0x10, 0x40, 0x18, 0x40, 0x20, 0x60, 0x28, 0x80, 0x48, 0xC0, 0xEB, 0x83, 0x71, 0xA2, 0x30, 0xC2, 0x30, 0xE2, 0x28, 0xC2, 0x20, 0xA2,
  0x18, 0xA2, 0x10, 0x82, 0x10, 0x82, 0x10, 0x82, 0x10, 0x82, 0x10, 0x82, 0x10, 0x82, 0x10, 0x82, 0x10, 0x82, 0x10, 0x82, 0x10, 0x82, 0x10, 0x82, 0x10, 0x82, 0x10, 0x82, 0x10, 0x82, 0x10, 0x82,
  0x10, 0x82, 0x10, 0xA2, 0x10, 0x82, 0x10, 0x82, 0x10, 0xA2, 0x10, 0xA2, 0x10, 0xA2, 0x10, 0xA2, 0x10, 0x82, 0x10, 0xA2, 0x10, 0x82, 0x10, 0x82, 0x10, 0x82, 0x10, 0x82, 0x10, 0xA2, 0x10, 0x82,
  0x10, 0x82, 0x10, 0x82, 0x18, 0xC3, 0x29, 0x45, 0x29, 0x25, 0x10, 0xA2, 0x10, 0x82, 0x10, 0x82, 0x10, 0x82, 0x10, 0x82, 0x10, 0x82, 0x10, 0x82, 0x10, 0x82, 0x10, 0x82, 0x10, 0x82, 0x10, 0x82,
  0x10, 0x82, 0x10, 0x82, 0x10, 0x82, 0x10, 0x62, 0x10, 0x62, 0x10, 0x62, 0x10, 0x62, 0x10, 0x62, 0x08, 0x61, 0x10, 0x62, 0x10, 0x62, 0x08, 0x61, 0x08, 0x61, 0x10, 0x61, 0x10, 0x61, 0x10, 0x61,
  0x10, 0x61, 0x10, 0x61, 0x18, 0x61, 0x18, 0x81, 0x18, 0x81, 0x18, 0x61, 0x18, 0x61, 0x18, 0x61, 0x18, 0x61, 0x18, 0x61, 0x18, 0x61, 0x18, 0x61, 0x18, 0x61, 0x18, 0x61, 0x10, 0x41, 0x48, 0xE1,
  0x9A, 0x42, 0xA2, 0x22, 0xA2, 0x42, 0xA2, 0x42, 0xA2, 0x22, 0xA2, 0x42, 0xA2, 0x42, 0xA2, 0x42, 0xA2, 0x42, 0xA2, 0x42, 0xA2, 0x42, 0xAA, 0x42, 0xAA, 0x42, 0xAA, 0x42, 0xAA, 0x62, 0xC2, 0x82,
  0xEB, 0x61, 0xFB, 0x81, 0xFB, 0x60, 0xFB, 0x60, 0xFB, 0xA0, 0xC2, 0xA1, 0x38, 0x81, 0x38, 0xC0, 0x38, 0xC1, 0x51, 0x01, 0xEB, 0x62, 0xFB, 0x80, 0xFB, 0x60, 0xFB, 0x61, 0xFB, 0x80, 0xFB, 0x81,
  0xF3, 0x42, 0xDB, 0x01, 0xDB, 0x01, 0xDB, 0x21, 0xDB, 0x21, 0xDB, 0x21, 0xE3, 0x01, 0xDB, 0x21, 0xE3, 0x21, 0xE3, 0x21, 0xE3, 0x21, 0xE3, 0x21, 0xDB, 0x21, 0xD3, 0x01, 0xBA, 0xA1, 0x8A, 0x02,
  0x49, 0x01, 0x30, 0xE2, 0x41, 0x02, 0x41, 0x02, 0x41, 0x02, 0x49, 0x22, 0x8A, 0x43, 0x51, 0x42, 0x38, 0xE2, 0x39, 0x02, 0x31, 0x02, 0x30, 0xE2, 0x28, 0xE2, 0x28, 0xC2, 0x20, 0xC2, 0x20, 0xC2,
  0x18, 0xC3, 0x18, 0xA2, 0x18, 0xA2, 0x10, 0xA2, 0x10, 0xA2, 0x10, 0x82, 0x10, 0xA2, 0x10, 0x82, 0x10, 0x82, 0x10, 0x82, 0x10, 0x82, 0x10, 0x82, 0x10, 0x82, 0x10, 0x82, 0x10, 0x82, 0x10, 0x82,
  0x10, 0x82, 0x10, 0x82, 0x10, 0x62, 0x10, 0x82, 0x10, 0x82, 0x10, 0x62, 0x10, 0x82, 0x10, 0x62, 0x10, 0x82, 0x10, 0x62, 0x10, 0x82, 0x20, 0xE4, 0x21, 0x04, 0x18, 0xC3, 0x10, 0x62, 0x10, 0x62,
  0x10, 0x62, 0x10, 0x62, 0x10, 0x62, 0x10, 0x62, 0x10, 0x62, 0x10, 0x62, 0x10, 0x62, 0x10, 0x62, 0x10, 0x62, 0x10, 0x62, 0x10, 0x62, 0x10, 0x62, 0x10, 0x62, 0x08, 0x61, 0x08, 0x61, 0x10, 0x62,
  0x08, 0x61, 0x08, 0x61, 0x08, 0x61, 0x08, 0x61, 0x08, 0x61, 0x08, 0x61, 0x10, 0x62, 0x10, 0x62, 0x08, 0x61, 0x08, 0x61, 0x08, 0x61, 0x08, 0x61, 0x08, 0x61, 0x10, 0x61, 0x10, 0x61, 0x18, 0x61,
  0x18, 0x81, 0x20, 0x81, 0x30, 0xA0, 0x28, 0x81, 0x69, 0x61, 0xEB, 0x83, 0x48, 0xC0, 0x20, 0x80, 0x20, 0x60, 0x18, 0x40, 0x10, 0x20, 0x08, 0x20, 0x08, 0x00, 0x00, 0x00, 0x00, 0x00, 0x00, 0x00,
  0x00, 0x00, 0x00, 0x00, 0x00, 0x00, 0x08, 0x00, 0x08, 0x20, 0x10, 0x20, 0x18, 0x40, 0x20, 0x60, 0x28, 0x80, 0x28, 0x60, 0xD3, 0x23, 0xA2, 0x62, 0x30, 0xA1, 0x30, 0xE2, 0x28, 0xC2, 0x20, 0xA2,
  0x18, 0xA2, 0x18, 0x82, 0x10, 0x82, 0x10, 0x82, 0x10, 0x82, 0x10, 0x82, 0x10, 0x82, 0x10, 0x82, 0x10, 0x82, 0x10, 0x82, 0x10, 0x82, 0x10, 0x82, 0x10, 0x82, 0x10, 0x82, 0x10, 0x82, 0x10, 0x82,
  0x10, 0x82, 0x10, 0x82, 0x10, 0x82, 0x10, 0x82, 0x10, 0x82, 0x10, 0xA2, 0x10, 0xA2, 0x10, 0xA2, 0x10, 0x82, 0x10, 0xA2, 0x10, 0x82, 0x10, 0x82, 0x10, 0x82, 0x10, 0x82, 0x10, 0x82, 0x10, 0x82,
  0x10, 0x82, 0x10, 0x82, 0x10, 0xA2, 0x29, 0x25, 0x29, 0x45, 0x18, 0xC3, 0x10, 0x62, 0x10, 0x82, 0x10, 0x82, 0x10, 0x82, 0x10, 0x82, 0x10, 0x82, 0x10, 0x82, 0x10, 0x82, 0x10, 0x82, 0x10, 0x62,
  0x10, 0x82, 0x10, 0x82, 0x10, 0x82, 0x10, 0x62, 0x10, 0x62, 0x10, 0x62, 0x10, 0x62, 0x10, 0x62, 0x08, 0x61, 0x08, 0x61, 0x10, 0x62, 0x08, 0x61, 0x08, 0x61, 0x08, 0x61, 0x08, 0x61, 0x10, 0x62,
  0x10, 0x61, 0x10, 0x61, 0x10, 0x61, 0x10, 0x61, 0x10, 0x61, 0x10, 0x61, 0x18, 0x61, 0x18, 0x61, 0x18, 0x61, 0x18, 0x61, 0x10, 0x61, 0x10, 0x61, 0x18, 0x61, 0x18, 0x61, 0x18, 0x61, 0x18, 0x61,
  0x18, 0x41, 0x18, 0x40, 0x20, 0x60, 0x20, 0x60, 0x20, 0x60, 0x20, 0x60, 0x20, 0x60, 0x20, 0x60, 0x20, 0x60, 0x20, 0x60, 0x28, 0x60, 0x28, 0x60, 0x28, 0x80, 0x30, 0x80, 0x38, 0xA0, 0x38, 0x80,
  0x69, 0x41, 0xEB, 0x62, 0xFB, 0x60, 0xFB, 0x60, 0xFB, 0x60, 0xF3, 0x61, 0x59, 0x21, 0x38, 0xA0, 0x38, 0xA0, 0x79, 0x81, 0xFB, 0xA1, 0xFB, 0x61, 0xFB, 0x60, 0xFB, 0x60, 0xF3, 0x81, 0x9A, 0x22,
  0x61, 0x21, 0x50, 0xE1, 0x48, 0xE1, 0x48, 0xE1, 0x49, 0x01, 0x49, 0x01, 0x49, 0x01, 0x49, 0x01, 0x51, 0x01, 0x51, 0x21, 0x51, 0x21, 0x51, 0x22, 0x51, 0x21, 0x49, 0x02, 0x40, 0xE2, 0x38, 0xE2,
  0x39, 0x02, 0x39, 0x02, 0x39, 0x02, 0x39, 0x03, 0x39, 0x02, 0x41, 0x22, 0x39, 0x02, 0x39, 0x02, 0x39, 0x02, 0x30, 0xE2, 0x28, 0xE3, 0x28, 0xE2, 0x20, 0xE2, 0x20, 0xC2, 0x20, 0xC3, 0x20, 0xC3,
  0x18, 0xC3, 0x18, 0xC3, 0x10, 0xA2, 0x10, 0xA2, 0x10, 0xA3, 0x10, 0xA2, 0x10, 0xA2, 0x10, 0x82, 0x10, 0x82, 0x10, 0x82, 0x10, 0x82, 0x10, 0xA2, 0x10, 0x82, 0x10, 0x82, 0x10, 0x82, 0x10, 0x82,
  0x10, 0x82, 0x10, 0x82, 0x10, 0x62, 0x10, 0x82, 0x10, 0x82, 0x10, 0x82, 0x10, 0x82, 0x10, 0x82, 0x10, 0x82, 0x10, 0x62, 0x18, 0xA3, 0x21, 0x04, 0x21, 0x04, 0x10, 0x82, 0x10, 0x62, 0x10, 0x62,
  0x10, 0x62, 0x10, 0x82, 0x10, 0x62, 0x10, 0x62, 0x10, 0x62, 0x10, 0x62, 0x10, 0x62, 0x10, 0x62, 0x10, 0x62, 0x10, 0x62, 0x10, 0x62, 0x10, 0x62, 0x10, 0x62, 0x08, 0x61, 0x10, 0x62, 0x10, 0x62,
  0x10, 0x62, 0x10, 0x62, 0x10, 0x62, 0x10, 0x62, 0x08, 0x61, 0x10, 0x62, 0x10, 0x62, 0x10, 0x62, 0x08, 0x61, 0x08, 0x61, 0x08, 0x61, 0x08, 0x61, 0x08, 0x61, 0x10, 0x61, 0x10, 0x61, 0x18, 0x61,
  0x20, 0x81, 0x20, 0x81, 0x30, 0xC1, 0x28, 0x61, 0x9A, 0x42, 0xD3, 0x23, 0x28, 0x60, 0x28, 0x80, 0x20, 0x60, 0x18, 0x40, 0x10, 0x20, 0x08, 0x20, 0x08, 0x00, 0x00, 0x00, 0x00, 0x00, 0x00, 0x00,
  0x00, 0x00, 0x00, 0x00, 0x00, 0x00, 0x00, 0x00, 0x08, 0x20, 0x10, 0x20, 0x18, 0x40, 0x20, 0x60, 0x28, 0x80, 0x20, 0x60, 0xA2, 0x62, 0xCB, 0x23, 0x38, 0xA1, 0x30, 0xE2, 0x28, 0xC2, 0x28, 0xA2,
  0x20, 0xA2, 0x18, 0x82, 0x10, 0x82, 0x10, 0x82, 0x10, 0x82, 0x10, 0x82, 0x10, 0x82, 0x10, 0x82, 0x10, 0x82, 0x10, 0x82, 0x10, 0x82, 0x10, 0x82, 0x10, 0x82, 0x10, 0x82, 0x10, 0x82, 0x10, 0x82,
  0x10, 0x82, 0x10, 0x82, 0x10, 0x82, 0x10, 0x82, 0x10, 0x82, 0x10, 0x82, 0x10, 0x82, 0x10, 0x82, 0x10, 0x82, 0x10, 0x82, 0x10, 0x82, 0x10, 0x82, 0x10, 0x82, 0x10, 0x82, 0x10, 0x82, 0x10, 0x82,
  0x10, 0x82, 0x10, 0x82, 0x10, 0x82, 0x21, 0x04, 0x29, 0x25, 0x21, 0x04, 0x10, 0x62, 0x10, 0x82, 0x10, 0x82, 0x10, 0x82, 0x10, 0x82, 0x10, 0x62, 0x10, 0x82, 0x10, 0x82, 0x10, 0x82, 0x10, 0x62,
  0x10, 0x82, 0x10, 0x82, 0x10, 0x62, 0x10, 0x62, 0x10, 0x62, 0x10, 0x62, 0x10, 0x62, 0x10, 0x62, 0x10, 0x62, 0x08, 0x61, 0x08, 0x61, 0x08, 0x61, 0x08, 0x61, 0x08, 0x61, 0x08, 0x41, 0x08, 0x61,
  0x08, 0x61, 0x08, 0x61, 0x10, 0x61, 0x10, 0x61, 0x10, 0x61, 0x10, 0x61, 0x10, 0x61, 0x10, 0x61, 0x10, 0x61, 0x18, 0x61, 0x10, 0x61, 0x18, 0x61, 0x18, 0x61, 0x18, 0x61, 0x18, 0x61, 0x20, 0x81,
  0x20, 0x80, 0x28, 0x81, 0x28, 0xA1, 0x30, 0xA1, 0x30, 0xA1, 0x30, 0xA1, 0x30, 0xA1, 0x30, 0x81, 0x30, 0x81, 0x30, 0xA1, 0x30, 0xA0, 0x30, 0xA0, 0x30, 0xA0, 0x38, 0xC0, 0x40, 0xC0, 0x40, 0xE0,
  0x38, 0xA0, 0xC2, 0xA2, 0xFB, 0xA1, 0xFB, 0x60, 0xFB, 0x40, 0xFB, 0x81, 0x79, 0x81, 0x38, 0xA0, 0x38, 0xA0, 0x89, 0xC1, 0xFB, 0xA1, 0xFB, 0x60, 0xFB, 0x60, 0xFB, 0x80, 0xCA, 0xC2, 0x40, 0xC0,
  0x49, 0x01, 0x49, 0x01, 0x40, 0xE1, 0x40, 0xE1, 0x40, 0xE1, 0x40, 0xE1, 0x40, 0xE1, 0x40, 0xE1, 0x41, 0x01, 0x41, 0x02, 0x49, 0x02, 0x49, 0x02, 0x49, 0x22, 0x49, 0x22, 0x49, 0x22, 0x49, 0x22,
  0x41, 0x02, 0x39, 0x02, 0x39, 0x02, 0x39, 0x02, 0x39, 0x02, 0x39, 0x03, 0x39, 0x23, 0x31, 0x02, 0x30, 0xE3, 0x28, 0xE3, 0x28, 0xE3, 0x20, 0xC3, 0x20, 0xC3, 0x20, 0xC3, 0x20, 0xE3, 0x20, 0xC3,
  0x18, 0xE3, 0x18, 0xC3, 0x18, 0xA3, 0x18, 0xA3, 0x10, 0xA3, 0x18, 0xA3, 0x10, 0xA2, 0x10, 0x82, 0x10, 0x82, 0x10, 0x82, 0x10, 0xA2, 0x10, 0xA2, 0x10, 0x82, 0x10, 0x82, 0x10, 0x82, 0x10, 0x82,
  0x10, 0x82, 0x10, 0x82, 0x10, 0x82, 0x10, 0x82, 0x10, 0x82, 0x10, 0x82, 0x10, 0x82, 0x10, 0x82, 0x10, 0x82, 0x10, 0x82, 0x20, 0xE4, 0x21, 0x04, 0x20, 0xE4, 0x10, 0x62, 0x10, 0x62, 0x10, 0x62,
  0x10, 0x62, 0x10, 0x82, 0x10, 0x62, 0x10, 0x62, 0x10, 0x62, 0x10, 0x82, 0x10, 0x82, 0x10, 0x62, 0x10, 0x62, 0x10, 0x62, 0x10, 0x62, 0x10, 0x62, 0x10, 0x62, 0x08, 0x61, 0x10, 0x62, 0x10, 0x62,
  0x10, 0x62, 0x08, 0x61, 0x10, 0x62, 0x10, 0x62, 0x10, 0x62, 0x10, 0x62, 0x10, 0x62, 0x10, 0x62, 0x08, 0x61, 0x08, 0x61, 0x08, 0x61, 0x08, 0x61, 0x08, 0x61, 0x10, 0x61, 0x10, 0x61, 0x18, 0x61,
  0x20, 0x81, 0x20, 0x81, 0x30, 0xC1, 0x30, 0x80, 0xCB, 0x03, 0xAA, 0x62, 0x20, 0x40, 0x28, 0x80, 0x20, 0x60, 0x18, 0x40, 0x10, 0x20, 0x08, 0x20, 0x00, 0x00, 0x00, 0x00, 0x00, 0x00, 0x00, 0x00,
  0x00, 0x00, 0x00, 0x00, 0x00, 0x00, 0x00, 0x00, 0x08, 0x20, 0x10, 0x20, 0x18, 0x40, 0x20, 0x60, 0x28, 0x80, 0x28, 0x60, 0x71, 0x81, 0xEB, 0x83, 0x49, 0x01, 0x30, 0xE1, 0x30, 0xC1, 0x28, 0xC2,
  0x20, 0xA2, 0x18, 0x82, 0x10, 0x82, 0x10, 0x82, 0x10, 0x82, 0x10, 0x82, 0x10, 0x82, 0x10, 0x82, 0x10, 0x82, 0x10, 0x82, 0x10, 0x82, 0x10, 0x82, 0x10, 0x82, 0x10, 0x82, 0x10, 0x82, 0x10, 0x82,
  0x10, 0x82, 0x10, 0x82, 0x10, 0x82, 0x10, 0x82, 0x10, 0x82, 0x10, 0x82, 0x10, 0x82, 0x10, 0x82, 0x10, 0x82, 0x10, 0x82, 0x10, 0x82, 0x10, 0x82, 0x10, 0x82, 0x10, 0x82, 0x10, 0x82, 0x10, 0x82,
  0x10, 0x82, 0x10, 0x82, 0x10, 0x62, 0x18, 0xA3, 0x21, 0x24, 0x21, 0x24, 0x10, 0xA2, 0x10, 0x62, 0x10, 0x82, 0x10, 0x62, 0x10, 0x82, 0x10, 0x62, 0x10, 0x62, 0x10, 0x62, 0x10, 0x62, 0x10, 0x62,
  0x10, 0x62, 0x10, 0x82, 0x10, 0x62, 0x10, 0x62, 0x10, 0x62, 0x10, 0x62, 0x10, 0x62, 0x10, 0x62, 0x08, 0x61, 0x10, 0x62, 0x08, 0x61, 0x08, 0x61, 0x08, 0x61, 0x08, 0x61, 0x08, 0x41, 0x08, 0x41,
  0x08, 0x61, 0x08, 0x41, 0x08, 0x41, 0x08, 0x41, 0x10, 0x41, 0x10, 0x41, 0x10, 0x41, 0x10, 0x61, 0x10, 0x41, 0x18, 0x61, 0x18, 0x61, 0x18, 0x61, 0x18, 0x61, 0x20, 0x81, 0x20, 0x81, 0x20, 0x81,
  0x20, 0x81, 0x28, 0x81, 0x28, 0x81, 0x28, 0xA1, 0x28, 0x81, 0x28, 0x81, 0x28, 0xA1, 0x30, 0x81, 0x30, 0x81, 0x30, 0x81, 0x30, 0xA0, 0x30, 0xA0, 0x30, 0xA0, 0x38, 0xA0, 0x38, 0xC0, 0x40, 0xE0,
  0x38, 0xA0, 0xBA, 0x81, 0xFB, 0xA0, 0xFB, 0x61, 0xFB, 0x60, 0xFB, 0x81, 0x81, 0xA1, 0x38, 0xA0, 0x40, 0xA0, 0x91, 0xE1, 0xFB, 0x81, 0xFB, 0x40, 0xFB, 0x60, 0xFB, 0xA1, 0xB2, 0x61, 0x48, 0xE1,
  0x51, 0x01, 0x49, 0x01, 0x40, 0xE1, 0x40, 0xE1, 0x40, 0xE1, 0x40, 0xE1, 0x40, 0xE1, 0x40, 0xE1, 0x41, 0x01, 0x41, 0x02, 0x49, 0x02, 0x49, 0x02, 0x49, 0x22, 0x49, 0x22, 0x49, 0x22, 0x41, 0x22,
  0x41, 0x22, 0x39, 0x03, 0x39, 0x02, 0x39, 0x03, 0x31, 0x03, 0x31, 0x03, 0x31, 0x03, 0x28, 0xE3, 0x28, 0xE3, 0x28, 0xE3, 0x20, 0xC3, 0x20, 0xE3, 0x20, 0xC3, 0x20, 0xE3, 0x20, 0xE3, 0x20, 0xE3,
  0x18, 0xC3, 0x18, 0xC3, 0x18, 0xC3, 0x18, 0xA3, 0x18, 0xA3, 0x18, 0xA3, 0x10, 0xA2, 0x10, 0xA2, 0x10, 0xA2, 0x10, 0xA2, 0x18, 0xA3, 0x10, 0xA2, 0x10, 0x82, 0x10, 0x82, 0x10, 0x82, 0x10, 0x82,
  0x10, 0x82, 0x10, 0x82, 0x10, 0x82, 0x10, 0x82, 0x10, 0x82, 0x10, 0x82, 0x10, 0x82, 0x10, 0x82, 0x10, 0x82, 0x10, 0xA2, 0x21, 0x04, 0x21, 0x04, 0x18, 0xA3, 0x10, 0x62, 0x10, 0x62, 0x10, 0x82,
  0x10, 0x82, 0x10, 0x82, 0x10, 0x62, 0x10, 0x62, 0x10, 0x82, 0x10, 0x82, 0x10, 0x82, 0x10, 0x62, 0x10, 0x62, 0x10, 0x62, 0x10, 0x62, 0x10, 0x62, 0x10, 0x62, 0x10, 0x62, 0x10, 0x82, 0x10, 0x62,
  0x10, 0x62, 0x10, 0x62, 0x10, 0x62, 0x10, 0x62, 0x10, 0x62, 0x10, 0x62, 0x10, 0x62, 0x08, 0x61, 0x08, 0x61, 0x10, 0x61, 0x08, 0x61, 0x08, 0x61, 0x08, 0x61, 0x10, 0x61, 0x10, 0x61, 0x18, 0x61,
  0x20, 0x81, 0x28, 0xA1, 0x30, 0xA1, 0x40, 0xC1, 0xEB, 0x83, 0x71, 0xA1, 0x20, 0x60, 0x28, 0x81, 0x18, 0x60, 0x10, 0x40, 0x08, 0x20, 0x08, 0x20, 0x00, 0x00, 0x00, 0x00, 0x00, 0x00, 0x00, 0x00,
  0x00, 0x00, 0x00, 0x00, 0x00, 0x00, 0x00, 0x00, 0x08, 0x00, 0x08, 0x20, 0x10, 0x40, 0x18, 0x40, 0x20, 0x80, 0x28, 0x80, 0x48, 0xC1, 0xEB, 0xA3, 0x71, 0xA1, 0x30, 0xC1, 0x30, 0xE2, 0x28, 0xC2,
  0x20, 0xA2, 0x18, 0x82, 0x10, 0x82, 0x10, 0x82, 0x10, 0x82, 0x10, 0x82, 0x10, 0x82, 0x10, 0x82, 0x10, 0x82, 0x10, 0x82, 0x10, 0x82, 0x10, 0x82, 0x10, 0x82, 0x10, 0x82, 0x10, 0x82, 0x10, 0x82,
  0x10, 0x82, 0x10, 0x82, 0x10, 0x82, 0x10, 0x82, 0x10, 0x82, 0x10, 0x82, 0x10, 0x82, 0x10, 0x82, 0x10, 0x82, 0x10, 0x82, 0x10, 0x82, 0x10, 0x82, 0x10, 0x82, 0x10, 0x82, 0x10, 0x82, 0x10, 0x82,
  0x10, 0x82, 0x10, 0x82, 0x10, 0x82, 0x10, 0x82, 0x21, 0x04, 0x21, 0x24, 0x18, 0xE3, 0x08, 0x61, 0x10, 0x82, 0x10, 0x62, 0x10, 0x62, 0x10, 0x82, 0x10, 0x62, 0x10, 0x62, 0x10, 0x62, 0x10, 0x62,
  0x08, 0x61, 0x10, 0x62, 0x10, 0x62, 0x10, 0x62, 0x10, 0x62, 0x08, 0x61, 0x08, 0x61, 0x10, 0x62, 0x08, 0x61, 0x10, 0x62, 0x08, 0x61, 0x08, 0x61, 0x08, 0x61, 0x08, 0x61, 0x08, 0x61, 0x08, 0x61,
  0x08, 0x41, 0x08, 0x41, 0x08, 0x41, 0x08, 0x41, 0x08, 0x41, 0x08, 0x41, 0x10, 0x41, 0x10, 0x41, 0x10, 0x41, 0x18, 0x61, 0x18, 0x61, 0x20, 0x81, 0x20, 0x81, 0x28, 0xA1, 0x28, 0xA1, 0x28, 0xA1,
  0x30, 0xA1, 0x30, 0xA1, 0x30, 0xA1, 0x30, 0xA1, 0x30, 0xA0, 0x30, 0xA0, 0x30, 0xA1, 0x30, 0xA1, 0x30, 0xA1, 0x30, 0xA1, 0x30, 0xA0, 0x38, 0xA0, 0x38, 0xC0, 0x38, 0xC0, 0x40, 0xC0, 0x40, 0xE0,
  0x38, 0xA0, 0xBA, 0x82, 0xFB, 0xA1, 0xFB, 0x60, 0xFB, 0x60, 0xFB, 0xA1, 0x81, 0xC2, 0x40, 0xC0, 0x40, 0xC0, 0x9A, 0x01, 0xFB, 0x81, 0xFB, 0x40, 0xFB, 0x60, 0xFB, 0xA1, 0xB2, 0x61, 0x40, 0xC1,
  0x51, 0x01, 0x49, 0x01, 0x49, 0x01, 0x40, 0xE1, 0x40, 0xE1, 0x40, 0xE1, 0x41, 0x01, 0x41, 0x01, 0x41, 0x01, 0x49, 0x02, 0x49, 0x02, 0x49, 0x22, 0x49, 0x22, 0x49, 0x22, 0x49, 0x42, 0x49, 0x42,
  0x49, 0x22, 0x41, 0x22, 0x41, 0x23, 0x39, 0x23, 0x39, 0x03, 0x31, 0x03, 0x28, 0xE3, 0x29, 0x03, 0x20, 0xE3, 0x20, 0xE3, 0x20, 0xE3, 0x20, 0xE3, 0x20, 0xE3, 0x20, 0xE3, 0x20, 0xE3, 0x18, 0xE3,
  0x18, 0xC3, 0x18, 0xC3, 0x18, 0xC3, 0x18, 0xC3, 0x18, 0xC3, 0x18, 0xA3, 0x10, 0xA2, 0x10, 0xA2, 0x10, 0xA2, 0x18, 0xA3, 0x18, 0xA3, 0x10, 0xA2, 0x10, 0xA2, 0x10, 0xA2, 0x10, 0xA2, 0x10, 0xA2,
  0x10, 0x82, 0x10, 0x82, 0x10, 0x82, 0x10, 0x82, 0x10, 0xA2, 0x10, 0x82, 0x10, 0x82, 0x10, 0x82, 0x10, 0x82, 0x18, 0xE3, 0x21, 0x24, 0x21, 0x04, 0x10, 0x82, 0x10, 0x82, 0x10, 0x62, 0x10, 0x82,
  0x10, 0x82, 0x10, 0x82, 0x10, 0x82, 0x10, 0x82, 0x10, 0x82, 0x10, 0x82, 0x10, 0x62, 0x10, 0x62, 0x10, 0x62, 0x10, 0x62, 0x10, 0x62, 0x10, 0x62, 0x10, 0x62, 0x10, 0x62, 0x10, 0x62, 0x10, 0x62,
  0x10, 0x62, 0x10, 0x62, 0x10, 0x62, 0x10, 0x62, 0x10, 0x62, 0x10, 0x62, 0x10, 0x62, 0x08, 0x61, 0x08, 0x61, 0x10, 0x62, 0x10, 0x62, 0x10, 0x61, 0x10, 0x61, 0x10, 0x61, 0x10, 0x61, 0x18, 0x81,
  0x20, 0x81, 0x30, 0xA1, 0x28, 0x81, 0x69, 0x61, 0xF3, 0xA3, 0x48, 0xE1, 0x28, 0x60, 0x20, 0x60, 0x18, 0x40, 0x10, 0x40, 0x08, 0x20, 0x08, 0x00, 0x00, 0x00, 0x00, 0x00, 0x00, 0x00, 0x00, 0x00,
  0x00, 0x00, 0x00, 0x00, 0x00, 0x00, 0x00, 0x00, 0x08, 0x00, 0x08, 0x20, 0x10, 0x20, 0x18, 0x40, 0x20, 0x60, 0x28, 0xA0, 0x30, 0x60, 0xCB, 0x23, 0xAA, 0x82, 0x30, 0xA1, 0x30, 0xE2, 0x28, 0xC2,
  0x20, 0xA2, 0x18, 0xA2, 0x18, 0x82, 0x10, 0x82, 0x10, 0x82, 0x10, 0x82, 0x10, 0x82, 0x10, 0x82, 0x10, 0x82, 0x10, 0x82, 0x10, 0x82, 0x10, 0x82, 0x10, 0x82, 0x10, 0x82, 0x10, 0x82, 0x10, 0x82,
  0x10, 0x82, 0x10, 0x82, 0x10, 0x82, 0x10, 0x82, 0x10, 0x82, 0x10, 0x82, 0x10, 0x82, 0x10, 0x82, 0x10, 0x82, 0x10, 0x82, 0x10, 0x82, 0x10, 0x82, 0x10, 0x82, 0x10, 0x82, 0x10, 0x82, 0x10, 0x82,
  0x10, 0x82, 0x10, 0x82, 0x10, 0x62, 0x10, 0x62, 0x18, 0xC3, 0x21, 0x24, 0x21, 0x04, 0x10, 0x82, 0x10, 0x62, 0x10, 0x62, 0x10, 0x62, 0x10, 0x82, 0x10, 0x62, 0x10, 0x62, 0x10, 0x62, 0x10, 0x62,
  0x08, 0x61, 0x10, 0x62, 0x10, 0x62, 0x10, 0x62, 0x10, 0x62, 0x08, 0x61, 0x08, 0x61, 0x08, 0x61, 0x08, 0x61, 0x08, 0x61, 0x08, 0x61, 0x08, 0x41, 0x08, 0x41, 0x08, 0x61, 0x08, 0x61, 0x08, 0x61,
  0x08, 0x41, 0x08, 0x41, 0x08, 0x61, 0x08, 0x41, 0x08, 0x41, 0x08, 0x41, 0x10, 0x41, 0x10, 0x41, 0x10, 0x41, 0x18, 0x61, 0x18, 0x61, 0x20, 0x81, 0x20, 0x81, 0x20, 0x60, 0x28, 0x60, 0x28, 0x60,
  0x28, 0x60, 0x28, 0x60, 0x28, 0x60, 0x28, 0x60, 0x28, 0x60, 0x28, 0x60, 0x28, 0x60, 0x28, 0x60, 0x28, 0x60, 0x28, 0x60, 0x28, 0x80, 0x30, 0x80, 0x30, 0x80, 0x30, 0x80, 0x30, 0x80, 0x30, 0x80,
  0x50, 0xE1, 0xE3, 0x21, 0xFB, 0x80, 0xFB, 0x80, 0xFB, 0x60, 0xFB, 0xA1, 0x89, 0xC1, 0x48, 0xC1, 0x40, 0xC1, 0x9A, 0x01, 0xFB, 0x81, 0xFB, 0x40, 0xFB, 0x60, 0xFB, 0xA0, 0xB2, 0x61, 0x38, 0x80,
  0x40, 0xE1, 0x40, 0xC1, 0x38, 0xC1, 0x38, 0xC1, 0x38, 0xC1, 0x38, 0xC1, 0x38, 0xC1, 0x38, 0xC1, 0x38, 0xC1, 0x40, 0xE1, 0x40, 0xE1, 0x40, 0xE1, 0x40, 0xE1, 0x41, 0x02, 0x41, 0x02, 0x41, 0x02,
  0x41, 0x02, 0x41, 0x02, 0x39, 0x03, 0x39, 0x23, 0x39, 0x03, 0x30, 0xE3, 0x29, 0x03, 0x28, 0xE3, 0x20, 0xE3, 0x20, 0xE3, 0x20, 0xE3, 0x20, 0xE3, 0x20, 0xE4, 0x20, 0xE4, 0x20, 0xE3, 0x18, 0xC3,
  0x18, 0xC3, 0x18, 0xE3, 0x18, 0xC3, 0x18, 0xC3, 0x18, 0xC3, 0x18, 0xA3, 0x10, 0xA2, 0x10, 0xA2, 0x18, 0xA3, 0x18, 0xC3, 0x18, 0xA3, 0x10, 0xA2, 0x10, 0xA2, 0x10, 0xA2, 0x10, 0xA2, 0x10, 0xA2,
  0x10, 0x82, 0x10, 0xA2, 0x10, 0x82, 0x10, 0xA2, 0x10, 0x82, 0x10, 0x82, 0x10, 0x82, 0x10, 0x82, 0x10, 0xA2, 0x21, 0x04, 0x21, 0x24, 0x18, 0xE3, 0x10, 0x82, 0x10, 0x82, 0x10, 0x82, 0x10, 0x82,
  0x10, 0x82, 0x10, 0x82, 0x10, 0x82, 0x10, 0x82, 0x10, 0x82, 0x10, 0x82, 0x10, 0x82, 0x10, 0x62, 0x10, 0x62, 0x10, 0x82, 0x10, 0x62, 0x10, 0x62, 0x10, 0x62, 0x10, 0x82, 0x10, 0x62, 0x10, 0x62,
  0x10, 0x62, 0x10, 0x62, 0x10, 0x62, 0x10, 0x62, 0x10, 0x62, 0x10, 0x62, 0x10, 0x62, 0x10, 0x62, 0x10, 0x61, 0x08, 0x62, 0x08, 0x61, 0x10, 0x61, 0x10, 0x61, 0x10, 0x61, 0x18, 0x61, 0x20, 0x81,
  0x28, 0xA1, 0x30, 0xC1, 0x28, 0x80, 0xA2, 0x62, 0xD3, 0x23, 0x28, 0x60, 0x28, 0x80, 0x20, 0x60, 0x18, 0x40, 0x10, 0x20, 0x08, 0x20, 0x08, 0x00, 0x00, 0x00, 0x00, 0x00, 0x00, 0x00, 0x00, 0x00,
  0x00, 0x00, 0x00, 0x00, 0x00, 0x00, 0x00, 0x00, 0x00, 0x00, 0x08, 0x20, 0x10, 0x20, 0x18, 0x40, 0x20, 0x60, 0x28, 0x80, 0x20, 0x60, 0x9A, 0x22, 0xDB, 0x43, 0x38, 0xC1, 0x30, 0xE1, 0x30, 0xC2,
  0x20, 0xA2, 0x18, 0xA2, 0x18, 0x82, 0x10, 0x82, 0x10, 0x82, 0x10, 0x82, 0x10, 0x82, 0x10, 0x82, 0x10, 0x82, 0x10, 0x82, 0x10, 0x82, 0x10, 0x82, 0x10, 0x82, 0x10, 0x82, 0x10, 0x82, 0x10, 0x82,
  0x10, 0x82, 0x10, 0x82, 0x10, 0x82, 0x10, 0x82, 0x10, 0x82, 0x10, 0x82, 0x10, 0x82, 0x10, 0x82, 0x10, 0x82, 0x10, 0x82, 0x10, 0x82, 0x10, 0x82, 0x10, 0x82, 0x10, 0x62, 0x10, 0x82, 0x10, 0x82,
  0x10, 0x82, 0x10, 0x82, 0x10, 0x62, 0x10, 0x62, 0x10, 0x82, 0x21, 0x04, 0x21, 0x24, 0x18, 0xC3, 0x10, 0x62, 0x10, 0x82, 0x10, 0x62, 0x10, 0x82, 0x10, 0x82, 0x10, 0x62, 0x10, 0x62, 0x10, 0x62,
  0x08, 0x61, 0x08, 0x61, 0x10, 0x62, 0x10, 0x62, 0x10, 0x62, 0x08, 0x61, 0x08, 0x61, 0x08, 0x61, 0x08, 0x61, 0x08, 0x61, 0x08, 0x61, 0x08, 0x61, 0x08, 0x41, 0x08, 0x61, 0x08, 0x41, 0x08, 0x41,
  0x08, 0x41, 0x08, 0x41, 0x08, 0x41, 0x08, 0x41, 0x08, 0x41, 0x08, 0x41, 0x10, 0x41, 0x10, 0x41, 0x10, 0x61, 0x18, 0x61, 0x20, 0x61, 0x20, 0x81, 0x38, 0xC1, 0x92, 0x02, 0x9A, 0x21, 0x9A, 0x22,
  0x9A, 0x22, 0x9A, 0x21, 0x9A, 0x21, 0x9A, 0x21, 0x9A, 0x21, 0x9A, 0x21, 0x9A, 0x22, 0x9A, 0x21, 0x9A, 0x21, 0x9A, 0x21, 0x9A, 0x21, 0xA2, 0x21, 0xA2, 0x22, 0xA2, 0x21, 0x9A, 0x21, 0xA2, 0x21,
  0xDB, 0x01, 0xFB, 0x81, 0xFB, 0x60, 0xFB, 0x60, 0xFB, 0x60, 0xFB, 0x81, 0x79, 0x81, 0x48, 0xE1, 0x48, 0xC0, 0xA2, 0x01, 0xFB, 0x81, 0xFB, 0x40, 0xFB, 0x41, 0xFB, 0x60, 0xE3, 0x21, 0xA2, 0x41,
  0xAA, 0x41, 0xAA, 0x41, 0xA2, 0x41, 0xA2, 0x41, 0xA2, 0x41, 0xA2, 0x41, 0xA2, 0x41, 0xA2, 0x41, 0xA2, 0x42, 0xA2, 0x42, 0xAA, 0x42, 0xAA, 0x62, 0xAA, 0x61, 0xAA, 0x62, 0xAA, 0x61, 0xAA, 0x61,
  0xAA, 0x62, 0xAA, 0x82, 0xA2, 0x82, 0x51, 0x42, 0x31, 0x02, 0x31, 0x03, 0x29, 0x03, 0x28, 0xE3, 0x20, 0xE3, 0x20, 0xE3, 0x20, 0xE3, 0x20, 0xE4, 0x20, 0xE4, 0x20, 0xE4, 0x18, 0xE3, 0x18, 0xE3,
  0x18, 0xE3, 0x18, 0xE3, 0x18, 0xC3, 0x18, 0xC3, 0x18, 0xC3, 0x18, 0xA3, 0x18, 0xA3, 0x18, 0xA3, 0x18, 0xC3, 0x18, 0xA3, 0x18, 0xA3, 0x10, 0xA2, 0x10, 0xA2, 0x10, 0xA2, 0x18, 0xA3, 0x10, 0xA2,
  0x10, 0xA2, 0x10, 0xA2, 0x10, 0xA2, 0x10, 0xA2, 0x10, 0x82, 0x10, 0x82, 0x10, 0x82, 0x10, 0x82, 0x18, 0xE3, 0x21, 0x24, 0x21, 0x24, 0x10, 0xA2, 0x10, 0x82, 0x10, 0x82, 0x10, 0x82, 0x10, 0x82,
  0x10, 0x82, 0x10, 0x82, 0x10, 0x82, 0x10, 0x82, 0x10, 0x82, 0x10, 0x82, 0x10, 0x82, 0x10, 0x62, 0x10, 0x62, 0x10, 0x82, 0x10, 0x62, 0x10, 0x62, 0x10, 0x62, 0x10, 0x82, 0x10, 0x62, 0x10, 0x62,
  0x08, 0x61, 0x10, 0x62, 0x10, 0x62, 0x10, 0x62, 0x10, 0x62, 0x10, 0x62, 0x10, 0x62, 0x10, 0x62, 0x10, 0x62, 0x10, 0x62, 0x10, 0x62, 0x10, 0x61, 0x10, 0x61, 0x10, 0x61, 0x18, 0x61, 0x20, 0x81,
  0x28, 0xA1, 0x30, 0xC1, 0x30, 0xA0, 0xD3, 0x43, 0xA2, 0x42, 0x20, 0x40, 0x28, 0x80, 0x20, 0x60, 0x18, 0x40, 0x10, 0x20, 0x08, 0x20, 0x00, 0x00, 0x00, 0x00, 0x00, 0x00, 0x00, 0x00, 0x00, 0x00,
  0x00, 0x00, 0x00, 0x00, 0x00, 0x00, 0x00, 0x00, 0x00, 0x00, 0x08, 0x00, 0x10, 0x20, 0x10, 0x40, 0x18, 0x60, 0x28, 0x80, 0x28, 0x60, 0x61, 0x21, 0xF3, 0xC3, 0x59, 0x41, 0x30, 0xC1, 0x30, 0xC1,
  0x28, 0xC2, 0x20, 0xA2, 0x18, 0x82, 0x10, 0x82, 0x10, 0x82, 0x10, 0x82, 0x10, 0x82, 0x10, 0x82, 0x10, 0x82, 0x10, 0x82, 0x10, 0x82, 0x10, 0x82, 0x10, 0x82, 0x10, 0x82, 0x10, 0x82, 0x10, 0x82,
  0x10, 0x82, 0x10, 0x82, 0x10, 0x82, 0x10, 0x82, 0x10, 0x82, 0x10, 0x82, 0x10, 0x82, 0x10, 0x82, 0x10, 0x82, 0x10, 0x82, 0x10, 0x82, 0x10, 0x82, 0x10, 0x82, 0x10, 0x82, 0x10, 0x82, 0x10, 0x62,
  0x10, 0x82, 0x10, 0x82, 0x10, 0x62, 0x10, 0x62, 0x08, 0x61, 0x18, 0xC3, 0x21, 0x24, 0x21, 0x04, 0x10, 0x82, 0x10, 0x62, 0x10, 0x62, 0x10, 0x62, 0x10, 0x82, 0x10, 0x62, 0x10, 0x62, 0x10, 0x62,
  0x08, 0x61, 0x08, 0x61, 0x08, 0x61, 0x10, 0x62, 0x10, 0x62, 0x10, 0x62, 0x08, 0x61, 0x08, 0x61, 0x08, 0x61, 0x08, 0x61, 0x08, 0x41, 0x08, 0x61, 0x08, 0x41, 0x08, 0x41, 0x08, 0x41, 0x08, 0x41,
  0x08, 0x41, 0x08, 0x41, 0x08, 0x41, 0x08, 0x41, 0x08, 0x41, 0x08, 0x41, 0x10, 0x41, 0x10, 0x61, 0x10, 0x61, 0x18, 0x61, 0x20, 0x81, 0x18, 0x60, 0x59, 0x21, 0xFB, 0xA1, 0xFB, 0xA0, 0xFB, 0xA1,
  0xFB, 0xA1, 0xFB, 0xA1, 0xFB, 0xA0, 0xFB, 0xA0, 0xFB, 0xA0, 0xFB, 0xA1, 0xFB, 0xA1, 0xFB, 0xA1, 0xFB, 0xA1, 0xFB, 0xA1, 0xFB, 0xA1, 0xFB, 0xA1, 0xFB, 0xA1, 0xFB, 0xA1, 0xFB, 0xA1, 0xFB, 0xA1,
  0xFB, 0x80, 0xFB, 0x60, 0xFB, 0x60, 0xFB, 0x60, 0xFB, 0x80, 0xEB, 0x42, 0x59, 0x01, 0x51, 0x01, 0x48, 0xE0, 0xA2, 0x21, 0xFB, 0x81, 0xFB, 0x40, 0xFB, 0x60, 0xFB, 0x60, 0xFB, 0x60, 0xFB, 0xA1,
  0xFB, 0xA1, 0xFB, 0xA0, 0xFB, 0xA0, 0xFB, 0xA1, 0xFB, 0xA1, 0xFB, 0xA1, 0xFB, 0xA1, 0xFB, 0xA0, 0xFB, 0xA0, 0xFB, 0xA0, 0xFB, 0xA0, 0xFB, 0xA0, 0xFB, 0xA1, 0xFB, 0xA0, 0xFB, 0x80, 0xFB, 0xA1,
  0xFB, 0xA1, 0xFB, 0xA0, 0xFB, 0xC1, 0x71, 0xA2, 0x39, 0x03, 0x39, 0x03, 0x31, 0x03, 0x29, 0x03, 0x20, 0xE3, 0x20, 0xE3, 0x20, 0xE4, 0x20, 0xE4, 0x20, 0xE4, 0x20, 0xE4, 0x20, 0xE4, 0x20, 0xE4,
  0x20, 0xE4, 0x18, 0xE3, 0x18, 0xE3, 0x18, 0xC3, 0x18, 0xC3, 0x18, 0xC3, 0x18, 0xC3, 0x18, 0xC3, 0x18, 0xC3, 0x18, 0xC3, 0x18, 0xA3, 0x18, 0xA3, 0x18, 0xA3, 0x18, 0xA3, 0x18, 0xA3, 0x10, 0xA2,
  0x18, 0xA3, 0x10, 0xA2, 0x10, 0xA2, 0x18, 0xA3, 0x10, 0xA2, 0x10, 0xA2, 0x10, 0x82, 0x10, 0x82, 0x21, 0x04, 0x21, 0x24, 0x20, 0xE4, 0x10, 0x82, 0x10, 0x82, 0x10, 0x82, 0x10, 0x82, 0x10, 0x82,
  0x10, 0x82, 0x10, 0x82, 0x10, 0x82, 0x10, 0x82, 0x10, 0x82, 0x10, 0x82, 0x10, 0x82, 0x10, 0x62, 0x10, 0x82, 0x10, 0x82, 0x10, 0x82, 0x10, 0x62, 0x10, 0x82, 0x10, 0x82, 0x10, 0x62, 0x10, 0x62,
  0x10, 0x62, 0x10, 0x82, 0x10, 0x62, 0x10, 0x62, 0x10, 0x62, 0x10, 0x62, 0x10, 0x62, 0x10, 0x62, 0x10, 0x62, 0x10, 0x62, 0x10, 0x62, 0x10, 0x61, 0x10, 0x61, 0x18, 0x61, 0x18, 0x81, 0x20, 0x81,
  0x28, 0xA1, 0x30, 0xA1, 0x51, 0x21, 0xF3, 0xA3, 0x61, 0x41, 0x20, 0x60, 0x28, 0x80, 0x18, 0x60, 0x10, 0x40, 0x08, 0x20, 0x08, 0x00, 0x00, 0x00, 0x00, 0x00, 0x00, 0x00, 0x00, 0x00, 0x00, 0x00,
  0x00, 0x00, 0x00, 0x00, 0x00, 0x00, 0x00, 0x00, 0x00, 0x00, 0x08, 0x00, 0x08, 0x20, 0x10, 0x40, 0x18, 0x40, 0x20, 0x60, 0x28, 0x80, 0x38, 0x80, 0xE3, 0x63, 0x92, 0x22, 0x30, 0xA1, 0x30, 0xE1,
  0x28, 0xC2, 0x20, 0xA2, 0x18, 0xA2, 0x18, 0x82, 0x10, 0x82, 0x10, 0x82, 0x10, 0x82, 0x10, 0x82, 0x10, 0x82, 0x10, 0x82, 0x10, 0x82, 0x10, 0x82, 0x10, 0x82, 0x10, 0x82, 0x10, 0x82, 0x10, 0x82,
  0x10, 0x82, 0x10, 0x82, 0x10, 0x82, 0x10, 0x82, 0x10, 0x82, 0x10, 0x82, 0x10, 0x82, 0x10, 0x82, 0x10, 0x82, 0x10, 0x82, 0x10, 0x82, 0x10, 0x82, 0x10, 0x82, 0x10, 0x82, 0x10, 0x62, 0x10, 0x82,
  0x10, 0x62, 0x10, 0x82, 0x10, 0x62, 0x10, 0x62, 0x08, 0x61, 0x10, 0x82, 0x21, 0x04, 0x21, 0x24, 0x18, 0xC3, 0x08, 0x61, 0x10, 0x82, 0x10, 0x62, 0x10, 0x62, 0x10, 0x62, 0x08, 0x61, 0x08, 0x61,
  0x08, 0x61, 0x08, 0x61, 0x08, 0x61, 0x08, 0x61, 0x10, 0x62, 0x08, 0x61, 0x08, 0x61, 0x08, 0x61, 0x08, 0x61, 0x08, 0x61, 0x08, 0x61, 0x08, 0x61, 0x08, 0x61, 0x08, 0x41, 0x08, 0x41, 0x08, 0x41,
  0x08, 0x41, 0x08, 0x41, 0x08, 0x41, 0x08, 0x41, 0x08, 0x41, 0x08, 0x41, 0x10, 0x41, 0x10, 0x61, 0x10, 0x61, 0x18, 0x61, 0x20, 0x81, 0x20, 0x60, 0x59, 0x21, 0xF3, 0x61, 0xFB, 0x40, 0xFB, 0x61,
  0xFB, 0x41, 0xFB, 0x40, 0xFB, 0x60, 0xFB, 0x60, 0xFB, 0x40, 0xFB, 0x60, 0xFB, 0x40, 0xFB, 0x40, 0xFB, 0x40, 0xF3, 0x40, 0xF3, 0x40, 0xF3, 0x40, 0xF3, 0x61, 0xF3, 0x60, 0xFB, 0x60, 0xF3, 0x61,
  0xFB, 0x61, 0xFB, 0x60, 0xFB, 0x40, 0xFB, 0x60, 0xFB, 0xA1, 0x9A, 0x02, 0x40, 0xC1, 0x51, 0x01, 0x48, 0xC0, 0xA2, 0x41, 0xFB, 0xA1, 0xF3, 0x60, 0xFB, 0x60, 0xFB, 0x60, 0xFB, 0x61, 0xF3, 0x60,
  0xFB, 0x60, 0xFB, 0x60, 0xFB, 0x60, 0xFB, 0x60, 0xFB, 0x60, 0xFB, 0x60, 0xFB, 0x60, 0xFB, 0x60, 0xFB, 0x40, 0xFB, 0x40, 0xFB, 0x60, 0xF3, 0x60, 0xF3, 0x60, 0xF3, 0x60, 0xFB, 0x60, 0xFB, 0x60,
  0xF3, 0x60, 0xFB, 0x60, 0xF3, 0x81, 0x71, 0xA2, 0x39, 0x02, 0x39, 0x03, 0x31, 0x03, 0x29, 0x03, 0x20, 0xE3, 0x20, 0xE4, 0x20, 0xE3, 0x21, 0x04, 0x20, 0xE4, 0x20, 0xE4, 0x21, 0x04, 0x20, 0xE4,
  0x20, 0xE4, 0x20, 0xE4, 0x20, 0xE4, 0x18, 0xC3, 0x18, 0xC3, 0x18, 0xC3, 0x18, 0xC3, 0x18, 0xE3, 0x18, 0xC3, 0x18, 0xC3, 0x18, 0xA3, 0x18, 0xA3, 0x18, 0xC3, 0x18, 0xA3, 0x18, 0xA3, 0x18, 0xA3,
  0x18, 0xA3, 0x18, 0xA3, 0x18, 0xC3, 0x10, 0xA2, 0x18, 0xA3, 0x10, 0xA2, 0x10, 0x82, 0x18, 0xE3, 0x29, 0x25, 0x21, 0x24, 0x18, 0xA3, 0x10, 0x82, 0x10, 0x82, 0x10, 0x82, 0x10, 0x82, 0x10, 0x82,
  0x10, 0x82, 0x10, 0x82, 0x10, 0x82, 0x10, 0x82, 0x10, 0x82, 0x10, 0x82, 0x10, 0x62, 0x10, 0x82, 0x10, 0x82, 0x10, 0x82, 0x10, 0x82, 0x10, 0x62, 0x10, 0x82, 0x10, 0x62, 0x10, 0x82, 0x10, 0x62,
  0x10, 0x62, 0x10, 0x62, 0x10, 0x62, 0x10, 0x62, 0x10, 0x62, 0x10, 0x62, 0x10, 0x62, 0x10, 0x62, 0x10, 0x62, 0x10, 0x62, 0x10, 0x61, 0x10, 0x61, 0x10, 0x61, 0x18, 0x81, 0x20, 0x81, 0x28, 0xA1,
  0x30, 0xC1, 0x28, 0x80, 0x92, 0x02, 0xE3, 0x83, 0x30, 0x80, 0x28, 0x80, 0x20, 0x60, 0x18, 0x40, 0x10, 0x40, 0x08, 0x20, 0x08, 0x00, 0x00, 0x00, 0x00, 0x00, 0x00, 0x00, 0x00, 0x00, 0x00, 0x00,
  0x00, 0x00, 0x00, 0x00, 0x00, 0x00, 0x00, 0x00, 0x00, 0x00, 0x00, 0x00, 0x08, 0x20, 0x10, 0x20, 0x18, 0x40, 0x20, 0x60, 0x28, 0x80, 0x28, 0x40, 0xAA, 0x82, 0xCB, 0x03, 0x30, 0xC1, 0x30, 0xE2,
  0x28, 0xC2, 0x20, 0xA2, 0x18, 0xA2, 0x18, 0x82, 0x10, 0x82, 0x10, 0x82, 0x10, 0x82, 0x10, 0x82, 0x10, 0x82, 0x10, 0x82, 0x10, 0x82, 0x10, 0x82, 0x10, 0x62, 0x10, 0x82, 0x10, 0x82, 0x10, 0x82,
  0x10, 0x82, 0x10, 0x82, 0x10, 0x82, 0x10, 0x82, 0x10, 0x82, 0x10, 0x82, 0x10, 0x82, 0x10, 0x82, 0x10, 0x82, 0x10, 0x82, 0x10, 0x82, 0x10, 0x62, 0x10, 0x82, 0x10, 0x82, 0x10, 0x62, 0x10, 0x62,
  0x10, 0x62, 0x10, 0x62, 0x10, 0x62, 0x10, 0x62, 0x10, 0x62, 0x08, 0x61, 0x18, 0xC3, 0x21, 0x24, 0x21, 0x04, 0x10, 0x82, 0x10, 0x62, 0x10, 0x62, 0x10, 0x62, 0x10, 0x62, 0x08, 0x61, 0x08, 0x61,
  0x08, 0x61, 0x08, 0x61, 0x08, 0x61, 0x08, 0x61, 0x08, 0x61, 0x08, 0x61, 0x08, 0x61, 0x08, 0x61, 0x08, 0x61, 0x08, 0x61, 0x08, 0x61, 0x08, 0x61, 0x08, 0x61, 0x08, 0x41, 0x08, 0x41, 0x08, 0x41,
  0x08, 0x41, 0x08, 0x41, 0x08, 0x41, 0x08, 0x41, 0x08, 0x41, 0x08, 0x41, 0x10, 0x41, 0x10, 0x61, 0x10, 0x61, 0x18, 0x61, 0x20, 0x81, 0x20, 0x61, 0x61, 0x41, 0xFB, 0xA1, 0xFB, 0x80, 0xFB, 0x80,
  0xFB, 0x80, 0xFB, 0x80, 0xFB, 0x80, 0xFB, 0x80, 0xFB, 0x80, 0xFB, 0x80, 0xFB, 0x80, 0xFB, 0x80, 0xFB, 0x80, 0xFB, 0x80, 0xFB, 0x80, 0xFB, 0x80, 0xFB, 0x80, 0xFB, 0x80, 0xFB, 0x80, 0xFB, 0x80,
  0xFB, 0x80, 0xFB, 0x80, 0xFB, 0x81, 0xFB, 0x81, 0xAA, 0x42, 0x40, 0xC0, 0x48, 0xE0, 0x48, 0xE1, 0x40, 0xC0, 0x92, 0x02, 0xFB, 0xC1, 0xFB, 0x80, 0xFB, 0x80, 0xFB, 0x80, 0xFB, 0x80, 0xFB, 0x80,
  0xFB, 0x80, 0xFB, 0x80, 0xFB, 0x80, 0xFB, 0x80, 0xFB, 0x80, 0xFB, 0x80, 0xFB, 0x80, 0xFB, 0x80, 0xFB, 0x80, 0xFB, 0x80, 0xFB, 0x80, 0xFB, 0x80, 0xFB, 0x80, 0xFB, 0x80, 0xFB, 0x80, 0xFB, 0x80,
  0xFB, 0x80, 0xFB, 0x80, 0xFB, 0xA1, 0x71, 0xA2, 0x39, 0x02, 0x39, 0x23, 0x31, 0x03, 0x28, 0xE3, 0x21, 0x03, 0x20, 0xE4, 0x21, 0x04, 0x20, 0xE4, 0x20, 0xE4, 0x20, 0xE4, 0x20, 0xE4, 0x20, 0xE4,
  0x20, 0xE4, 0x20, 0xE4, 0x18, 0xE3, 0x18, 0xC3, 0x18, 0xC3, 0x18, 0xC3, 0x18, 0xE3, 0x18, 0xC3, 0x18, 0xC3, 0x18, 0xC3, 0x18, 0xC3, 0x18, 0xC3, 0x18, 0xC3, 0x18, 0xC3, 0x18, 0xA3, 0x18, 0xC3,
  0x18, 0xA3, 0x18, 0xC3, 0x18, 0xC3, 0x18, 0xA3, 0x18, 0xA3, 0x10, 0xA2, 0x18, 0xA3, 0x21, 0x24, 0x29, 0x45, 0x21, 0x04, 0x10, 0x82, 0x10, 0xA2, 0x10, 0x82, 0x10, 0xA2, 0x10, 0xA2, 0x10, 0x82,
  0x10, 0x82, 0x10, 0x82, 0x10, 0x82, 0x10, 0x82, 0x10, 0x82, 0x10, 0x82, 0x10, 0x82, 0x10, 0x82, 0x10, 0x82, 0x10, 0x82, 0x10, 0x82, 0x10, 0x82, 0x10, 0x82, 0x10, 0x62, 0x10, 0x82, 0x10, 0x62,
  0x10, 0x82, 0x10, 0x82, 0x10, 0x62, 0x10, 0x82, 0x10, 0x62, 0x10, 0x62, 0x10, 0x62, 0x10, 0x62, 0x10, 0x62, 0x10, 0x61, 0x10, 0x61, 0x10, 0x61, 0x10, 0x61, 0x18, 0x81, 0x20, 0xA1, 0x28, 0xA1,
  0x30, 0xC1, 0x30, 0x80, 0xCB, 0x03, 0xB2, 0xA2, 0x20, 0x40, 0x28, 0x80, 0x20, 0x60, 0x18, 0x40, 0x10, 0x20, 0x08, 0x20, 0x08, 0x00, 0x00, 0x00, 0x00, 0x00, 0x00, 0x00, 0x00, 0x00, 0x00, 0x00,
  0x00, 0x00, 0x00, 0x00, 0x00, 0x00, 0x00, 0x00, 0x00, 0x00, 0x00, 0x00, 0x08, 0x20, 0x10, 0x20, 0x18, 0x40, 0x20, 0x60, 0x28, 0x80, 0x28, 0x60, 0x69, 0x61, 0xF3, 0xA3, 0x51, 0x21, 0x30, 0xC1,
  0x30, 0xE2, 0x28, 0xC2, 0x20, 0xA2, 0x18, 0x82, 0x10, 0x82, 0x10, 0x82, 0x10, 0x82, 0x10, 0x82, 0x10, 0x82, 0x10, 0x82, 0x10, 0x82, 0x10, 0x82, 0x10, 0x82, 0x10, 0x82, 0x10, 0x82, 0x10, 0x82,
  0x10, 0x82, 0x10, 0x82, 0x10, 0x82, 0x10, 0x82, 0x10, 0x82, 0x10, 0x82, 0x10, 0x82, 0x10, 0x82, 0x10, 0x82, 0x10, 0x82, 0x10, 0x82, 0x10, 0x82, 0x10, 0x62, 0x10, 0x82, 0x10, 0x62, 0x10, 0x62,
  0x10, 0x62, 0x10, 0x62, 0x10, 0x82, 0x10, 0x62, 0x10, 0x62, 0x10, 0x62, 0x10, 0x82, 0x21, 0x04, 0x21, 0x24, 0x18, 0xC3, 0x08, 0x61, 0x10, 0x62, 0x10, 0x62, 0x10, 0x62, 0x10, 0x62, 0x08, 0x61,
  0x08, 0x61, 0x10, 0x62, 0x08, 0x61, 0x08, 0x61, 0x08, 0x61, 0x08, 0x61, 0x08, 0x61, 0x08, 0x61, 0x08, 0x41, 0x08, 0x61, 0x08, 0x61, 0x08, 0x61, 0x08, 0x61, 0x08, 0x61, 0x08, 0x41, 0x08, 0x41,
  0x08, 0x41, 0x08, 0x41, 0x08, 0x41, 0x08, 0x41, 0x08, 0x41, 0x08, 0x41, 0x10, 0x61, 0x10, 0x61, 0x10, 0x61, 0x18, 0x61, 0x20, 0x81, 0x20, 0x81, 0x51, 0x21, 0xD3, 0x23, 0xE3, 0x22, 0xDB, 0x22,
  0xE3, 0x22, 0xE3, 0x22, 0xE3, 0x22, 0xE3, 0x22, 0xE3, 0x22, 0xE3, 0x22, 0xE3, 0x22, 0xE3, 0x22, 0xE3, 0x22, 0xE3, 0x22, 0xE3, 0x22, 0xE3, 0x22, 0xE3, 0x22, 0xE3, 0x22, 0xE3, 0x22, 0xDB, 0x22,
  0xDB, 0x01, 0xC2, 0xC2, 0xA2, 0x42, 0x69, 0x41, 0x38, 0xA0, 0x38, 0xC1, 0x40, 0xC1, 0x40, 0xE0, 0x40, 0xE1, 0x61, 0x41, 0xCA, 0xE2, 0xDB, 0x22, 0xDB, 0x22, 0xDB, 0x02, 0xDB, 0x01, 0xDB, 0x01,
  0xDB, 0x01, 0xDB, 0x01, 0xDB, 0x01, 0xDB, 0x01, 0xDB, 0x01, 0xDB, 0x01, 0xDB, 0x01, 0xDB, 0x21, 0xDB, 0x01, 0xDB, 0x21, 0xDB, 0x21, 0xDB, 0x21, 0xDB, 0x21, 0xDB, 0x22, 0xDB, 0x22, 0xDB, 0x22,
  0xDB, 0x22, 0xDB, 0x21, 0xD3, 0x22, 0x59, 0x62, 0x41, 0x23, 0x39, 0x03, 0x28, 0xE3, 0x29, 0x03, 0x20, 0xE3, 0x21, 0x04, 0x20, 0xE4, 0x20, 0xE4, 0x21, 0x04, 0x21, 0x04, 0x20, 0xE4, 0x20, 0xE4,
  0x20, 0xE4, 0x18, 0xE3, 0x18, 0xC3, 0x18, 0xC3, 0x18, 0xC3, 0x20, 0xE4, 0x18, 0xE3, 0x18, 0xC3, 0x18, 0xC3, 0x18, 0xC3, 0x18, 0xC3, 0x18, 0xC3, 0x18, 0xC3, 0x18, 0xC3, 0x18, 0xC3, 0x18, 0xC3,
  0x18, 0xC3, 0x18, 0xC3, 0x18, 0xA3, 0x18, 0xC3, 0x18, 0xA3, 0x10, 0xA2, 0x20, 0xE4, 0x29, 0x45, 0x21, 0x24, 0x18, 0xA3, 0x10, 0xA2, 0x10, 0xA2, 0x10, 0xA2, 0x10, 0xA2, 0x10, 0xA2, 0x10, 0x82,
  0x10, 0x82, 0x10, 0x82, 0x10, 0x82, 0x10, 0x82, 0x10, 0x82, 0x10, 0x82, 0x10, 0x82, 0x10, 0x82, 0x10, 0x82, 0x10, 0x82, 0x10, 0x82, 0x10, 0x82, 0x10, 0x82, 0x10, 0x82, 0x10, 0x82, 0x10, 0x82,
  0x10, 0x82, 0x10, 0x82, 0x10, 0x82, 0x10, 0x82, 0x10, 0x62, 0x10, 0x82, 0x10, 0x62, 0x10, 0x62, 0x10, 0x62, 0x10, 0x62, 0x10, 0x81, 0x10, 0x61, 0x18, 0x61, 0x18, 0x81, 0x20, 0xA1, 0x30, 0xC1,
  0x30, 0xC1, 0x49, 0x01, 0xF3, 0xA3, 0x71, 0x81, 0x20, 0x60, 0x28, 0x80, 0x18, 0x60, 0x10, 0x40, 0x10, 0x20, 0x08, 0x20, 0x00, 0x00, 0x00, 0x00, 0x00, 0x00, 0x00, 0x00, 0x00, 0x00, 0x00, 0x00,
  0x00, 0x00, 0x00, 0x00, 0x00, 0x00, 0x00, 0x00, 0x00, 0x00, 0x00, 0x00, 0x08, 0x00, 0x08, 0x20, 0x10, 0x40, 0x18, 0x40, 0x28, 0x60, 0x28, 0x80, 0x38, 0xA0, 0xE3, 0x63, 0x89, 0xE2, 0x30, 0xA1,
  0x30, 0xE2, 0x28, 0xC2, 0x20, 0xA2, 0x18, 0x82, 0x18, 0x82, 0x10, 0x82, 0x10, 0x82, 0x10, 0x82, 0x10, 0x82, 0x10, 0x82, 0x10, 0x82, 0x10, 0x82, 0x10, 0x82, 0x10, 0x62, 0x10, 0x82, 0x10, 0x82,
  0x10, 0x82, 0x10, 0x82, 0x10, 0x82, 0x10, 0x82, 0x10, 0x62, 0x10, 0x82, 0x10, 0x82, 0x10, 0x82, 0x10, 0x82, 0x10, 0x82, 0x10, 0x82, 0x10, 0x82, 0x10, 0x62, 0x10, 0x82, 0x10, 0x62, 0x10, 0x62,
  0x10, 0x62, 0x10, 0x62, 0x10, 0x62, 0x10, 0x62, 0x10, 0x62, 0x10, 0x62, 0x08, 0x61, 0x18, 0xC3, 0x21, 0x04, 0x21, 0x04, 0x10, 0x82, 0x08, 0x61, 0x10, 0x62, 0x08, 0x61, 0x10, 0x62, 0x08, 0x61,
  0x08, 0x61, 0x08, 0x61, 0x08, 0x61, 0x08, 0x61, 0x08, 0x61, 0x08, 0x61, 0x08, 0x61, 0x08, 0x61, 0x08, 0x41, 0x08, 0x41, 0x08, 0x61, 0x08, 0x61, 0x08, 0x41, 0x08, 0x41, 0x08, 0x41, 0x08, 0x41,
  0x08, 0x41, 0x08, 0x41, 0x08, 0x41, 0x08, 0x41, 0x08, 0x41, 0x08, 0x41, 0x08, 0x41, 0x10, 0x61, 0x10, 0x61, 0x18, 0x61, 0x20, 0x81, 0x20, 0xA1, 0x30, 0xA1, 0x38, 0xA1, 0x40, 0xC1, 0x48, 0xC1,
  0x48, 0xE0, 0x50, 0xE0, 0x50, 0xE0, 0x51, 0x01, 0x51, 0x00, 0x51, 0x00, 0x51, 0x00, 0x51, 0x00, 0x51, 0x00, 0x51, 0x00, 0x51, 0x00, 0x50, 0xE0, 0x50, 0xE0, 0x50, 0xE0, 0x50, 0xE0, 0x48, 0xE0,
  0x48, 0xC0, 0x40, 0xA1, 0x38, 0xA0, 0x30, 0xA0, 0x38, 0xC1, 0x30, 0xC1, 0x30, 0xA1, 0x30, 0xC1, 0x38, 0xC1, 0x38, 0xC1, 0x40, 0xC1, 0x50, 0xE0, 0x51, 0x01, 0x51, 0x01, 0x51, 0x01, 0x51, 0x01,
  0x59, 0x21, 0x59, 0x21, 0x59, 0x21, 0x61, 0x21, 0x61, 0x21, 0x61, 0x21, 0x61, 0x41, 0x61, 0x41, 0x61, 0x41, 0x61, 0x41, 0x61, 0x41, 0x61, 0x61, 0x61, 0x61, 0x61, 0x61, 0x61, 0x41, 0x59, 0x41,
  0x59, 0x42, 0x51, 0x42, 0x49, 0x21, 0x41, 0x02, 0x39, 0x03, 0x31, 0x02, 0x31, 0x03, 0x29, 0x03, 0x21, 0x03, 0x20, 0xE3, 0x18, 0xE3, 0x20, 0xE4, 0x20, 0xE4, 0x20, 0xE4, 0x21, 0x04, 0x20, 0xE4,
  0x20, 0xE4, 0x18, 0xE3, 0x18, 0xE3, 0x18, 0xE3, 0x20, 0xE4, 0x20, 0xE4, 0x18, 0xE3, 0x18, 0xC3, 0x18, 0xC3, 0x18, 0xC3, 0x18, 0xC3, 0x18, 0xC3, 0x18, 0xC3, 0x18, 0xC3, 0x18, 0xC3, 0x18, 0xC3,
  0x18, 0xC3, 0x18, 0xC3, 0x18, 0xC3, 0x18, 0xC3, 0x18, 0xA3, 0x18, 0xC3, 0x29, 0x45, 0x29, 0x45, 0x21, 0x04, 0x10, 0xA2, 0x10, 0xA2, 0x10, 0xA2, 0x10, 0xA2, 0x10, 0xA2, 0x10, 0x82, 0x10, 0xA2,
  0x10, 0x82, 0x10, 0x82, 0x10, 0xA2, 0x10, 0x82, 0x10, 0x82, 0x10, 0x82, 0x10, 0x82, 0x10, 0x82, 0x10, 0x82, 0x10, 0x82, 0x10, 0x82, 0x10, 0x82, 0x10, 0x82, 0x10, 0x82, 0x10, 0x82, 0x10, 0x82,
  0x10, 0x82, 0x10, 0x82, 0x10, 0x82, 0x10, 0x82, 0x10, 0x82, 0x10, 0x82, 0x10, 0x62, 0x10, 0x62, 0x10, 0x62, 0x10, 0x62, 0x10, 0x81, 0x10, 0x61, 0x18, 0x81, 0x20, 0x81, 0x28, 0xA1, 0x30, 0xC1,
  0x28, 0x80, 0x89, 0xE2, 0xEB, 0x83, 0x38, 0x80, 0x28, 0x80, 0x20, 0x60, 0x18, 0x40, 0x10, 0x40, 0x08, 0x20, 0x08, 0x00, 0x00, 0x00, 0x00, 0x00, 0x00, 0x00, 0x00, 0x00, 0x00, 0x00, 0x00, 0x00,
  0x00, 0x00, 0x00, 0x00, 0x00, 0x00, 0x00, 0x00, 0x00, 0x00, 0x00, 0x00, 0x08, 0x00, 0x08, 0x20, 0x10, 0x40, 0x18, 0x40, 0x20, 0x60, 0x28, 0x80, 0x20, 0x40, 0xAA, 0x83, 0xCB, 0x03, 0x30, 0xC1,
  0x38, 0xE1, 0x28, 0xC2, 0x20, 0xA2, 0x18, 0xA2, 0x18, 0x82, 0x10, 0x82, 0x10, 0x82, 0x10, 0x82, 0x10, 0x82, 0x10, 0x82, 0x10, 0x82, 0x10, 0x82, 0x10, 0x82, 0x10, 0x62, 0x10, 0x82, 0x10, 0x82,
  0x10, 0x82, 0x10, 0x62, 0x10, 0x82, 0x10, 0x82, 0x10, 0x62, 0x10, 0x82, 0x10, 0x82, 0x10, 0x82, 0x10, 0x82, 0x10, 0x82, 0x10, 0x82, 0x10, 0x82, 0x10, 0x62, 0x10, 0x62, 0x10, 0x62, 0x10, 0x62,
  0x10, 0x62, 0x10, 0x62, 0x10, 0x62, 0x10, 0x62, 0x10, 0x62, 0x10, 0x62, 0x08, 0x61, 0x10, 0x62, 0x21, 0x04, 0x21, 0x04, 0x18, 0xC3, 0x08, 0x61, 0x08, 0x61, 0x08, 0x61, 0x08, 0x61, 0x10, 0x62,
  0x08, 0x61, 0x08, 0x61, 0x08, 0x61, 0x08, 0x61, 0x08, 0x61, 0x08, 0x61, 0x08, 0x61, 0x08, 0x61, 0x08, 0x41, 0x08, 0x41, 0x08, 0x41, 0x08, 0x41, 0x08, 0x41, 0x08, 0x41, 0x08, 0x41, 0x08, 0x41,
  0x08, 0x41, 0x08, 0x41, 0x08, 0x41, 0x08, 0x41, 0x08, 0x41, 0x08, 0x41, 0x08, 0x41, 0x10, 0x61, 0x10, 0x61, 0x18, 0x61, 0x18, 0x61, 0x20, 0x81, 0x28, 0x81, 0x28, 0xA1, 0x30, 0xA1, 0x30, 0xA0,
  0x38, 0xC0, 0x38, 0xC0, 0x40, 0xC0, 0x40, 0xC0, 0x40, 0xC0, 0x40, 0xE0, 0x40, 0xE0, 0x40, 0xE0, 0x40, 0xE0, 0x40, 0xE1, 0x40, 0xE1, 0x40, 0xC1, 0x40, 0xC0, 0x40, 0xC0, 0x38, 0xC0, 0x38, 0xC0,
  0x38, 0xC1, 0x38, 0xC0, 0x38, 0xC0, 0x30, 0xA1, 0x30, 0xA1, 0x28, 0x81, 0x28, 0x81, 0x28, 0xA1, 0x28, 0xA1, 0x30, 0xC1, 0x38, 0xC1, 0x38, 0xE1, 0x40, 0xE1, 0x40, 0xE1, 0x40, 0xE1, 0x48, 0xE1,
  0x48, 0xE1, 0x49, 0x01, 0x49, 0x01, 0x49, 0x01, 0x49, 0x01, 0x49, 0x01, 0x51, 0x21, 0x51, 0x41, 0x51, 0x42, 0x51, 0x42, 0x51, 0x42, 0x51, 0x42, 0x51, 0x42, 0x51, 0x42, 0x51, 0x42, 0x51, 0x42,
  0x49, 0x22, 0x41, 0x22, 0x41, 0x03, 0x39, 0x02, 0x31, 0x02, 0x31, 0x03, 0x29, 0x03, 0x29, 0x03, 0x20, 0xE3, 0x20, 0xE3, 0x20, 0xE4, 0x20, 0xE4, 0x18, 0xE3, 0x20, 0xE4, 0x20, 0xE4, 0x20, 0xE4,
  0x18, 0xE3, 0x18, 0xE3, 0x18, 0xE3, 0x20, 0xE4, 0x21, 0x04, 0x20, 0xE4, 0x18, 0xE3, 0x18, 0xE3, 0x18, 0xC3, 0x18, 0xE3, 0x18, 0xE3, 0x18, 0xC3, 0x18, 0xC3, 0x18, 0xC3, 0x18, 0xC3, 0x18, 0xC3,
  0x18, 0xC3, 0x18, 0xC3, 0x18, 0xC3, 0x18, 0xC3, 0x18, 0xA3, 0x21, 0x04, 0x29, 0x45, 0x29, 0x45, 0x18, 0xC3, 0x18, 0xA3, 0x10, 0xA2, 0x10, 0xA2, 0x18, 0xA3, 0x10, 0xA2, 0x10, 0xA2, 0x10, 0xA2,
  0x10, 0x82, 0x10, 0xA2, 0x10, 0xA2, 0x10, 0x82, 0x10, 0x82, 0x10, 0x82, 0x10, 0x82, 0x10, 0x82, 0x10, 0x82, 0x10, 0x82, 0x10, 0x82, 0x10, 0x82, 0x10, 0x82, 0x10, 0x82, 0x10, 0x82, 0x10, 0x82,
  0x10, 0x82, 0x10, 0x82, 0x10, 0x82, 0x10, 0x62, 0x10, 0x82, 0x10, 0x82, 0x10, 0x62, 0x10, 0x62, 0x10, 0x62, 0x10, 0x62, 0x10, 0x81, 0x10, 0x81, 0x18, 0x81, 0x20, 0xA1, 0x28, 0xA1, 0x38, 0xC1,
  0x30, 0xA0, 0xCB, 0x03, 0xB2, 0x83, 0x20, 0x40, 0x28, 0x80, 0x20, 0x60, 0x18, 0x40, 0x10, 0x20, 0x08, 0x20, 0x08, 0x00, 0x00, 0x00, 0x00, 0x00, 0x00, 0x00, 0x00, 0x00, 0x00, 0x00, 0x00, 0x00,
  0x00, 0x00, 0x00, 0x00, 0x00, 0x00, 0x00, 0x00, 0x00, 0x00, 0x00, 0x00, 0x00, 0x00, 0x08, 0x20, 0x08, 0x20, 0x18, 0x40, 0x20, 0x60, 0x28, 0x80, 0x28, 0x60, 0x69, 0x41, 0xF3, 0xC4, 0x51, 0x21,
  0x30, 0xC1, 0x30, 0xE2, 0x28, 0xC2, 0x20, 0xA2, 0x18, 0x82, 0x10, 0x82, 0x10, 0x82, 0x10, 0x82, 0x10, 0x82, 0x10, 0x82, 0x10, 0x82, 0x10, 0x62, 0x10, 0x82, 0x10, 0x62, 0x10, 0x62, 0x10, 0x82,
  0x10, 0x82, 0x10, 0x62, 0x10, 0x82, 0x10, 0x62, 0x10, 0x82, 0x10, 0x62, 0x10, 0x82, 0x10, 0x62, 0x10, 0x82, 0x10, 0x82, 0x10, 0x82, 0x10, 0x82, 0x10, 0x62, 0x10, 0x62, 0x10, 0x62, 0x10, 0x62,
  0x08, 0x61, 0x10, 0x62, 0x10, 0x62, 0x10, 0x62, 0x10, 0x62, 0x10, 0x62, 0x10, 0x62, 0x08, 0x41, 0x10, 0xA2, 0x21, 0x04, 0x21, 0x04, 0x10, 0x82, 0x08, 0x41, 0x08, 0x61, 0x08, 0x61, 0x08, 0x61,
  0x08, 0x61, 0x08, 0x61, 0x08, 0x61, 0x08, 0x61, 0x08, 0x41, 0x08, 0x41, 0x08, 0x61, 0x08, 0x41, 0x08, 0x41, 0x08, 0x41, 0x08, 0x41, 0x08, 0x41, 0x08, 0x41, 0x08, 0x41, 0x08, 0x41, 0x08, 0x41,
  0x08, 0x41, 0x08, 0x41, 0x08, 0x41, 0x08, 0x41, 0x08, 0x41, 0x08, 0x41, 0x08, 0x41, 0x08, 0x41, 0x10, 0x41, 0x18, 0x61, 0x18, 0x61, 0x18, 0x61, 0x20, 0x81, 0x28, 0x81, 0x28, 0xA1, 0x28, 0xA1,
  0x30, 0xA0, 0x30, 0xA0, 0x30, 0xA0, 0x38, 0xA0, 0x38, 0xC0, 0x38, 0xC0, 0x38, 0xC1, 0x38, 0xC1, 0x38, 0xC0, 0x38, 0xC1, 0x38, 0xC1, 0x38, 0xC1, 0x38, 0xA1, 0x30, 0xA1, 0x30, 0xA1, 0x30, 0xA1,
  0x30, 0xA1, 0x28, 0xA1, 0x28, 0x81, 0x28, 0x81, 0x28, 0x81, 0x20, 0x81, 0x20, 0x81, 0x20, 0x81, 0x20, 0x81, 0x28, 0xA1, 0x28, 0xA1, 0x30, 0xA1, 0x30, 0xC1, 0x30, 0xC1, 0x38, 0xC1, 0x38, 0xC1,
  0x38, 0xC1, 0x38, 0xC1, 0x38, 0xE1, 0x40, 0xE1, 0x40, 0xE1, 0x40, 0xE1, 0x41, 0x01, 0x41, 0x02, 0x41, 0x02, 0x41, 0x02, 0x49, 0x02, 0x49, 0x02, 0x49, 0x22, 0x49, 0x22, 0x49, 0x22, 0x41, 0x22,
  0x41, 0x02, 0x39, 0x02, 0x38, 0xE2, 0x31, 0x03, 0x31, 0x03, 0x28, 0xE3, 0x28, 0xE3, 0x20, 0xE3, 0x20, 0xE3, 0x20, 0xE3, 0x20, 0xE4, 0x20, 0xE4, 0x20, 0xE4, 0x20, 0xE4, 0x20, 0xE4, 0x18, 0xE3,
  0x18, 0xE3, 0x18, 0xE3, 0x20, 0xE4, 0x21, 0x04, 0x20, 0xE4, 0x20, 0xE4, 0x18, 0xE3, 0x18, 0xE3, 0x18, 0xE3, 0x18, 0xE3, 0x18, 0xE3, 0x18, 0xE3, 0x18, 0xC3, 0x18, 0xC3, 0x18, 0xC3, 0x18, 0xE3,
  0x18, 0xC3, 0x18, 0xC3, 0x18, 0xC3, 0x18, 0xC3, 0x18, 0xE3, 0x29, 0x65, 0x29, 0x65, 0x21, 0x04, 0x18, 0xA3, 0x18, 0xA3, 0x10, 0xA2, 0x18, 0xA3, 0x18, 0xA3, 0x10, 0xA2, 0x10, 0xA2, 0x10, 0xA2,
  0x10, 0xA2, 0x10, 0xA2, 0x10, 0xA2, 0x10, 0xA2, 0x10, 0x82, 0x10, 0x82, 0x10, 0x82, 0x10, 0x82, 0x10, 0x82, 0x10, 0x82, 0x10, 0x82, 0x10, 0x82, 0x10, 0x82, 0x10, 0x82, 0x10, 0x82, 0x10, 0x82,
  0x10, 0x82, 0x10, 0x82, 0x10, 0x82, 0x10, 0x82, 0x10, 0x82, 0x10, 0x82, 0x10, 0x62, 0x10, 0x82, 0x10, 0x62, 0x10, 0x62, 0x10, 0x81, 0x18, 0x81, 0x20, 0x81, 0x20, 0xA1, 0x30, 0xC1, 0x30, 0xC1,
  0x51, 0x21, 0xF3, 0xA3, 0x69, 0x41, 0x20, 0x60, 0x28, 0x80, 0x18, 0x40, 0x10, 0x40, 0x10, 0x20, 0x08, 0x00, 0x00, 0x00, 0x00, 0x00, 0x00, 0x00, 0x00, 0x00, 0x00, 0x00, 0x00, 0x00, 0x00, 0x00,
  0x00, 0x00, 0x00, 0x00, 0x00, 0x00, 0x00, 0x00, 0x00, 0x00, 0x00, 0x00, 0x00, 0x00, 0x08, 0x00, 0x08, 0x20, 0x10, 0x40, 0x18, 0x40, 0x20, 0x60, 0x28, 0x80, 0x38, 0x80, 0xDB, 0x63, 0x9A, 0x42,
  0x28, 0xA1, 0x30, 0xE1, 0x28, 0xC2, 0x20, 0xA2, 0x18, 0xA2, 0x10, 0x82, 0x10, 0x82, 0x10, 0x62, 0x10, 0x82, 0x10, 0x82, 0x10, 0x82, 0x10, 0x62, 0x10, 0x82, 0x10, 0x82, 0x10, 0x62, 0x10, 0x82,
  0x10, 0x82, 0x10, 0x62, 0x10, 0x62, 0x10, 0x62, 0x10, 0x62, 0x10, 0x62, 0x10, 0x82, 0x10, 0x62, 0x10, 0x62, 0x10, 0x62, 0x10, 0x62, 0x10, 0x62, 0x10, 0x62, 0x10, 0x62, 0x10, 0x62, 0x10, 0x62,
  0x08, 0x61, 0x10, 0x62, 0x10, 0x62, 0x08, 0x61, 0x10, 0x62, 0x10, 0x62, 0x10, 0x62, 0x08, 0x61, 0x08, 0x41, 0x18, 0xE3, 0x21, 0x04, 0x20, 0xE4, 0x08, 0x61, 0x08, 0x61, 0x08, 0x61, 0x08, 0x61,
  0x08, 0x61, 0x08, 0x61, 0x08, 0x61, 0x08, 0x61, 0x08, 0x61, 0x08, 0x41, 0x08, 0x41, 0x08, 0x41, 0x08, 0x41, 0x08, 0x41, 0x08, 0x41, 0x08, 0x41, 0x08, 0x41, 0x08, 0x41, 0x08, 0x41, 0x08, 0x41,
  0x08, 0x41, 0x08, 0x41, 0x08, 0x41, 0x08, 0x41, 0x08, 0x41, 0x08, 0x41, 0x08, 0x41, 0x10, 0x41, 0x10, 0x41, 0x10, 0x41, 0x18, 0x61, 0x18, 0x61, 0x18, 0x61, 0x20, 0x61, 0x20, 0x81, 0x20, 0x81,
  0x28, 0x81, 0x28, 0x81, 0x28, 0x80, 0x28, 0x81, 0x28, 0xA0, 0x28, 0x81, 0x28, 0xA1, 0x28, 0xA1, 0x28, 0xA1, 0x28, 0xA0, 0x28, 0xA1, 0x28, 0xA1, 0x28, 0x81, 0x28, 0x81, 0x28, 0x81, 0x28, 0x81,
  0x20, 0x81, 0x20, 0x81, 0x20, 0x81, 0x20, 0x81, 0x20, 0x61, 0x18, 0x61, 0x18, 0x61, 0x18, 0x81, 0x18, 0x81, 0x20, 0x81, 0x20, 0x81, 0x20, 0x81, 0x28, 0xA1, 0x28, 0xA1, 0x28, 0xA1, 0x30, 0xA1,
  0x30, 0xC1, 0x30, 0xC1, 0x30, 0xC1, 0x30, 0xC1, 0x30, 0xC1, 0x30, 0xE1, 0x30, 0xE2, 0x30, 0xE2, 0x30, 0xE2, 0x30, 0xE2, 0x30, 0xE2, 0x39, 0x02, 0x39, 0x02, 0x39, 0x02, 0x39, 0x02, 0x38, 0xE2,
  0x30, 0xE2, 0x30, 0xE2, 0x31, 0x03, 0x28, 0xE3, 0x28, 0xE3, 0x28, 0xE3, 0x20, 0xE3, 0x20, 0xE3, 0x20, 0xE3, 0x18, 0xE3, 0x18, 0xE3, 0x20, 0xE4, 0x18, 0xE3, 0x18, 0xE3, 0x20, 0xE4, 0x18, 0xE3,
  0x18, 0xE3, 0x20, 0xE4, 0x21, 0x04, 0x21, 0x04, 0x20, 0xE4, 0x20, 0xE4, 0x18, 0xE3, 0x20, 0xE4, 0x20, 0xE4, 0x20, 0xE4, 0x18, 0xE3, 0x18, 0xE3, 0x18, 0xE3, 0x18, 0xE3, 0x18, 0xE3, 0x18, 0xC3,
  0x18, 0xC3, 0x18, 0xC3, 0x18, 0xC3, 0x18, 0xC3, 0x29, 0x45, 0x29, 0x65, 0x29, 0x45, 0x18, 0xC3, 0x18, 0xC3, 0x18, 0xA3, 0x18, 0xA3, 0x18, 0xA3, 0x10, 0xA2, 0x18, 0xA3, 0x10, 0xA2, 0x10, 0xA2,
  0x10, 0xA2, 0x10, 0xA2, 0x10, 0xA2, 0x10, 0x82, 0x10, 0x82, 0x10, 0x82, 0x10, 0x82, 0x10, 0x82, 0x10, 0x82, 0x10, 0x82, 0x10, 0x82, 0x10, 0x82, 0x10, 0x82, 0x10, 0x82, 0x10, 0x82, 0x10, 0x82,
  0x10, 0x82, 0x10, 0x82, 0x10, 0x82, 0x10, 0x82, 0x10, 0x82, 0x10, 0x82, 0x10, 0x82, 0x10, 0x82, 0x10, 0x62, 0x10, 0x82, 0x10, 0x81, 0x18, 0x81, 0x20, 0xA1, 0x28, 0xA1, 0x30, 0xC1, 0x28, 0x81,
  0x92, 0x22, 0xE3, 0x63, 0x30, 0x80, 0x28, 0x80, 0x20, 0x60, 0x18, 0x40, 0x10, 0x40, 0x08, 0x20, 0x08, 0x20, 0x00, 0x00, 0x00, 0x00, 0x00, 0x00, 0x00, 0x00, 0x00, 0x00, 0x00, 0x00, 0x00, 0x00,
  0x00, 0x00, 0x00, 0x00, 0x00, 0x00, 0x00, 0x00, 0x00, 0x00, 0x00, 0x00, 0x00, 0x00, 0x08, 0x00, 0x08, 0x20, 0x10, 0x40, 0x18, 0x40, 0x20, 0x60, 0x28, 0x80, 0x20, 0x40, 0x9A, 0x22, 0xDB, 0x63,
  0x38, 0xC1, 0x30, 0xC1, 0x28, 0xC2, 0x20, 0xA1, 0x18, 0x82, 0x18, 0x82, 0x10, 0x81, 0x10, 0x61, 0x10, 0x82, 0x10, 0x82, 0x10, 0x82, 0x10, 0x62, 0x10, 0x82, 0x10, 0x62, 0x10, 0x62, 0x10, 0x62,
  0x10, 0x82, 0x10, 0x62, 0x10, 0x62, 0x10, 0x62, 0x10, 0x62, 0x10, 0x62, 0x10, 0x62, 0x10, 0x62, 0x10, 0x62, 0x10, 0x62, 0x10, 0x62, 0x10, 0x62, 0x10, 0x62, 0x10, 0x62, 0x10, 0x62, 0x10, 0x62,
  0x10, 0x62, 0x10, 0x62, 0x10, 0x62, 0x08, 0x61, 0x08, 0x61, 0x10, 0x62, 0x08, 0x61, 0x08, 0x61, 0x08, 0x41, 0x10, 0x82, 0x21, 0x04, 0x21, 0x04, 0x18, 0xC3, 0x08, 0x41, 0x08, 0x61, 0x08, 0x61,
  0x08, 0x61, 0x08, 0x61, 0x08, 0x41, 0x08, 0x61, 0x08, 0x61, 0x08, 0x41, 0x08, 0x41, 0x08, 0x41, 0x08, 0x41, 0x08, 0x41, 0x08, 0x41, 0x08, 0x41, 0x08, 0x41, 0x08, 0x41, 0x08, 0x41, 0x08, 0x41,
  0x08, 0x41, 0x08, 0x41, 0x08, 0x41, 0x08, 0x41, 0x08, 0x41, 0x08, 0x41, 0x08, 0x41, 0x08, 0x41, 0x10, 0x41, 0x10, 0x41, 0x10, 0x61, 0x10, 0x61, 0x18, 0x61, 0x18, 0x61, 0x18, 0x61, 0x18, 0x61,
  0x20, 0x61, 0x20, 0x81, 0x20, 0x81, 0x20, 0x81, 0x20, 0x81, 0x20, 0x81, 0x20, 0x81, 0x20, 0x81, 0x20, 0x81, 0x20, 0x81, 0x20, 0x81, 0x20, 0x81, 0x20, 0x81, 0x20, 0x81, 0x20, 0x81, 0x18, 0x61,
  0x18, 0x61, 0x18, 0x61, 0x18, 0x61, 0x18, 0x61, 0x18, 0x61, 0x18, 0x61, 0x18, 0x61, 0x18, 0x61, 0x18, 0x61, 0x18, 0x61, 0x18, 0x61, 0x18, 0x61, 0x20, 0x81, 0x20, 0x81, 0x20, 0x81, 0x20, 0x81,
  0x20, 0xA1, 0x20, 0xA1, 0x20, 0xA1, 0x28, 0xA1, 0x28, 0xA2, 0x28, 0xC2, 0x28, 0xC2, 0x28, 0xC2, 0x28, 0xC2, 0x28, 0xC2, 0x28, 0xC2, 0x28, 0xC2, 0x28, 0xC2, 0x28, 0xC2, 0x28, 0xC2, 0x28, 0xC2,
  0x28, 0xE2, 0x28, 0xE3, 0x28, 0xE3, 0x28, 0xE3, 0x20, 0xE3, 0x20, 0xE3, 0x20, 0xE3, 0x20, 0xE3, 0x18, 0xE3, 0x18, 0xE3, 0x20, 0xE4, 0x18, 0xE3, 0x18, 0xE3, 0x18, 0xE3, 0x18, 0xE3, 0x20, 0xE4,
  0x20, 0xE4, 0x21, 0x04, 0x21, 0x04, 0x20, 0xE4, 0x20, 0xE4, 0x18, 0xE3, 0x18, 0xE3, 0x20, 0xE4, 0x20, 0xE4, 0x18, 0xE3, 0x18, 0xE3, 0x20, 0xE4, 0x18, 0xE3, 0x20, 0xE4, 0x18, 0xE3, 0x18, 0xC3,
  0x18, 0xE3, 0x18, 0xE3, 0x18, 0xC3, 0x21, 0x04, 0x29, 0x65, 0x29, 0x65, 0x20, 0xE4, 0x18, 0xC3, 0x18, 0xC3, 0x18, 0xA3, 0x18, 0xA3, 0x18, 0xA3, 0x18, 0xA3, 0x18, 0xA3, 0x10, 0xA2, 0x10, 0xA2,
  0x18, 0xA3, 0x10, 0xA2, 0x10, 0xA2, 0x10, 0x82, 0x10, 0xA2, 0x10, 0x82, 0x10, 0x82, 0x10, 0x82, 0x10, 0x82, 0x10, 0xA2, 0x10, 0x82, 0x10, 0x82, 0x10, 0x82, 0x10, 0x82, 0x10, 0x82, 0x10, 0x82,
  0x10, 0x82, 0x10, 0x82, 0x10, 0x82, 0x10, 0x82, 0x10, 0x82, 0x10, 0x62, 0x10, 0x82, 0x10, 0x82, 0x10, 0x82, 0x10, 0x81, 0x18, 0x82, 0x18, 0x81, 0x20, 0xA1, 0x30, 0xC1, 0x38, 0xE1, 0x38, 0xA1,
  0xDB, 0x43, 0x9A, 0x42, 0x20, 0x40, 0x28, 0x80, 0x20, 0x60, 0x18, 0x40, 0x10, 0x20, 0x08, 0x20, 0x00, 0x00, 0x00, 0x00, 0x00, 0x00, 0x00, 0x00, 0x00, 0x00, 0x00, 0x00, 0x00, 0x00, 0x00, 0x00,
  0x00, 0x00, 0x00, 0x00, 0x00, 0x00, 0x00, 0x00, 0x00, 0x00, 0x00, 0x00, 0x00, 0x00, 0x00, 0x00, 0x08, 0x20, 0x10, 0x20, 0x10, 0x40, 0x20, 0x60, 0x28, 0x80, 0x28, 0x80, 0x50, 0xE1, 0xF3, 0xC4,
  0x71, 0x81, 0x28, 0xC1, 0x30, 0xC1, 0x28, 0xC1, 0x20, 0xA2, 0x18, 0x82, 0x10, 0x81, 0x10, 0x61, 0x10, 0x61, 0x10, 0x82, 0x10, 0x82, 0x10, 0x62, 0x10, 0x62, 0x10, 0x62, 0x10, 0x62, 0x10, 0x62,
  0x10, 0x62, 0x10, 0x62, 0x10, 0x62, 0x10, 0x62, 0x10, 0x62, 0x10, 0x62, 0x10, 0x62, 0x10, 0x62, 0x10, 0x62, 0x10, 0x62, 0x10, 0x62, 0x10, 0x62, 0x10, 0x62, 0x10, 0x62, 0x10, 0x62, 0x10, 0x62,
  0x10, 0x62, 0x10, 0x62, 0x08, 0x61, 0x08, 0x61, 0x08, 0x61, 0x08, 0x61, 0x08, 0x61, 0x08, 0x61, 0x08, 0x61, 0x08, 0x41, 0x18, 0xC3, 0x21, 0x04, 0x21, 0x04, 0x10, 0x82, 0x08, 0x41, 0x08, 0x61,
  0x08, 0x61, 0x08, 0x41, 0x08, 0x41, 0x08, 0x41, 0x08, 0x61, 0x08, 0x41, 0x08, 0x41, 0x08, 0x41, 0x08, 0x41, 0x08, 0x41, 0x08, 0x41, 0x08, 0x41, 0x08, 0x41, 0x08, 0x41, 0x08, 0x41, 0x08, 0x41,
  0x08, 0x41, 0x08, 0x41, 0x08, 0x41, 0x08, 0x41, 0x08, 0x41, 0x08, 0x41, 0x08, 0x41, 0x08, 0x41, 0x08, 0x41, 0x10, 0x41, 0x10, 0x41, 0x10, 0x41, 0x10, 0x41, 0x10, 0x61, 0x10, 0x61, 0x10, 0x61,
  0x18, 0x61, 0x18, 0x61, 0x18, 0x61, 0x18, 0x61, 0x18, 0x61, 0x18, 0x61, 0x18, 0x61, 0x18, 0x61, 0x18, 0x61, 0x18, 0x61, 0x18, 0x61, 0x18, 0x61, 0x18, 0x61, 0x18, 0x61, 0x18, 0x61, 0x18, 0x61,
  0x18, 0x61, 0x10, 0x61, 0x10, 0x61, 0x10, 0x61, 0x10, 0x61, 0x10, 0x61, 0x10, 0x61, 0x10, 0x61, 0x10, 0x61, 0x10, 0x61, 0x10, 0x61, 0x18, 0x61, 0x18, 0x61, 0x18, 0x61, 0x18, 0x61, 0x18, 0x81,
  0x18, 0x81, 0x18, 0x81, 0x18, 0x81, 0x18, 0x82, 0x18, 0x81, 0x20, 0x82, 0x20, 0xA2, 0x20, 0xA2, 0x20, 0xA2, 0x20, 0xA2, 0x20, 0xA2, 0x20, 0xA2, 0x20, 0xA2, 0x20, 0xA2, 0x20, 0xC2, 0x20, 0xC2,
  0x20, 0xC3, 0x20, 0xC3, 0x20, 0xE3, 0x20, 0xC3, 0x20, 0xC3, 0x20, 0xE3, 0x20, 0xE3, 0x20, 0xE3, 0x18, 0xE3, 0x18, 0xE3, 0x18, 0xE3, 0x18, 0xE3, 0x18, 0xE3, 0x18, 0xE3, 0x18, 0xE3, 0x20, 0xE4,
  0x21, 0x04, 0x21, 0x04, 0x20, 0xE4, 0x20, 0xE4, 0x20, 0xE4, 0x20, 0xE4, 0x20, 0xE4, 0x20, 0xE4, 0x20, 0xE4, 0x18, 0xE3, 0x20, 0xE4, 0x20, 0xE4, 0x20, 0xE4, 0x20, 0xE4, 0x18, 0xE3, 0x18, 0xE3,
  0x18, 0xE3, 0x18, 0xC3, 0x20, 0xE4, 0x29, 0x65, 0x29, 0x65, 0x21, 0x24, 0x18, 0xC3, 0x18, 0xC3, 0x18, 0xC3, 0x18, 0xC3, 0x18, 0xC3, 0x18, 0xA3, 0x18, 0xA3, 0x18, 0xA3, 0x10, 0xA2, 0x18, 0xA3,
  0x18, 0xA3, 0x18, 0xA3, 0x10, 0xA2, 0x10, 0xA2, 0x10, 0xA2, 0x10, 0xA2, 0x10, 0x82, 0x10, 0x82, 0x10, 0x82, 0x10, 0xA2, 0x10, 0x82, 0x10, 0x82, 0x10, 0x82, 0x10, 0x82, 0x10, 0x82, 0x10, 0x82,
  0x10, 0x82, 0x10, 0x82, 0x10, 0x82, 0x10, 0x82, 0x10, 0x82, 0x10, 0x62, 0x10, 0x82, 0x10, 0x62, 0x10, 0x82, 0x18, 0x81, 0x18, 0x81, 0x20, 0x81, 0x28, 0xA1, 0x30, 0xC1, 0x30, 0xA1, 0x69, 0x61,
  0xF3, 0xC4, 0x51, 0x01, 0x28, 0x60, 0x20, 0x80, 0x18, 0x40, 0x10, 0x40, 0x08, 0x20, 0x08, 0x20, 0x00, 0x00, 0x00, 0x00, 0x00, 0x00, 0x00, 0x00, 0x00, 0x00, 0x00, 0x00, 0x00, 0x00, 0x00, 0x00,
  0x00, 0x00, 0x00, 0x00, 0x00, 0x00, 0x00, 0x00, 0x00, 0x00, 0x00, 0x00, 0x00, 0x00, 0x00, 0x00, 0x08, 0x00, 0x08, 0x20, 0x10, 0x40, 0x18, 0x60, 0x20, 0x60, 0x30, 0x80, 0x28, 0x60, 0xC2, 0xE3,
  0xBA, 0xC3, 0x30, 0xA1, 0x30, 0xE1, 0x28, 0xC1, 0x20, 0xA1, 0x18, 0x82, 0x10, 0x81, 0x10, 0x61, 0x10, 0x61, 0x10, 0x82, 0x10, 0x62, 0x10, 0x62, 0x10, 0x62, 0x10, 0x62, 0x10, 0x62, 0x10, 0x62,
  0x10, 0x62, 0x10, 0x62, 0x10, 0x62, 0x10, 0x62, 0x10, 0x62, 0x10, 0x62, 0x10, 0x62, 0x10, 0x62, 0x10, 0x62, 0x10, 0x62, 0x10, 0x62, 0x10, 0x62, 0x10, 0x62, 0x10, 0x62, 0x10, 0x62, 0x08, 0x61,
  0x10, 0x62, 0x10, 0x62, 0x10, 0x62, 0x08, 0x61, 0x08, 0x61, 0x08, 0x61, 0x08, 0x61, 0x08, 0x61, 0x08, 0x61, 0x08, 0x41, 0x08, 0x61, 0x20, 0xE4, 0x21, 0x04, 0x20, 0xE4, 0x08, 0x61, 0x08, 0x41,
  0x08, 0x61, 0x08, 0x61, 0x08, 0x61, 0x08, 0x41, 0x08, 0x41, 0x08, 0x41, 0x08, 0x41, 0x08, 0x41, 0x08, 0x41, 0x08, 0x41, 0x08, 0x41, 0x08, 0x41, 0x08, 0x41, 0x08, 0x41, 0x08, 0x41, 0x08, 0x41,
  0x08, 0x41, 0x08, 0x41, 0x08, 0x41, 0x08, 0x41, 0x08, 0x41, 0x08, 0x41, 0x08, 0x41, 0x08, 0x41, 0x08, 0x41, 0x08, 0x41, 0x08, 0x41, 0x10, 0x41, 0x10, 0x41, 0x10, 0x41, 0x10, 0x41, 0x10, 0x61,
  0x10, 0x61, 0x10, 0x61, 0x10, 0x61, 0x10, 0x61, 0x10, 0x61, 0x10, 0x61, 0x10, 0x61, 0x10, 0x41, 0x10, 0x41, 0x10, 0x61, 0x10, 0x61, 0x10, 0x41, 0x10, 0x41, 0x10, 0x41, 0x10, 0x41, 0x10, 0x41,
  0x10, 0x41, 0x10, 0x41, 0x10, 0x41, 0x10, 0x41, 0x10, 0x41, 0x10, 0x41, 0x10, 0x41, 0x10, 0x41, 0x10, 0x61, 0x10, 0x61, 0x10, 0x61, 0x10, 0x61, 0x10, 0x61, 0x10, 0x61, 0x10, 0x61, 0x10, 0x61,
  0x10, 0x61, 0x10, 0x61, 0x18, 0x61, 0x18, 0x81, 0x18, 0x82, 0x18, 0x82, 0x18, 0x82, 0x18, 0xA2, 0x18, 0xA2, 0x18, 0xA2, 0x18, 0xA2, 0x18, 0xA2, 0x18, 0xA2, 0x20, 0xA2, 0x20, 0xC2, 0x20, 0xC2,
  0x20, 0xC2, 0x20, 0xC2, 0x20, 0xC2, 0x20, 0xC3, 0x20, 0xC3, 0x20, 0xE3, 0x18, 0xE3, 0x18, 0xE3, 0x18, 0xE3, 0x18, 0xE3, 0x18, 0xE3, 0x18, 0xC3, 0x18, 0xC3, 0x18, 0xE3, 0x18, 0xE3, 0x20, 0xE4,
  0x21, 0x04, 0x20, 0xE4, 0x20, 0xE4, 0x20, 0xE4, 0x20, 0xE4, 0x20, 0xE4, 0x20, 0xE4, 0x21, 0x04, 0x20, 0xE4, 0x20, 0xE4, 0x20, 0xE4, 0x20, 0xE4, 0x21, 0x04, 0x18, 0xE3, 0x18, 0xE3, 0x18, 0xE3,
  0x18, 0xE3, 0x18, 0xE3, 0x29, 0x45, 0x29, 0x65, 0x29, 0x65, 0x18, 0xC3, 0x18, 0xC3, 0x18, 0xC3, 0x18, 0xC3, 0x18, 0xC3, 0x18, 0xC3, 0x18, 0xC3, 0x18, 0xC3, 0x18, 0xA3, 0x18, 0xA3, 0x18, 0xA3,
  0x18, 0xA3, 0x18, 0xA3, 0x10, 0xA2, 0x10, 0xA2, 0x10, 0xA2, 0x10, 0xA2, 0x10, 0xA2, 0x10, 0x82, 0x10, 0xA2, 0x10, 0x82, 0x10, 0xA2, 0x10, 0x82, 0x10, 0x82, 0x10, 0xA2, 0x10, 0x82, 0x10, 0x82,
  0x10, 0x82, 0x10, 0x82, 0x10, 0x82, 0x10, 0x82, 0x10, 0x82, 0x10, 0x82, 0x10, 0x62, 0x10, 0x82, 0x10, 0x82, 0x18, 0x81, 0x18, 0x81, 0x20, 0xA1, 0x28, 0xC1, 0x38, 0xE1, 0x30, 0xA1, 0xB2, 0xC3,
  0xCA, 0xE3, 0x28, 0x40, 0x28, 0x80, 0x20, 0x60, 0x18, 0x40, 0x10, 0x20, 0x08, 0x20, 0x08, 0x00, 0x00, 0x00, 0x00, 0x00, 0x00, 0x00, 0x00, 0x00, 0x00, 0x00, 0x00, 0x00, 0x00, 0x00, 0x00, 0x00,
  0x00, 0x00, 0x00, 0x00, 0x00, 0x00, 0x00, 0x00, 0x00, 0x00, 0x00, 0x00, 0x00, 0x00, 0x00, 0x00, 0x00, 0x00, 0x08, 0x20, 0x10, 0x20, 0x18, 0x40, 0x20, 0x60, 0x28, 0x80, 0x28, 0x60, 0x71, 0x81,
  0xF3, 0xC4, 0x51, 0x01, 0x30, 0xC1, 0x30, 0xC1, 0x28, 0xA1, 0x18, 0x81, 0x18, 0x81, 0x10, 0x61, 0x10, 0x61, 0x10, 0x62, 0x10, 0x62, 0x10, 0x62, 0x10, 0x62, 0x10, 0x62, 0x10, 0x62, 0x10, 0x62,
  0x10, 0x62, 0x10, 0x62, 0x10, 0x62, 0x10, 0x62, 0x10, 0x62, 0x10, 0x62, 0x10, 0x62, 0x08, 0x61, 0x10, 0x62, 0x10, 0x62, 0x10, 0x62, 0x10, 0x62, 0x10, 0x62, 0x10, 0x62, 0x10, 0x62, 0x10, 0x62,
  0x10, 0x62, 0x10, 0x62, 0x10, 0x62, 0x08, 0x61, 0x08, 0x61, 0x08, 0x61, 0x08, 0x61, 0x08, 0x61, 0x08, 0x61, 0x08, 0x41, 0x08, 0x41, 0x10, 0x82, 0x21, 0x04, 0x21, 0x04, 0x18, 0xC3, 0x08, 0x41,
  0x08, 0x61, 0x08, 0x41, 0x08, 0x61, 0x08, 0x41, 0x08, 0x41, 0x08, 0x41, 0x08, 0x41, 0x08, 0x41, 0x08, 0x41, 0x08, 0x41, 0x08, 0x41, 0x08, 0x41, 0x08, 0x41, 0x08, 0x41, 0x08, 0x41, 0x08, 0x41,
  0x08, 0x41, 0x08, 0x41, 0x08, 0x41, 0x08, 0x41, 0x08, 0x41, 0x08, 0x41, 0x08, 0x41, 0x08, 0x41, 0x08, 0x41, 0x08, 0x41, 0x08, 0x41, 0x08, 0x41, 0x08, 0x41, 0x08, 0x41, 0x08, 0x41, 0x08, 0x41,
  0x10, 0x41, 0x10, 0x41, 0x10, 0x41, 0x08, 0x41, 0x08, 0x41, 0x08, 0x41, 0x08, 0x41, 0x08, 0x41, 0x08, 0x41, 0x10, 0x41, 0x10, 0x41, 0x08, 0x41, 0x08, 0x41, 0x08, 0x41, 0x08, 0x41, 0x08, 0x41,
  0x08, 0x41, 0x08, 0x41, 0x08, 0x41, 0x08, 0x41, 0x08, 0x41, 0x08, 0x41, 0x08, 0x41, 0x08, 0x41, 0x08, 0x41, 0x08, 0x41, 0x08, 0x41, 0x08, 0x41, 0x10, 0x61, 0x10, 0x61, 0x10, 0x61, 0x10, 0x61,
  0x10, 0x61, 0x10, 0x61, 0x10, 0x61, 0x10, 0x61, 0x10, 0x61, 0x10, 0x81, 0x10, 0x81, 0x10, 0x81, 0x10, 0x82, 0x18, 0x82, 0x18, 0x82, 0x18, 0xA2, 0x18, 0xA2, 0x18, 0xA2, 0x18, 0xA2, 0x18, 0xA2,
  0x18, 0xA2, 0x18, 0xA2, 0x18, 0xC2, 0x18, 0xC3, 0x18, 0xC3, 0x18, 0xC3, 0x18, 0xC3, 0x18, 0xC3, 0x18, 0xE3, 0x18, 0xC3, 0x18, 0xC3, 0x18, 0xC3, 0x18, 0xC3, 0x18, 0xE3, 0x20, 0xE4, 0x20, 0xE4,
  0x20, 0xE4, 0x20, 0xE4, 0x20, 0xE4, 0x20, 0xE4, 0x20, 0xE4, 0x20, 0xE4, 0x21, 0x04, 0x20, 0xE4, 0x20, 0xE4, 0x20, 0xE4, 0x20, 0xE4, 0x20, 0xE4, 0x20, 0xE4, 0x18, 0xE3, 0x18, 0xE3, 0x20, 0xE4,
  0x18, 0xE3, 0x29, 0x45, 0x31, 0x66, 0x31, 0x66, 0x21, 0x04, 0x18, 0xC3, 0x18, 0xC3, 0x18, 0xC3, 0x18, 0xC3, 0x18, 0xC3, 0x18, 0xC3, 0x18, 0xC3, 0x18, 0xC3, 0x18, 0xA3, 0x18, 0xC3, 0x18, 0xA3,
  0x18, 0xA3, 0x10, 0xA2, 0x10, 0xA2, 0x18, 0xA3, 0x10, 0xA2, 0x10, 0xA2, 0x10, 0xA2, 0x10, 0xA2, 0x10, 0xA2, 0x10, 0xA2, 0x10, 0xA2, 0x10, 0x82, 0x10, 0xA2, 0x10, 0x82, 0x10, 0x82, 0x10, 0x82,
  0x10, 0x82, 0x10, 0x82, 0x10, 0x82, 0x10, 0x82, 0x10, 0x82, 0x10, 0x82, 0x10, 0x82, 0x10, 0x82, 0x18, 0x82, 0x18, 0x82, 0x20, 0xA1, 0x28, 0xA1, 0x30, 0xC1, 0x30, 0xC1, 0x51, 0x01, 0xF3, 0xA4,
  0x71, 0x81, 0x20, 0x60, 0x28, 0x80, 0x20, 0x60, 0x18, 0x40, 0x10, 0x20, 0x08, 0x20, 0x00, 0x00, 0x00, 0x00, 0x00, 0x00, 0x00, 0x00, 0x00, 0x00, 0x00, 0x00, 0x00, 0x00, 0x00, 0x00, 0x00, 0x00,
  0x00, 0x00, 0x00, 0x00, 0x00, 0x00, 0x00, 0x00, 0x00, 0x00, 0x00, 0x00, 0x00, 0x00, 0x00, 0x00, 0x00, 0x00, 0x08, 0x20, 0x10, 0x20, 0x10, 0x40, 0x18, 0x60, 0x28, 0x60, 0x28, 0x80, 0x30, 0x80,
  0xE3, 0x63, 0x9A, 0x42, 0x28, 0x81, 0x30, 0xC1, 0x28, 0xA1, 0x20, 0x81, 0x18, 0x81, 0x10, 0x61, 0x10, 0x61, 0x10, 0x62, 0x10, 0x62, 0x10, 0x62, 0x10, 0x62, 0x10, 0x62, 0x10, 0x62, 0x10, 0x62,
  0x10, 0x62, 0x10, 0x62, 0x10, 0x62, 0x10, 0x62, 0x08, 0x61, 0x10, 0x62, 0x10, 0x62, 0x08, 0x61, 0x08, 0x61, 0x10, 0x62, 0x08, 0x61, 0x10, 0x62, 0x10, 0x62, 0x10, 0x62, 0x10, 0x62, 0x10, 0x62,
  0x08, 0x61, 0x10, 0x62, 0x08, 0x61, 0x08, 0x61, 0x08, 0x41, 0x08, 0x61, 0x08, 0x61, 0x08, 0x61, 0x08, 0x61, 0x08, 0x41, 0x08, 0x41, 0x08, 0x41, 0x18, 0xA3, 0x21, 0x04, 0x20, 0xE4, 0x10, 0x82,
  0x08, 0x41, 0x08, 0x41, 0x08, 0x41, 0x08, 0x41, 0x08, 0x41, 0x08, 0x41, 0x08, 0x41, 0x08, 0x41, 0x08, 0x41, 0x08, 0x41, 0x08, 0x41, 0x08, 0x41, 0x08, 0x41, 0x08, 0x41, 0x08, 0x41, 0x08, 0x41,
  0x08, 0x41, 0x08, 0x41, 0x08, 0x41, 0x08, 0x41, 0x08, 0x41, 0x08, 0x41, 0x08, 0x41, 0x08, 0x41, 0x08, 0x41, 0x08, 0x41, 0x08, 0x41, 0x08, 0x41, 0x08, 0x41, 0x08, 0x41, 0x08, 0x41, 0x08, 0x41,
  0x08, 0x41, 0x08, 0x41, 0x08, 0x41, 0x08, 0x41, 0x08, 0x41, 0x08, 0x41, 0x08, 0x41, 0x08, 0x41, 0x08, 0x41, 0x08, 0x41, 0x08, 0x41, 0x08, 0x41, 0x08, 0x41, 0x08, 0x41, 0x08, 0x41, 0x08, 0x41,
  0x08, 0x41, 0x08, 0x41, 0x08, 0x41, 0x08, 0x41, 0x08, 0x41, 0x08, 0x41, 0x08, 0x41, 0x08, 0x41, 0x08, 0x41, 0x08, 0x41, 0x08, 0x41, 0x08, 0x41, 0x08, 0x61, 0x08, 0x61, 0x08, 0x61, 0x08, 0x61,
  0x08, 0x61, 0x08, 0x61, 0x08, 0x61, 0x10, 0x61, 0x08, 0x61, 0x10, 0x62, 0x10, 0x82, 0x10, 0x82, 0x10, 0x82, 0x10, 0x82, 0x10, 0x82, 0x10, 0xA2, 0x10, 0xA2, 0x10, 0xA2, 0x10, 0xA2, 0x10, 0xA2,
  0x18, 0xA2, 0x18, 0xA2, 0x18, 0xC3, 0x18, 0xC3, 0x18, 0xC3, 0x18, 0xC3, 0x18, 0xC3, 0x18, 0xC3, 0x18, 0xC3, 0x18, 0xC3, 0x18, 0xC3, 0x18, 0xC3, 0x18, 0xE3, 0x20, 0xE4, 0x20, 0xE4, 0x20, 0xE4,
  0x20, 0xE4, 0x20, 0xE4, 0x20, 0xE4, 0x20, 0xE4, 0x20, 0xE4, 0x21, 0x04, 0x20, 0xE4, 0x20, 0xE4, 0x20, 0xE4, 0x20, 0xE4, 0x21, 0x04, 0x20, 0xE4, 0x18, 0xE3, 0x18, 0xE3, 0x20, 0xE4, 0x18, 0xE3,
  0x21, 0x24, 0x31, 0x86, 0x31, 0x66, 0x21, 0x24, 0x18, 0xC3, 0x18, 0xC3, 0x18, 0xC3, 0x18, 0xC3, 0x18, 0xC3, 0x18, 0xC3, 0x18, 0xC3, 0x18, 0xC3, 0x18, 0xC3, 0x18, 0xC3, 0x18, 0xC3, 0x18, 0xA3,
  0x18, 0xA3, 0x10, 0xA2, 0x18, 0xA3, 0x18, 0xA3, 0x10, 0xA2, 0x18, 0xA3, 0x10, 0xA2, 0x18, 0xA3, 0x10, 0xA2, 0x10, 0xA2, 0x10, 0xA2, 0x10, 0x82, 0x10, 0xA2, 0x10, 0x82, 0x10, 0x82, 0x10, 0x82,
  0x10, 0x82, 0x10, 0x82, 0x10, 0x82, 0x10, 0x82, 0x10, 0x82, 0x10, 0x82, 0x10, 0x82, 0x18, 0x82, 0x18, 0x82, 0x18, 0x82, 0x20, 0xA1, 0x28, 0xC1, 0x38, 0xE1, 0x28, 0xA1, 0x9A, 0x42, 0xE3, 0x63,
  0x38, 0x80, 0x28, 0x80, 0x20, 0x60, 0x18, 0x40, 0x10, 0x40, 0x08, 0x20, 0x08, 0x00, 0x00, 0x00, 0x00, 0x00, 0x00, 0x00, 0x00, 0x00, 0x00, 0x00, 0x00, 0x00, 0x00, 0x00, 0x00, 0x00, 0x00, 0x00,
  0x00, 0x00, 0x00, 0x00, 0x00, 0x00, 0x00, 0x00, 0x00, 0x00, 0x00, 0x00, 0x00, 0x00, 0x00, 0x00, 0x00, 0x00, 0x08, 0x00, 0x08, 0x20, 0x10, 0x20, 0x18, 0x40, 0x20, 0x60, 0x28, 0x80, 0x20, 0x60,
  0x92, 0x02, 0xEB, 0x83, 0x40, 0xC1, 0x30, 0xC1, 0x30, 0xC1, 0x20, 0xA1, 0x18, 0x81, 0x18, 0x61, 0x10, 0x61, 0x10, 0x61, 0x10, 0x62, 0x10, 0x62, 0x10, 0x62, 0x10, 0x62, 0x10, 0x62, 0x08, 0x61,
  0x08, 0x61, 0x08, 0x61, 0x10, 0x62, 0x10, 0x62, 0x08, 0x61, 0x08, 0x61, 0x10, 0x62, 0x08, 0x61, 0x08, 0x61, 0x10, 0x62, 0x10, 0x62, 0x10, 0x62, 0x10, 0x62, 0x10, 0x62, 0x10, 0x62, 0x10, 0x62,
  0x08, 0x61, 0x08, 0x61, 0x10, 0x62, 0x08, 0x61, 0x08, 0x61, 0x08, 0x61, 0x08, 0x61, 0x08, 0x41, 0x08, 0x61, 0x08, 0x41, 0x08, 0x41, 0x08, 0x41, 0x08, 0x41, 0x18, 0xC3, 0x20, 0xE4, 0x20, 0xE4,
  0x10, 0x62, 0x08, 0x41, 0x08, 0x41, 0x08, 0x41, 0x08, 0x41, 0x08, 0x41, 0x08, 0x41, 0x08, 0x41, 0x08, 0x41, 0x08, 0x41, 0x08, 0x41, 0x08, 0x41, 0x08, 0x41, 0x08, 0x41, 0x08, 0x41, 0x08, 0x41,
  0x08, 0x41, 0x08, 0x41, 0x08, 0x41, 0x08, 0x41, 0x08, 0x41, 0x08, 0x41, 0x08, 0x41, 0x08, 0x41, 0x08, 0x41, 0x08, 0x41, 0x08, 0x41, 0x08, 0x41, 0x08, 0x41, 0x08, 0x41, 0x08, 0x41, 0x08, 0x41,
  0x08, 0x41, 0x08, 0x41, 0x08, 0x41, 0x08, 0x41, 0x08, 0x41, 0x08, 0x41, 0x08, 0x41, 0x08, 0x41, 0x08, 0x41, 0x08, 0x41, 0x08, 0x41, 0x08, 0x41, 0x08, 0x41, 0x08, 0x41, 0x08, 0x41, 0x08, 0x41,
  0x08, 0x41, 0x08, 0x41, 0x08, 0x41, 0x08, 0x41, 0x08, 0x41, 0x08, 0x41, 0x08, 0x41, 0x08, 0x41, 0x08, 0x41, 0x08, 0x41, 0x08, 0x41, 0x08, 0x41, 0x08, 0x61, 0x08, 0x61, 0x08, 0x61, 0x08, 0x61,
  0x08, 0x61, 0x08, 0x61, 0x08, 0x61, 0x08, 0x61, 0x10, 0x62, 0x10, 0x82, 0x10, 0x82, 0x10, 0x82, 0x10, 0x82, 0x10, 0x82, 0x10, 0x82, 0x10, 0x82, 0x10, 0x82, 0x10, 0x82, 0x10, 0x82, 0x10, 0xA2,
  0x18, 0xA3, 0x18, 0xA3, 0x18, 0xC3, 0x18, 0xC3, 0x18, 0xC3, 0x18, 0xC3, 0x18, 0xC3, 0x18, 0xC3, 0x18, 0xC3, 0x18, 0xC3, 0x18, 0xC3, 0x18, 0xE3, 0x20, 0xE4, 0x20, 0xE4, 0x18, 0xE3, 0x20, 0xE4,
  0x20, 0xE4, 0x20, 0xE4, 0x20, 0xE4, 0x20, 0xE4, 0x21, 0x04, 0x20, 0xE4, 0x20, 0xE4, 0x20, 0xE4, 0x20, 0xE4, 0x21, 0x04, 0x21, 0x04, 0x18, 0xE3, 0x18, 0xE3, 0x20, 0xE4, 0x20, 0xE4, 0x21, 0x04,
  0x31, 0x86, 0x31, 0x86, 0x29, 0x65, 0x18, 0xE3, 0x18, 0xE3, 0x18, 0xC3, 0x18, 0xC3, 0x18, 0xC3, 0x18, 0xC3, 0x18, 0xC3, 0x18, 0xC3, 0x18, 0xC3, 0x18, 0xC3, 0x18, 0xC3, 0x18, 0xC3, 0x18, 0xC3,
  0x18, 0xA3, 0x18, 0xA3, 0x18, 0xC3, 0x18, 0xA3, 0x18, 0xA3, 0x18, 0xA3, 0x10, 0xA2, 0x18, 0xA3, 0x10, 0xA2, 0x10, 0xA2, 0x10, 0xA2, 0x10, 0xA2, 0x10, 0xA2, 0x10, 0x82, 0x10, 0xA2, 0x10, 0x82,
  0x10, 0x82, 0x10, 0x82, 0x10, 0x82, 0x10, 0x82, 0x10, 0x82, 0x10, 0x82, 0x10, 0x82, 0x18, 0x82, 0x18, 0x82, 0x20, 0xA2, 0x28, 0xA1, 0x30, 0xC1, 0x30, 0xE1, 0x40, 0xC1, 0xE3, 0x83, 0x92, 0x02,
  0x20, 0x40, 0x28, 0x80, 0x20, 0x60, 0x18, 0x40, 0x10, 0x20, 0x08, 0x20, 0x08, 0x00, 0x00, 0x00, 0x00, 0x00, 0x00, 0x00, 0x00, 0x00, 0x00, 0x00, 0x00, 0x00, 0x00, 0x00, 0x00, 0x00, 0x00, 0x00,
  0x00, 0x00, 0x00, 0x00, 0x00, 0x00, 0x00, 0x00, 0x00, 0x00, 0x00, 0x00, 0x00, 0x00, 0x00, 0x00, 0x00, 0x00, 0x00, 0x00, 0x08, 0x20, 0x10, 0x20, 0x10, 0x40, 0x20, 0x60, 0x28, 0x80, 0x28, 0x80,
  0x40, 0xA0, 0xEB, 0x83, 0x81, 0xE2, 0x28, 0xA1, 0x30, 0xC1, 0x28, 0xA1, 0x20, 0x81, 0x18, 0x81, 0x10, 0x61, 0x10, 0x61, 0x10, 0x62, 0x10, 0x62, 0x10, 0x62, 0x10, 0x62, 0x08, 0x61, 0x08, 0x61,
  0x10, 0x62, 0x08, 0x61, 0x10, 0x62, 0x10, 0x62, 0x08, 0x61, 0x08, 0x61, 0x08, 0x61, 0x08, 0x61, 0x08, 0x61, 0x08, 0x61, 0x10, 0x62, 0x08, 0x61, 0x10, 0x62, 0x10, 0x62, 0x10, 0x62, 0x08, 0x61,
  0x10, 0x62, 0x08, 0x61, 0x08, 0x61, 0x08, 0x61, 0x08, 0x61, 0x08, 0x41, 0x08, 0x41, 0x08, 0x41, 0x08, 0x41, 0x08, 0x41, 0x08, 0x41, 0x08, 0x41, 0x08, 0x41, 0x08, 0x61, 0x18, 0xE3, 0x20, 0xE4,
  0x18, 0xC3, 0x08, 0x61, 0x08, 0x41, 0x08, 0x41, 0x08, 0x41, 0x08, 0x41, 0x08, 0x41, 0x08, 0x41, 0x08, 0x41, 0x08, 0x41, 0x08, 0x41, 0x08, 0x41, 0x08, 0x41, 0x08, 0x41, 0x08, 0x41, 0x08, 0x41,
  0x08, 0x41, 0x08, 0x41, 0x08, 0x41, 0x08, 0x41, 0x08, 0x41, 0x08, 0x41, 0x08, 0x41, 0x08, 0x41, 0x08, 0x41, 0x08, 0x41, 0x08, 0x41, 0x08, 0x41, 0x08, 0x41, 0x08, 0x41, 0x08, 0x41, 0x08, 0x41,
  0x08, 0x41, 0x08, 0x41, 0x08, 0x41, 0x08, 0x41, 0x08, 0x41, 0x08, 0x41, 0x08, 0x41, 0x08, 0x41, 0x08, 0x41, 0x08, 0x41, 0x08, 0x41, 0x08, 0x41, 0x08, 0x41, 0x08, 0x41, 0x08, 0x41, 0x08, 0x41,
  0x08, 0x41, 0x08, 0x41, 0x08, 0x41, 0x08, 0x41, 0x08, 0x41, 0x08, 0x41, 0x08, 0x41, 0x08, 0x41, 0x08, 0x41, 0x08, 0x41, 0x08, 0x41, 0x08, 0x41, 0x08, 0x41, 0x08, 0x61, 0x08, 0x61, 0x08, 0x61,
  0x08, 0x61, 0x10, 0x62, 0x10, 0x62, 0x10, 0x62, 0x10, 0x82, 0x10, 0x62, 0x10, 0x62, 0x10, 0x82, 0x10, 0x82, 0x10, 0x82, 0x10, 0x82, 0x10, 0x82, 0x10, 0x82, 0x10, 0xA2, 0x10, 0xA2, 0x18, 0xA3,
  0x18, 0xA3, 0x18, 0xA3, 0x18, 0xA3, 0x18, 0xA3, 0x18, 0xC3, 0x18, 0xC3, 0x18, 0xC3, 0x18, 0xC3, 0x18, 0xC3, 0x18, 0xC3, 0x18, 0xE3, 0x18, 0xE3, 0x18, 0xE3, 0x18, 0xE3, 0x18, 0xE3, 0x18, 0xE3,
  0x18, 0xE3, 0x20, 0xE4, 0x20, 0xE4, 0x21, 0x04, 0x20, 0xE4, 0x20, 0xE4, 0x21, 0x04, 0x20, 0xE4, 0x21, 0x04, 0x21, 0x04, 0x20, 0xE4, 0x18, 0xE3, 0x20, 0xE4, 0x20, 0xE4, 0x21, 0x04, 0x29, 0x65,
  0x31, 0x86, 0x31, 0x86, 0x21, 0x04, 0x18, 0xE3, 0x18, 0xE3, 0x18, 0xE3, 0x18, 0xC3, 0x18, 0xC3, 0x18, 0xC3, 0x18, 0xC3, 0x18, 0xE3, 0x18, 0xC3, 0x18, 0xC3, 0x18, 0xC3, 0x18, 0xC3, 0x18, 0xA3,
  0x18, 0xA3, 0x18, 0xC3, 0x18, 0xA3, 0x18, 0xC3, 0x18, 0xC3, 0x10, 0xA2, 0x18, 0xA3, 0x18, 0xA3, 0x18, 0xA3, 0x10, 0xA2, 0x10, 0xA2, 0x10, 0xA2, 0x10, 0xA2, 0x10, 0x82, 0x10, 0xA2, 0x10, 0x82,
  0x10, 0x82, 0x10, 0x82, 0x10, 0x82, 0x10, 0x82, 0x10, 0x82, 0x10, 0x82, 0x18, 0x82, 0x18, 0x82, 0x20, 0xA2, 0x20, 0xA2, 0x28, 0xC1, 0x38, 0xE1, 0x28, 0xA1, 0x81, 0xE2, 0xF3, 0xA3, 0x40, 0xC0,
  0x28, 0x80, 0x28, 0x60, 0x18, 0x60, 0x10, 0x40, 0x08, 0x20, 0x08, 0x00, 0x00, 0x00, 0x00, 0x00, 0x00, 0x00, 0x00, 0x00, 0x00, 0x00, 0x00, 0x00, 0x00, 0x00, 0x00, 0x00, 0x00, 0x00, 0x00, 0x00,
  0x00, 0x00, 0x00, 0x00, 0x00, 0x00, 0x00, 0x00, 0x00, 0x00, 0x00, 0x00, 0x00, 0x00, 0x00, 0x00, 0x00, 0x00, 0x00, 0x00, 0x08, 0x00, 0x08, 0x20, 0x10, 0x40, 0x18, 0x40, 0x20, 0x60, 0x28, 0xA0,
  0x28, 0x40, 0xA2, 0x42, 0xDB, 0x43, 0x38, 0xA1, 0x30, 0xC1, 0x28, 0xA1, 0x20, 0x81, 0x18, 0x81, 0x10, 0x61, 0x10, 0x61, 0x10, 0x61, 0x10, 0x61, 0x10, 0x62, 0x10, 0x62, 0x08, 0x61, 0x08, 0x61,
  0x10, 0x62, 0x10, 0x62, 0x08, 0x61, 0x10, 0x62, 0x08, 0x61, 0x08, 0x61, 0x08, 0x61, 0x08, 0x61, 0x08, 0x61, 0x08, 0x61, 0x08, 0x61, 0x08, 0x61, 0x08, 0x61, 0x10, 0x62, 0x08, 0x61, 0x08, 0x61,
  0x08, 0x61, 0x08, 0x61, 0x08, 0x61, 0x08, 0x61, 0x08, 0x61, 0x08, 0x61, 0x08, 0x41, 0x08, 0x41, 0x08, 0x41, 0x08, 0x41, 0x08, 0x41, 0x08, 0x41, 0x08, 0x41, 0x08, 0x41, 0x10, 0x62, 0x20, 0xE4,
  0x18, 0xE3, 0x18, 0xC3, 0x08, 0x41, 0x08, 0x41, 0x08, 0x41, 0x08, 0x41, 0x08, 0x41, 0x08, 0x41, 0x08, 0x41, 0x08, 0x41, 0x08, 0x41, 0x08, 0x41, 0x08, 0x41, 0x08, 0x41, 0x08, 0x41, 0x08, 0x41,
  0x08, 0x41, 0x08, 0x41, 0x08, 0x41, 0x08, 0x41, 0x08, 0x41, 0x08, 0x41, 0x08, 0x41, 0x08, 0x41, 0x08, 0x41, 0x08, 0x41, 0x08, 0x41, 0x08, 0x41, 0x08, 0x41, 0x08, 0x41, 0x08, 0x41, 0x08, 0x41,
  0x08, 0x41, 0x08, 0x41, 0x08, 0x41, 0x08, 0x41, 0x08, 0x41, 0x08, 0x41, 0x08, 0x41, 0x08, 0x41, 0x08, 0x41, 0x08, 0x41, 0x08, 0x41, 0x08, 0x41, 0x08, 0x41, 0x08, 0x41, 0x08, 0x41, 0x08, 0x41,
  0x08, 0x41, 0x08, 0x41, 0x08, 0x41, 0x08, 0x41, 0x08, 0x41, 0x08, 0x41, 0x08, 0x41, 0x08, 0x41, 0x08, 0x41, 0x08, 0x61, 0x08, 0x41, 0x08, 0x61, 0x08, 0x61, 0x08, 0x61, 0x08, 0x61, 0x08, 0x61,
  0x08, 0x61, 0x10, 0x62, 0x10, 0x62, 0x10, 0x62, 0x10, 0x82, 0x10, 0x82, 0x10, 0x82, 0x10, 0x82, 0x10, 0x82, 0x10, 0x82, 0x10, 0x82, 0x10, 0x82, 0x10, 0xA2, 0x10, 0xA2, 0x10, 0xA2, 0x10, 0xA2,
  0x10, 0xA2, 0x18, 0xA3, 0x18, 0xA3, 0x18, 0xC3, 0x18, 0xC3, 0x18, 0xA3, 0x18, 0xC3, 0x18, 0xC3, 0x18, 0xC3, 0x18, 0xE3, 0x18, 0xE3, 0x18, 0xE3, 0x18, 0xC3, 0x18, 0xE3, 0x18, 0xE3, 0x18, 0xE3,
  0x20, 0xE4, 0x20, 0xE4, 0x21, 0x04, 0x20, 0xE4, 0x20, 0xE4, 0x20, 0xE4, 0x20, 0xE4, 0x21, 0x04, 0x21, 0x04, 0x20, 0xE4, 0x18, 0xE3, 0x20, 0xE4, 0x21, 0x04, 0x20, 0xE4, 0x29, 0x65, 0x31, 0x86,
  0x31, 0x86, 0x21, 0x24, 0x20, 0xE4, 0x18, 0xE3, 0x18, 0xE3, 0x18, 0xE3, 0x18, 0xE3, 0x18, 0xC3, 0x18, 0xC3, 0x18, 0xE3, 0x18, 0xC3, 0x18, 0xC3, 0x18, 0xE3, 0x18, 0xC3, 0x18, 0xC3, 0x18, 0xA3,
  0x18, 0xC3, 0x18, 0xC3, 0x18, 0xA3, 0x18, 0xC3, 0x18, 0xA3, 0x18, 0xA3, 0x18, 0xA3, 0x18, 0xA3, 0x18, 0xA3, 0x18, 0xA3, 0x18, 0xA3, 0x10, 0xA2, 0x10, 0xA2, 0x10, 0xA2, 0x10, 0xA2, 0x10, 0x82,
  0x10, 0x82, 0x10, 0xA2, 0x10, 0x82, 0x10, 0x82, 0x10, 0x82, 0x18, 0xA2, 0x18, 0x82, 0x18, 0x82, 0x20, 0xA2, 0x28, 0xA1, 0x28, 0xC2, 0x30, 0xE1, 0x38, 0xC1, 0xDB, 0x63, 0xAA, 0x62, 0x28, 0x40,
  0x28, 0x80, 0x20, 0x60, 0x18, 0x40, 0x10, 0x40, 0x08, 0x20, 0x08, 0x00, 0x00, 0x00, 0x00, 0x00, 0x00, 0x00, 0x00, 0x00, 0x00, 0x00, 0x00, 0x00, 0x00, 0x00, 0x00, 0x00, 0x00, 0x00, 0x00, 0x00,
  0x00, 0x00, 0x00, 0x00, 0x00, 0x00, 0x00, 0x00, 0x00, 0x00, 0x00, 0x00, 0x00, 0x00, 0x00, 0x00, 0x00, 0x00, 0x00, 0x00, 0x00, 0x00, 0x08, 0x20, 0x10, 0x20, 0x18, 0x40, 0x20, 0x60, 0x28, 0x80,
  0x28, 0x80, 0x48, 0xC1, 0xF3, 0xC3, 0x79, 0xA2, 0x28, 0xA1, 0x30, 0xC1, 0x28, 0xA1, 0x20, 0x81, 0x18, 0x81, 0x10, 0x61, 0x10, 0x61, 0x10, 0x61, 0x10, 0x62, 0x08, 0x62, 0x10, 0x62, 0x08, 0x61,
  0x08, 0x61, 0x08, 0x61, 0x08, 0x61, 0x08, 0x61, 0x08, 0x61, 0x08, 0x61, 0x08, 0x61, 0x08, 0x61, 0x08, 0x61, 0x08, 0x61, 0x08, 0x61, 0x10, 0x62, 0x08, 0x61, 0x08, 0x61, 0x08, 0x61, 0x08, 0x61,
  0x08, 0x61, 0x08, 0x61, 0x08, 0x61, 0x08, 0x61, 0x08, 0x61, 0x08, 0x41, 0x08, 0x41, 0x08, 0x41, 0x08, 0x41, 0x08, 0x41, 0x08, 0x41, 0x08, 0x41, 0x08, 0x41, 0x08, 0x41, 0x08, 0x41, 0x10, 0x82,
  0x18, 0xE3, 0x18, 0xE3, 0x10, 0xA2, 0x08, 0x41, 0x08, 0x41, 0x08, 0x41, 0x08, 0x41, 0x08, 0x41, 0x08, 0x41, 0x08, 0x41, 0x08, 0x41, 0x08, 0x41, 0x08, 0x41, 0x08, 0x41, 0x08, 0x41, 0x08, 0x41,
  0x08, 0x41, 0x08, 0x41, 0x08, 0x41, 0x08, 0x41, 0x08, 0x41, 0x08, 0x41, 0x08, 0x41, 0x08, 0x41, 0x08, 0x41, 0x08, 0x41, 0x08, 0x41, 0x08, 0x41, 0x08, 0x41, 0x08, 0x41, 0x08, 0x41, 0x08, 0x41,
  0x08, 0x41, 0x08, 0x41, 0x08, 0x41, 0x08, 0x41, 0x08, 0x41, 0x08, 0x41, 0x08, 0x41, 0x08, 0x41, 0x08, 0x41, 0x08, 0x41, 0x08, 0x41, 0x08, 0x41, 0x08, 0x41, 0x08, 0x41, 0x08, 0x41, 0x08, 0x41,
  0x08, 0x41, 0x08, 0x41, 0x08, 0x41, 0x08, 0x41, 0x08, 0x41, 0x08, 0x41, 0x08, 0x41, 0x08, 0x41, 0x08, 0x41, 0x08, 0x41, 0x08, 0x61, 0x08, 0x41, 0x08, 0x61, 0x08, 0x61, 0x08, 0x61, 0x08, 0x61,
  0x10, 0x62, 0x10, 0x62, 0x10, 0x62, 0x10, 0x62, 0x10, 0x62, 0x10, 0x62, 0x10, 0x62, 0x10, 0x82, 0x10, 0x82, 0x10, 0x82, 0x10, 0x82, 0x10, 0x82, 0x10, 0x82, 0x10, 0x82, 0x10, 0xA2, 0x10, 0xA2,
  0x10, 0xA2, 0x18, 0xA3, 0x18, 0xA3, 0x18, 0xA3, 0x18, 0xA3, 0x18, 0xC3, 0x18, 0xC3, 0x18, 0xC3, 0x18, 0xE3, 0x18, 0xC3, 0x18, 0xC3, 0x18, 0xC3, 0x18, 0xE3, 0x18, 0xE3, 0x18, 0xE3, 0x20, 0xE4,
  0x18, 0xE3, 0x20, 0xE4, 0x20, 0xE4, 0x20, 0xE4, 0x20, 0xE4, 0x20, 0xE4, 0x21, 0x04, 0x21, 0x04, 0x20, 0xE4, 0x18, 0xE3, 0x20, 0xE4, 0x21, 0x04, 0x20, 0xE4, 0x29, 0x45, 0x31, 0x86, 0x31, 0x86,
  0x29, 0x25, 0x20, 0xE4, 0x20, 0xE4, 0x18, 0xE3, 0x20, 0xE4, 0x20, 0xE4, 0x18, 0xE3, 0x18, 0xE3, 0x18, 0xE3, 0x18, 0xE3, 0x18, 0xC3, 0x18, 0xE3, 0x18, 0xE3, 0x18, 0xC3, 0x18, 0xC3, 0x18, 0xC3,
  0x18, 0xC3, 0x18, 0xC3, 0x18, 0xC3, 0x18, 0xC3, 0x18, 0xA3, 0x18, 0xC3, 0x18, 0xA3, 0x18, 0xA3, 0x18, 0xA3, 0x18, 0xA3, 0x18, 0xA3, 0x18, 0xA3, 0x10, 0xA2, 0x10, 0xA2, 0x10, 0xA2, 0x10, 0xA2,
  0x10, 0xA2, 0x10, 0x82, 0x10, 0x82, 0x10, 0x82, 0x10, 0x82, 0x18, 0xA2, 0x18, 0x82, 0x18, 0xA2, 0x20, 0xA2, 0x28, 0xC2, 0x38, 0xE1, 0x30, 0xA1, 0x71, 0xA2, 0xF3, 0xC3, 0x48, 0xE1, 0x28, 0x80,
  0x28, 0x80, 0x20, 0x60, 0x18, 0x40, 0x10, 0x20, 0x08, 0x20, 0x00, 0x00, 0x00, 0x00, 0x00, 0x00, 0x00, 0x00, 0x00, 0x00, 0x00, 0x00, 0x00, 0x00, 0x00, 0x00, 0x00, 0x00, 0x00, 0x00, 0x00, 0x00,
  0x00, 0x00, 0x00, 0x00, 0x00, 0x00, 0x00, 0x00, 0x00, 0x00, 0x00, 0x00, 0x00, 0x00, 0x00, 0x00, 0x00, 0x00, 0x00, 0x00, 0x00, 0x00, 0x08, 0x20, 0x08, 0x20, 0x10, 0x40, 0x18, 0x60, 0x20, 0x60,
  0x30, 0xA0, 0x28, 0x40, 0xAA, 0x82, 0xD3, 0x43, 0x30, 0xA1, 0x30, 0xC1, 0x28, 0xA1, 0x20, 0xA1, 0x18, 0x81, 0x10, 0x61, 0x10, 0x61, 0x10, 0x61, 0x10, 0x61, 0x08, 0x62, 0x08, 0x61, 0x08, 0x61,
  0x08, 0x61, 0x08, 0x61, 0x08, 0x61, 0x08, 0x61, 0x08, 0x61, 0x08, 0x61, 0x08, 0x61, 0x08, 0x61, 0x10, 0x62, 0x08, 0x61, 0x08, 0x61, 0x08, 0x61, 0x08, 0x61, 0x08, 0x61, 0x08, 0x61, 0x08, 0x61,
  0x08, 0x61, 0x08, 0x61, 0x08, 0x61, 0x08, 0x61, 0x08, 0x61, 0x08, 0x41, 0x08, 0x41, 0x08, 0x41, 0x08, 0x41, 0x08, 0x41, 0x08, 0x41, 0x08, 0x41, 0x08, 0x41, 0x08, 0x41, 0x08, 0x41, 0x08, 0x41,
  0x10, 0xA2, 0x18, 0xE3, 0x18, 0xC3, 0x10, 0x82, 0x08, 0x41, 0x08, 0x41, 0x08, 0x41, 0x08, 0x41, 0x08, 0x41, 0x08, 0x41, 0x08, 0x41, 0x08, 0x41, 0x08, 0x41, 0x08, 0x41, 0x08, 0x41, 0x08, 0x41,
  0x08, 0x41, 0x08, 0x41, 0x08, 0x41, 0x08, 0x41, 0x08, 0x41, 0x08, 0x41, 0x08, 0x41, 0x08, 0x41, 0x08, 0x41, 0x08, 0x41, 0x08, 0x41, 0x08, 0x41, 0x08, 0x41, 0x08, 0x41, 0x08, 0x41, 0x08, 0x41,
  0x08, 0x41, 0x08, 0x41, 0x08, 0x41, 0x08, 0x41, 0x08, 0x41, 0x08, 0x41, 0x08, 0x41, 0x08, 0x41, 0x08, 0x41, 0x08, 0x41, 0x08, 0x41, 0x08, 0x41, 0x08, 0x41, 0x08, 0x41, 0x08, 0x41, 0x08, 0x41,
  0x08, 0x41, 0x08, 0x41, 0x08, 0x41, 0x08, 0x41, 0x08, 0x41, 0x08, 0x41, 0x08, 0x41, 0x08, 0x41, 0x08, 0x41, 0x08, 0x41, 0x08, 0x61, 0x08, 0x61, 0x08, 0x61, 0x08, 0x61, 0x08, 0x61, 0x08, 0x61,
  0x08, 0x61, 0x08, 0x61, 0x08, 0x61, 0x10, 0x62, 0x10, 0x62, 0x10, 0x82, 0x10, 0x82, 0x10, 0x82, 0x10, 0x82, 0x10, 0x82, 0x10, 0x82, 0x10, 0x82, 0x10, 0x82, 0x10, 0x82, 0x10, 0xA2, 0x10, 0xA2,
  0x18, 0xA3, 0x18, 0xA3, 0x18, 0xA3, 0x18, 0xA3, 0x18, 0xC3, 0x18, 0xC3, 0x18, 0xC3, 0x18, 0xC3, 0x18, 0xC3, 0x18, 0xC3, 0x18, 0xC3, 0x18, 0xC3, 0x18, 0xC3, 0x18, 0xE3, 0x18, 0xE3, 0x20, 0xE4,
  0x20, 0xE4, 0x20, 0xE4, 0x20, 0xE4, 0x20, 0xE4, 0x20, 0xE4, 0x21, 0x04, 0x21, 0x04, 0x20, 0xE4, 0x20, 0xE4, 0x20, 0xE4, 0x21, 0x04, 0x20, 0xE4, 0x29, 0x45, 0x31, 0x86, 0x31, 0x86, 0x29, 0x45,
  0x20, 0xE4, 0x21, 0x04, 0x20, 0xE4, 0x20, 0xE4, 0x20, 0xE4, 0x20, 0xE4, 0x18, 0xE3, 0x18, 0xE3, 0x20, 0xE4, 0x18, 0xC3, 0x18, 0xE3, 0x18, 0xC3, 0x18, 0xE3, 0x18, 0xC3, 0x18, 0xC3, 0x18, 0xC3,
  0x18, 0xC3, 0x18, 0xC3, 0x18, 0xC3, 0x18, 0xA3, 0x18, 0xC3, 0x18, 0xA3, 0x18, 0xA3, 0x18, 0xC3, 0x18, 0xC3, 0x18, 0xA3, 0x18, 0xA3, 0x10, 0xA2, 0x10, 0xA2, 0x10, 0xA2, 0x10, 0x82, 0x10, 0xA2,
  0x10, 0xA2, 0x10, 0x82, 0x10, 0x82, 0x10, 0x82, 0x18, 0xA2, 0x18, 0xA2, 0x18, 0xA2, 0x20, 0xA2, 0x28, 0xC2, 0x30, 0xC2, 0x38, 0xE2, 0x38, 0xA1, 0xD3, 0x43, 0xB2, 0xA3, 0x20, 0x40, 0x30, 0x80,
  0x20, 0x60, 0x18, 0x40, 0x10, 0x40, 0x08, 0x20, 0x08, 0x00, 0x00, 0x00, 0x00, 0x00, 0x00, 0x00, 0x00, 0x00, 0x00, 0x00, 0x00, 0x00, 0x00, 0x00, 0x00, 0x00, 0x00, 0x00, 0x00, 0x00, 0x00, 0x00,
  0x00, 0x00, 0x00, 0x00, 0x00, 0x00, 0x00, 0x00, 0x00, 0x00, 0x00, 0x00, 0x00, 0x00, 0x00, 0x00, 0x00, 0x00, 0x00, 0x00, 0x00, 0x00, 0x00, 0x00, 0x08, 0x20, 0x10, 0x20, 0x18, 0x40, 0x20, 0x60,
  0x28, 0x80, 0x28, 0x80, 0x50, 0xE1, 0xF3, 0xC4, 0x79, 0xA2, 0x28, 0xA1, 0x30, 0xC1, 0x28, 0xA1, 0x20, 0x81, 0x18, 0x61, 0x10, 0x61, 0x10, 0x61, 0x08, 0x61, 0x08, 0x62, 0x08, 0x61, 0x08, 0x61,
  0x08, 0x61, 0x08, 0x61, 0x08, 0x61, 0x08, 0x61, 0x08, 0x61, 0x08, 0x61, 0x08, 0x61, 0x08, 0x61, 0x08, 0x61, 0x08, 0x61, 0x08, 0x61, 0x08, 0x61, 0x08, 0x61, 0x08, 0x61, 0x08, 0x61, 0x08, 0x61,
  0x08, 0x61, 0x08, 0x61, 0x08, 0x61, 0x08, 0x61, 0x08, 0x61, 0x08, 0x61, 0x08, 0x41, 0x08, 0x41, 0x08, 0x41, 0x08, 0x41, 0x08, 0x41, 0x08, 0x41, 0x08, 0x41, 0x08, 0x41, 0x08, 0x41, 0x08, 0x41,
  0x08, 0x41, 0x18, 0xA3, 0x18, 0xE3, 0x18, 0xE3, 0x10, 0x82, 0x08, 0x41, 0x08, 0x41, 0x08, 0x41, 0x08, 0x41, 0x08, 0x41, 0x08, 0x41, 0x08, 0x41, 0x08, 0x41, 0x08, 0x41, 0x08, 0x41, 0x08, 0x41,
  0x08, 0x41, 0x08, 0x41, 0x08, 0x41, 0x08, 0x41, 0x08, 0x41, 0x08, 0x41, 0x08, 0x41, 0x08, 0x41, 0x08, 0x41, 0x08, 0x61, 0x08, 0x61, 0x08, 0x61, 0x08, 0x41, 0x08, 0x41, 0x08, 0x41, 0x08, 0x41,
  0x08, 0x41, 0x08, 0x41, 0x08, 0x41, 0x08, 0x41, 0x08, 0x41, 0x08, 0x61, 0x08, 0x61, 0x08, 0x41, 0x08, 0x41, 0x08, 0x41, 0x08, 0x41, 0x08, 0x41, 0x08, 0x41, 0x08, 0x41, 0x08, 0x41, 0x08, 0x41,
  0x08, 0x41, 0x08, 0x41, 0x08, 0x41, 0x08, 0x41, 0x08, 0x41, 0x08, 0x41, 0x08, 0x41, 0x08, 0x41, 0x08, 0x41, 0x08, 0x61, 0x08, 0x61, 0x08, 0x61, 0x08, 0x61, 0x08, 0x61, 0x08, 0x61, 0x10, 0x62,
  0x10, 0x62, 0x10, 0x62, 0x10, 0x62, 0x10, 0x62, 0x10, 0x82, 0x10, 0x82, 0x10, 0x82, 0x10, 0x82, 0x10, 0x82, 0x10, 0x82, 0x10, 0x82, 0x10, 0x82, 0x10, 0xA2, 0x10, 0xA2, 0x10, 0xA2, 0x10, 0xA2,
  0x10, 0xA2, 0x18, 0xA3, 0x18, 0xA3, 0x18, 0xA3, 0x18, 0xC3, 0x18, 0xC3, 0x18, 0xC3, 0x18, 0xC3, 0x18, 0xC3, 0x18, 0xC3, 0x18, 0xC3, 0x18, 0xC3, 0x18, 0xE3, 0x18, 0xE3, 0x18, 0xE3, 0x20, 0xE4,
  0x18, 0xE3, 0x20, 0xE4, 0x20, 0xE4, 0x20, 0xE4, 0x21, 0x04, 0x21, 0x04, 0x20, 0xE4, 0x18, 0xE3, 0x20, 0xE4, 0x20, 0xE4, 0x20, 0xE4, 0x29, 0x45, 0x31, 0x86, 0x31, 0x86, 0x29, 0x65, 0x21, 0x04,
  0x21, 0x04, 0x20, 0xE4, 0x20, 0xE4, 0x20, 0xE4, 0x20, 0xE4, 0x18, 0xE3, 0x18, 0xE3, 0x18, 0xE3, 0x18, 0xE3, 0x18, 0xE3, 0x18, 0xE3, 0x18, 0xC3, 0x18, 0xC3, 0x18, 0xC3, 0x18, 0xC3, 0x18, 0xC3,
  0x18, 0xC3, 0x18, 0xC3, 0x18, 0xC3, 0x18, 0xC3, 0x18, 0xC3, 0x18, 0xC3, 0x18, 0xC3, 0x18, 0xC3, 0x18, 0xC3, 0x18, 0xA3, 0x18, 0xA3, 0x18, 0xA3, 0x18, 0xA3, 0x10, 0xA2, 0x10, 0xA2, 0x10, 0xA2,
  0x10, 0x82, 0x10, 0x82, 0x10, 0x82, 0x10, 0xA2, 0x18, 0xA2, 0x18, 0xA2, 0x20, 0xA2, 0x20, 0xA2, 0x28, 0xC2, 0x30, 0xE2, 0x28, 0xC1, 0x71, 0xA2, 0xF3, 0xC4, 0x50, 0xE1, 0x28, 0x60, 0x28, 0x80,
  0x20, 0x60, 0x18, 0x40, 0x10, 0x20, 0x08, 0x20, 0x08, 0x00, 0x00, 0x00, 0x00, 0x00, 0x00, 0x00, 0x00, 0x00, 0x00, 0x00, 0x00, 0x00, 0x00, 0x00, 0x00, 0x00, 0x00, 0x00, 0x00, 0x00, 0x00, 0x00,
  0x00, 0x00, 0x00, 0x00, 0x00, 0x00, 0x00, 0x00, 0x00, 0x00, 0x00, 0x00, 0x00, 0x00, 0x00, 0x00, 0x00, 0x00, 0x00, 0x00, 0x00, 0x00, 0x00, 0x00, 0x08, 0x00, 0x08, 0x20, 0x10, 0x40, 0x18, 0x40,
  0x20, 0x60, 0x28, 0xA0, 0x28, 0x40, 0xAA, 0x82, 0xDB, 0x43, 0x38, 0xA0, 0x30, 0xC1, 0x28, 0xA1, 0x20, 0x81, 0x18, 0x81, 0x10, 0x61, 0x10, 0x61, 0x10, 0x61, 0x08, 0x61, 0x08, 0x61, 0x08, 0x61,
  0x08, 0x61, 0x08, 0x61, 0x08, 0x61, 0x08, 0x61, 0x08, 0x61, 0x08, 0x61, 0x08, 0x61, 0x08, 0x61, 0x08, 0x41, 0x08, 0x61, 0x08, 0x41, 0x08, 0x61, 0x08, 0x61, 0x08, 0x61, 0x08, 0x61, 0x08, 0x61,
  0x08, 0x61, 0x08, 0x61, 0x08, 0x61, 0x08, 0x61, 0x08, 0x61, 0x08, 0x41, 0x08, 0x61, 0x08, 0x41, 0x08, 0x41, 0x08, 0x41, 0x08, 0x41, 0x08, 0x41, 0x08, 0x41, 0x08, 0x41, 0x08, 0x41, 0x08, 0x41,
  0x08, 0x41, 0x08, 0x41, 0x18, 0xA3, 0x18, 0xE3, 0x18, 0xE3, 0x10, 0x82, 0x08, 0x41, 0x08, 0x41, 0x08, 0x41, 0x08, 0x41, 0x08, 0x41, 0x08, 0x41, 0x08, 0x61, 0x08, 0x61, 0x08, 0x41, 0x08, 0x41,
  0x08, 0x41, 0x08, 0x41, 0x08, 0x41, 0x08, 0x61, 0x08, 0x41, 0x08, 0x41, 0x08, 0x41, 0x08, 0x41, 0x08, 0x41, 0x08, 0x41, 0x08, 0x61, 0x08, 0x61, 0x08, 0x41, 0x08, 0x41, 0x08, 0x41, 0x08, 0x41,
  0x08, 0x41, 0x08, 0x41, 0x08, 0x41, 0x08, 0x61, 0x08, 0x61, 0x08, 0x41, 0x08, 0x41, 0x08, 0x41, 0x08, 0x41, 0x08, 0x61, 0x08, 0x41, 0x08, 0x41, 0x08, 0x41, 0x08, 0x41, 0x08, 0x41, 0x08, 0x41,
  0x08, 0x41, 0x08, 0x41, 0x08, 0x41, 0x08, 0x41, 0x08, 0x41, 0x08, 0x41, 0x08, 0x41, 0x08, 0x41, 0x08, 0x61, 0x08, 0x61, 0x08, 0x61, 0x08, 0x61, 0x08, 0x61, 0x08, 0x61, 0x10, 0x62, 0x10, 0x62,
  0x10, 0x62, 0x10, 0x62, 0x10, 0x62, 0x10, 0x82, 0x10, 0x82, 0x10, 0x82, 0x10, 0x82, 0x10, 0x82, 0x10, 0x82, 0x10, 0x82, 0x10, 0x82, 0x10, 0xA2, 0x10, 0xA2, 0x10, 0x82, 0x10, 0x82, 0x10, 0xA2,
  0x10, 0xA2, 0x18, 0xA3, 0x18, 0xA3, 0x18, 0xC3, 0x18, 0xC3, 0x18, 0xC3, 0x18, 0xC3, 0x18, 0xC3, 0x18, 0xC3, 0x18, 0xC3, 0x18, 0xC3, 0x18, 0xC3, 0x18, 0xC3, 0x18, 0xE3, 0x18, 0xE3, 0x18, 0xE3,
  0x20, 0xE4, 0x20, 0xE4, 0x20, 0xE4, 0x21, 0x04, 0x21, 0x04, 0x20, 0xE4, 0x18, 0xE3, 0x20, 0xE4, 0x21, 0x04, 0x18, 0xE3, 0x29, 0x25, 0x31, 0x86, 0x31, 0x86, 0x29, 0x65, 0x21, 0x04, 0x21, 0x04,
  0x20, 0xE4, 0x20, 0xE4, 0x20, 0xE4, 0x20, 0xE4, 0x20, 0xE4, 0x20, 0xE4, 0x20, 0xE4, 0x18, 0xE3, 0x18, 0xE3, 0x20, 0xE4, 0x18, 0xE3, 0x18, 0xE3, 0x18, 0xC3, 0x18, 0xC3, 0x18, 0xC3, 0x18, 0xC3,
  0x18, 0xC3, 0x18, 0xC3, 0x18, 0xC3, 0x18, 0xC3, 0x18, 0xC3, 0x18, 0xC3, 0x18, 0xC3, 0x18, 0xC3, 0x18, 0xC3, 0x18, 0xA3, 0x18, 0xA3, 0x18, 0xA3, 0x18, 0xA3, 0x10, 0xA2, 0x18, 0xA3, 0x10, 0xA2,
  0x10, 0x82, 0x10, 0xA2, 0x10, 0xA2, 0x18, 0xA2, 0x18, 0xA2, 0x18, 0xA2, 0x20, 0xA2, 0x28, 0xC2, 0x30, 0xC2, 0x30, 0xE2, 0x38, 0xA1, 0xD3, 0x43, 0xB2, 0xA3, 0x28, 0x40, 0x28, 0x80, 0x20, 0x60,
  0x18, 0x40, 0x10, 0x40, 0x08, 0x20, 0x08, 0x00, 0x00, 0x00, 0x00, 0x00, 0x00, 0x00, 0x00, 0x00, 0x00, 0x00, 0x00, 0x00, 0x00, 0x00, 0x00, 0x00, 0x00, 0x00, 0x00, 0x00, 0x00, 0x00, 0x00, 0x00,
  0x00, 0x00, 0x00, 0x00, 0x00, 0x00, 0x00, 0x00, 0x00, 0x00, 0x00, 0x00, 0x00, 0x00, 0x00, 0x00, 0x00, 0x00, 0x00, 0x00, 0x00, 0x00, 0x00, 0x00, 0x08, 0x00, 0x08, 0x20, 0x10, 0x20, 0x18, 0x40,
  0x20, 0x60, 0x28, 0x80, 0x28, 0x80, 0x48, 0xE1, 0xF3, 0xC4, 0x79, 0xA2, 0x28, 0x80, 0x30, 0xC1, 0x20, 0xA1, 0x20, 0x81, 0x18, 0x61, 0x10, 0x61, 0x10, 0x61, 0x08, 0x61, 0x08, 0x61, 0x08, 0x61,
  0x08, 0x61, 0x08, 0x61, 0x08, 0x61, 0x08, 0x61, 0x08, 0x61, 0x08, 0x61, 0x08, 0x61, 0x08, 0x61, 0x08, 0x61, 0x08, 0x61, 0x08, 0x61, 0x08, 0x41, 0x08, 0x41, 0x08, 0x41, 0x08, 0x41, 0x08, 0x41,
  0x08, 0x61, 0x08, 0x61, 0x08, 0x41, 0x08, 0x61, 0x08, 0x61, 0x08, 0x61, 0x08, 0x61, 0x08, 0x61, 0x08, 0x41, 0x08, 0x41, 0x08, 0x41, 0x08, 0x41, 0x08, 0x41, 0x08, 0x41, 0x08, 0x41, 0x08, 0x41,
  0x08, 0x41, 0x08, 0x41, 0x08, 0x41, 0x18, 0xC3, 0x18, 0xE3, 0x18, 0xC3, 0x10, 0x82, 0x08, 0x41, 0x08, 0x41, 0x08, 0x41, 0x08, 0x41, 0x08, 0x41, 0x08, 0x41, 0x08, 0x61, 0x08, 0x41, 0x08, 0x41,
  0x08, 0x41, 0x08, 0x61, 0x08, 0x61, 0x08, 0x41, 0x08, 0x61, 0x08, 0x61, 0x08, 0x41, 0x08, 0x41, 0x08, 0x41, 0x08, 0x41, 0x08, 0x41, 0x08, 0x41, 0x08, 0x61, 0x08, 0x41, 0x08, 0x41, 0x08, 0x41,
  0x08, 0x41, 0x08, 0x41, 0x08, 0x41, 0x08, 0x41, 0x08, 0x41, 0x08, 0x41, 0x08, 0x61, 0x08, 0x61, 0x08, 0x41, 0x08, 0x41, 0x08, 0x41, 0x08, 0x61, 0x08, 0x41, 0x08, 0x61, 0x08, 0x41, 0x08, 0x41,
  0x08, 0x41, 0x08, 0x41, 0x08, 0x41, 0x08, 0x41, 0x08, 0x41, 0x08, 0x41, 0x08, 0x41, 0x08, 0x61, 0x08, 0x61, 0x08, 0x61, 0x08, 0x61, 0x08, 0x61, 0x08, 0x61, 0x08, 0x61, 0x08, 0x61, 0x08, 0x61,
  0x10, 0x62, 0x10, 0x62, 0x10, 0x62, 0x10, 0x62, 0x10, 0x82, 0x10, 0x82, 0x10, 0x82, 0x10, 0x82, 0x10, 0x82, 0x10, 0x82, 0x10, 0x82, 0x10, 0x82, 0x10, 0x82, 0x10, 0x82, 0x10, 0xA2, 0x10, 0xA2,
  0x18, 0xA3, 0x18, 0xC3, 0x18, 0xA3, 0x18, 0xA3, 0x18, 0xA3, 0x18, 0xC3, 0x18, 0xC3, 0x18, 0xC3, 0x18, 0xC3, 0x18, 0xC3, 0x18, 0xC3, 0x18, 0xC3, 0x18, 0xE3, 0x18, 0xC3, 0x18, 0xE3, 0x20, 0xE4,
  0x18, 0xE3, 0x20, 0xE4, 0x21, 0x04, 0x21, 0x04, 0x20, 0xE4, 0x18, 0xE3, 0x20, 0xE4, 0x20, 0xE4, 0x18, 0xE3, 0x21, 0x24, 0x31, 0x86, 0x31, 0x86, 0x29, 0x65, 0x21, 0x04, 0x21, 0x04, 0x21, 0x04,
  0x20, 0xE4, 0x21, 0x04, 0x20, 0xE4, 0x20, 0xE4, 0x20, 0xE4, 0x21, 0x04, 0x20, 0xE4, 0x18, 0xE3, 0x21, 0x04, 0x18, 0xE3, 0x18, 0xE3, 0x18, 0xE3, 0x18, 0xE3, 0x18, 0xE3, 0x18, 0xC3, 0x18, 0xE3,
  0x18, 0xE3, 0x18, 0xC3, 0x18, 0xC3, 0x18, 0xC3, 0x18, 0xC3, 0x18, 0xC3, 0x18, 0xC3, 0x18, 0xC3, 0x18, 0xC3, 0x18, 0xA3, 0x18, 0xA3, 0x18, 0xC3, 0x10, 0xA2, 0x18, 0xA3, 0x18, 0xA3, 0x10, 0xA2,
  0x10, 0xA2, 0x10, 0xA2, 0x10, 0xA2, 0x18, 0xA2, 0x18, 0xA2, 0x20, 0xA2, 0x28, 0xC2, 0x30, 0xC2, 0x38, 0xE2, 0x30, 0xC1, 0x79, 0xA2, 0xF3, 0xC4, 0x48, 0xE1, 0x28, 0x80, 0x28, 0x80, 0x20, 0x60,
  0x18, 0x40, 0x10, 0x40, 0x08, 0x20, 0x00, 0x20, 0x00, 0x00, 0x00, 0x00, 0x00, 0x00, 0x00, 0x00, 0x00, 0x00, 0x00, 0x00, 0x00, 0x00, 0x00, 0x00, 0x00, 0x00, 0x00, 0x00, 0x00, 0x00, 0x00, 0x00,
  0x00, 0x00, 0x00, 0x00, 0x00, 0x00, 0x00, 0x00, 0x00, 0x00, 0x00, 0x00, 0x00, 0x00, 0x00, 0x00, 0x00, 0x00, 0x00, 0x00, 0x00, 0x00, 0x00, 0x00, 0x00, 0x00, 0x08, 0x20, 0x08, 0x20, 0x10, 0x40,
  0x18, 0x40, 0x20, 0x60, 0x30, 0x80, 0x28, 0x40, 0xA2, 0x62, 0xDB, 0x63, 0x38, 0xA1, 0x30, 0xC1, 0x28, 0xA1, 0x20, 0x81, 0x18, 0x61, 0x18, 0x61, 0x10, 0x61, 0x10, 0x61, 0x08, 0x61, 0x08, 0x61,
  0x08, 0x61, 0x08, 0x61, 0x08, 0x61, 0x08, 0x61, 0x08, 0x61, 0x08, 0x61, 0x08, 0x61, 0x08, 0x61, 0x08, 0x61, 0x08, 0x61, 0x08, 0x61, 0x08, 0x41, 0x08, 0x41, 0x08, 0x41, 0x08, 0x41, 0x08, 0x41,
  0x08, 0x41, 0x08, 0x61, 0x08, 0x61, 0x08, 0x61, 0x08, 0x41, 0x08, 0x61, 0x08, 0x61, 0x08, 0x41, 0x08, 0x41, 0x08, 0x41, 0x08, 0x41, 0x08, 0x41, 0x08, 0x41, 0x08, 0x41, 0x08, 0x41, 0x08, 0x41,
  0x08, 0x41, 0x08, 0x41, 0x08, 0x41, 0x08, 0x41, 0x18, 0xC3, 0x18, 0xE3, 0x18, 0xE3, 0x10, 0x82, 0x08, 0x41, 0x08, 0x41, 0x08, 0x41, 0x08, 0x61, 0x08, 0x61, 0x08, 0x41, 0x08, 0x61, 0x08, 0x61,
  0x08, 0x41, 0x08, 0x61, 0x08, 0x61, 0x08, 0x61, 0x08, 0x61, 0x08, 0x41, 0x08, 0x61, 0x08, 0x61, 0x08, 0x61, 0x08, 0x41, 0x08, 0x41, 0x08, 0x41, 0x08, 0x41, 0x08, 0x41, 0x08, 0x41, 0x08, 0x61,
  0x08, 0x41, 0x08, 0x41, 0x08, 0x41, 0x08, 0x41, 0x08, 0x41, 0x08, 0x41, 0x08, 0x41, 0x08, 0x41, 0x08, 0x61, 0x08, 0x41, 0x08, 0x41, 0x08, 0x41, 0x08, 0x41, 0x08, 0x41, 0x08, 0x41, 0x08, 0x41,
  0x08, 0x41, 0x08, 0x41, 0x08, 0x41, 0x08, 0x41, 0x08, 0x41, 0x08, 0x41, 0x08, 0x41, 0x08, 0x41, 0x08, 0x61, 0x08, 0x61, 0x08, 0x61, 0x08, 0x61, 0x08, 0x61, 0x08, 0x61, 0x10, 0x62, 0x10, 0x62,
  0x10, 0x62, 0x10, 0x62, 0x10, 0x62, 0x10, 0x82, 0x10, 0x82, 0x10, 0x82, 0x10, 0x82, 0x10, 0x82, 0x10, 0x82, 0x10, 0x82, 0x10, 0x82, 0x10, 0x82, 0x10, 0xA2, 0x10, 0xA2, 0x18, 0xA3, 0x18, 0xA3,
  0x18, 0xA3, 0x18, 0xA3, 0x18, 0xA3, 0x18, 0xA3, 0x18, 0xA3, 0x18, 0xC3, 0x18, 0xC3, 0x18, 0xC3, 0x18, 0xC3, 0x18, 0xC3, 0x18, 0xC3, 0x18, 0xC3, 0x18, 0xC3, 0x18, 0xE3, 0x18, 0xE3, 0x18, 0xE3,
  0x20, 0xE4, 0x21, 0x04, 0x21, 0x04, 0x20, 0xE4, 0x18, 0xE3, 0x20, 0xE4, 0x20, 0xE4, 0x18, 0xE3, 0x21, 0x24, 0x31, 0x66, 0x31, 0x66, 0x29, 0x65, 0x21, 0x04, 0x21, 0x04, 0x21, 0x04, 0x21, 0x04,
  0x21, 0x04, 0x20, 0xE4, 0x20, 0xE4, 0x20, 0xE4, 0x21, 0x04, 0x21, 0x04, 0x18, 0xE3, 0x20, 0xE4, 0x20, 0xE4, 0x18, 0xE3, 0x18, 0xE3, 0x18, 0xE3, 0x18, 0xE3, 0x18, 0xE3, 0x18, 0xC3, 0x18, 0xE3,
  0x18, 0xC3, 0x18, 0xC3, 0x18, 0xC3, 0x18, 0xC3, 0x18, 0xC3, 0x18, 0xC3, 0x18, 0xC3, 0x18, 0xC3, 0x18, 0xC3, 0x18, 0xA3, 0x18, 0xC3, 0x18, 0xA3, 0x10, 0xA2, 0x18, 0xC3, 0x18, 0xA3, 0x10, 0xA3,
  0x10, 0xA2, 0x10, 0xA2, 0x18, 0xA2, 0x18, 0xA2, 0x20, 0xA2, 0x20, 0xA2, 0x28, 0xC2, 0x30, 0xE2, 0x38, 0xE2, 0x40, 0xC1, 0xDB, 0x63, 0xAA, 0x62, 0x20, 0x40, 0x30, 0x80, 0x20, 0x60, 0x18, 0x60,
  0x10, 0x40, 0x08, 0x20, 0x08, 0x20, 0x00, 0x00, 0x00, 0x00, 0x00, 0x00, 0x00, 0x00, 0x00, 0x00, 0x00, 0x00, 0x00, 0x00, 0x00, 0x00, 0x00, 0x00, 0x00, 0x00, 0x00, 0x00, 0x00, 0x00, 0x00, 0x00,
  0x00, 0x00, 0x00, 0x00, 0x00, 0x00, 0x00, 0x00, 0x00, 0x00, 0x00, 0x00, 0x00, 0x00, 0x00, 0x00, 0x00, 0x00, 0x00, 0x00, 0x00, 0x00, 0x00, 0x00, 0x00, 0x00, 0x08, 0x00, 0x08, 0x20, 0x10, 0x20,
  0x18, 0x40, 0x20, 0x60, 0x28, 0x80, 0x28, 0x80, 0x40, 0xA0, 0xF3, 0x84, 0x8A, 0x02, 0x28, 0x80, 0x30, 0xC1, 0x20, 0xA1, 0x20, 0x81, 0x18, 0x61, 0x10, 0x61, 0x10, 0x61, 0x10, 0x61, 0x08, 0x61,
  0x08, 0x61, 0x08, 0x61, 0x08, 0x61, 0x08, 0x61, 0x08, 0x61, 0x08, 0x61, 0x08, 0x61, 0x08, 0x61, 0x08, 0x61, 0x08, 0x61, 0x08, 0x41, 0x08, 0x41, 0x08, 0x41, 0x08, 0x41, 0x08, 0x41, 0x08, 0x41,
  0x08, 0x41, 0x08, 0x41, 0x08, 0x41, 0x08, 0x41, 0x08, 0x41, 0x08, 0x61, 0x08, 0x61, 0x08, 0x41, 0x08, 0x41, 0x08, 0x41, 0x08, 0x41, 0x08, 0x41, 0x08, 0x41, 0x08, 0x41, 0x08, 0x41, 0x08, 0x41,
  0x08, 0x41, 0x08, 0x41, 0x08, 0x41, 0x08, 0x41, 0x08, 0x41, 0x18, 0xC3, 0x18, 0xE3, 0x18, 0xC3, 0x10, 0x82, 0x08, 0x41, 0x08, 0x41, 0x08, 0x41, 0x08, 0x61, 0x08, 0x61, 0x08, 0x41, 0x08, 0x41,
  0x08, 0x61, 0x08, 0x61, 0x08, 0x61, 0x08, 0x61, 0x08, 0x61, 0x08, 0x61, 0x08, 0x41, 0x08, 0x61, 0x08, 0x61, 0x08, 0x41, 0x08, 0x41, 0x08, 0x41, 0x08, 0x41, 0x08, 0x41, 0x08, 0x41, 0x08, 0x61,
  0x08, 0x41, 0x08, 0x41, 0x08, 0x41, 0x08, 0x41, 0x08, 0x41, 0x08, 0x61, 0x08, 0x61, 0x08, 0x41, 0x08, 0x41, 0x08, 0x41, 0x08, 0x41, 0x08, 0x41, 0x08, 0x41, 0x08, 0x41, 0x08, 0x41, 0x08, 0x41,
  0x08, 0x41, 0x08, 0x41, 0x08, 0x41, 0x08, 0x41, 0x08, 0x41, 0x08, 0x41, 0x08, 0x41, 0x08, 0x41, 0x08, 0x61, 0x08, 0x61, 0x08, 0x61, 0x08, 0x61, 0x08, 0x61, 0x10, 0x62, 0x10, 0x62, 0x10, 0x62,
  0x10, 0x62, 0x10, 0x62, 0x10, 0x62, 0x10, 0x82, 0x10, 0x82, 0x10, 0x82, 0x10, 0x82, 0x10, 0x82, 0x10, 0x82, 0x10, 0x82, 0x10, 0x82, 0x10, 0xA2, 0x10, 0xA2, 0x18, 0xA3, 0x10, 0xA2, 0x10, 0xA2,
  0x10, 0xA2, 0x10, 0xA2, 0x18, 0xA3, 0x18, 0xA3, 0x18, 0xA3, 0x18, 0xA3, 0x18, 0xC3, 0x18, 0xC3, 0x18, 0xC3, 0x18, 0xC3, 0x18, 0xC3, 0x18, 0xC3, 0x18, 0xC3, 0x18, 0xC3, 0x18, 0xE3, 0x20, 0xE4,
  0x21, 0x04, 0x20, 0xE4, 0x20, 0xE4, 0x18, 0xE3, 0x20, 0xE4, 0x20, 0xE4, 0x18, 0xE3, 0x29, 0x25, 0x31, 0x66, 0x29, 0x65, 0x29, 0x65, 0x20, 0xE4, 0x21, 0x04, 0x21, 0x04, 0x21, 0x04, 0x21, 0x04,
  0x20, 0xE4, 0x20, 0xE4, 0x20, 0xE4, 0x21, 0x04, 0x21, 0x04, 0x18, 0xE3, 0x20, 0xE4, 0x20, 0xE4, 0x18, 0xE3, 0x18, 0xE3, 0x18, 0xE3, 0x18, 0xE3, 0x18, 0xE3, 0x18, 0xE3, 0x18, 0xE3, 0x18, 0xE3,
  0x18, 0xC3, 0x18, 0xE3, 0x18, 0xC3, 0x18, 0xE3, 0x18, 0xE3, 0x18, 0xE3, 0x18, 0xC3, 0x18, 0xC3, 0x18, 0xC3, 0x18, 0xC3, 0x18, 0xC3, 0x18, 0xA3, 0x18, 0xA3, 0x18, 0xC3, 0x18, 0xA3, 0x18, 0xA3,
  0x18, 0xA2, 0x18, 0xA2, 0x18, 0xA2, 0x18, 0xA2, 0x20, 0xA2, 0x28, 0xC2, 0x28, 0xE2, 0x39, 0x02, 0x30, 0xC1, 0x8A, 0x02, 0xF3, 0xA4, 0x48, 0xC0, 0x28, 0x80, 0x28, 0x80, 0x20, 0x60, 0x10, 0x40,
  0x10, 0x20, 0x08, 0x20, 0x00, 0x00, 0x00, 0x00, 0x00, 0x00, 0x00, 0x00, 0x00, 0x00, 0x00, 0x00, 0x00, 0x00, 0x00, 0x00, 0x00, 0x00, 0x00, 0x00, 0x00, 0x00, 0x00, 0x00, 0x00, 0x00, 0x00, 0x00,
  0x00, 0x00, 0x00, 0x00, 0x00, 0x00, 0x00, 0x00, 0x00, 0x00, 0x00, 0x00, 0x00, 0x00, 0x00, 0x00, 0x00, 0x00, 0x00, 0x00, 0x00, 0x00, 0x00, 0x00, 0x00, 0x00, 0x00, 0x00, 0x08, 0x20, 0x08, 0x20,
  0x10, 0x40, 0x18, 0x40, 0x20, 0x60, 0x28, 0x80, 0x20, 0x60, 0x92, 0x02, 0xEB, 0xA4, 0x48, 0xC1, 0x30, 0xA1, 0x28, 0xA1, 0x20, 0x81, 0x18, 0x81, 0x10, 0x61, 0x10, 0x61, 0x10, 0x61, 0x08, 0x41,
  0x08, 0x61, 0x08, 0x61, 0x08, 0x61, 0x08, 0x61, 0x08, 0x61, 0x08, 0x61, 0x08, 0x61, 0x08, 0x61, 0x08, 0x61, 0x08, 0x41, 0x08, 0x41, 0x08, 0x41, 0x08, 0x41, 0x08, 0x41, 0x08, 0x41, 0x08, 0x41,
  0x08, 0x41, 0x08, 0x41, 0x08, 0x41, 0x08, 0x41, 0x08, 0x41, 0x08, 0x41, 0x08, 0x41, 0x08, 0x61, 0x08, 0x41, 0x08, 0x41, 0x08, 0x41, 0x08, 0x41, 0x08, 0x41, 0x08, 0x41, 0x08, 0x41, 0x08, 0x41,
  0x08, 0x41, 0x08, 0x41, 0x08, 0x41, 0x08, 0x41, 0x08, 0x41, 0x08, 0x41, 0x18, 0xC3, 0x18, 0xE3, 0x18, 0xC3, 0x10, 0x82, 0x08, 0x41, 0x08, 0x41, 0x08, 0x41, 0x08, 0x61, 0x08, 0x61, 0x08, 0x41,
  0x08, 0x41, 0x08, 0x61, 0x08, 0x61, 0x08, 0x61, 0x08, 0x61, 0x08, 0x61, 0x08, 0x61, 0x08, 0x61, 0x08, 0x41, 0x08, 0x61, 0x08, 0x61, 0x08, 0x41, 0x08, 0x41, 0x08, 0x41, 0x08, 0x41, 0x08, 0x41,
  0x08, 0x41, 0x08, 0x41, 0x08, 0x41, 0x08, 0x41, 0x08, 0x41, 0x08, 0x41, 0x08, 0x61, 0x08, 0x61, 0x08, 0x41, 0x08, 0x41, 0x08, 0x41, 0x08, 0x41, 0x08, 0x41, 0x08, 0x41, 0x08, 0x41, 0x08, 0x41,
  0x08, 0x41, 0x08, 0x41, 0x08, 0x41, 0x08, 0x41, 0x08, 0x41, 0x08, 0x41, 0x08, 0x41, 0x08, 0x61, 0x08, 0x61, 0x08, 0x61, 0x08, 0x61, 0x08, 0x61, 0x08, 0x61, 0x08, 0x61, 0x08, 0x61, 0x08, 0x61,
  0x10, 0x62, 0x10, 0x62, 0x10, 0x62, 0x10, 0x62, 0x10, 0x82, 0x10, 0x82, 0x10, 0x82, 0x10, 0x82, 0x10, 0x82, 0x10, 0x82, 0x10, 0xA2, 0x10, 0xA2, 0x10, 0xA2, 0x10, 0xA2, 0x10, 0xA2, 0x10, 0xA2,
  0x10, 0xA2, 0x10, 0xA2, 0x18, 0xA3, 0x18, 0xA3, 0x18, 0xA3, 0x18, 0xA3, 0x18, 0xA3, 0x18, 0xC3, 0x18, 0xC3, 0x18, 0xC3, 0x18, 0xC3, 0x18, 0xC3, 0x18, 0xC3, 0x18, 0xE3, 0x20, 0xE4, 0x20, 0xE4,
  0x18, 0xE3, 0x18, 0xE3, 0x18, 0xE3, 0x20, 0xE4, 0x20, 0xE4, 0x18, 0xE3, 0x29, 0x45, 0x31, 0x86, 0x31, 0x66, 0x29, 0x65, 0x20, 0xE4, 0x20, 0xE4, 0x20, 0xE4, 0x21, 0x04, 0x20, 0xE4, 0x20, 0xE4,
  0x20, 0xE4, 0x20, 0xE4, 0x21, 0x04, 0x21, 0x04, 0x20, 0xE4, 0x21, 0x04, 0x20, 0xE4, 0x20, 0xE4, 0x18, 0xE3, 0x18, 0xE3, 0x18, 0xE3, 0x18, 0xE3, 0x18, 0xE3, 0x18, 0xE3, 0x18, 0xE3, 0x18, 0xC3,
  0x18, 0xE3, 0x18, 0xE3, 0x18, 0xE3, 0x18, 0xE3, 0x18, 0xE3, 0x18, 0xE3, 0x18, 0xC3, 0x18, 0xC3, 0x18, 0xC3, 0x18, 0xC3, 0x18, 0xA3, 0x18, 0xC3, 0x18, 0xC3, 0x18, 0xA3, 0x18, 0xA3, 0x18, 0xA3,
  0x18, 0xA2, 0x18, 0xA2, 0x18, 0xA2, 0x20, 0xA2, 0x20, 0xC2, 0x28, 0xC2, 0x30, 0xE2, 0x30, 0xE2, 0x48, 0xE1, 0xEB, 0xA3, 0x92, 0x22, 0x20, 0x40, 0x28, 0x80, 0x20, 0x60, 0x18, 0x40, 0x10, 0x40,
  0x08, 0x20, 0x08, 0x20, 0x00, 0x00, 0x00, 0x00, 0x00, 0x00, 0x00, 0x00, 0x00, 0x00, 0x00, 0x00, 0x00, 0x00, 0x00, 0x00, 0x00, 0x00, 0x00, 0x00, 0x00, 0x00, 0x00, 0x00, 0x00, 0x00, 0x00, 0x00,
  0x00, 0x00, 0x00, 0x00, 0x00, 0x00, 0x00, 0x00, 0x00, 0x00, 0x00, 0x00, 0x00, 0x00, 0x00, 0x00, 0x00, 0x00, 0x00, 0x00, 0x00, 0x00, 0x00, 0x00, 0x00, 0x00, 0x00, 0x00, 0x00, 0x00, 0x08, 0x20,
  0x10, 0x40, 0x10, 0x40, 0x18, 0x60, 0x28, 0x60, 0x28, 0x80, 0x30, 0x80, 0xDB, 0x64, 0xAA, 0x83, 0x28, 0x80, 0x30, 0xC1, 0x28, 0xA1, 0x20, 0x81, 0x18, 0x61, 0x10, 0x61, 0x10, 0x61, 0x10, 0x61,
  0x08, 0x61, 0x08, 0x61, 0x08, 0x61, 0x08, 0x61, 0x08, 0x41, 0x08, 0x61, 0x08, 0x61, 0x08, 0x41, 0x08, 0x41, 0x08, 0x41, 0x08, 0x41, 0x08, 0x41, 0x08, 0x41, 0x08, 0x41, 0x08, 0x41, 0x08, 0x41,
  0x08, 0x41, 0x08, 0x41, 0x08, 0x41, 0x08, 0x41, 0x08, 0x41, 0x08, 0x41, 0x08, 0x41, 0x08, 0x41, 0x08, 0x41, 0x08, 0x41, 0x08, 0x41, 0x08, 0x41, 0x08, 0x41, 0x08, 0x41, 0x08, 0x41, 0x08, 0x41,
  0x08, 0x41, 0x08, 0x41, 0x08, 0x41, 0x08, 0x41, 0x08, 0x41, 0x08, 0x41, 0x08, 0x41, 0x18, 0xA3, 0x18, 0xE3, 0x18, 0xE3, 0x18, 0xA3, 0x08, 0x41, 0x08, 0x41, 0x08, 0x41, 0x08, 0x61, 0x08, 0x61,
  0x08, 0x61, 0x08, 0x41, 0x08, 0x61, 0x08, 0x61, 0x08, 0x61, 0x08, 0x61, 0x08, 0x41, 0x08, 0x41, 0x08, 0x41, 0x08, 0x41, 0x08, 0x41, 0x08, 0x41, 0x08, 0x41, 0x08, 0x41, 0x08, 0x41, 0x08, 0x41,
  0x08, 0x41, 0x08, 0x41, 0x08, 0x41, 0x08, 0x61, 0x08, 0x41, 0x08, 0x41, 0x08, 0x61, 0x08, 0x61, 0x08, 0x41, 0x08, 0x41, 0x08, 0x41, 0x08, 0x61, 0x08, 0x41, 0x08, 0x41, 0x08, 0x41, 0x08, 0x41,
  0x08, 0x41, 0x08, 0x41, 0x08, 0x41, 0x08, 0x41, 0x08, 0x41, 0x08, 0x41, 0x08, 0x41, 0x08, 0x41, 0x08, 0x61, 0x08, 0x61, 0x08, 0x61, 0x08, 0x61, 0x08, 0x61, 0x08, 0x61, 0x08, 0x61, 0x10, 0x62,
  0x10, 0x62, 0x10, 0x62, 0x10, 0x62, 0x10, 0x82, 0x10, 0x82, 0x10, 0x82, 0x10, 0x82, 0x10, 0x82, 0x10, 0x82, 0x10, 0x82, 0x10, 0x82, 0x10, 0x82, 0x10, 0x82, 0x10, 0x82, 0x10, 0xA2, 0x10, 0xA2,
  0x10, 0xA2, 0x10, 0xA2, 0x10, 0xA2, 0x10, 0xA2, 0x18, 0xA3, 0x18, 0xA3, 0x18, 0xC3, 0x18, 0xC3, 0x18, 0xC3, 0x18, 0xC3, 0x18, 0xC3, 0x18, 0xC3, 0x18, 0xC3, 0x18, 0xE3, 0x18, 0xE3, 0x18, 0xC3,
  0x18, 0xC3, 0x18, 0xE3, 0x18, 0xE3, 0x18, 0xE3, 0x20, 0xE4, 0x29, 0x45, 0x31, 0x86, 0x31, 0x86, 0x29, 0x45, 0x20, 0xE4, 0x20, 0xE4, 0x20, 0xE4, 0x20, 0xE4, 0x20, 0xE4, 0x20, 0xE4, 0x20, 0xE4,
  0x20, 0xE4, 0x21, 0x04, 0x21, 0x04, 0x20, 0xE4, 0x20, 0xE4, 0x21, 0x04, 0x20, 0xE4, 0x20, 0xE4, 0x18, 0xE3, 0x20, 0xE4, 0x18, 0xE3, 0x18, 0xE3, 0x20, 0xE4, 0x20, 0xE4, 0x18, 0xC3, 0x18, 0xE3,
  0x18, 0xE3, 0x18, 0xE3, 0x18, 0xE3, 0x18, 0xE3, 0x18, 0xE3, 0x18, 0xC3, 0x18, 0xE3, 0x18, 0xC3, 0x18, 0xE3, 0x18, 0xC3, 0x18, 0xA3, 0x18, 0xC3, 0x18, 0xC3, 0x18, 0xA3, 0x18, 0xC3, 0x18, 0xA2,
  0x18, 0xC3, 0x18, 0xA2, 0x20, 0xA2, 0x20, 0xC2, 0x28, 0xC2, 0x30, 0xC2, 0x39, 0x02, 0x30, 0xA1, 0xAA, 0x82, 0xE3, 0x84, 0x38, 0x80, 0x28, 0x80, 0x28, 0x80, 0x18, 0x60, 0x10, 0x40, 0x08, 0x20,
  0x08, 0x20, 0x00, 0x00, 0x00, 0x00, 0x00, 0x00, 0x00, 0x00, 0x00, 0x00, 0x00, 0x00, 0x00, 0x00, 0x00, 0x00, 0x00, 0x00, 0x00, 0x00, 0x00, 0x00, 0x00, 0x00, 0x00, 0x00, 0x00, 0x00, 0x00, 0x00,
  0x00, 0x00, 0x00, 0x00, 0x00, 0x00, 0x00, 0x00, 0x00, 0x00, 0x00, 0x00, 0x00, 0x00, 0x00, 0x00, 0x00, 0x00, 0x00, 0x00, 0x00, 0x00, 0x00, 0x00, 0x00, 0x00, 0x00, 0x00, 0x00, 0x00, 0x08, 0x20,
  0x08, 0x20, 0x10, 0x40, 0x18, 0x40, 0x20, 0x60, 0x28, 0x80, 0x28, 0x60, 0x71, 0x61, 0xFB, 0xE4, 0x61, 0x41, 0x28, 0xA1, 0x30, 0xA1, 0x20, 0x81, 0x18, 0x81, 0x18, 0x61, 0x10, 0x61, 0x10, 0x61,
  0x08, 0x61, 0x08, 0x61, 0x08, 0x61, 0x08, 0x41, 0x08, 0x41, 0x08, 0x41, 0x08, 0x41, 0x08, 0x41, 0x08, 0x41, 0x08, 0x41, 0x08, 0x41, 0x08, 0x41, 0x08, 0x41, 0x08, 0x41, 0x08, 0x41, 0x08, 0x41,
  0x08, 0x41, 0x08, 0x41, 0x08, 0x41, 0x08, 0x41, 0x08, 0x61, 0x08, 0x41, 0x08, 0x41, 0x08, 0x41, 0x08, 0x41, 0x08, 0x41, 0x08, 0x41, 0x08, 0x41, 0x08, 0x41, 0x08, 0x41, 0x08, 0x41, 0x08, 0x41,
  0x08, 0x41, 0x08, 0x41, 0x08, 0x41, 0x08, 0x41, 0x08, 0x41, 0x08, 0x41, 0x08, 0x41, 0x08, 0x41, 0x10, 0xA2, 0x18, 0xE3, 0x18, 0xE3, 0x18, 0xC3, 0x08, 0x61, 0x08, 0x41, 0x08, 0x41, 0x08, 0x61,
  0x08, 0x61, 0x08, 0x61, 0x08, 0x41, 0x08, 0x41, 0x08, 0x61, 0x08, 0x61, 0x08, 0x61, 0x08, 0x61, 0x08, 0x41, 0x08, 0x61, 0x08, 0x61, 0x08, 0x41, 0x08, 0x41, 0x08, 0x41, 0x08, 0x41, 0x08, 0x41,
  0x08, 0x41, 0x08, 0x41, 0x08, 0x41, 0x08, 0x41, 0x08, 0x41, 0x08, 0x61, 0x08, 0x61, 0x08, 0x61, 0x08, 0x61, 0x08, 0x61, 0x08, 0x61, 0x08, 0x41, 0x08, 0x41, 0x08, 0x41, 0x08, 0x41, 0x08, 0x41,
  0x08, 0x41, 0x08, 0x41, 0x08, 0x41, 0x08, 0x41, 0x08, 0x61, 0x08, 0x61, 0x08, 0x61, 0x08, 0x61, 0x08, 0x61, 0x08, 0x61, 0x08, 0x61, 0x08, 0x61, 0x08, 0x61, 0x10, 0x62, 0x10, 0x62, 0x10, 0x62,
  0x10, 0x62, 0x10, 0x62, 0x10, 0x82, 0x10, 0x82, 0x10, 0x82, 0x10, 0x82, 0x10, 0x82, 0x10, 0x82, 0x10, 0x82, 0x10, 0x82, 0x10, 0x82, 0x10, 0x82, 0x10, 0xA2, 0x10, 0x82, 0x10, 0xA2, 0x10, 0xA2,
  0x10, 0x82, 0x10, 0xA2, 0x10, 0xA2, 0x10, 0xA2, 0x18, 0xA3, 0x18, 0xA3, 0x18, 0xA3, 0x18, 0xC3, 0x18, 0xC3, 0x18, 0xC3, 0x18, 0xC3, 0x18, 0xC3, 0x18, 0xE3, 0x18, 0xC3, 0x18, 0xC3, 0x18, 0xC3,
  0x18, 0xC3, 0x18, 0xE3, 0x18, 0xC3, 0x20, 0xE4, 0x29, 0x45, 0x29, 0x65, 0x31, 0x86, 0x29, 0x45, 0x20, 0xE4, 0x18, 0xE3, 0x20, 0xE4, 0x20, 0xE4, 0x20, 0xE4, 0x20, 0xE4, 0x20, 0xE4, 0x20, 0xE4,
  0x21, 0x04, 0x21, 0x04, 0x20, 0xE4, 0x20, 0xE4, 0x20, 0xE4, 0x20, 0xE4, 0x20, 0xE4, 0x20, 0xE4, 0x20, 0xE4, 0x20, 0xE4, 0x20, 0xE4, 0x20, 0xE4, 0x20, 0xE4, 0x18, 0xE3, 0x18, 0xE3, 0x18, 0xE3,
  0x18, 0xE3, 0x18, 0xE3, 0x18, 0xE3, 0x18, 0xE3, 0x18, 0xE3, 0x18, 0xC3, 0x18, 0xC3, 0x18, 0xC3, 0x18, 0xC3, 0x18, 0xC3, 0x18, 0xC3, 0x18, 0xC3, 0x18, 0xC3, 0x18, 0xC3, 0x18, 0xC3, 0x18, 0xC3,
  0x18, 0xC3, 0x20, 0xC2, 0x20, 0xC2, 0x28, 0xC2, 0x28, 0xE2, 0x30, 0xE2, 0x30, 0xE2, 0x59, 0x41, 0xFB, 0xE3, 0x71, 0x81, 0x20, 0x60, 0x28, 0x80, 0x20, 0x60, 0x18, 0x40, 0x10, 0x40, 0x08, 0x20,
  0x08, 0x20, 0x00, 0x00, 0x00, 0x00, 0x00, 0x00, 0x00, 0x00, 0x00, 0x00, 0x00, 0x00, 0x00, 0x00, 0x00, 0x00, 0x00, 0x00, 0x00, 0x00, 0x00, 0x00, 0x00, 0x00, 0x00, 0x00, 0x00, 0x00, 0x00, 0x00,
  0x00, 0x00, 0x00, 0x00, 0x00, 0x00, 0x00, 0x00, 0x00, 0x00, 0x00, 0x00, 0x00, 0x00, 0x00, 0x00, 0x00, 0x00, 0x00, 0x00, 0x00, 0x00, 0x00, 0x00, 0x00, 0x00, 0x00, 0x00, 0x00, 0x00, 0x00, 0x00,
  0x08, 0x20, 0x10, 0x20, 0x10, 0x40, 0x18, 0x60, 0x20, 0x60, 0x30, 0x80, 0x28, 0x60, 0xC2, 0xC3, 0xD3, 0x23, 0x30, 0x80, 0x30, 0xC1, 0x28, 0xA1, 0x20, 0x81, 0x18, 0x61, 0x10, 0x61, 0x10, 0x61,
  0x10, 0x61, 0x08, 0x61, 0x08, 0x61, 0x08, 0x41, 0x08, 0x41, 0x08, 0x41, 0x08, 0x41, 0x08, 0x41, 0x08, 0x41, 0x08, 0x41, 0x08, 0x41, 0x08, 0x41, 0x08, 0x41, 0x08, 0x41, 0x08, 0x41, 0x08, 0x41,
  0x08, 0x41, 0x08, 0x41, 0x08, 0x41, 0x08, 0x41, 0x08, 0x41, 0x08, 0x41, 0x08, 0x41, 0x08, 0x41, 0x08, 0x41, 0x08, 0x41, 0x08, 0x41, 0x08, 0x41, 0x08, 0x41, 0x08, 0x41, 0x08, 0x41, 0x08, 0x41,
  0x08, 0x41, 0x08, 0x41, 0x08, 0x41, 0x08, 0x41, 0x08, 0x41, 0x08, 0x41, 0x08, 0x41, 0x08, 0x41, 0x08, 0x41, 0x10, 0x82, 0x18, 0xC3, 0x18, 0xE3, 0x18, 0xC3, 0x10, 0x82, 0x08, 0x41, 0x08, 0x41,
  0x08, 0x61, 0x08, 0x61, 0x08, 0x61, 0x08, 0x61, 0x08, 0x41, 0x08, 0x41, 0x08, 0x61, 0x08, 0x41, 0x08, 0x41, 0x08, 0x41, 0x08, 0x41, 0x08, 0x41, 0x08, 0x61, 0x08, 0x41, 0x08, 0x41, 0x08, 0x41,
  0x08, 0x41, 0x08, 0x61, 0x08, 0x41, 0x08, 0x41, 0x08, 0x41, 0x08, 0x41, 0x08, 0x41, 0x08, 0x41, 0x08, 0x41, 0x08, 0x41, 0x08, 0x41, 0x08, 0x41, 0x08, 0x41, 0x08, 0x41, 0x08, 0x41, 0x08, 0x41,
  0x08, 0x41, 0x08, 0x41, 0x08, 0x41, 0x08, 0x41, 0x08, 0x61, 0x08, 0x61, 0x08, 0x61, 0x08, 0x61, 0x08, 0x61, 0x08, 0x61, 0x08, 0x61, 0x08, 0x61, 0x10, 0x62, 0x10, 0x62, 0x10, 0x62, 0x10, 0x62,
  0x10, 0x62, 0x10, 0x62, 0x10, 0x62, 0x10, 0x62, 0x10, 0x82, 0x10, 0x82, 0x10, 0x82, 0x10, 0x82, 0x10, 0x82, 0x10, 0x82, 0x10, 0x82, 0x10, 0x82, 0x10, 0x82, 0x10, 0x82, 0x10, 0x82, 0x10, 0x82,
  0x10, 0x82, 0x10, 0xA2, 0x10, 0xA2, 0x10, 0xA2, 0x10, 0xA2, 0x18, 0xA3, 0x18, 0xA3, 0x18, 0xA3, 0x18, 0xC3, 0x18, 0xC3, 0x18, 0xC3, 0x18, 0xC3, 0x18, 0xC3, 0x18, 0xC3, 0x18, 0xC3, 0x18, 0xC3,
  0x18, 0xC3, 0x18, 0xC3, 0x21, 0x04, 0x29, 0x65, 0x29, 0x65, 0x29, 0x65, 0x21, 0x24, 0x18, 0xE3, 0x18, 0xE3, 0x20, 0xE4, 0x20, 0xE4, 0x20, 0xE4, 0x20, 0xE4, 0x20, 0xE4, 0x20, 0xE4, 0x20, 0xE4,
  0x21, 0x04, 0x20, 0xE4, 0x20, 0xE4, 0x21, 0x04, 0x20, 0xE4, 0x20, 0xE4, 0x20, 0xE4, 0x20, 0xE4, 0x20, 0xE4, 0x20, 0xE4, 0x20, 0xE4, 0x21, 0x04, 0x18, 0xE3, 0x18, 0xE3, 0x20, 0xE4, 0x18, 0xE3,
  0x18, 0xE3, 0x18, 0xE3, 0x18, 0xE3, 0x18, 0xE3, 0x18, 0xE3, 0x18, 0xC3, 0x18, 0xC3, 0x18, 0xC3, 0x18, 0xC3, 0x18, 0xC3, 0x18, 0xC3, 0x18, 0xC3, 0x18, 0xC3, 0x18, 0xC3, 0x18, 0xC2, 0x18, 0xC3,
  0x20, 0xC2, 0x20, 0xC2, 0x28, 0xC2, 0x30, 0xE2, 0x30, 0xE2, 0x39, 0x02, 0x38, 0xC1, 0xCB, 0x23, 0xC2, 0xE3, 0x28, 0x60, 0x30, 0x80, 0x20, 0x60, 0x18, 0x60, 0x10, 0x40, 0x10, 0x20, 0x08, 0x00,
  0x00, 0x00, 0x00, 0x00, 0x00, 0x00, 0x00, 0x00, 0x00, 0x00, 0x00, 0x00, 0x00, 0x00, 0x00, 0x00, 0x00, 0x00, 0x00, 0x00, 0x00, 0x00, 0x00, 0x00, 0x00, 0x00, 0x00, 0x00, 0x00, 0x00, 0x00, 0x00,
  0x00, 0x00, 0x00, 0x00, 0x00, 0x00, 0x00, 0x00, 0x00, 0x00, 0x00, 0x00, 0x00, 0x00, 0x00, 0x00, 0x00, 0x00, 0x00, 0x00, 0x00, 0x00, 0x00, 0x00, 0x00, 0x00, 0x00, 0x00, 0x00, 0x00, 0x00, 0x00,
  0x08, 0x00, 0x08, 0x20, 0x10, 0x20, 0x18, 0x40, 0x20, 0x60, 0x28, 0x80, 0x28, 0x60, 0x50, 0xE1, 0xF3, 0xC4, 0x89, 0xE2, 0x28, 0x80, 0x30, 0xC1, 0x28, 0x81, 0x20, 0x81, 0x18, 0x61, 0x10, 0x61,
  0x10, 0x61, 0x08, 0x61, 0x08, 0x41, 0x08, 0x41, 0x08, 0x41, 0x08, 0x41, 0x08, 0x41, 0x08, 0x41, 0x08, 0x41, 0x08, 0x41, 0x08, 0x41, 0x08, 0x41, 0x08, 0x41, 0x08, 0x41, 0x08, 0x41, 0x08, 0x41,
  0x08, 0x41, 0x08, 0x41, 0x08, 0x41, 0x08, 0x41, 0x08, 0x41, 0x08, 0x41, 0x08, 0x41, 0x08, 0x41, 0x08, 0x41, 0x08, 0x41, 0x08, 0x41, 0x08, 0x41, 0x08, 0x41, 0x08, 0x41, 0x08, 0x41, 0x08, 0x41,
  0x08, 0x41, 0x08, 0x41, 0x08, 0x41, 0x08, 0x41, 0x08, 0x41, 0x08, 0x41, 0x08, 0x41, 0x08, 0x41, 0x08, 0x41, 0x08, 0x41, 0x10, 0x62, 0x18, 0xC3, 0x18, 0xE3, 0x18, 0xE3, 0x10, 0xA2, 0x08, 0x41,
  0x08, 0x41, 0x08, 0x41, 0x08, 0x41, 0x08, 0x61, 0x08, 0x61, 0x08, 0x41, 0x08, 0x41, 0x08, 0x41, 0x08, 0x41, 0x08, 0x41, 0x08, 0x41, 0x08, 0x41, 0x08, 0x41, 0x08, 0x41, 0x08, 0x41, 0x08, 0x41,
  0x08, 0x41, 0x08, 0x41, 0x08, 0x41, 0x08, 0x41, 0x08, 0x41, 0x08, 0x41, 0x08, 0x41, 0x08, 0x41, 0x08, 0x41, 0x08, 0x41, 0x08, 0x41, 0x08, 0x41, 0x08, 0x41, 0x08, 0x41, 0x08, 0x41, 0x08, 0x41,
  0x08, 0x41, 0x08, 0x41, 0x08, 0x41, 0x08, 0x41, 0x08, 0x61, 0x08, 0x61, 0x08, 0x41, 0x08, 0x41, 0x08, 0x61, 0x08, 0x61, 0x08, 0x61, 0x08, 0x61, 0x08, 0x61, 0x08, 0x61, 0x08, 0x61, 0x08, 0x61,
  0x08, 0x61, 0x10, 0x62, 0x10, 0x62, 0x10, 0x82, 0x10, 0x82, 0x10, 0x82, 0x10, 0x82, 0x10, 0x82, 0x10, 0x82, 0x10, 0x82, 0x10, 0x82, 0x10, 0x82, 0x10, 0x82, 0x10, 0x82, 0x10, 0x82, 0x10, 0x82,
  0x10, 0x82, 0x10, 0x82, 0x10, 0xA2, 0x10, 0xA2, 0x10, 0xA2, 0x18, 0xA3, 0x18, 0xA3, 0x18, 0xA3, 0x18, 0xC3, 0x18, 0xC3, 0x18, 0xC3, 0x18, 0xA3, 0x18, 0xC3, 0x18, 0xC3, 0x18, 0xC3, 0x18, 0xC3,
  0x18, 0xE3, 0x21, 0x24, 0x29, 0x65, 0x29, 0x65, 0x29, 0x65, 0x21, 0x04, 0x18, 0xC3, 0x18, 0xE3, 0x18, 0xE3, 0x20, 0xE4, 0x20, 0xE4, 0x20, 0xE4, 0x18, 0xE3, 0x20, 0xE4, 0x20, 0xE4, 0x21, 0x04,
  0x20, 0xE4, 0x20, 0xE4, 0x20, 0xE4, 0x18, 0xE3, 0x20, 0xE4, 0x20, 0xE4, 0x20, 0xE4, 0x21, 0x04, 0x20, 0xE4, 0x20, 0xE4, 0x21, 0x04, 0x20, 0xE4, 0x18, 0xE3, 0x20, 0xE4, 0x18, 0xE3, 0x20, 0xE4,
  0x18, 0xE3, 0x20, 0xE4, 0x18, 0xE3, 0x18, 0xE3, 0x18, 0xC3, 0x18, 0xC3, 0x18, 0xE3, 0x18, 0xC3, 0x18, 0xC3, 0x18, 0xC3, 0x18, 0xC3, 0x18, 0xC3, 0x18, 0xC3, 0x18, 0xC3, 0x18, 0xC3, 0x20, 0xC3,
  0x20, 0xC2, 0x20, 0xC2, 0x28, 0xE2, 0x30, 0xE2, 0x39, 0x02, 0x30, 0xC2, 0x8A, 0x02, 0xFB, 0xE4, 0x50, 0xE1, 0x28, 0x80, 0x28, 0x80, 0x20, 0x60, 0x18, 0x40, 0x10, 0x40, 0x08, 0x20, 0x08, 0x00,
  0x00, 0x00, 0x00, 0x00, 0x00, 0x00, 0x00, 0x00, 0x00, 0x00, 0x00, 0x00, 0x00, 0x00, 0x00, 0x00, 0x00, 0x00, 0x00, 0x00, 0x00, 0x00, 0x00, 0x00, 0x00, 0x00, 0x00, 0x00, 0x00, 0x00, 0x00, 0x00,
  0x00, 0x00, 0x00, 0x00, 0x00, 0x00, 0x00, 0x00, 0x00, 0x00, 0x00, 0x00, 0x00, 0x00, 0x00, 0x00, 0x00, 0x00, 0x00, 0x00, 0x00, 0x00, 0x00, 0x00, 0x00, 0x00, 0x00, 0x00, 0x00, 0x00, 0x00, 0x00,
  0x00, 0x00, 0x08, 0x20, 0x08, 0x20, 0x10, 0x40, 0x18, 0x40, 0x20, 0x60, 0x28, 0xA0, 0x20, 0x60, 0x92, 0x02, 0xF3, 0xC4, 0x48, 0xE1, 0x30, 0xA1, 0x28, 0xA1, 0x20, 0x81, 0x18, 0x81, 0x18, 0x61,
  0x10, 0x61, 0x10, 0x61, 0x08, 0x41, 0x08, 0x41, 0x08, 0x61, 0x08, 0x61, 0x08, 0x41, 0x08, 0x41, 0x08, 0x41, 0x08, 0x41, 0x08, 0x41, 0x08, 0x41, 0x08, 0x41, 0x08, 0x41, 0x08, 0x41, 0x08, 0x41,
  0x08, 0x41, 0x08, 0x41, 0x08, 0x41, 0x08, 0x41, 0x08, 0x41, 0x08, 0x41, 0x08, 0x41, 0x08, 0x41, 0x08, 0x41, 0x08, 0x41, 0x08, 0x41, 0x08, 0x41, 0x08, 0x41, 0x08, 0x41, 0x08, 0x41, 0x08, 0x41,
  0x08, 0x41, 0x08, 0x41, 0x08, 0x41, 0x08, 0x41, 0x08, 0x41, 0x08, 0x41, 0x08, 0x41, 0x08, 0x41, 0x08, 0x41, 0x08, 0x41, 0x08, 0x41, 0x08, 0x61, 0x18, 0xA3, 0x18, 0xE3, 0x18, 0xE3, 0x18, 0xC3,
  0x10, 0x62, 0x08, 0x41, 0x08, 0x41, 0x08, 0x41, 0x08, 0x61, 0x08, 0x41, 0x08, 0x41, 0x08, 0x41, 0x08, 0x41, 0x08, 0x41, 0x08, 0x41, 0x08, 0x41, 0x08, 0x41, 0x08, 0x41, 0x08, 0x41, 0x08, 0x41,
  0x08, 0x61, 0x08, 0x41, 0x08, 0x41, 0x08, 0x41, 0x08, 0x41, 0x08, 0x41, 0x08, 0x41, 0x08, 0x41, 0x08, 0x41, 0x08, 0x41, 0x08, 0x41, 0x08, 0x41, 0x08, 0x41, 0x08, 0x41, 0x08, 0x41, 0x08, 0x41,
  0x08, 0x41, 0x08, 0x41, 0x08, 0x41, 0x08, 0x41, 0x08, 0x61, 0x08, 0x61, 0x08, 0x61, 0x08, 0x61, 0x08, 0x61, 0x08, 0x61, 0x08, 0x61, 0x08, 0x61, 0x08, 0x61, 0x08, 0x61, 0x10, 0x62, 0x10, 0x62,
  0x10, 0x62, 0x10, 0x62, 0x10, 0x62, 0x10, 0x62, 0x10, 0x62, 0x10, 0x82, 0x10, 0x82, 0x10, 0x82, 0x10, 0x82, 0x10, 0x82, 0x10, 0x82, 0x10, 0x82, 0x10, 0x82, 0x10, 0x82, 0x10, 0x82, 0x10, 0x82,
  0x10, 0x82, 0x10, 0x82, 0x10, 0xA2, 0x10, 0xA2, 0x10, 0xA2, 0x10, 0xA2, 0x18, 0xA3, 0x18, 0xC3, 0x18, 0xA3, 0x18, 0xA3, 0x18, 0xA3, 0x18, 0xA3, 0x18, 0xC3, 0x18, 0xC3, 0x18, 0xC3, 0x20, 0xE4,
  0x29, 0x45, 0x29, 0x65, 0x29, 0x65, 0x29, 0x45, 0x20, 0xE4, 0x18, 0xC3, 0x18, 0xC3, 0x18, 0xE3, 0x20, 0xE4, 0x20, 0xE4, 0x20, 0xE4, 0x18, 0xE3, 0x18, 0xE3, 0x20, 0xE4, 0x20, 0xE4, 0x18, 0xE3,
  0x20, 0xE4, 0x21, 0x04, 0x18, 0xE3, 0x20, 0xE4, 0x20, 0xE4, 0x20, 0xE4, 0x20, 0xE4, 0x20, 0xE4, 0x20, 0xE4, 0x21, 0x04, 0x20, 0xE4, 0x18, 0xE3, 0x20, 0xE4, 0x20, 0xE4, 0x20, 0xE4, 0x20, 0xE4,
  0x18, 0xE3, 0x20, 0xE4, 0x18, 0xE3, 0x18, 0xE3, 0x18, 0xC3, 0x18, 0xE3, 0x18, 0xC3, 0x18, 0xC3, 0x18, 0xC3, 0x18, 0xC3, 0x18, 0xC3, 0x18, 0xE3, 0x18, 0xC3, 0x20, 0xC3, 0x20, 0xC3, 0x20, 0xC3,
  0x20, 0xC2, 0x28, 0xE2, 0x30, 0xE2, 0x38, 0xE2, 0x38, 0xE2, 0x49, 0x01, 0xF3, 0xC3, 0x92, 0x22, 0x20, 0x40, 0x28, 0x80, 0x20, 0x60, 0x18, 0x40, 0x10, 0x40, 0x08, 0x20, 0x08, 0x20, 0x00, 0x00,
  0x00, 0x00, 0x00, 0x00, 0x00, 0x00, 0x00, 0x00, 0x00, 0x00, 0x00, 0x00, 0x00, 0x00, 0x00, 0x00, 0x00, 0x00, 0x00, 0x00, 0x00, 0x00, 0x00, 0x00, 0x00, 0x00, 0x00, 0x00, 0x00, 0x00, 0x00, 0x00,
  0x00, 0x00, 0x00, 0x00, 0x00, 0x00, 0x00, 0x00, 0x00, 0x00, 0x00, 0x00, 0x00, 0x00, 0x00, 0x00, 0x00, 0x00, 0x00, 0x00, 0x00, 0x00, 0x00, 0x00, 0x00, 0x00, 0x00, 0x00, 0x00, 0x00, 0x00, 0x00,
  0x00, 0x00, 0x08, 0x00, 0x08, 0x20, 0x10, 0x20, 0x10, 0x40, 0x20, 0x60, 0x20, 0x60, 0x28, 0xA0, 0x30, 0x60, 0xD3, 0x24, 0xBA, 0xE3, 0x28, 0x80, 0x30, 0xC1, 0x28, 0xA1, 0x20, 0x81, 0x18, 0x61,
  0x10, 0x61, 0x10, 0x61, 0x08, 0x61, 0x08, 0x41, 0x08, 0x41, 0x08, 0x41, 0x08, 0x41, 0x08, 0x41, 0x08, 0x41, 0x08, 0x41, 0x08, 0x41, 0x08, 0x41, 0x08, 0x41, 0x08, 0x41, 0x08, 0x41, 0x08, 0x41,
  0x08, 0x41, 0x08, 0x41, 0x08, 0x41, 0x08, 0x41, 0x08, 0x41, 0x08, 0x41, 0x08, 0x41, 0x08, 0x41, 0x08, 0x41, 0x08, 0x41, 0x08, 0x41, 0x08, 0x41, 0x08, 0x41, 0x08, 0x41, 0x08, 0x41, 0x08, 0x41,
  0x08, 0x41, 0x08, 0x41, 0x08, 0x41, 0x08, 0x41, 0x08, 0x41, 0x08, 0x41, 0x08, 0x41, 0x08, 0x41, 0x08, 0x41, 0x08, 0x41, 0x08, 0x41, 0x08, 0x41, 0x08, 0x41, 0x10, 0x82, 0x18, 0xC3, 0x18, 0xE3,
  0x18, 0xE3, 0x10, 0xA2, 0x08, 0x61, 0x08, 0x41, 0x08, 0x41, 0x08, 0x41, 0x08, 0x41, 0x08, 0x41, 0x08, 0x41, 0x08, 0x41, 0x08, 0x41, 0x08, 0x41, 0x08, 0x41, 0x08, 0x41, 0x08, 0x41, 0x08, 0x41,
  0x08, 0x41, 0x08, 0x41, 0x08, 0x41, 0x08, 0x41, 0x08, 0x41, 0x08, 0x41, 0x08, 0x41, 0x08, 0x41, 0x08, 0x41, 0x08, 0x41, 0x08, 0x41, 0x08, 0x41, 0x08, 0x41, 0x08, 0x41, 0x08, 0x41, 0x08, 0x41,
  0x08, 0x41, 0x08, 0x41, 0x08, 0x41, 0x08, 0x41, 0x08, 0x41, 0x08, 0x41, 0x08, 0x41, 0x08, 0x41, 0x08, 0x41, 0x08, 0x41, 0x08, 0x41, 0x08, 0x61, 0x08, 0x61, 0x08, 0x61, 0x08, 0x61, 0x08, 0x61,
  0x08, 0x61, 0x10, 0x62, 0x10, 0x62, 0x10, 0x62, 0x10, 0x62, 0x10, 0x62, 0x10, 0x82, 0x10, 0x82, 0x10, 0x82, 0x10, 0x82, 0x10, 0x82, 0x10, 0x82, 0x10, 0x82, 0x10, 0x82, 0x10, 0x82, 0x10, 0x82,
  0x10, 0x82, 0x10, 0x82, 0x10, 0x82, 0x10, 0xA2, 0x10, 0xA2, 0x18, 0xA3, 0x18, 0xA3, 0x10, 0xA2, 0x10, 0xA2, 0x10, 0xA2, 0x18, 0xA3, 0x18, 0xA3, 0x18, 0xA3, 0x18, 0xA3, 0x21, 0x04, 0x29, 0x45,
  0x29, 0x45, 0x29, 0x45, 0x21, 0x04, 0x18, 0xC3, 0x18, 0xC3, 0x18, 0xC3, 0x18, 0xC3, 0x18, 0xE3, 0x18, 0xE3, 0x18, 0xE3, 0x18, 0xE3, 0x18, 0xE3, 0x18, 0xE3, 0x21, 0x04, 0x18, 0xE3, 0x20, 0xE4,
  0x20, 0xE4, 0x18, 0xE3, 0x20, 0xE4, 0x20, 0xE4, 0x18, 0xE3, 0x20, 0xE4, 0x20, 0xE4, 0x20, 0xE4, 0x21, 0x04, 0x20, 0xE4, 0x18, 0xE3, 0x20, 0xE4, 0x20, 0xE4, 0x20, 0xE4, 0x20, 0xE4, 0x20, 0xE4,
  0x18, 0xE3, 0x18, 0xE3, 0x18, 0xE3, 0x18, 0xC3, 0x18, 0xE3, 0x18, 0xC3, 0x18, 0xC3, 0x18, 0xC3, 0x18, 0xC3, 0x18, 0xC3, 0x18, 0xC3, 0x18, 0xE3, 0x20, 0xC3, 0x20, 0xE3, 0x20, 0xC3, 0x20, 0xC2,
  0x28, 0xC2, 0x30, 0xE2, 0x30, 0xE2, 0x39, 0x02, 0x30, 0xC1, 0xBA, 0xE3, 0xDB, 0x43, 0x30, 0x60, 0x28, 0x80, 0x28, 0x60, 0x18, 0x60, 0x10, 0x40, 0x10, 0x20, 0x08, 0x20, 0x08, 0x00, 0x00, 0x00,
  0x00, 0x00, 0x00, 0x00, 0x00, 0x00, 0x00, 0x00, 0x00, 0x00, 0x00, 0x00, 0x00, 0x00, 0x00, 0x00, 0x00, 0x00, 0x00, 0x00, 0x00, 0x00, 0x00, 0x00, 0x00, 0x00, 0x00, 0x00, 0x00, 0x00, 0x00, 0x00,
  0x00, 0x00, 0x00, 0x00, 0x00, 0x00, 0x00, 0x00, 0x00, 0x00, 0x00, 0x00, 0x00, 0x00, 0x00, 0x00, 0x00, 0x00, 0x00, 0x00, 0x00, 0x00, 0x00, 0x00, 0x00, 0x00, 0x00, 0x00, 0x00, 0x00, 0x00, 0x00,
  0x00, 0x00, 0x00, 0x00, 0x08, 0x00, 0x08, 0x20, 0x10, 0x40, 0x18, 0x40, 0x20, 0x60, 0x28, 0x80, 0x28, 0x60, 0x59, 0x01, 0xFB, 0xE4, 0x79, 0xC2, 0x28, 0x60, 0x30, 0xC1, 0x20, 0x81, 0x20, 0x81,
  0x18, 0x61, 0x10, 0x61, 0x10, 0x61, 0x08, 0x41, 0x08, 0x41, 0x08, 0x41, 0x08, 0x41, 0x08, 0x41, 0x08, 0x41, 0x08, 0x41, 0x08, 0x41, 0x08, 0x41, 0x08, 0x41, 0x08, 0x41, 0x08, 0x41, 0x08, 0x41,
  0x08, 0x41, 0x08, 0x41, 0x08, 0x41, 0x08, 0x41, 0x08, 0x41, 0x08, 0x41, 0x08, 0x41, 0x08, 0x41, 0x08, 0x41, 0x08, 0x41, 0x08, 0x41, 0x08, 0x41, 0x08, 0x41, 0x08, 0x41, 0x08, 0x41, 0x08, 0x41,
  0x08, 0x41, 0x08, 0x41, 0x08, 0x41, 0x08, 0x41, 0x08, 0x41, 0x08, 0x41, 0x08, 0x41, 0x08, 0x41, 0x08, 0x41, 0x08, 0x41, 0x08, 0x41, 0x08, 0x41, 0x08, 0x41, 0x08, 0x41, 0x10, 0x62, 0x18, 0xC3,
  0x18, 0xE3, 0x18, 0xE3, 0x18, 0xC3, 0x10, 0x82, 0x08, 0x41, 0x08, 0x41, 0x08, 0x41, 0x08, 0x41, 0x08, 0x41, 0x08, 0x41, 0x08, 0x41, 0x08, 0x41, 0x08, 0x41, 0x08, 0x41, 0x08, 0x41, 0x08, 0x61,
  0x08, 0x41, 0x08, 0x41, 0x08, 0x41, 0x08, 0x41, 0x08, 0x41, 0x08, 0x41, 0x08, 0x41, 0x08, 0x41, 0x08, 0x41, 0x08, 0x41, 0x08, 0x41, 0x08, 0x41, 0x08, 0x41, 0x08, 0x41, 0x08, 0x41, 0x08, 0x41,
  0x08, 0x41, 0x08, 0x41, 0x08, 0x41, 0x08, 0x41, 0x08, 0x41, 0x08, 0x41, 0x08, 0x41, 0x08, 0x41, 0x08, 0x41, 0x08, 0x41, 0x08, 0x61, 0x08, 0x61, 0x08, 0x61, 0x08, 0x61, 0x08, 0x61, 0x10, 0x62,
  0x10, 0x62, 0x10, 0x62, 0x10, 0x62, 0x10, 0x62, 0x10, 0x62, 0x10, 0x62, 0x10, 0x62, 0x10, 0x62, 0x10, 0x82, 0x10, 0x82, 0x10, 0x82, 0x10, 0x82, 0x10, 0x82, 0x10, 0x82, 0x10, 0x82, 0x10, 0x82,
  0x10, 0x82, 0x10, 0x82, 0x10, 0xA2, 0x10, 0xA2, 0x10, 0xA2, 0x10, 0xA2, 0x10, 0xA2, 0x10, 0xA2, 0x10, 0xA2, 0x18, 0xA3, 0x18, 0xA3, 0x10, 0xA2, 0x18, 0xC3, 0x21, 0x24, 0x29, 0x45, 0x29, 0x45,
  0x21, 0x24, 0x18, 0xE3, 0x18, 0xC3, 0x18, 0xC3, 0x18, 0xC3, 0x18, 0xC3, 0x18, 0xE3, 0x18, 0xE3, 0x18, 0xC3, 0x18, 0xE3, 0x18, 0xC3, 0x18, 0xE3, 0x20, 0xE4, 0x18, 0xE3, 0x20, 0xE4, 0x20, 0xE4,
  0x18, 0xE3, 0x20, 0xE4, 0x18, 0xE3, 0x18, 0xE3, 0x20, 0xE4, 0x20, 0xE4, 0x20, 0xE4, 0x20, 0xE4, 0x20, 0xE4, 0x18, 0xE3, 0x20, 0xE4, 0x20, 0xE4, 0x20, 0xE4, 0x20, 0xE4, 0x20, 0xE4, 0x20, 0xE4,
  0x20, 0xE4, 0x18, 0xE3, 0x18, 0xE3, 0x18, 0xE3, 0x18, 0xE3, 0x18, 0xC3, 0x18, 0xC3, 0x18, 0xE3, 0x18, 0xC3, 0x18, 0xC3, 0x18, 0xE3, 0x18, 0xC3, 0x20, 0xE3, 0x20, 0xC3, 0x20, 0xC2, 0x28, 0xC2,
  0x30, 0xE2, 0x30, 0xE2, 0x39, 0x23, 0x30, 0xC2, 0x81, 0xE2, 0xFC, 0x04, 0x59, 0x21, 0x28, 0x60, 0x28, 0x80, 0x20, 0x60, 0x18, 0x40, 0x10, 0x40, 0x08, 0x20, 0x08, 0x00, 0x08, 0x00, 0x00, 0x00,
  0x00, 0x00, 0x00, 0x00, 0x00, 0x00, 0x00, 0x00, 0x00, 0x00, 0x00, 0x00, 0x00, 0x00, 0x00, 0x00, 0x00, 0x00, 0x00, 0x00, 0x00, 0x00, 0x00, 0x00, 0x00, 0x00, 0x00, 0x00, 0x00, 0x00, 0x00, 0x00,
  0x00, 0x00, 0x00, 0x00, 0x00, 0x00, 0x00, 0x00, 0x00, 0x00, 0x00, 0x00, 0x00, 0x00, 0x00, 0x00, 0x00, 0x00, 0x00, 0x00, 0x00, 0x00, 0x00, 0x00, 0x00, 0x00, 0x00, 0x00, 0x00, 0x00, 0x00, 0x00,
  0x00, 0x00, 0x00, 0x00, 0x00, 0x00, 0x08, 0x20, 0x08, 0x20, 0x10, 0x40, 0x18, 0x60, 0x20, 0x60, 0x30, 0x80, 0x20, 0x60, 0x92, 0x22, 0xF3, 0xC4, 0x48, 0xE1, 0x30, 0xA1, 0x30, 0xA1, 0x20, 0x81,
  0x18, 0x81, 0x18, 0x61, 0x10, 0x61, 0x10, 0x41, 0x08, 0x41, 0x08, 0x41, 0x08, 0x41, 0x08, 0x41, 0x08, 0x41, 0x08, 0x41, 0x08, 0x41, 0x08, 0x41, 0x08, 0x41, 0x08, 0x41, 0x08, 0x41, 0x08, 0x41,
  0x08, 0x41, 0x08, 0x41, 0x08, 0x41, 0x08, 0x41, 0x08, 0x41, 0x08, 0x41, 0x08, 0x41, 0x08, 0x41, 0x08, 0x41, 0x08, 0x41, 0x08, 0x41, 0x08, 0x41, 0x08, 0x41, 0x08, 0x41, 0x08, 0x41, 0x08, 0x41,
  0x08, 0x41, 0x08, 0x41, 0x08, 0x41, 0x08, 0x41, 0x08, 0x41, 0x08, 0x41, 0x08, 0x41, 0x08, 0x41, 0x08, 0x41, 0x08, 0x41, 0x08, 0x41, 0x08, 0x41, 0x08, 0x41, 0x08, 0x41, 0x08, 0x41, 0x08, 0x41,
  0x10, 0xA2, 0x18, 0xC3, 0x18, 0xE3, 0x18, 0xE3, 0x18, 0xA3, 0x08, 0x61, 0x08, 0x41, 0x08, 0x41, 0x08, 0x41, 0x08, 0x41, 0x08, 0x41, 0x08, 0x41, 0x08, 0x41, 0x08, 0x41, 0x08, 0x41, 0x08, 0x41,
  0x08, 0x41, 0x08, 0x41, 0x08, 0x41, 0x08, 0x41, 0x08, 0x41, 0x08, 0x41, 0x08, 0x41, 0x08, 0x41, 0x08, 0x41, 0x08, 0x41, 0x08, 0x41, 0x08, 0x41, 0x08, 0x41, 0x08, 0x41, 0x08, 0x41, 0x08, 0x41,
  0x08, 0x41, 0x08, 0x41, 0x08, 0x41, 0x08, 0x41, 0x08, 0x41, 0x08, 0x41, 0x08, 0x41, 0x08, 0x41, 0x08, 0x41, 0x08, 0x41, 0x08, 0x41, 0x08, 0x41, 0x08, 0x41, 0x08, 0x61, 0x08, 0x61, 0x08, 0x61,
  0x08, 0x61, 0x08, 0x61, 0x10, 0x62, 0x10, 0x62, 0x10, 0x62, 0x10, 0x62, 0x10, 0x62, 0x10, 0x62, 0x10, 0x82, 0x10, 0x82, 0x10, 0x82, 0x10, 0x82, 0x10, 0x82, 0x10, 0x82, 0x10, 0x82, 0x10, 0x82,
  0x10, 0x82, 0x10, 0xA2, 0x10, 0xA2, 0x10, 0x82, 0x10, 0x82, 0x10, 0xA2, 0x10, 0xA2, 0x10, 0xA2, 0x10, 0xA2, 0x10, 0xA2, 0x18, 0xA3, 0x21, 0x04, 0x29, 0x45, 0x29, 0x45, 0x29, 0x45, 0x21, 0x04,
  0x18, 0xC3, 0x18, 0xC3, 0x18, 0xC3, 0x18, 0xC3, 0x18, 0xC3, 0x18, 0xC3, 0x18, 0xC3, 0x18, 0xC3, 0x18, 0xC3, 0x18, 0xC3, 0x18, 0xC3, 0x18, 0xE3, 0x18, 0xC3, 0x20, 0xE4, 0x20, 0xE4, 0x18, 0xE3,
  0x18, 0xE3, 0x18, 0xE3, 0x20, 0xE4, 0x20, 0xE4, 0x20, 0xE4, 0x20, 0xE4, 0x20, 0xE4, 0x20, 0xE4, 0x18, 0xE3, 0x20, 0xE4, 0x20, 0xE4, 0x20, 0xE4, 0x20, 0xE4, 0x20, 0xE4, 0x20, 0xE4, 0x20, 0xE4,
  0x20, 0xE4, 0x18, 0xE3, 0x18, 0xE3, 0x18, 0xE3, 0x18, 0xC3, 0x18, 0xC3, 0x18, 0xE3, 0x18, 0xE3, 0x18, 0xC3, 0x18, 0xC3, 0x18, 0xC3, 0x20, 0xE3, 0x20, 0xE3, 0x20, 0xC3, 0x28, 0xC2, 0x30, 0xE3,
  0x30, 0xE2, 0x39, 0x02, 0x39, 0x02, 0x51, 0x22, 0xF3, 0xC4, 0x92, 0x42, 0x20, 0x40, 0x30, 0x81, 0x20, 0x60, 0x18, 0x60, 0x10, 0x40, 0x08, 0x20, 0x08, 0x20, 0x00, 0x00, 0x00, 0x00, 0x00, 0x00,
  0x00, 0x00, 0x00, 0x00, 0x00, 0x00, 0x00, 0x00, 0x00, 0x00, 0x00, 0x00, 0x00, 0x00, 0x00, 0x00, 0x00, 0x00, 0x00, 0x00, 0x00, 0x00, 0x00, 0x00, 0x00, 0x00, 0x00, 0x00, 0x00, 0x00, 0x00, 0x00,
  0x00, 0x00, 0x00, 0x00, 0x00, 0x00, 0x00, 0x00, 0x00, 0x00, 0x00, 0x00, 0x00, 0x00, 0x00, 0x00, 0x00, 0x00, 0x00, 0x00, 0x00, 0x00, 0x00, 0x00, 0x00, 0x00, 0x00, 0x00, 0x00, 0x00, 0x00, 0x00,
  0x00, 0x00, 0x00, 0x00, 0x00, 0x00, 0x08, 0x00, 0x08, 0x20, 0x10, 0x20, 0x18, 0x40, 0x20, 0x60, 0x20, 0x80, 0x30, 0x80, 0x30, 0x60, 0xD3, 0x43, 0xC3, 0x03, 0x30, 0x81, 0x30, 0xA1, 0x28, 0xA1,
  0x20, 0x81, 0x18, 0x61, 0x18, 0x61, 0x10, 0x61, 0x10, 0x41, 0x08, 0x41, 0x08, 0x41, 0x08, 0x41, 0x08, 0x41, 0x08, 0x41, 0x08, 0x41, 0x08, 0x41, 0x08, 0x41, 0x08, 0x41, 0x08, 0x41, 0x08, 0x41,
  0x08, 0x41, 0x08, 0x41, 0x08, 0x41, 0x08, 0x41, 0x08, 0x41, 0x08, 0x41, 0x08, 0x41, 0x08, 0x41, 0x08, 0x41, 0x08, 0x41, 0x08, 0x41, 0x08, 0x41, 0x08, 0x41, 0x08, 0x41, 0x08, 0x41, 0x08, 0x41,
  0x08, 0x41, 0x08, 0x41, 0x08, 0x41, 0x08, 0x41, 0x08, 0x41, 0x08, 0x41, 0x08, 0x41, 0x08, 0x41, 0x08, 0x41, 0x08, 0x41, 0x08, 0x41, 0x08, 0x41, 0x08, 0x41, 0x08, 0x41, 0x08, 0x41, 0x08, 0x41,
  0x08, 0x41, 0x10, 0x62, 0x18, 0xC3, 0x18, 0xE3, 0x18, 0xE3, 0x18, 0xC3, 0x10, 0xA2, 0x08, 0x61, 0x08, 0x41, 0x08, 0x41, 0x08, 0x41, 0x08, 0x41, 0x08, 0x41, 0x08, 0x41, 0x08, 0x41, 0x08, 0x41,
  0x08, 0x41, 0x08, 0x41, 0x08, 0x41, 0x08, 0x41, 0x08, 0x41, 0x08, 0x41, 0x08, 0x41, 0x08, 0x41, 0x08, 0x41, 0x08, 0x41, 0x08, 0x41, 0x08, 0x41, 0x08, 0x41, 0x08, 0x41, 0x08, 0x41, 0x08, 0x41,
  0x08, 0x41, 0x08, 0x41, 0x08, 0x41, 0x08, 0x41, 0x08, 0x41, 0x08, 0x41, 0x08, 0x41, 0x08, 0x41, 0x08, 0x41, 0x08, 0x41, 0x08, 0x41, 0x08, 0x41, 0x08, 0x61, 0x08, 0x61, 0x08, 0x61, 0x08, 0x61,
  0x08, 0x61, 0x08, 0x61, 0x10, 0x62, 0x10, 0x62, 0x10, 0x62, 0x10, 0x62, 0x10, 0x62, 0x10, 0x82, 0x10, 0x82, 0x10, 0x62, 0x10, 0x82, 0x10, 0x82, 0x10, 0x82, 0x10, 0x82, 0x10, 0x82, 0x10, 0x82,
  0x10, 0x82, 0x10, 0x82, 0x10, 0x82, 0x10, 0x82, 0x10, 0xA2, 0x10, 0xA2, 0x10, 0xA2, 0x10, 0xA2, 0x18, 0xA3, 0x20, 0xE4, 0x21, 0x24, 0x29, 0x25, 0x29, 0x45, 0x21, 0x24, 0x18, 0xE3, 0x18, 0xA3,
  0x18, 0xC3, 0x18, 0xC3, 0x18, 0xC3, 0x18, 0xC3, 0x18, 0xC3, 0x18, 0xC3, 0x18, 0xC3, 0x18, 0xC3, 0x18, 0xC3, 0x18, 0xC3, 0x18, 0xE3, 0x18, 0xC3, 0x20, 0xE4, 0x20, 0xE4, 0x18, 0xE3, 0x20, 0xE4,
  0x18, 0xE3, 0x20, 0xE4, 0x20, 0xE4, 0x20, 0xE4, 0x20, 0xE4, 0x20, 0xE4, 0x20, 0xE4, 0x18, 0xE3, 0x20, 0xE4, 0x20, 0xE4, 0x20, 0xE4, 0x21, 0x04, 0x20, 0xE4, 0x20, 0xE4, 0x20, 0xE4, 0x20, 0xE4,
  0x20, 0xE4, 0x18, 0xE3, 0x20, 0xE4, 0x18, 0xE3, 0x18, 0xC3, 0x18, 0xE3, 0x18, 0xE3, 0x18, 0xC3, 0x18, 0xE3, 0x20, 0xE3, 0x20, 0xE3, 0x20, 0xE3, 0x20, 0xC3, 0x20, 0xE3, 0x28, 0xE3, 0x30, 0xE2,
  0x39, 0x02, 0x41, 0x22, 0x38, 0xE1, 0xC3, 0x23, 0xDB, 0x44, 0x30, 0x60, 0x30, 0x80, 0x20, 0x80, 0x18, 0x60, 0x18, 0x40, 0x10, 0x40, 0x08, 0x20, 0x08, 0x00, 0x00, 0x00, 0x00, 0x00, 0x00, 0x00,
  0x00, 0x00, 0x00, 0x00, 0x00, 0x00, 0x00, 0x00, 0x00, 0x00, 0x00, 0x00, 0x00, 0x00, 0x00, 0x00, 0x00, 0x00, 0x00, 0x00, 0x00, 0x00, 0x00, 0x00, 0x00, 0x00, 0x00, 0x00, 0x00, 0x00, 0x00, 0x00,
  0x00, 0x00, 0x00, 0x00, 0x00, 0x00, 0x00, 0x00, 0x00, 0x00, 0x00, 0x00, 0x00, 0x00, 0x00, 0x00, 0x00, 0x00, 0x00, 0x00, 0x00, 0x00, 0x00, 0x00, 0x00, 0x00, 0x00, 0x00, 0x00, 0x00, 0x00, 0x00,
  0x00, 0x00, 0x00, 0x00, 0x00, 0x00, 0x00, 0x00, 0x08, 0x00, 0x08, 0x20, 0x10, 0x40, 0x18, 0x40, 0x20, 0x60, 0x28, 0x80, 0x28, 0x60, 0x50, 0xE1, 0xFC, 0x04, 0x92, 0x02, 0x28, 0x80, 0x30, 0xC1,
  0x28, 0x81, 0x20, 0x81, 0x18, 0x61, 0x10, 0x61, 0x10, 0x61, 0x08, 0x41, 0x08, 0x41, 0x08, 0x41, 0x08, 0x41, 0x08, 0x41, 0x08, 0x41, 0x08, 0x41, 0x08, 0x41, 0x08, 0x41, 0x08, 0x41, 0x08, 0x41,
  0x08, 0x41, 0x08, 0x41, 0x08, 0x41, 0x08, 0x41, 0x08, 0x41, 0x08, 0x41, 0x08, 0x41, 0x08, 0x41, 0x08, 0x41, 0x08, 0x41, 0x08, 0x41, 0x08, 0x41, 0x08, 0x41, 0x08, 0x41, 0x08, 0x41, 0x08, 0x41,
  0x08, 0x41, 0x08, 0x41, 0x08, 0x41, 0x08, 0x41, 0x08, 0x41, 0x08, 0x41, 0x08, 0x41, 0x08, 0x41, 0x08, 0x41, 0x08, 0x41, 0x08, 0x41, 0x08, 0x41, 0x08, 0x41, 0x08, 0x41, 0x08, 0x41, 0x08, 0x41,
  0x08, 0x41, 0x08, 0x41, 0x08, 0x41, 0x10, 0x82, 0x18, 0xC3, 0x18, 0xE3, 0x18, 0xE3, 0x18, 0xC3, 0x10, 0x82, 0x08, 0x41, 0x08, 0x41, 0x08, 0x41, 0x08, 0x41, 0x08, 0x41, 0x08, 0x41, 0x08, 0x41,
  0x08, 0x41, 0x08, 0x41, 0x08, 0x41, 0x08, 0x41, 0x08, 0x41, 0x08, 0x41, 0x08, 0x41, 0x08, 0x41, 0x08, 0x41, 0x08, 0x41, 0x08, 0x41, 0x08, 0x41, 0x08, 0x41, 0x08, 0x41, 0x08, 0x41, 0x08, 0x41,
  0x08, 0x41, 0x08, 0x41, 0x08, 0x41, 0x08, 0x41, 0x08, 0x41, 0x08, 0x41, 0x08, 0x41, 0x08, 0x41, 0x08, 0x41, 0x08, 0x41, 0x08, 0x61, 0x08, 0x41, 0x08, 0x61, 0x08, 0x61, 0x08, 0x61, 0x08, 0x61,
  0x08, 0x61, 0x08, 0x61, 0x10, 0x62, 0x10, 0x62, 0x10, 0x62, 0x10, 0x62, 0x10, 0x62, 0x10, 0x62, 0x10, 0x62, 0x10, 0x82, 0x10, 0x62, 0x10, 0x82, 0x10, 0x82, 0x10, 0x82, 0x10, 0x82, 0x10, 0x82,
  0x10, 0x82, 0x10, 0x82, 0x10, 0x82, 0x10, 0x82, 0x10, 0x82, 0x10, 0x82, 0x18, 0xA3, 0x20, 0xE4, 0x21, 0x24, 0x29, 0x25, 0x21, 0x24, 0x21, 0x24, 0x18, 0xE3, 0x18, 0xA3, 0x18, 0xA3, 0x18, 0xC3,
  0x18, 0xA3, 0x18, 0xC3, 0x18, 0xC3, 0x18, 0xC3, 0x18, 0xC3, 0x18, 0xC3, 0x18, 0xC3, 0x18, 0xC3, 0x18, 0xC3, 0x18, 0xC3, 0x18, 0xC3, 0x18, 0xE3, 0x18, 0xE3, 0x18, 0xC3, 0x18, 0xE3, 0x18, 0xE3,
  0x18, 0xE3, 0x20, 0xE4, 0x20, 0xE4, 0x20, 0xE4, 0x20, 0xE4, 0x20, 0xE4, 0x18, 0xE3, 0x20, 0xE4, 0x20, 0xE4, 0x18, 0xE3, 0x20, 0xE4, 0x20, 0xE4, 0x20, 0xE4, 0x20, 0xE4, 0x20, 0xE4, 0x20, 0xE4,
  0x18, 0xE3, 0x20, 0xE4, 0x18, 0xE3, 0x18, 0xC3, 0x18, 0xE3, 0x20, 0xE4, 0x18, 0xE3, 0x18, 0xE3, 0x18, 0xE3, 0x20, 0xC3, 0x20, 0xE3, 0x20, 0xC3, 0x20, 0xC3, 0x28, 0xE3, 0x31, 0x03, 0x30, 0xE2,
  0x39, 0x22, 0x30, 0xC1, 0x92, 0x22, 0xFB, 0xE4, 0x51, 0x01, 0x28, 0x60, 0x28, 0x80, 0x20, 0x60, 0x18, 0x40, 0x10, 0x20, 0x08, 0x20, 0x08, 0x00, 0x00, 0x00, 0x00, 0x00, 0x00, 0x00, 0x00, 0x00,
  0x00, 0x00, 0x00, 0x00, 0x00, 0x00, 0x00, 0x00, 0x00, 0x00, 0x00, 0x00, 0x00, 0x00, 0x00, 0x00, 0x00, 0x00, 0x00, 0x00, 0x00, 0x00, 0x00, 0x00, 0x00, 0x00, 0x00, 0x00, 0x00, 0x00, 0x00, 0x00,
  0x00, 0x00, 0x00, 0x00, 0x00, 0x00, 0x00, 0x00, 0x00, 0x00, 0x00, 0x00, 0x00, 0x00, 0x00, 0x00, 0x00, 0x00, 0x00, 0x00, 0x00, 0x00, 0x00, 0x00, 0x00, 0x00, 0x00, 0x00, 0x00, 0x00, 0x00, 0x00,
  0x00, 0x00, 0x00, 0x00, 0x00, 0x00, 0x00, 0x00, 0x08, 0x00, 0x08, 0x20, 0x08, 0x20, 0x10, 0x40, 0x18, 0x40, 0x20, 0x60, 0x28, 0x80, 0x20, 0x60, 0x81, 0xC2, 0xFC, 0x04, 0x61, 0x21, 0x28, 0xA0,
  0x30, 0xC1, 0x20, 0x81, 0x20, 0x81, 0x18, 0x61, 0x10, 0x61, 0x10, 0x41, 0x08, 0x41, 0x08, 0x41, 0x08, 0x41, 0x08, 0x41, 0x08, 0x41, 0x08, 0x41, 0x08, 0x41, 0x08, 0x41, 0x08, 0x41, 0x08, 0x41,
  0x08, 0x41, 0x08, 0x41, 0x08, 0x41, 0x08, 0x41, 0x08, 0x41, 0x08, 0x41, 0x08, 0x41, 0x08, 0x41, 0x08, 0x41, 0x08, 0x41, 0x08, 0x41, 0x08, 0x41, 0x08, 0x41, 0x08, 0x41, 0x08, 0x41, 0x08, 0x41,
  0x08, 0x41, 0x08, 0x41, 0x08, 0x41, 0x08, 0x41, 0x08, 0x41, 0x08, 0x41, 0x08, 0x41, 0x08, 0x41, 0x08, 0x41, 0x08, 0x41, 0x08, 0x41, 0x08, 0x41, 0x08, 0x41, 0x08, 0x41, 0x08, 0x41, 0x08, 0x41,
  0x08, 0x41, 0x08, 0x41, 0x08, 0x41, 0x08, 0x41, 0x08, 0x41, 0x10, 0x82, 0x18, 0xC3, 0x18, 0xE3, 0x18, 0xE3, 0x18, 0xC3, 0x10, 0xA2, 0x08, 0x61, 0x08, 0x41, 0x08, 0x41, 0x08, 0x41, 0x08, 0x41,
  0x08, 0x41, 0x08, 0x41, 0x08, 0x41, 0x08, 0x41, 0x08, 0x41, 0x08, 0x41, 0x08, 0x41, 0x08, 0x41, 0x08, 0x41, 0x08, 0x41, 0x08, 0x41, 0x08, 0x41, 0x08, 0x41, 0x08, 0x41, 0x08, 0x41, 0x08, 0x41,
  0x08, 0x41, 0x08, 0x41, 0x08, 0x41, 0x08, 0x41, 0x08, 0x41, 0x08, 0x41, 0x08, 0x41, 0x08, 0x41, 0x08, 0x61, 0x08, 0x61, 0x08, 0x41, 0x08, 0x61, 0x08, 0x61, 0x08, 0x41, 0x08, 0x61, 0x08, 0x61,
  0x08, 0x61, 0x08, 0x61, 0x08, 0x61, 0x08, 0x61, 0x08, 0x61, 0x10, 0x62, 0x10, 0x62, 0x10, 0x62, 0x10, 0x82, 0x10, 0x82, 0x10, 0x82, 0x10, 0x82, 0x10, 0x82, 0x10, 0x82, 0x10, 0x82, 0x10, 0x82,
  0x10, 0x82, 0x10, 0x82, 0x10, 0x82, 0x10, 0x82, 0x10, 0xA2, 0x18, 0xE3, 0x21, 0x24, 0x29, 0x25, 0x29, 0x25, 0x21, 0x24, 0x20, 0xE4, 0x18, 0xA3, 0x10, 0xA2, 0x18, 0xA3, 0x18, 0xA3, 0x18, 0xA3,
  0x18, 0xC3, 0x18, 0xC3, 0x18, 0xC3, 0x18, 0xC3, 0x18, 0xC3, 0x18, 0xC3, 0x18, 0xC3, 0x18, 0xC3, 0x18, 0xC3, 0x18, 0xC3, 0x18, 0xE3, 0x18, 0xC3, 0x18, 0xC3, 0x18, 0xC3, 0x18, 0xC3, 0x18, 0xE3,
  0x18, 0xE3, 0x20, 0xE4, 0x20, 0xE4, 0x20, 0xE4, 0x18, 0xE3, 0x18, 0xC3, 0x18, 0xE3, 0x20, 0xE4, 0x20, 0xE4, 0x20, 0xE4, 0x20, 0xE4, 0x20, 0xE4, 0x20, 0xE4, 0x20, 0xE4, 0x18, 0xE3, 0x18, 0xE3,
  0x20, 0xE4, 0x18, 0xE3, 0x18, 0xE3, 0x18, 0xE3, 0x20, 0xE4, 0x18, 0xE3, 0x18, 0xE3, 0x20, 0xE3, 0x18, 0xC3, 0x20, 0xE3, 0x20, 0xE3, 0x20, 0xC3, 0x28, 0xE2, 0x30, 0xE3, 0x31, 0x02, 0x39, 0x22,
  0x39, 0x02, 0x69, 0x62, 0xFC, 0x04, 0x89, 0xE2, 0x20, 0x60, 0x28, 0x80, 0x20, 0x60, 0x18, 0x40, 0x10, 0x40, 0x10, 0x20, 0x08, 0x00, 0x08, 0x00, 0x00, 0x00, 0x00, 0x00, 0x00, 0x00, 0x00, 0x00,
  0x00, 0x00, 0x00, 0x00, 0x00, 0x00, 0x00, 0x00, 0x00, 0x00, 0x00, 0x00, 0x00, 0x00, 0x00, 0x00, 0x00, 0x00, 0x00, 0x00, 0x00, 0x00, 0x00, 0x00, 0x00, 0x00, 0x00, 0x00, 0x00, 0x00, 0x00, 0x00,
  0x00, 0x00, 0x00, 0x00, 0x00, 0x00, 0x00, 0x00, 0x00, 0x00, 0x00, 0x00, 0x00, 0x00, 0x00, 0x00, 0x00, 0x00, 0x00, 0x00, 0x00, 0x00, 0x00, 0x00, 0x00, 0x00, 0x00, 0x00, 0x00, 0x00, 0x00, 0x00,
  0x00, 0x00, 0x00, 0x00, 0x00, 0x00, 0x00, 0x00, 0x00, 0x00, 0x08, 0x00, 0x08, 0x20, 0x10, 0x40, 0x18, 0x40, 0x18, 0x60, 0x20, 0x80, 0x30, 0xA0, 0x28, 0x60, 0xB2, 0xA3, 0xE3, 0x83, 0x40, 0xA1,
  0x30, 0xA0, 0x28, 0xA0, 0x20, 0x81, 0x18, 0x61, 0x18, 0x61, 0x10, 0x61, 0x10, 0x61, 0x08, 0x41, 0x08, 0x41, 0x08, 0x41, 0x08, 0x41, 0x08, 0x41, 0x08, 0x41, 0x08, 0x41, 0x08, 0x41, 0x08, 0x41,
  0x08, 0x41, 0x08, 0x41, 0x08, 0x41, 0x08, 0x41, 0x08, 0x41, 0x08, 0x41, 0x08, 0x41, 0x08, 0x41, 0x08, 0x41, 0x08, 0x41, 0x08, 0x41, 0x08, 0x41, 0x08, 0x41, 0x08, 0x41, 0x08, 0x41, 0x08, 0x41,
  0x08, 0x41, 0x08, 0x41, 0x08, 0x41, 0x08, 0x41, 0x08, 0x41, 0x08, 0x41, 0x08, 0x41, 0x08, 0x41, 0x08, 0x41, 0x08, 0x41, 0x08, 0x41, 0x08, 0x41, 0x08, 0x41, 0x08, 0x41, 0x08, 0x41, 0x08, 0x41,
  0x08, 0x41, 0x08, 0x41, 0x08, 0x41, 0x08, 0x41, 0x08, 0x41, 0x08, 0x41, 0x08, 0x61, 0x10, 0xA2, 0x18, 0xC3, 0x18, 0xE3, 0x20, 0xE4, 0x18, 0xE3, 0x18, 0xA3, 0x10, 0x62, 0x08, 0x41, 0x08, 0x41,
  0x08, 0x41, 0x08, 0x41, 0x08, 0x41, 0x08, 0x41, 0x08, 0x41, 0x08, 0x41, 0x08, 0x41, 0x08, 0x41, 0x08, 0x41, 0x08, 0x41, 0x08, 0x41, 0x08, 0x41, 0x08, 0x41, 0x08, 0x41, 0x08, 0x41, 0x08, 0x41,
  0x08, 0x41, 0x08, 0x41, 0x08, 0x41, 0x08, 0x41, 0x08, 0x41, 0x08, 0x41, 0x08, 0x41, 0x08, 0x41, 0x08, 0x41, 0x08, 0x41, 0x08, 0x61, 0x08, 0x61, 0x08, 0x61, 0x08, 0x61, 0x08, 0x61, 0x08, 0x61,
  0x08, 0x61, 0x08, 0x61, 0x08, 0x61, 0x10, 0x62, 0x10, 0x62, 0x10, 0x62, 0x10, 0x62, 0x10, 0x62, 0x10, 0x62, 0x10, 0x62, 0x10, 0x82, 0x10, 0x82, 0x10, 0x82, 0x10, 0x82, 0x10, 0x82, 0x10, 0x82,
  0x10, 0x82, 0x10, 0x82, 0x18, 0xA3, 0x20, 0xE4, 0x21, 0x04, 0x21, 0x24, 0x21, 0x24, 0x21, 0x24, 0x20, 0xE4, 0x18, 0xA3, 0x10, 0x82, 0x10, 0xA2, 0x10, 0xA2, 0x10, 0xA2, 0x18, 0xA3, 0x18, 0xA3,
  0x18, 0xC3, 0x18, 0xA3, 0x18, 0xC3, 0x18, 0xC3, 0x18, 0xC3, 0x18, 0xC3, 0x18, 0xC3, 0x18, 0xC3, 0x18, 0xC3, 0x18, 0xC3, 0x18, 0xC3, 0x18, 0xC3, 0x18, 0xC3, 0x18, 0xC3, 0x18, 0xE3, 0x18, 0xE3,
  0x18, 0xE3, 0x18, 0xE3, 0x20, 0xE4, 0x18, 0xE3, 0x18, 0xC3, 0x18, 0xE3, 0x18, 0xE3, 0x18, 0xE3, 0x20, 0xE4, 0x20, 0xE4, 0x20, 0xE4, 0x20, 0xE4, 0x20, 0xE4, 0x20, 0xE4, 0x18, 0xE3, 0x20, 0xE4,
  0x18, 0xE3, 0x18, 0xC3, 0x18, 0xE3, 0x20, 0xE4, 0x20, 0xE4, 0x18, 0xC3, 0x20, 0xE3, 0x20, 0xE3, 0x20, 0xE3, 0x20, 0xE3, 0x20, 0xC3, 0x28, 0xE3, 0x30, 0xE3, 0x31, 0x02, 0x39, 0x02, 0x41, 0x02,
  0x49, 0x01, 0xE3, 0x84, 0xBA, 0xC3, 0x28, 0x60, 0x30, 0xA0, 0x20, 0x60, 0x18, 0x60, 0x18, 0x40, 0x10, 0x20, 0x08, 0x20, 0x08, 0x00, 0x00, 0x00, 0x00, 0x00, 0x00, 0x00, 0x00, 0x00, 0x00, 0x00,
  0x00, 0x00, 0x00, 0x00, 0x00, 0x00, 0x00, 0x00, 0x00, 0x00, 0x00, 0x00, 0x00, 0x00, 0x00, 0x00, 0x00, 0x00, 0x00, 0x00, 0x00, 0x00, 0x00, 0x00, 0x00, 0x00, 0x00, 0x00, 0x00, 0x00, 0x00, 0x00,
  0x00, 0x00, 0x00, 0x00, 0x00, 0x00, 0x00, 0x00, 0x00, 0x00, 0x00, 0x00, 0x00, 0x00, 0x00, 0x00, 0x00, 0x00, 0x00, 0x00, 0x00, 0x00, 0x00, 0x00, 0x00, 0x00, 0x00, 0x00, 0x00, 0x00, 0x00, 0x00,
  0x00, 0x00, 0x00, 0x00, 0x00, 0x00, 0x00, 0x00, 0x00, 0x00, 0x00, 0x20, 0x08, 0x20, 0x08, 0x20, 0x10, 0x40, 0x18, 0x40, 0x20, 0x60, 0x28, 0x80, 0x28, 0x80, 0x38, 0x80, 0xE3, 0x63, 0xBA, 0xC3,
  0x30, 0x60, 0x30, 0xC1, 0x28, 0xA1, 0x20, 0x81, 0x18, 0x60, 0x10, 0x61, 0x10, 0x61, 0x10, 0x41, 0x08, 0x41, 0x08, 0x41, 0x08, 0x41, 0x08, 0x41, 0x08, 0x41, 0x08, 0x41, 0x08, 0x41, 0x08, 0x41,
  0x08, 0x41, 0x08, 0x41, 0x08, 0x41, 0x08, 0x41, 0x08, 0x41, 0x08, 0x41, 0x08, 0x41, 0x08, 0x41, 0x08, 0x41, 0x08, 0x41, 0x08, 0x41, 0x08, 0x41, 0x08, 0x41, 0x08, 0x41, 0x08, 0x41, 0x08, 0x41,
  0x08, 0x41, 0x08, 0x41, 0x08, 0x41, 0x08, 0x41, 0x08, 0x41, 0x08, 0x41, 0x08, 0x41, 0x08, 0x41, 0x08, 0x41, 0x08, 0x41, 0x08, 0x41, 0x08, 0x41, 0x08, 0x41, 0x08, 0x41, 0x08, 0x41, 0x08, 0x41,
  0x08, 0x41, 0x08, 0x41, 0x08, 0x41, 0x08, 0x41, 0x08, 0x41, 0x08, 0x41, 0x08, 0x41, 0x08, 0x41, 0x08, 0x61, 0x10, 0xA2, 0x18, 0xC3, 0x20, 0xE4, 0x20, 0xE4, 0x18, 0xE3, 0x18, 0xC3, 0x10, 0x82,
  0x08, 0x61, 0x08, 0x41, 0x08, 0x41, 0x08, 0x41, 0x08, 0x41, 0x08, 0x41, 0x08, 0x41, 0x08, 0x41, 0x08, 0x41, 0x08, 0x41, 0x08, 0x41, 0x08, 0x41, 0x08, 0x41, 0x08, 0x41, 0x08, 0x41, 0x08, 0x41,
  0x08, 0x41, 0x08, 0x41, 0x08, 0x41, 0x08, 0x41, 0x08, 0x41, 0x08, 0x41, 0x08, 0x41, 0x08, 0x41, 0x08, 0x41, 0x08, 0x61, 0x08, 0x61, 0x08, 0x61, 0x08, 0x61, 0x08, 0x61, 0x08, 0x61, 0x08, 0x61,
  0x08, 0x61, 0x08, 0x61, 0x08, 0x61, 0x08, 0x61, 0x08, 0x61, 0x10, 0x62, 0x10, 0x62, 0x10, 0x62, 0x10, 0x62, 0x10, 0x82, 0x10, 0x82, 0x10, 0x82, 0x10, 0x62, 0x10, 0x62, 0x10, 0x82, 0x10, 0xA2,
  0x18, 0xC3, 0x21, 0x04, 0x21, 0x04, 0x21, 0x24, 0x21, 0x04, 0x21, 0x04, 0x18, 0xE3, 0x10, 0xA2, 0x10, 0x82, 0x10, 0xA2, 0x10, 0xA2, 0x10, 0xA2, 0x10, 0xA2, 0x18, 0xA3, 0x18, 0xA3, 0x18, 0xA3,
  0x18, 0xA3, 0x18, 0xA3, 0x18, 0xA3, 0x18, 0xA3, 0x18, 0xC3, 0x18, 0xC3, 0x18, 0xC3, 0x18, 0xC3, 0x18, 0xC3, 0x18, 0xC3, 0x18, 0xC3, 0x18, 0xC3, 0x18, 0xC3, 0x18, 0xE3, 0x18, 0xE3, 0x18, 0xE3,
  0x18, 0xE3, 0x18, 0xE3, 0x18, 0xC3, 0x18, 0xC3, 0x18, 0xE3, 0x18, 0xE3, 0x18, 0xE3, 0x20, 0xE4, 0x20, 0xE4, 0x20, 0xE4, 0x20, 0xE4, 0x20, 0xE4, 0x20, 0xE4, 0x18, 0xE3, 0x20, 0xE4, 0x18, 0xE3,
  0x18, 0xE3, 0x18, 0xE3, 0x20, 0xE4, 0x20, 0xE4, 0x18, 0xE3, 0x20, 0xE3, 0x18, 0xE3, 0x20, 0xE3, 0x20, 0xE3, 0x20, 0xE3, 0x20, 0xE3, 0x30, 0xE2, 0x31, 0x03, 0x39, 0x02, 0x39, 0x23, 0x38, 0xC1,
  0xC2, 0xE3, 0xE3, 0x84, 0x38, 0xA0, 0x28, 0x80, 0x28, 0x80, 0x20, 0x60, 0x18, 0x40, 0x10, 0x40, 0x08, 0x20, 0x08, 0x00, 0x00, 0x00, 0x00, 0x00, 0x00, 0x00, 0x00, 0x00, 0x00, 0x00, 0x00, 0x00,
  0x00, 0x00, 0x00, 0x00, 0x00, 0x00, 0x00, 0x00, 0x00, 0x00, 0x00, 0x00, 0x00, 0x00, 0x00, 0x00, 0x00, 0x00, 0x00, 0x00, 0x00, 0x00, 0x00, 0x00, 0x00, 0x00, 0x00, 0x00, 0x00, 0x00, 0x00, 0x00,
  0x00, 0x00, 0x00, 0x00, 0x00, 0x00, 0x00, 0x00, 0x00, 0x00, 0x00, 0x00, 0x00, 0x00, 0x00, 0x00, 0x00, 0x00, 0x00, 0x00, 0x00, 0x00, 0x00, 0x00, 0x00, 0x00, 0x00, 0x00, 0x00, 0x00, 0x00, 0x00,
  0x00, 0x00, 0x00, 0x00, 0x00, 0x00, 0x00, 0x00, 0x00, 0x00, 0x00, 0x00, 0x00, 0x20, 0x08, 0x20, 0x08, 0x20, 0x10, 0x40, 0x18, 0x40, 0x20, 0x60, 0x28, 0x80, 0x28, 0x60, 0x59, 0x01, 0xFB, 0xE4,
  0x92, 0x02, 0x28, 0x60, 0x30, 0xA1, 0x20, 0xA1, 0x20, 0x81, 0x18, 0x61, 0x10, 0x61, 0x10, 0x61, 0x08, 0x61, 0x08, 0x41, 0x08, 0x41, 0x08, 0x41, 0x08, 0x41, 0x08, 0x41, 0x08, 0x41, 0x08, 0x41,
  0x08, 0x41, 0x08, 0x41, 0x08, 0x41, 0x08, 0x41, 0x08, 0x41, 0x08, 0x41, 0x08, 0x41, 0x08, 0x41, 0x08, 0x41, 0x08, 0x41, 0x08, 0x41, 0x08, 0x41, 0x08, 0x41, 0x08, 0x41, 0x08, 0x41, 0x08, 0x41,
  0x08, 0x41, 0x08, 0x41, 0x08, 0x41, 0x08, 0x41, 0x08, 0x41, 0x08, 0x41, 0x08, 0x41, 0x08, 0x41, 0x08, 0x41, 0x08, 0x41, 0x08, 0x41, 0x08, 0x41, 0x08, 0x41, 0x08, 0x41, 0x08, 0x41, 0x08, 0x41,
  0x08, 0x41, 0x08, 0x41, 0x08, 0x41, 0x08, 0x41, 0x08, 0x41, 0x08, 0x41, 0x08, 0x41, 0x08, 0x41, 0x08, 0x41, 0x08, 0x41, 0x08, 0x41, 0x10, 0x82, 0x18, 0xC3, 0x18, 0xE3, 0x18, 0xE3, 0x18, 0xE3,
  0x18, 0xC3, 0x18, 0xA3, 0x10, 0x82, 0x08, 0x61, 0x08, 0x41, 0x08, 0x41, 0x08, 0x41, 0x08, 0x41, 0x08, 0x41, 0x08, 0x41, 0x08, 0x41, 0x08, 0x41, 0x08, 0x41, 0x08, 0x41, 0x08, 0x41, 0x08, 0x41,
  0x08, 0x41, 0x08, 0x41, 0x08, 0x41, 0x08, 0x41, 0x08, 0x41, 0x08, 0x41, 0x08, 0x41, 0x08, 0x41, 0x08, 0x41, 0x08, 0x41, 0x08, 0x41, 0x08, 0x41, 0x08, 0x61, 0x08, 0x61, 0x08, 0x61, 0x08, 0x61,
  0x08, 0x61, 0x08, 0x61, 0x10, 0x62, 0x10, 0x62, 0x10, 0x62, 0x10, 0x62, 0x10, 0x62, 0x10, 0x62, 0x10, 0x62, 0x10, 0x62, 0x10, 0x62, 0x10, 0x62, 0x10, 0x82, 0x18, 0xC3, 0x20, 0xE4, 0x21, 0x04,
  0x21, 0x24, 0x21, 0x24, 0x21, 0x04, 0x20, 0xE4, 0x18, 0xC3, 0x10, 0x82, 0x10, 0x82, 0x10, 0x82, 0x10, 0x82, 0x10, 0xA2, 0x10, 0xA2, 0x10, 0xA2, 0x18, 0xA3, 0x18, 0xA3, 0x18, 0xA3, 0x18, 0xA3,
  0x18, 0xA3, 0x18, 0xA3, 0x18, 0xA3, 0x18, 0xC3, 0x18, 0xA3, 0x18, 0xC3, 0x18, 0xC3, 0x18, 0xA3, 0x18, 0xC3, 0x18, 0xC3, 0x18, 0xC3, 0x18, 0xC3, 0x18, 0xC3, 0x18, 0xE3, 0x18, 0xC3, 0x18, 0xE3,
  0x18, 0xE3, 0x18, 0xC3, 0x18, 0xC3, 0x18, 0xE3, 0x18, 0xE3, 0x18, 0xE3, 0x18, 0xE3, 0x20, 0xE4, 0x20, 0xE4, 0x20, 0xE4, 0x20, 0xE4, 0x20, 0xE4, 0x20, 0xE4, 0x20, 0xE4, 0x18, 0xE3, 0x18, 0xE3,
  0x18, 0xE3, 0x21, 0x04, 0x20, 0xE4, 0x18, 0xE3, 0x20, 0xE3, 0x20, 0xE3, 0x20, 0xE3, 0x20, 0xE3, 0x20, 0xE3, 0x28, 0xE3, 0x28, 0xE3, 0x31, 0x03, 0x31, 0x03, 0x41, 0x22, 0x30, 0xC1, 0x92, 0x42,
  0xFC, 0x04, 0x59, 0x21, 0x28, 0x80, 0x28, 0x80, 0x20, 0x60, 0x18, 0x40, 0x10, 0x40, 0x08, 0x20, 0x08, 0x20, 0x08, 0x00, 0x00, 0x00, 0x00, 0x00, 0x00, 0x00, 0x00, 0x00, 0x00, 0x00, 0x00, 0x00,
  0x00, 0x00, 0x00, 0x00, 0x00, 0x00, 0x00, 0x00, 0x00, 0x00, 0x00, 0x00, 0x00, 0x00, 0x00, 0x00, 0x00, 0x00, 0x00, 0x00, 0x00, 0x00, 0x00, 0x00, 0x00, 0x00, 0x00, 0x00, 0x00, 0x00, 0x00, 0x00,
  0x00, 0x00, 0x00, 0x00, 0x00, 0x00, 0x00, 0x00, 0x00, 0x00, 0x00, 0x00, 0x00, 0x00, 0x00, 0x00, 0x00, 0x00, 0x00, 0x00, 0x00, 0x00, 0x00, 0x00, 0x00, 0x00, 0x00, 0x00, 0x00, 0x00, 0x00, 0x00,
  0x00, 0x00, 0x00, 0x00, 0x00, 0x00, 0x00, 0x00, 0x00, 0x00, 0x00, 0x00, 0x00, 0x00, 0x00, 0x20, 0x08, 0x20, 0x10, 0x20, 0x10, 0x40, 0x18, 0x60, 0x20, 0x60, 0x28, 0x80, 0x28, 0x40, 0x79, 0xC2,
  0xFB, 0xE4, 0x69, 0x81, 0x28, 0x81, 0x30, 0xC0, 0x20, 0xA1, 0x20, 0x81, 0x18, 0x61, 0x10, 0x61, 0x10, 0x61, 0x08, 0x41, 0x08, 0x41, 0x08, 0x41, 0x08, 0x41, 0x08, 0x41, 0x08, 0x41, 0x08, 0x41,
  0x08, 0x41, 0x08, 0x41, 0x08, 0x41, 0x08, 0x41, 0x08, 0x41, 0x08, 0x41, 0x08, 0x41, 0x08, 0x41, 0x08, 0x41, 0x08, 0x41, 0x08, 0x41, 0x08, 0x41, 0x08, 0x41, 0x08, 0x41, 0x08, 0x41, 0x08, 0x41,
  0x08, 0x41, 0x08, 0x41, 0x08, 0x41, 0x08, 0x41, 0x08, 0x41, 0x08, 0x41, 0x08, 0x41, 0x08, 0x61, 0x08, 0x41, 0x08, 0x41, 0x08, 0x41, 0x08, 0x41, 0x08, 0x41, 0x08, 0x41, 0x08, 0x41, 0x08, 0x41,
  0x08, 0x41, 0x08, 0x41, 0x08, 0x41, 0x08, 0x41, 0x08, 0x41, 0x08, 0x41, 0x08, 0x41, 0x08, 0x41, 0x08, 0x41, 0x08, 0x41, 0x08, 0x41, 0x08, 0x41, 0x08, 0x41, 0x10, 0x62, 0x18, 0xA3, 0x18, 0xC3,
  0x18, 0xE3, 0x20, 0xE4, 0x18, 0xE3, 0x18, 0xC3, 0x18, 0xC3, 0x10, 0xA2, 0x10, 0x62, 0x08, 0x61, 0x08, 0x41, 0x08, 0x41, 0x08, 0x41, 0x08, 0x41, 0x08, 0x41, 0x08, 0x41, 0x08, 0x41, 0x08, 0x41,
  0x08, 0x41, 0x08, 0x41, 0x08, 0x41, 0x08, 0x41, 0x08, 0x41, 0x08, 0x41, 0x08, 0x41, 0x08, 0x41, 0x08, 0x41, 0x08, 0x61, 0x08, 0x61, 0x08, 0x61, 0x08, 0x61, 0x08, 0x61, 0x08, 0x61, 0x08, 0x61,
  0x08, 0x61, 0x08, 0x61, 0x08, 0x61, 0x08, 0x61, 0x08, 0x61, 0x08, 0x61, 0x08, 0x61, 0x10, 0x62, 0x10, 0x82, 0x10, 0xA2, 0x18, 0xC3, 0x20, 0xE4, 0x21, 0x04, 0x21, 0x24, 0x21, 0x24, 0x21, 0x04,
  0x21, 0x04, 0x18, 0xE3, 0x18, 0xA3, 0x10, 0x82, 0x10, 0x62, 0x10, 0x82, 0x10, 0x82, 0x10, 0x82, 0x10, 0x82, 0x10, 0x82, 0x10, 0xA2, 0x10, 0xA2, 0x10, 0xA2, 0x10, 0xA2, 0x18, 0xA3, 0x10, 0xA2,
  0x18, 0xA3, 0x18, 0xA3, 0x18, 0xA3, 0x18, 0xA3, 0x18, 0xA3, 0x18, 0xA3, 0x18, 0xA3, 0x18, 0xA3, 0x18, 0xC3, 0x18, 0xC3, 0x18, 0xC3, 0x18, 0xC3, 0x18, 0xC3, 0x18, 0xC3, 0x18, 0xE3, 0x18, 0xC3,
  0x18, 0xC3, 0x18, 0xC3, 0x18, 0xE3, 0x18, 0xC3, 0x18, 0xE3, 0x18, 0xE3, 0x18, 0xE3, 0x18, 0xE3, 0x20, 0xE4, 0x20, 0xE4, 0x20, 0xE4, 0x18, 0xE3, 0x20, 0xE4, 0x20, 0xE4, 0x18, 0xE3, 0x18, 0xE3,
  0x21, 0x04, 0x20, 0xE4, 0x18, 0xE3, 0x20, 0xE4, 0x20, 0xE3, 0x20, 0xE3, 0x20, 0xE3, 0x20, 0xE3, 0x28, 0xE3, 0x28, 0xE3, 0x31, 0x03, 0x31, 0x03, 0x41, 0x22, 0x30, 0xE2, 0x71, 0xC2, 0xFC, 0x04,
  0x79, 0xC2, 0x28, 0x60, 0x28, 0xA0, 0x20, 0x60, 0x18, 0x60, 0x10, 0x40, 0x10, 0x20, 0x08, 0x20, 0x08, 0x00, 0x00, 0x00, 0x00, 0x00, 0x00, 0x00, 0x00, 0x00, 0x00, 0x00, 0x00, 0x00, 0x00, 0x00,
  0x00, 0x00, 0x00, 0x00, 0x00, 0x00, 0x00, 0x00, 0x00, 0x00, 0x00, 0x00, 0x00, 0x00, 0x00, 0x00, 0x00, 0x00, 0x00, 0x00, 0x00, 0x00, 0x00, 0x00, 0x00, 0x00, 0x00, 0x00, 0x00, 0x00, 0x00, 0x00,
  0x00, 0x00, 0x00, 0x00, 0x00, 0x00, 0x00, 0x00, 0x00, 0x00, 0x00, 0x00, 0x00, 0x00, 0x00, 0x00, 0x00, 0x00, 0x00, 0x00, 0x00, 0x00, 0x00, 0x00, 0x00, 0x00, 0x00, 0x00, 0x00, 0x00, 0x00, 0x00,
  0x00, 0x00, 0x00, 0x00, 0x00, 0x00, 0x00, 0x00, 0x00, 0x00, 0x00, 0x00, 0x00, 0x00, 0x00, 0x00, 0x00, 0x20, 0x08, 0x20, 0x10, 0x40, 0x10, 0x40, 0x18, 0x60, 0x20, 0x60, 0x28, 0xA0, 0x28, 0x60,
  0xA2, 0x43, 0xF3, 0xE4, 0x51, 0x01, 0x28, 0xA0, 0x30, 0xA1, 0x20, 0x81, 0x20, 0x81, 0x18, 0x61, 0x10, 0x61, 0x10, 0x61, 0x08, 0x41, 0x08, 0x41, 0x08, 0x41, 0x08, 0x41, 0x08, 0x41, 0x08, 0x41,
  0x08, 0x41, 0x08, 0x41, 0x08, 0x41, 0x08, 0x41, 0x08, 0x41, 0x08, 0x41, 0x08, 0x41, 0x08, 0x41, 0x08, 0x41, 0x08, 0x41, 0x08, 0x41, 0x08, 0x41, 0x08, 0x41, 0x08, 0x41, 0x08, 0x41, 0x08, 0x41,
  0x08, 0x41, 0x08, 0x41, 0x08, 0x41, 0x08, 0x41, 0x08, 0x41, 0x08, 0x41, 0x08, 0x41, 0x08, 0x41, 0x08, 0x41, 0x08, 0x41, 0x08, 0x41, 0x08, 0x41, 0x08, 0x41, 0x08, 0x41, 0x08, 0x41, 0x08, 0x41,
  0x08, 0x41, 0x08, 0x41, 0x08, 0x41, 0x08, 0x41, 0x08, 0x41, 0x08, 0x41, 0x08, 0x41, 0x08, 0x61, 0x08, 0x41, 0x08, 0x41, 0x08, 0x41, 0x08, 0x41, 0x08, 0x41, 0x08, 0x41, 0x08, 0x41, 0x08, 0x41,
  0x10, 0x82, 0x18, 0xA3, 0x18, 0xC3, 0x18, 0xE3, 0x20, 0xE4, 0x20, 0xE4, 0x18, 0xE3, 0x18, 0xC3, 0x18, 0xA3, 0x10, 0xA2, 0x10, 0x82, 0x10, 0x62, 0x08, 0x61, 0x08, 0x41, 0x08, 0x41, 0x08, 0x41,
  0x08, 0x41, 0x08, 0x41, 0x08, 0x41, 0x08, 0x41, 0x08, 0x41, 0x08, 0x41, 0x08, 0x41, 0x08, 0x41, 0x08, 0x41, 0x08, 0x41, 0x08, 0x41, 0x08, 0x41, 0x08, 0x41, 0x08, 0x41, 0x08, 0x41, 0x08, 0x41,
  0x08, 0x41, 0x08, 0x61, 0x08, 0x61, 0x10, 0x62, 0x10, 0x82, 0x10, 0xA2, 0x18, 0xC3, 0x18, 0xE3, 0x20, 0xE4, 0x21, 0x04, 0x21, 0x04, 0x21, 0x04, 0x21, 0x04, 0x21, 0x04, 0x18, 0xE3, 0x18, 0xA3,
  0x10, 0x82, 0x10, 0x62, 0x10, 0x62, 0x10, 0x82, 0x10, 0x82, 0x10, 0x82, 0x10, 0x82, 0x10, 0x82, 0x10, 0x82, 0x10, 0x82, 0x10, 0x82, 0x10, 0xA2, 0x10, 0xA2, 0x10, 0xA2, 0x10, 0xA2, 0x10, 0xA2,
  0x18, 0xA3, 0x10, 0xA2, 0x18, 0xA3, 0x18, 0xA3, 0x10, 0xA3, 0x10, 0xA3, 0x18, 0xA3, 0x18, 0xA3, 0x18, 0xC3, 0x18, 0xC3, 0x18, 0xC3, 0x18, 0xC3, 0x18, 0xC3, 0x18, 0xC3, 0x18, 0xC3, 0x18, 0xC3,
  0x18, 0xC3, 0x18, 0xE3, 0x18, 0xC3, 0x18, 0xC3, 0x18, 0xE3, 0x18, 0xE3, 0x18, 0xE3, 0x20, 0xE4, 0x20, 0xE4, 0x20, 0xE4, 0x18, 0xE3, 0x20, 0xE4, 0x20, 0xE4, 0x18, 0xE3, 0x18, 0xE3, 0x20, 0xE4,
  0x20, 0xE4, 0x18, 0xC3, 0x18, 0xE3, 0x20, 0xE4, 0x20, 0xE3, 0x20, 0xE3, 0x20, 0xE3, 0x28, 0xE3, 0x28, 0xE3, 0x31, 0x03, 0x31, 0x02, 0x39, 0x23, 0x39, 0x02, 0x61, 0x41, 0xF4, 0x04, 0xA2, 0x63,
  0x20, 0x40, 0x28, 0xA0, 0x20, 0x80, 0x18, 0x60, 0x10, 0x40, 0x10, 0x40, 0x08, 0x20, 0x08, 0x00, 0x00, 0x00, 0x00, 0x00, 0x00, 0x00, 0x00, 0x00, 0x00, 0x00, 0x00, 0x00, 0x00, 0x00, 0x00, 0x00,
  0x00, 0x00, 0x00, 0x00, 0x00, 0x00, 0x00, 0x00, 0x00, 0x00, 0x00, 0x00, 0x00, 0x00, 0x00, 0x00, 0x00, 0x00, 0x00, 0x00, 0x00, 0x00, 0x00, 0x00, 0x00, 0x00, 0x00, 0x00, 0x00, 0x00, 0x00, 0x00,
  0x00, 0x00, 0x00, 0x00, 0x00, 0x00, 0x00, 0x00, 0x00, 0x00, 0x00, 0x00, 0x00, 0x00, 0x00, 0x00, 0x00, 0x00, 0x00, 0x00, 0x00, 0x00, 0x00, 0x00, 0x00, 0x00, 0x00, 0x00, 0x00, 0x00, 0x00, 0x00,
  0x00, 0x00, 0x00, 0x00, 0x00, 0x00, 0x00, 0x00, 0x00, 0x00, 0x00, 0x00, 0x00, 0x00, 0x00, 0x00, 0x00, 0x00, 0x08, 0x20, 0x08, 0x20, 0x10, 0x20, 0x18, 0x40, 0x20, 0x60, 0x28, 0x80, 0x30, 0x80,
  0x30, 0x60, 0xC2, 0xE3, 0xE3, 0x84, 0x40, 0xC0, 0x28, 0xA1, 0x28, 0xA0, 0x20, 0x81, 0x18, 0x81, 0x18, 0x61, 0x10, 0x41, 0x10, 0x41, 0x08, 0x41, 0x08, 0x41, 0x08, 0x41, 0x08, 0x41, 0x08, 0x41,
  0x08, 0x41, 0x08, 0x41, 0x08, 0x41, 0x08, 0x41, 0x08, 0x41, 0x08, 0x41, 0x08, 0x41, 0x08, 0x41, 0x08, 0x41, 0x08, 0x41, 0x08, 0x41, 0x08, 0x41, 0x08, 0x41, 0x08, 0x41, 0x08, 0x41, 0x08, 0x41,
  0x08, 0x41, 0x08, 0x41, 0x08, 0x41, 0x08, 0x41, 0x08, 0x41, 0x08, 0x41, 0x08, 0x41, 0x08, 0x41, 0x08, 0x41, 0x08, 0x41, 0x08, 0x41, 0x08, 0x41, 0x08, 0x41, 0x08, 0x41, 0x08, 0x41, 0x08, 0x41,
  0x08, 0x41, 0x08, 0x41, 0x08, 0x41, 0x08, 0x41, 0x08, 0x41, 0x08, 0x41, 0x08, 0x41, 0x08, 0x61, 0x08, 0x41, 0x08, 0x41, 0x08, 0x41, 0x08, 0x41, 0x08, 0x41, 0x08, 0x41, 0x08, 0x41, 0x08, 0x41,
  0x08, 0x41, 0x08, 0x41, 0x08, 0x41, 0x10, 0x82, 0x10, 0xA2, 0x18, 0xC3, 0x18, 0xE3, 0x18, 0xE3, 0x20, 0xE4, 0x20, 0xE4, 0x18, 0xE3, 0x18, 0xE3, 0x18, 0xC3, 0x18, 0xC3, 0x18, 0xA3, 0x10, 0xA2,
  0x10, 0x82, 0x10, 0x82, 0x10, 0x62, 0x10, 0x62, 0x10, 0x62, 0x08, 0x61, 0x08, 0x61, 0x08, 0x61, 0x08, 0x61, 0x08, 0x61, 0x10, 0x62, 0x10, 0x62, 0x10, 0x82, 0x10, 0x82, 0x10, 0x82, 0x10, 0x82,
  0x18, 0xA3, 0x18, 0xC3, 0x18, 0xC3, 0x18, 0xE3, 0x21, 0x04, 0x21, 0x04, 0x21, 0x04, 0x21, 0x04, 0x21, 0x04, 0x21, 0x04, 0x20, 0xE4, 0x18, 0xC3, 0x18, 0xA3, 0x10, 0x82, 0x10, 0x62, 0x10, 0x62,
  0x10, 0x62, 0x10, 0x82, 0x10, 0x82, 0x10, 0x82, 0x10, 0x82, 0x10, 0x82, 0x10, 0x82, 0x10, 0x82, 0x10, 0x82, 0x10, 0x82, 0x10, 0xA2, 0x10, 0xA2, 0x10, 0xA2, 0x10, 0xA2, 0x10, 0xA2, 0x10, 0xA2,
  0x18, 0xA2, 0x18, 0xA3, 0x10, 0xA3, 0x18, 0xA2, 0x10, 0xA3, 0x18, 0xA3, 0x18, 0xA3, 0x18, 0xC2, 0x18, 0xC3, 0x18, 0xC3, 0x18, 0xC2, 0x18, 0xC3, 0x18, 0xC3, 0x18, 0xC3, 0x18, 0xC3, 0x18, 0xC3,
  0x18, 0xC3, 0x18, 0xC3, 0x18, 0xE3, 0x18, 0xE3, 0x18, 0xE3, 0x18, 0xE3, 0x18, 0xE3, 0x20, 0xE4, 0x20, 0xE4, 0x18, 0xE3, 0x20, 0xE4, 0x20, 0xE4, 0x18, 0xE3, 0x18, 0xE3, 0x20, 0xE4, 0x20, 0xE4,
  0x18, 0xE3, 0x20, 0xE3, 0x20, 0xE3, 0x20, 0xE3, 0x20, 0xE3, 0x20, 0xE3, 0x28, 0xE3, 0x28, 0xE3, 0x31, 0x03, 0x39, 0x02, 0x39, 0x22, 0x39, 0x03, 0x49, 0x01, 0xE3, 0xA4, 0xC2, 0xE3, 0x28, 0x60,
  0x28, 0x80, 0x28, 0x60, 0x18, 0x60, 0x18, 0x40, 0x10, 0x40, 0x08, 0x20, 0x08, 0x00, 0x00, 0x00, 0x00, 0x00, 0x00, 0x00, 0x00, 0x00, 0x00, 0x00, 0x00, 0x00, 0x00, 0x00, 0x00, 0x00, 0x00, 0x00,
  0x00, 0x00, 0x00, 0x00, 0x00, 0x00, 0x00, 0x00, 0x00, 0x00, 0x00, 0x00, 0x00, 0x00, 0x00, 0x00, 0x00, 0x00, 0x00, 0x00, 0x00, 0x00, 0x00, 0x00, 0x00, 0x00, 0x00, 0x00, 0x00, 0x00, 0x00, 0x00,
  0x00, 0x00, 0x00, 0x00, 0x00, 0x00, 0x00, 0x00, 0x00, 0x00, 0x00, 0x00, 0x00, 0x00, 0x00, 0x00, 0x00, 0x00, 0x00, 0x00, 0x00, 0x00, 0x00, 0x00, 0x00, 0x00, 0x00, 0x00, 0x00, 0x00, 0x00, 0x00,
  0x00, 0x00, 0x00, 0x00, 0x00, 0x00, 0x00, 0x00, 0x00, 0x00, 0x00, 0x00, 0x00, 0x00, 0x00, 0x00, 0x00, 0x00, 0x00, 0x00, 0x08, 0x20, 0x08, 0x20, 0x10, 0x40, 0x18, 0x40, 0x20, 0x60, 0x28, 0x80,
  0x28, 0x80, 0x38, 0x80, 0xDB, 0x63, 0xCB, 0x23, 0x30, 0x80, 0x30, 0xA1, 0x30, 0xA1, 0x20, 0x80, 0x18, 0x81, 0x18, 0x61, 0x10, 0x61, 0x10, 0x61, 0x08, 0x41, 0x08, 0x41, 0x08, 0x41, 0x08, 0x41,
  0x08, 0x41, 0x08, 0x41, 0x08, 0x41, 0x08, 0x41, 0x08, 0x41, 0x08, 0x41, 0x08, 0x41, 0x08, 0x41, 0x08, 0x41, 0x08, 0x41, 0x08, 0x41, 0x08, 0x41, 0x08, 0x41, 0x08, 0x41, 0x08, 0x41, 0x08, 0x41,
  0x08, 0x41, 0x08, 0x41, 0x08, 0x41, 0x08, 0x41, 0x08, 0x41, 0x08, 0x41, 0x08, 0x41, 0x08, 0x41, 0x08, 0x41, 0x08, 0x41, 0x08, 0x41, 0x08, 0x41, 0x08, 0x41, 0x08, 0x41, 0x08, 0x41, 0x08, 0x41,
  0x08, 0x41, 0x08, 0x41, 0x08, 0x41, 0x08, 0x41, 0x08, 0x41, 0x08, 0x41, 0x08, 0x41, 0x08, 0x41, 0x08, 0x41, 0x08, 0x41, 0x08, 0x41, 0x08, 0x41, 0x08, 0x41, 0x08, 0x41, 0x08, 0x41, 0x08, 0x41,
  0x08, 0x41, 0x08, 0x41, 0x08, 0x41, 0x08, 0x41, 0x08, 0x41, 0x08, 0x41, 0x08, 0x61, 0x10, 0x82, 0x18, 0xA3, 0x18, 0xC3, 0x18, 0xC3, 0x18, 0xE3, 0x20, 0xE4, 0x20, 0xE4, 0x20, 0xE4, 0x20, 0xE4,
  0x20, 0xE4, 0x18, 0xE3, 0x18, 0xE3, 0x18, 0xE3, 0x18, 0xE3, 0x18, 0xE3, 0x18, 0xE3, 0x18, 0xE3, 0x18, 0xE3, 0x18, 0xE3, 0x18, 0xE3, 0x18, 0xE3, 0x20, 0xE4, 0x20, 0xE4, 0x20, 0xE4, 0x20, 0xE4,
  0x21, 0x04, 0x21, 0x04, 0x21, 0x04, 0x21, 0x04, 0x21, 0x04, 0x20, 0xE4, 0x18, 0xE3, 0x18, 0xC3, 0x18, 0xA3, 0x10, 0x82, 0x10, 0x62, 0x08, 0x61, 0x08, 0x61, 0x10, 0x62, 0x10, 0x82, 0x10, 0x82,
  0x10, 0x82, 0x10, 0x82, 0x10, 0x82, 0x10, 0x82, 0x10, 0x82, 0x10, 0x82, 0x10, 0x82, 0x10, 0x82, 0x10, 0x82, 0x10, 0x82, 0x10, 0x82, 0x10, 0xA2, 0x10, 0xA2, 0x10, 0xA2, 0x10, 0xA2, 0x18, 0xA3,
  0x10, 0xA2, 0x10, 0xA2, 0x10, 0xA2, 0x10, 0xA3, 0x18, 0xA3, 0x10, 0x82, 0x08, 0x62, 0x08, 0x83, 0x08, 0x82, 0x18, 0xC3, 0x18, 0xC3, 0x18, 0xC3, 0x18, 0xC3, 0x18, 0xA3, 0x18, 0xC3, 0x18, 0xC3,
  0x18, 0xC3, 0x18, 0xC3, 0x18, 0xE3, 0x18, 0xE3, 0x18, 0xC3, 0x18, 0xE3, 0x20, 0xE4, 0x18, 0xE3, 0x18, 0xE3, 0x18, 0xE3, 0x18, 0xE3, 0x18, 0xE3, 0x18, 0xE3, 0x20, 0xE4, 0x20, 0xE4, 0x18, 0xE3,
  0x18, 0xE3, 0x20, 0xE3, 0x20, 0xE3, 0x21, 0x03, 0x20, 0xE3, 0x20, 0xE3, 0x28, 0xE3, 0x31, 0x03, 0x31, 0x02, 0x39, 0x02, 0x41, 0x22, 0x40, 0xE1, 0xD3, 0x43, 0xDB, 0x63, 0x38, 0x80, 0x28, 0x80,
  0x28, 0x80, 0x20, 0x60, 0x18, 0x40, 0x10, 0x40, 0x08, 0x20, 0x08, 0x20, 0x00, 0x00, 0x00, 0x00, 0x00, 0x00, 0x00, 0x00, 0x00, 0x00, 0x00, 0x00, 0x00, 0x00, 0x00, 0x00, 0x00, 0x00, 0x00, 0x00,
  0x00, 0x00, 0x00, 0x00, 0x00, 0x00, 0x00, 0x00, 0x00, 0x00, 0x00, 0x00, 0x00, 0x00, 0x00, 0x00, 0x00, 0x00, 0x00, 0x00, 0x00, 0x00, 0x00, 0x00, 0x00, 0x00, 0x00, 0x00, 0x00, 0x00, 0x00, 0x00,
  0x00, 0x00, 0x00, 0x00, 0x00, 0x00, 0x00, 0x00, 0x00, 0x00, 0x00, 0x00, 0x00, 0x00, 0x00, 0x00, 0x00, 0x00, 0x00, 0x00, 0x00, 0x00, 0x00, 0x00, 0x00, 0x00, 0x00, 0x00, 0x00, 0x00, 0x00, 0x00,
  0x00, 0x00, 0x00, 0x00, 0x00, 0x00, 0x00, 0x00, 0x00, 0x00, 0x00, 0x00, 0x00, 0x00, 0x00, 0x00, 0x00, 0x00, 0x00, 0x00, 0x08, 0x00, 0x08, 0x20, 0x08, 0x20, 0x10, 0x40, 0x18, 0x60, 0x20, 0x60,
  0x28, 0x80, 0x28, 0x80, 0x48, 0xE1, 0xEB, 0xC4, 0xBA, 0xA2, 0x30, 0x80, 0x30, 0xC1, 0x28, 0xA1, 0x20, 0x80, 0x18, 0x61, 0x18, 0x61, 0x10, 0x61, 0x10, 0x41, 0x08, 0x41, 0x08, 0x41, 0x08, 0x41,
  0x08, 0x41, 0x08, 0x41, 0x08, 0x41, 0x08, 0x41, 0x08, 0x41, 0x08, 0x41, 0x08, 0x41, 0x08, 0x41, 0x08, 0x41, 0x08, 0x41, 0x08, 0x41, 0x08, 0x41, 0x08, 0x41, 0x08, 0x41, 0x08, 0x41, 0x08, 0x41,
  0x08, 0x41, 0x08, 0x41, 0x08, 0x61, 0x08, 0x41, 0x08, 0x41, 0x08, 0x41, 0x08, 0x41, 0x08, 0x41, 0x08, 0x41, 0x08, 0x41, 0x08, 0x41, 0x08, 0x41, 0x08, 0x41, 0x08, 0x41, 0x08, 0x41, 0x08, 0x41,
  0x08, 0x41, 0x08, 0x41, 0x08, 0x41, 0x08, 0x41, 0x08, 0x41, 0x08, 0x41, 0x08, 0x41, 0x08, 0x41, 0x08, 0x41, 0x08, 0x41, 0x08, 0x41, 0x08, 0x41, 0x08, 0x41, 0x08, 0x41, 0x08, 0x41, 0x08, 0x41,
  0x08, 0x41, 0x08, 0x41, 0x08, 0x41, 0x08, 0x41, 0x08, 0x41, 0x08, 0x41, 0x08, 0x41, 0x08, 0x41, 0x08, 0x41, 0x08, 0x41, 0x08, 0x61, 0x10, 0x62, 0x10, 0x82, 0x10, 0xA2, 0x18, 0xA3, 0x18, 0xC3,
  0x18, 0xC3, 0x18, 0xC3, 0x18, 0xE3, 0x18, 0xE3, 0x20, 0xE4, 0x20, 0xE4, 0x20, 0xE4, 0x20, 0xE4, 0x20, 0xE4, 0x20, 0xE4, 0x21, 0x04, 0x20, 0xE4, 0x20, 0xE4, 0x20, 0xE4, 0x18, 0xE3, 0x18, 0xE3,
  0x18, 0xC3, 0x18, 0xC3, 0x18, 0xA3, 0x10, 0xA2, 0x10, 0x82, 0x10, 0x82, 0x10, 0x62, 0x08, 0x61, 0x08, 0x61, 0x08, 0x61, 0x10, 0x62, 0x10, 0x62, 0x10, 0x62, 0x10, 0x62, 0x10, 0x82, 0x10, 0x82,
  0x10, 0x82, 0x10, 0x82, 0x10, 0x82, 0x10, 0x82, 0x10, 0x82, 0x10, 0x82, 0x10, 0x82, 0x10, 0x82, 0x10, 0x82, 0x10, 0x82, 0x10, 0x82, 0x10, 0x82, 0x10, 0xA2, 0x18, 0xA3, 0x18, 0xA3, 0x10, 0xA2,
  0x10, 0xA2, 0x18, 0xA3, 0x18, 0xA2, 0x08, 0xA3, 0x08, 0x62, 0x30, 0xE2, 0x82, 0x23, 0x9A, 0x63, 0x59, 0x82, 0x10, 0x62, 0x10, 0xC3, 0x18, 0xC3, 0x18, 0xA3, 0x18, 0xC3, 0x18, 0xC3, 0x18, 0xC3,
  0x18, 0xC3, 0x18, 0xE3, 0x18, 0xC3, 0x18, 0xC3, 0x18, 0xE3, 0x18, 0xE3, 0x18, 0xE3, 0x18, 0xC3, 0x18, 0xE3, 0x18, 0xE3, 0x18, 0xE3, 0x18, 0xC3, 0x20, 0xE4, 0x20, 0xE4, 0x18, 0xE3, 0x18, 0xE3,
  0x20, 0xE3, 0x20, 0xC3, 0x21, 0x03, 0x20, 0xE3, 0x20, 0xE3, 0x28, 0xE3, 0x30, 0xE3, 0x39, 0x02, 0x39, 0x02, 0x39, 0x23, 0x38, 0xE1, 0xBA, 0xE3, 0xEB, 0xC4, 0x48, 0xC1, 0x28, 0x80, 0x28, 0x80,
  0x18, 0x60, 0x18, 0x40, 0x10, 0x40, 0x10, 0x20, 0x08, 0x20, 0x00, 0x00, 0x00, 0x00, 0x00, 0x00, 0x00, 0x00, 0x00, 0x00, 0x00, 0x00, 0x00, 0x00, 0x00, 0x00, 0x00, 0x00, 0x00, 0x00, 0x00, 0x00,
  0x00, 0x00, 0x00, 0x00, 0x00, 0x00, 0x00, 0x00, 0x00, 0x00, 0x00, 0x00, 0x00, 0x00, 0x00, 0x00, 0x00, 0x00, 0x00, 0x00, 0x00, 0x00, 0x00, 0x00, 0x00, 0x00, 0x00, 0x00, 0x00, 0x00, 0x00, 0x00,
  0x00, 0x00, 0x00, 0x00, 0x00, 0x00, 0x00, 0x00, 0x00, 0x00, 0x00, 0x00, 0x00, 0x00, 0x00, 0x00, 0x00, 0x00, 0x00, 0x00, 0x00, 0x00, 0x00, 0x00, 0x00, 0x00, 0x00, 0x00, 0x00, 0x00, 0x00, 0x00,
  0x00, 0x00, 0x00, 0x00, 0x00, 0x00, 0x00, 0x00, 0x00, 0x00, 0x00, 0x00, 0x00, 0x00, 0x00, 0x00, 0x00, 0x00, 0x00, 0x00, 0x00, 0x00, 0x08, 0x00, 0x08, 0x20, 0x08, 0x20, 0x18, 0x40, 0x18, 0x40,
  0x20, 0x60, 0x28, 0x80, 0x28, 0x60, 0x59, 0x01, 0xFB, 0xE4, 0xA2, 0x63, 0x30, 0x60, 0x30, 0xC1, 0x28, 0xA1, 0x20, 0x81, 0x18, 0x61, 0x18, 0x61, 0x10, 0x61, 0x10, 0x41, 0x08, 0x41, 0x08, 0x41,
  0x08, 0x41, 0x08, 0x41, 0x08, 0x41, 0x08, 0x41, 0x08, 0x41, 0x08, 0x41, 0x08, 0x41, 0x08, 0x41, 0x08, 0x41, 0x08, 0x41, 0x08, 0x41, 0x08, 0x41, 0x08, 0x41, 0x08, 0x41, 0x08, 0x41, 0x08, 0x41,
  0x08, 0x61, 0x10, 0x62, 0x00, 0x00, 0x10, 0x62, 0x08, 0x41, 0x08, 0x41, 0x08, 0x41, 0x08, 0x41, 0x08, 0x41, 0x08, 0x41, 0x08, 0x41, 0x08, 0x41, 0x08, 0x41, 0x08, 0x41, 0x08, 0x41, 0x08, 0x41,
  0x08, 0x41, 0x08, 0x41, 0x08, 0x41, 0x08, 0x41, 0x08, 0x41, 0x08, 0x41, 0x08, 0x41, 0x08, 0x41, 0x08, 0x41, 0x08, 0x41, 0x08, 0x41, 0x08, 0x41, 0x08, 0x41, 0x08, 0x41, 0x08, 0x41, 0x08, 0x41,
  0x08, 0x41, 0x08, 0x41, 0x08, 0x41, 0x08, 0x41, 0x08, 0x41, 0x08, 0x41, 0x08, 0x41, 0x08, 0x41, 0x08, 0x41, 0x08, 0x41, 0x08, 0x41, 0x08, 0x41, 0x08, 0x41, 0x08, 0x41, 0x08, 0x41, 0x08, 0x41,
  0x08, 0x41, 0x08, 0x61, 0x08, 0x61, 0x10, 0x62, 0x10, 0x62, 0x10, 0x62, 0x10, 0x82, 0x10, 0x82, 0x10, 0x82, 0x10, 0x82, 0x10, 0x82, 0x10, 0x62, 0x10, 0x62, 0x10, 0x62, 0x08, 0x61, 0x08, 0x61,
  0x08, 0x41, 0x08, 0x41, 0x08, 0x41, 0x08, 0x41, 0x08, 0x41, 0x08, 0x61, 0x10, 0x62, 0x10, 0x62, 0x10, 0x62, 0x10, 0x62, 0x10, 0x62, 0x10, 0x62, 0x10, 0x62, 0x10, 0x62, 0x10, 0x62, 0x10, 0x82,
  0x10, 0x82, 0x10, 0x82, 0x10, 0x82, 0x10, 0x82, 0x10, 0x82, 0x10, 0x82, 0x10, 0x82, 0x10, 0x82, 0x10, 0x82, 0x10, 0x82, 0x10, 0x82, 0x10, 0x82, 0x10, 0xA2, 0x10, 0xA2, 0x10, 0xA2, 0x10, 0xA2,
  0x18, 0xA2, 0x10, 0xA2, 0x08, 0x62, 0x38, 0xE2, 0x9A, 0x63, 0xC3, 0x04, 0x81, 0xE3, 0x59, 0x42, 0xAA, 0x83, 0x9A, 0x63, 0x18, 0x61, 0x10, 0xA3, 0x18, 0xC3, 0x18, 0xC3, 0x18, 0xC3, 0x18, 0xC3,
  0x18, 0xC3, 0x18, 0xC3, 0x18, 0xC3, 0x18, 0xE3, 0x18, 0xE3, 0x18, 0xE3, 0x18, 0xC3, 0x18, 0xE3, 0x18, 0xE3, 0x18, 0xE3, 0x18, 0xE3, 0x20, 0xE4, 0x20, 0xE4, 0x18, 0xC3, 0x18, 0xE3, 0x20, 0xE3,
  0x20, 0xE3, 0x20, 0xE3, 0x20, 0xE3, 0x20, 0xE3, 0x28, 0xE3, 0x31, 0x03, 0x31, 0x03, 0x39, 0x02, 0x41, 0x23, 0x38, 0xC1, 0xAA, 0xA2, 0xF4, 0x04, 0x61, 0x21, 0x28, 0x60, 0x28, 0x80, 0x20, 0x60,
  0x18, 0x60, 0x10, 0x40, 0x10, 0x20, 0x08, 0x20, 0x08, 0x00, 0x00, 0x00, 0x00, 0x00, 0x00, 0x00, 0x00, 0x00, 0x00, 0x00, 0x00, 0x00, 0x00, 0x00, 0x00, 0x00, 0x00, 0x00, 0x00, 0x00, 0x00, 0x00,
  0x00, 0x00, 0x00, 0x00, 0x00, 0x00, 0x00, 0x00, 0x00, 0x00, 0x00, 0x00, 0x00, 0x00, 0x00, 0x00, 0x00, 0x00, 0x00, 0x00, 0x00, 0x00, 0x00, 0x00, 0x00, 0x00, 0x00, 0x00, 0x00, 0x00, 0x00, 0x00,
  0x00, 0x00, 0x00, 0x00, 0x00, 0x00, 0x00, 0x00, 0x00, 0x00, 0x00, 0x00, 0x00, 0x00, 0x00, 0x00, 0x00, 0x00, 0x00, 0x00, 0x00, 0x00, 0x00, 0x00, 0x00, 0x00, 0x00, 0x00, 0x00, 0x00, 0x00, 0x00,
  0x00, 0x00, 0x00, 0x00, 0x00, 0x00, 0x00, 0x00, 0x00, 0x00, 0x00, 0x00, 0x00, 0x00, 0x00, 0x00, 0x00, 0x00, 0x00, 0x00, 0x00, 0x00, 0x00, 0x00, 0x08, 0x20, 0x08, 0x20, 0x10, 0x20, 0x10, 0x40,
  0x18, 0x60, 0x20, 0x60, 0x28, 0x80, 0x20, 0x60, 0x69, 0x42, 0xFC, 0x25, 0x9A, 0x22, 0x28, 0x60, 0x30, 0xA1, 0x28, 0x81, 0x20, 0x80, 0x18, 0x61, 0x18, 0x61, 0x10, 0x61, 0x10, 0x41, 0x08, 0x41,
  0x08, 0x41, 0x08, 0x41, 0x08, 0x41, 0x08, 0x41, 0x08, 0x41, 0x08, 0x41, 0x08, 0x41, 0x08, 0x41, 0x08, 0x41, 0x08, 0x41, 0x08, 0x41, 0x08, 0x41, 0x08, 0x41, 0x08, 0x41, 0x08, 0x61, 0x00, 0x00,
  0x8C, 0x71, 0xCE, 0x79, 0x29, 0x65, 0x00, 0x00, 0x08, 0x61, 0x08, 0x41, 0x08, 0x41, 0x08, 0x41, 0x08, 0x41, 0x08, 0x41, 0x08, 0x41, 0x08, 0x41, 0x08, 0x41, 0x08, 0x41, 0x08, 0x41, 0x08, 0x41,
  0x08, 0x41, 0x08, 0x41, 0x08, 0x41, 0x08, 0x41, 0x08, 0x41, 0x08, 0x41, 0x08, 0x41, 0x08, 0x41, 0x08, 0x41, 0x08, 0x41, 0x08, 0x41, 0x08, 0x41, 0x08, 0x41, 0x08, 0x41, 0x08, 0x41, 0x08, 0x41,
  0x08, 0x41, 0x08, 0x41, 0x08, 0x61, 0x08, 0x61, 0x08, 0x41, 0x08, 0x41, 0x08, 0x41, 0x08, 0x41, 0x08, 0x41, 0x08, 0x41, 0x08, 0x41, 0x08, 0x41, 0x08, 0x41, 0x08, 0x41, 0x08, 0x41, 0x08, 0x41,
  0x08, 0x41, 0x08, 0x41, 0x08, 0x41, 0x08, 0x41, 0x08, 0x41, 0x08, 0x41, 0x08, 0x41, 0x08, 0x41, 0x08, 0x41, 0x08, 0x41, 0x08, 0x41, 0x08, 0x41, 0x08, 0x41, 0x08, 0x41, 0x08, 0x41, 0x08, 0x41,
  0x08, 0x41, 0x08, 0x41, 0x08, 0x61, 0x08, 0x61, 0x08, 0x61, 0x10, 0x62, 0x10, 0x62, 0x10, 0x62, 0x10, 0x62, 0x10, 0x62, 0x10, 0x62, 0x10, 0x62, 0x10, 0x62, 0x10, 0x62, 0x10, 0x62, 0x10, 0x62,
  0x10, 0x82, 0x10, 0x82, 0x10, 0x82, 0x10, 0x82, 0x10, 0x82, 0x10, 0x82, 0x10, 0x82, 0x10, 0x82, 0x10, 0x82, 0x10, 0x82, 0x10, 0x82, 0x10, 0x82, 0x10, 0x82, 0x10, 0x82, 0x10, 0x82, 0x10, 0xA2,
  0x10, 0x83, 0x20, 0xA2, 0x92, 0x43, 0xC2, 0xE4, 0x79, 0xC2, 0x18, 0x40, 0x00, 0x00, 0x00, 0x00, 0x00, 0x00, 0x81, 0xE2, 0xC2, 0xE3, 0x39, 0x02, 0x08, 0x83, 0x18, 0xC3, 0x18, 0xC3, 0x18, 0xC3,
  0x18, 0xC3, 0x18, 0xC3, 0x18, 0xC3, 0x18, 0xE3, 0x18, 0xC3, 0x18, 0xE3, 0x18, 0xE3, 0x18, 0xC3, 0x18, 0xC3, 0x18, 0xC3, 0x20, 0xE4, 0x20, 0xE3, 0x18, 0xE3, 0x18, 0xE3, 0x20, 0xE3, 0x20, 0xC3,
  0x20, 0xE3, 0x20, 0xE3, 0x20, 0xE3, 0x28, 0xE3, 0x30, 0xE3, 0x31, 0x02, 0x39, 0x02, 0x41, 0x22, 0x38, 0xC1, 0x9A, 0x62, 0xFC, 0x24, 0x69, 0x62, 0x20, 0x60, 0x28, 0xA0, 0x20, 0x60, 0x18, 0x60,
  0x10, 0x40, 0x10, 0x20, 0x08, 0x20, 0x08, 0x00, 0x00, 0x00, 0x00, 0x00, 0x00, 0x00, 0x00, 0x00, 0x00, 0x00, 0x00, 0x00, 0x00, 0x00, 0x00, 0x00, 0x00, 0x00, 0x00, 0x00, 0x00, 0x00, 0x00, 0x00,
  0x00, 0x00, 0x00, 0x00, 0x00, 0x00, 0x00, 0x00, 0x00, 0x00, 0x00, 0x00, 0x00, 0x00, 0x00, 0x00, 0x00, 0x00, 0x00, 0x00, 0x00, 0x00, 0x00, 0x00, 0x00, 0x00, 0x00, 0x00, 0x00, 0x00, 0x00, 0x00,
  0x00, 0x00, 0x00, 0x00, 0x00, 0x00, 0x00, 0x00, 0x00, 0x00, 0x00, 0x00, 0x00, 0x00, 0x00, 0x00, 0x00, 0x00, 0x00, 0x00, 0x00, 0x00, 0x00, 0x00, 0x00, 0x00, 0x00, 0x00, 0x00, 0x00, 0x00, 0x00,
  0x00, 0x00, 0x00, 0x00, 0x00, 0x00, 0x00, 0x00, 0x00, 0x00, 0x00, 0x00, 0x00, 0x00, 0x00, 0x00, 0x00, 0x00, 0x00, 0x00, 0x00, 0x00, 0x00, 0x00, 0x00, 0x00, 0x08, 0x20, 0x08, 0x20, 0x10, 0x40,
  0x18, 0x40, 0x18, 0x60, 0x20, 0x60, 0x28, 0xA0, 0x20, 0x60, 0x79, 0x82, 0xFC, 0x04, 0x8A, 0x02, 0x28, 0x60, 0x30, 0xA1, 0x28, 0x81, 0x20, 0x81, 0x20, 0x61, 0x18, 0x61, 0x10, 0x61, 0x10, 0x41,
  0x08, 0x41, 0x08, 0x41, 0x08, 0x41, 0x08, 0x41, 0x08, 0x41, 0x08, 0x41, 0x08, 0x41, 0x08, 0x41, 0x08, 0x41, 0x08, 0x41, 0x08, 0x41, 0x08, 0x41, 0x08, 0x41, 0x10, 0x62, 0x00, 0x00, 0x4A, 0x49,
  0xFF, 0xFF, 0xFF, 0xFF, 0xFF, 0xFF, 0x6B, 0x4D, 0x00, 0x00, 0x08, 0x41, 0x08, 0x41, 0x08, 0x41, 0x08, 0x41, 0x08, 0x41, 0x08, 0x41, 0x08, 0x41, 0x08, 0x41, 0x08, 0x41, 0x08, 0x41, 0x08, 0x41,
  0x08, 0x41, 0x08, 0x41, 0x08, 0x41, 0x08, 0x41, 0x08, 0x41, 0x08, 0x41, 0x08, 0x41, 0x08, 0x41, 0x08, 0x41, 0x08, 0x41, 0x08, 0x41, 0x08, 0x41, 0x08, 0x41, 0x08, 0x41, 0x08, 0x41, 0x08, 0x41,
  0x08, 0x41, 0x08, 0x41, 0x08, 0x41, 0x08, 0x41, 0x08, 0x41, 0x08, 0x41, 0x08, 0x41, 0x08, 0x41, 0x08, 0x41, 0x08, 0x41, 0x08, 0x41, 0x08, 0x41, 0x08, 0x41, 0x08, 0x41, 0x08, 0x41, 0x08, 0x41,
  0x08, 0x41, 0x08, 0x41, 0x08, 0x41, 0x08, 0x41, 0x08, 0x41, 0x08, 0x41, 0x08, 0x41, 0x08, 0x41, 0x08, 0x41, 0x08, 0x41, 0x08, 0x41, 0x08, 0x41, 0x08, 0x41, 0x08, 0x41, 0x08, 0x41, 0x08, 0x41,
  0x08, 0x41, 0x08, 0x41, 0x08, 0x61, 0x08, 0x61, 0x08, 0x61, 0x08, 0x61, 0x10, 0x62, 0x08, 0x62, 0x08, 0x61, 0x08, 0x61, 0x08, 0x61, 0x10, 0x62, 0x10, 0x62, 0x10, 0x62, 0x10, 0x62, 0x10, 0x62,
  0x10, 0x62, 0x10, 0x62, 0x10, 0x82, 0x10, 0x82, 0x10, 0x82, 0x10, 0x82, 0x10, 0x82, 0x10, 0x82, 0x10, 0x82, 0x10, 0x82, 0x10, 0x82, 0x10, 0x82, 0x10, 0x82, 0x10, 0x82, 0x10, 0x82, 0x10, 0x83,
  0x10, 0x62, 0xAA, 0x83, 0x92, 0x03, 0x10, 0x20, 0x00, 0x00, 0x00, 0x00, 0x00, 0x20, 0x08, 0x20, 0x08, 0x20, 0x00, 0x00, 0x59, 0x22, 0xCB, 0x24, 0x61, 0x82, 0x08, 0x62, 0x18, 0xC3, 0x18, 0xC3,
  0x18, 0xC3, 0x18, 0xC3, 0x18, 0xC3, 0x18, 0xC3, 0x18, 0xC3, 0x18, 0xC3, 0x18, 0xC3, 0x18, 0xC3, 0x18, 0xC3, 0x20, 0xE4, 0x18, 0xE3, 0x18, 0xC3, 0x18, 0xE3, 0x20, 0xE3, 0x20, 0xC3, 0x20, 0xE3,
  0x20, 0xE3, 0x20, 0xE3, 0x28, 0xE3, 0x30, 0xE3, 0x39, 0x03, 0x39, 0x02, 0x41, 0x23, 0x38, 0xC1, 0x8A, 0x22, 0xFC, 0x24, 0x79, 0xA2, 0x20, 0x60, 0x28, 0xA0, 0x20, 0x60, 0x18, 0x60, 0x18, 0x40,
  0x10, 0x20, 0x08, 0x20, 0x08, 0x00, 0x00, 0x00, 0x00, 0x00, 0x00, 0x00, 0x00, 0x00, 0x00, 0x00, 0x00, 0x00, 0x00, 0x00, 0x00, 0x00, 0x00, 0x00, 0x00, 0x00, 0x00, 0x00, 0x00, 0x00, 0x00, 0x00,
  0x00, 0x00, 0x00, 0x00, 0x00, 0x00, 0x00, 0x00, 0x00, 0x00, 0x00, 0x00, 0x00, 0x00, 0x00, 0x00, 0x00, 0x00, 0x00, 0x00, 0x00, 0x00, 0x00, 0x00, 0x00, 0x00, 0x00, 0x00, 0x00, 0x00, 0x00, 0x00,
  0x00, 0x00, 0x00, 0x00, 0x00, 0x00, 0x00, 0x00, 0x00, 0x00, 0x00, 0x00, 0x00, 0x00, 0x00, 0x00, 0x00, 0x00, 0x00, 0x00, 0x00, 0x00, 0x00, 0x00, 0x00, 0x00, 0x00, 0x00, 0x00, 0x00, 0x00, 0x00,
  0x00, 0x00, 0x00, 0x00, 0x00, 0x00, 0x00, 0x00, 0x00, 0x00, 0x00, 0x00, 0x00, 0x00, 0x00, 0x00, 0x00, 0x00, 0x00, 0x00, 0x00, 0x00, 0x00, 0x00, 0x00, 0x00, 0x08, 0x00, 0x08, 0x20, 0x08, 0x20,
  0x10, 0x20, 0x18, 0x40, 0x20, 0x40, 0x28, 0x60, 0x28, 0xA0, 0x20, 0x60, 0x81, 0xA2, 0xFC, 0x24, 0x81, 0xE2, 0x28, 0x60, 0x30, 0xC1, 0x28, 0xA1, 0x20, 0x80, 0x18, 0x61, 0x18, 0x61, 0x10, 0x61,
  0x10, 0x41, 0x10, 0x41, 0x08, 0x41, 0x08, 0x41, 0x08, 0x41, 0x08, 0x41, 0x08, 0x41, 0x08, 0x41, 0x08, 0x41, 0x08, 0x41, 0x08, 0x41, 0x08, 0x41, 0x08, 0x61, 0x08, 0x21, 0x18, 0xA3, 0xDE, 0xFB,
  0xFF, 0xDF, 0x52, 0x8A, 0xA5, 0x34, 0xFF, 0xFF, 0xA5, 0x14, 0x08, 0x41, 0x08, 0x41, 0x08, 0x41, 0x08, 0x41, 0x08, 0x41, 0x08, 0x41, 0x08, 0x41, 0x08, 0x41, 0x08, 0x41, 0x08, 0x41, 0x08, 0x41,
  0x08, 0x41, 0x08, 0x41, 0x08, 0x41, 0x08, 0x41, 0x08, 0x41, 0x08, 0x41, 0x08, 0x41, 0x08, 0x41, 0x08, 0x41, 0x08, 0x41, 0x08, 0x41, 0x08, 0x41, 0x08, 0x41, 0x08, 0x41, 0x08, 0x41, 0x08, 0x41,
  0x08, 0x41, 0x08, 0x41, 0x08, 0x41, 0x08, 0x41, 0x08, 0x41, 0x08, 0x41, 0x08, 0x41, 0x08, 0x41, 0x08, 0x41, 0x08, 0x41, 0x08, 0x41, 0x08, 0x41, 0x08, 0x41, 0x08, 0x41, 0x08, 0x41, 0x08, 0x41,
  0x08, 0x41, 0x08, 0x41, 0x08, 0x41, 0x08, 0x41, 0x08, 0x41, 0x08, 0x41, 0x08, 0x41, 0x08, 0x41, 0x08, 0x41, 0x08, 0x41, 0x08, 0x41, 0x08, 0x41, 0x08, 0x41, 0x08, 0x41, 0x08, 0x41, 0x08, 0x41,
  0x08, 0x41, 0x08, 0x41, 0x08, 0x41, 0x08, 0x61, 0x08, 0x61, 0x08, 0x61, 0x08, 0x61, 0x08, 0x61, 0x08, 0x61, 0x08, 0x61, 0x10, 0x62, 0x10, 0x62, 0x10, 0x62, 0x10, 0x62, 0x10, 0x62, 0x10, 0x62,
  0x10, 0x62, 0x10, 0x62, 0x10, 0x82, 0x10, 0x82, 0x10, 0x82, 0x10, 0x82, 0x10, 0x82, 0x10, 0x82, 0x10, 0x82, 0x10, 0x82, 0x10, 0x82, 0x10, 0x82, 0x10, 0x82, 0x10, 0x82, 0x10, 0xA2, 0x08, 0x62,
  0x51, 0x22, 0xAA, 0x63, 0x00, 0x00, 0x00, 0x00, 0x08, 0x21, 0x00, 0x00, 0x00, 0x00, 0x00, 0x00, 0x00, 0x00, 0x00, 0x00, 0x00, 0x00, 0x28, 0x81, 0xBA, 0xE4, 0x8A, 0x23, 0x10, 0x62, 0x10, 0xC3,
  0x18, 0xC3, 0x18, 0xC3, 0x18, 0xC3, 0x18, 0xC3, 0x18, 0xC3, 0x18, 0xC3, 0x18, 0xC3, 0x18, 0xC3, 0x20, 0xE4, 0x18, 0xE3, 0x18, 0xC3, 0x18, 0xC3, 0x18, 0xE3, 0x20, 0xE3, 0x20, 0xE3, 0x20, 0xE3,
  0x20, 0xE3, 0x28, 0xE3, 0x30, 0xE3, 0x31, 0x03, 0x39, 0x02, 0x41, 0x22, 0x38, 0xC1, 0x8A, 0x02, 0xFC, 0x24, 0x81, 0xC2, 0x20, 0x40, 0x28, 0xA0, 0x28, 0x60, 0x20, 0x60, 0x18, 0x40, 0x10, 0x20,
  0x08, 0x20, 0x08, 0x00, 0x00, 0x00, 0x00, 0x00, 0x00, 0x00, 0x00, 0x00, 0x00, 0x00, 0x00, 0x00, 0x00, 0x00, 0x00, 0x00, 0x00, 0x00, 0x00, 0x00, 0x00, 0x00, 0x00, 0x00, 0x00, 0x00, 0x00, 0x00,
  0x00, 0x00, 0x00, 0x00, 0x00, 0x00, 0x00, 0x00, 0x00, 0x00, 0x00, 0x00, 0x00, 0x00, 0x00, 0x00, 0x00, 0x00, 0x00, 0x00, 0x00, 0x00, 0x00, 0x00, 0x00, 0x00, 0x00, 0x00, 0x00, 0x00, 0x00, 0x00,
  0x00, 0x00, 0x00, 0x00, 0x00, 0x00, 0x00, 0x00, 0x00, 0x00, 0x00, 0x00, 0x00, 0x00, 0x00, 0x00, 0x00, 0x00, 0x00, 0x00, 0x00, 0x00, 0x00, 0x00, 0x00, 0x00, 0x00, 0x00, 0x00, 0x00, 0x00, 0x00,
  0x00, 0x00, 0x00, 0x00, 0x00, 0x00, 0x00, 0x00, 0x00, 0x00, 0x00, 0x00, 0x00, 0x00, 0x00, 0x00, 0x00, 0x00, 0x00, 0x00, 0x00, 0x00, 0x00, 0x00, 0x00, 0x00, 0x00, 0x00, 0x08, 0x00, 0x08, 0x00,
  0x08, 0x20, 0x10, 0x20, 0x18, 0x40, 0x18, 0x60, 0x20, 0x60, 0x28, 0x80, 0x20, 0x40, 0x81, 0xC2, 0xFC, 0x04, 0x81, 0xE2, 0x28, 0x60, 0x30, 0xC1, 0x28, 0xA1, 0x20, 0x81, 0x18, 0x61, 0x18, 0x61,
  0x10, 0x61, 0x10, 0x41, 0x10, 0x41, 0x08, 0x41, 0x08, 0x41, 0x08, 0x41, 0x08, 0x41, 0x08, 0x41, 0x08, 0x41, 0x08, 0x41, 0x08, 0x41, 0x08, 0x41, 0x08, 0x61, 0x00, 0x00, 0xAD, 0x55, 0xFF, 0xFF,
  0x7B, 0xEF, 0x00, 0x00, 0x00, 0x00, 0x7B, 0xCF, 0xFF, 0xFF, 0x94, 0x92, 0x00, 0x00, 0x08, 0x61, 0x08, 0x41, 0x08, 0x41, 0x08, 0x41, 0x08, 0x41, 0x08, 0x41, 0x08, 0x41, 0x08, 0x41, 0x08, 0x41,
  0x08, 0x41, 0x08, 0x41, 0x08, 0x41, 0x08, 0x41, 0x08, 0x41, 0x08, 0x41, 0x08, 0x41, 0x08, 0x41, 0x08, 0x41, 0x08, 0x41, 0x08, 0x41, 0x08, 0x41, 0x08, 0x41, 0x08, 0x41, 0x08, 0x41, 0x08, 0x41,
  0x08, 0x41, 0x08, 0x41, 0x08, 0x41, 0x08, 0x41, 0x08, 0x41, 0x08, 0x41, 0x08, 0x41, 0x08, 0x41, 0x08, 0x41, 0x08, 0x41, 0x08, 0x41, 0x08, 0x41, 0x08, 0x41, 0x08, 0x41, 0x08, 0x41, 0x08, 0x41,
  0x08, 0x41, 0x08, 0x41, 0x08, 0x41, 0x08, 0x41, 0x08, 0x41, 0x08, 0x41, 0x08, 0x41, 0x08, 0x41, 0x08, 0x41, 0x08, 0x41, 0x08, 0x41, 0x08, 0x41, 0x08, 0x41, 0x08, 0x41, 0x08, 0x41, 0x08, 0x41,
  0x08, 0x41, 0x08, 0x61, 0x08, 0x61, 0x08, 0x61, 0x08, 0x61, 0x08, 0x61, 0x08, 0x61, 0x08, 0x61, 0x08, 0x61, 0x10, 0x62, 0x10, 0x62, 0x10, 0x62, 0x10, 0x62, 0x10, 0x62, 0x10, 0x62, 0x10, 0x62,
  0x10, 0x82, 0x10, 0x82, 0x10, 0x82, 0x10, 0x82, 0x10, 0x62, 0x10, 0x82, 0x10, 0x82, 0x10, 0x82, 0x10, 0x82, 0x10, 0x82, 0x10, 0x82, 0x10, 0x82, 0x10, 0x82, 0x10, 0x82, 0x10, 0xA2, 0x00, 0x42,
  0x61, 0xA2, 0x81, 0xE3, 0x00, 0x00, 0x08, 0x20, 0x00, 0x00, 0x00, 0x20, 0x00, 0x00, 0x39, 0xE7, 0x7B, 0xEF, 0x10, 0x82, 0x00, 0x20, 0x00, 0x00, 0x08, 0x00, 0x9A, 0x63, 0xAA, 0xA3, 0x28, 0xC2,
  0x10, 0x83, 0x20, 0xC3, 0x18, 0xC3, 0x18, 0xC3, 0x18, 0xC3, 0x18, 0xC3, 0x18, 0xC3, 0x18, 0xE3, 0x18, 0xC3, 0x18, 0xC3, 0x18, 0xC3, 0x18, 0xC3, 0x20, 0xC3, 0x20, 0xE3, 0x20, 0xE3, 0x28, 0xE3,
  0x28, 0xE3, 0x28, 0xE3, 0x31, 0x03, 0x39, 0x02, 0x41, 0x23, 0x38, 0xC1, 0x8A, 0x02, 0xFC, 0x24, 0x89, 0xE2, 0x20, 0x40, 0x28, 0x80, 0x20, 0x60, 0x18, 0x60, 0x18, 0x40, 0x10, 0x20, 0x08, 0x20,
  0x08, 0x20, 0x00, 0x00, 0x00, 0x00, 0x00, 0x00, 0x00, 0x00, 0x00, 0x00, 0x00, 0x00, 0x00, 0x00, 0x00, 0x00, 0x00, 0x00, 0x00, 0x00, 0x00, 0x00, 0x00, 0x00, 0x00, 0x00, 0x00, 0x00, 0x00, 0x00,
  0x00, 0x00, 0x00, 0x00, 0x00, 0x00, 0x00, 0x00, 0x00, 0x00, 0x00, 0x00, 0x00, 0x00, 0x00, 0x00, 0x00, 0x00, 0x00, 0x00, 0x00, 0x00, 0x00, 0x00, 0x00, 0x00, 0x00, 0x00, 0x00, 0x00, 0x00, 0x00,
  0x00, 0x00, 0x00, 0x00, 0x00, 0x00, 0x00, 0x00, 0x00, 0x00, 0x00, 0x00, 0x00, 0x00, 0x00, 0x00, 0x00, 0x00, 0x00, 0x00, 0x00, 0x00, 0x00, 0x00, 0x00, 0x00, 0x00, 0x00, 0x00, 0x00, 0x00, 0x00,
  0x00, 0x00, 0x00, 0x00, 0x00, 0x00, 0x00, 0x00, 0x00, 0x00, 0x00, 0x00, 0x00, 0x00, 0x00, 0x00, 0x00, 0x00, 0x00, 0x00, 0x00, 0x00, 0x00, 0x00, 0x00, 0x00, 0x00, 0x00, 0x00, 0x00, 0x00, 0x00,
  0x08, 0x20, 0x08, 0x20, 0x10, 0x40, 0x18, 0x40, 0x20, 0x60, 0x20, 0x60, 0x28, 0xA0, 0x28, 0x40, 0x89, 0xE2, 0xFC, 0x24, 0x81, 0xE2, 0x28, 0x60, 0x30, 0xC1, 0x28, 0xA0, 0x20, 0x80, 0x18, 0x61,
  0x18, 0x61, 0x10, 0x61, 0x10, 0x41, 0x08, 0x41, 0x08, 0x41, 0x08, 0x41, 0x08, 0x41, 0x08, 0x41, 0x08, 0x41, 0x08, 0x41, 0x08, 0x41, 0x08, 0x61, 0x00, 0x00, 0x6B, 0x6D, 0xFF, 0xFF, 0xBD, 0xD7,
  0x00, 0x00, 0x10, 0x62, 0x10, 0x62, 0x00, 0x00, 0xB5, 0xB6, 0xFF, 0xDF, 0x18, 0xE3, 0x00, 0x20, 0x08, 0x61, 0x08, 0x61, 0x10, 0x62, 0x08, 0x61, 0x08, 0x41, 0x08, 0x41, 0x08, 0x41, 0x08, 0x41,
  0x08, 0x41, 0x08, 0x41, 0x08, 0x41, 0x08, 0x41, 0x08, 0x41, 0x08, 0x41, 0x08, 0x41, 0x08, 0x41, 0x08, 0x41, 0x08, 0x41, 0x08, 0x41, 0x08, 0x41, 0x08, 0x41, 0x08, 0x41, 0x08, 0x41, 0x08, 0x41,
  0x08, 0x41, 0x08, 0x41, 0x08, 0x41, 0x08, 0x41, 0x08, 0x41, 0x08, 0x41, 0x08, 0x41, 0x08, 0x41, 0x08, 0x41, 0x08, 0x41, 0x08, 0x41, 0x08, 0x41, 0x08, 0x41, 0x08, 0x41, 0x08, 0x41, 0x08, 0x41,
  0x08, 0x41, 0x08, 0x41, 0x08, 0x41, 0x08, 0x41, 0x08, 0x41, 0x08, 0x41, 0x08, 0x41, 0x08, 0x41, 0x08, 0x41, 0x08, 0x41, 0x08, 0x41, 0x08, 0x41, 0x08, 0x41, 0x08, 0x41, 0x08, 0x41, 0x08, 0x41,
  0x08, 0x61, 0x08, 0x61, 0x08, 0x61, 0x08, 0x61, 0x08, 0x61, 0x10, 0x62, 0x10, 0x62, 0x10, 0x62, 0x10, 0x62, 0x10, 0x62, 0x10, 0x62, 0x10, 0x62, 0x10, 0x62, 0x10, 0x62, 0x10, 0x62, 0x10, 0x82,
  0x10, 0x62, 0x10, 0x62, 0x10, 0x62, 0x10, 0x62, 0x10, 0x82, 0x10, 0x82, 0x10, 0x82, 0x10, 0x82, 0x10, 0x82, 0x10, 0x82, 0x10, 0x82, 0x10, 0x82, 0x10, 0x82, 0x10, 0x82, 0x10, 0x82, 0x08, 0x62,
  0x49, 0x22, 0x9A, 0x63, 0x00, 0x00, 0x00, 0x00, 0x00, 0x00, 0x08, 0x21, 0x00, 0x00, 0x8C, 0x51, 0xFF, 0xFF, 0x31, 0x86, 0x00, 0x00, 0x08, 0x20, 0x00, 0x00, 0x00, 0x00, 0x79, 0xA2, 0xCB, 0x24,
  0x49, 0x42, 0x08, 0x83, 0x18, 0xC3, 0x18, 0xA3, 0x18, 0xA3, 0x18, 0xC3, 0x18, 0xC3, 0x18, 0xC3, 0x18, 0xC3, 0x18, 0xC3, 0x18, 0xC3, 0x20, 0xC3, 0x20, 0xE3, 0x20, 0xE3, 0x20, 0xE3, 0x28, 0xE3,
  0x28, 0xE3, 0x31, 0x02, 0x39, 0x02, 0x41, 0x02, 0x38, 0xC1, 0x8A, 0x02, 0xFC, 0x24, 0x89, 0xE2, 0x28, 0x40, 0x28, 0x80, 0x20, 0x60, 0x20, 0x60, 0x18, 0x40, 0x10, 0x20, 0x08, 0x20, 0x08, 0x00,
  0x00, 0x00, 0x00, 0x00, 0x00, 0x00, 0x00, 0x00, 0x00, 0x00, 0x00, 0x00, 0x00, 0x00, 0x00, 0x00, 0x00, 0x00, 0x00, 0x00, 0x00, 0x00, 0x00, 0x00, 0x00, 0x00, 0x00, 0x00, 0x00, 0x00, 0x00, 0x00,
  0x00, 0x00, 0x00, 0x00, 0x00, 0x00, 0x00, 0x00, 0x00, 0x00, 0x00, 0x00, 0x00, 0x00, 0x00, 0x00, 0x00, 0x00, 0x00, 0x00, 0x00, 0x00, 0x00, 0x00, 0x00, 0x00, 0x00, 0x00, 0x00, 0x00, 0x00, 0x00,
  0x00, 0x00, 0x00, 0x00, 0x00, 0x00, 0x00, 0x00, 0x00, 0x00, 0x00, 0x00, 0x00, 0x00, 0x00, 0x00, 0x00, 0x00, 0x00, 0x00, 0x00, 0x00, 0x00, 0x00, 0x00, 0x00, 0x00, 0x00, 0x00, 0x00, 0x00, 0x00,
  0x00, 0x00, 0x00, 0x00, 0x00, 0x00, 0x00, 0x00, 0x00, 0x00, 0x00, 0x00, 0x00, 0x00, 0x00, 0x00, 0x00, 0x00, 0x00, 0x00, 0x00, 0x00, 0x00, 0x00, 0x00, 0x00, 0x00, 0x00, 0x00, 0x00, 0x00, 0x00,
  0x08, 0x00, 0x08, 0x20, 0x08, 0x20, 0x10, 0x40, 0x18, 0x40, 0x18, 0x60, 0x28, 0x60, 0x28, 0x81, 0x28, 0x40, 0x89, 0xE2, 0xFC, 0x24, 0x8A, 0x02, 0x28, 0x60, 0x30, 0xC1, 0x28, 0xA1, 0x20, 0x80,
  0x18, 0x61, 0x18, 0x61, 0x10, 0x61, 0x10, 0x41, 0x08, 0x41, 0x08, 0x41, 0x08, 0x41, 0x08, 0x41, 0x08, 0x41, 0x08, 0x41, 0x08, 0x41, 0x00, 0x00, 0x31, 0x66, 0xF7, 0x9E, 0xFF, 0xFF, 0xDE, 0xFB,
  0x4A, 0x49, 0x00, 0x00, 0x00, 0x00, 0x00, 0x00, 0xB5, 0xB6, 0xFF, 0xFF, 0x21, 0x24, 0x00, 0x20, 0x00, 0x00, 0x00, 0x00, 0x00, 0x00, 0x00, 0x00, 0x08, 0x41, 0x08, 0x61, 0x08, 0x41, 0x08, 0x41,
  0x08, 0x41, 0x08, 0x41, 0x08, 0x41, 0x08, 0x41, 0x08, 0x41, 0x08, 0x41, 0x08, 0x41, 0x08, 0x41, 0x08, 0x41, 0x08, 0x41, 0x08, 0x41, 0x08, 0x41, 0x08, 0x41, 0x08, 0x41, 0x08, 0x41, 0x08, 0x41,
  0x08, 0x41, 0x08, 0x41, 0x08, 0x41, 0x08, 0x41, 0x08, 0x41, 0x08, 0x41, 0x08, 0x41, 0x08, 0x41, 0x08, 0x41, 0x08, 0x41, 0x08, 0x41, 0x08, 0x41, 0x08, 0x41, 0x08, 0x41, 0x08, 0x41, 0x08, 0x41,
  0x08, 0x41, 0x08, 0x41, 0x08, 0x41, 0x08, 0x41, 0x08, 0x41, 0x08, 0x41, 0x08, 0x41, 0x08, 0x41, 0x08, 0x41, 0x08, 0x41, 0x08, 0x41, 0x08, 0x41, 0x08, 0x41, 0x08, 0x41, 0x08, 0x61, 0x08, 0x61,
  0x08, 0x61, 0x08, 0x61, 0x08, 0x61, 0x08, 0x61, 0x08, 0x61, 0x08, 0x61, 0x08, 0x61, 0x10, 0x62, 0x10, 0x62, 0x10, 0x62, 0x10, 0x62, 0x10, 0x62, 0x10, 0x62, 0x10, 0x62, 0x10, 0x62, 0x10, 0x62,
  0x10, 0x62, 0x10, 0x62, 0x10, 0x82, 0x10, 0x82, 0x10, 0x82, 0x10, 0x82, 0x10, 0x82, 0x10, 0x82, 0x10, 0x82, 0x10, 0x82, 0x10, 0x82, 0x10, 0x82, 0x10, 0x82, 0x10, 0x82, 0x10, 0x82, 0x08, 0x82,
  0x30, 0xE2, 0xB2, 0xA4, 0x08, 0x00, 0x00, 0x00, 0x00, 0x00, 0x00, 0x21, 0x00, 0x00, 0x8C, 0x51, 0xF7, 0xDE, 0x63, 0x0C, 0x00, 0x00, 0x08, 0x41, 0x08, 0x00, 0x00, 0x20, 0x00, 0x00, 0x48, 0xE1,
  0xCB, 0x04, 0x79, 0xC2, 0x08, 0x62, 0x10, 0xC3, 0x18, 0xC3, 0x18, 0xC3, 0x18, 0xC3, 0x18, 0xC3, 0x18, 0xC3, 0x18, 0xC3, 0x20, 0xC3, 0x20, 0xE3, 0x20, 0xE3, 0x28, 0xE3, 0x28, 0xE3, 0x30, 0xE3,
  0x31, 0x02, 0x39, 0x02, 0x41, 0x02, 0x38, 0xC1, 0x8A, 0x22, 0xFC, 0x24, 0x89, 0xE2, 0x28, 0x40, 0x28, 0x80, 0x20, 0x60, 0x18, 0x60, 0x18, 0x40, 0x10, 0x40, 0x10, 0x20, 0x08, 0x20, 0x08, 0x00,
  0x00, 0x00, 0x00, 0x00, 0x00, 0x00, 0x00, 0x00, 0x00, 0x00, 0x00, 0x00, 0x00, 0x00, 0x00, 0x00, 0x00, 0x00, 0x00, 0x00, 0x00, 0x00, 0x00, 0x00, 0x00, 0x00, 0x00, 0x00, 0x00, 0x00, 0x00, 0x00,
  0x00, 0x00, 0x00, 0x00, 0x00, 0x00, 0x00, 0x00, 0x00, 0x00, 0x00, 0x00, 0x00, 0x00, 0x00, 0x00, 0x00, 0x00, 0x00, 0x00, 0x00, 0x00, 0x00, 0x00, 0x00, 0x00, 0x00, 0x00, 0x00, 0x00, 0x00, 0x00,
  0x00, 0x00, 0x00, 0x00, 0x00, 0x00, 0x00, 0x00, 0x00, 0x00, 0x00, 0x00, 0x00, 0x00, 0x00, 0x00, 0x00, 0x00, 0x00, 0x00, 0x00, 0x00, 0x00, 0x00, 0x00, 0x00, 0x00, 0x00, 0x00, 0x00, 0x00, 0x00,
  0x00, 0x00, 0x00, 0x00, 0x00, 0x00, 0x00, 0x00, 0x00, 0x00, 0x00, 0x00, 0x00, 0x00, 0x00, 0x00, 0x00, 0x00, 0x00, 0x00, 0x00, 0x00, 0x00, 0x00, 0x00, 0x00, 0x00, 0x00, 0x00, 0x00, 0x00, 0x00,
  0x00, 0x00, 0x08, 0x20, 0x08, 0x20, 0x08, 0x20, 0x10, 0x40, 0x18, 0x40, 0x20, 0x60, 0x28, 0x60, 0x30, 0xA0, 0x20, 0x60, 0x81, 0xC2, 0xFC, 0x24, 0x9A, 0x22, 0x30, 0x60, 0x30, 0xC1, 0x28, 0x80,
  0x20, 0x81, 0x18, 0x61, 0x18, 0x61, 0x10, 0x61, 0x10, 0x41, 0x10, 0x41, 0x08, 0x41, 0x08, 0x41, 0x08, 0x41, 0x08, 0x41, 0x08, 0x21, 0x10, 0xA2, 0xCE, 0x59, 0xFF, 0xFF, 0x84, 0x30, 0xD6, 0x9A,
  0xFF, 0xFF, 0xA5, 0x14, 0x42, 0x28, 0x73, 0xAE, 0xFF, 0xFF, 0xC6, 0x38, 0x00, 0x20, 0x00, 0x00, 0x31, 0xA6, 0x6B, 0x6D, 0x7B, 0xEF, 0x52, 0x8A, 0x10, 0x82, 0x00, 0x00, 0x08, 0x41, 0x08, 0x41,
  0x08, 0x41, 0x08, 0x41, 0x08, 0x41, 0x08, 0x41, 0x08, 0x41, 0x08, 0x41, 0x08, 0x41, 0x08, 0x41, 0x08, 0x41, 0x08, 0x41, 0x08, 0x41, 0x08, 0x41, 0x08, 0x41, 0x08, 0x41, 0x08, 0x41, 0x08, 0x41,
  0x08, 0x41, 0x08, 0x41, 0x08, 0x41, 0x08, 0x41, 0x08, 0x41, 0x08, 0x41, 0x08, 0x41, 0x08, 0x41, 0x08, 0x41, 0x08, 0x41, 0x08, 0x41, 0x08, 0x41, 0x08, 0x41, 0x08, 0x41, 0x08, 0x41, 0x08, 0x41,
  0x08, 0x41, 0x08, 0x41, 0x08, 0x41, 0x08, 0x41, 0x08, 0x41, 0x08, 0x41, 0x08, 0x41, 0x08, 0x41, 0x08, 0x41, 0x08, 0x41, 0x08, 0x61, 0x08, 0x41, 0x08, 0x61, 0x08, 0x41, 0x08, 0x61, 0x08, 0x61,
  0x08, 0x61, 0x08, 0x61, 0x08, 0x61, 0x08, 0x61, 0x08, 0x61, 0x08, 0x61, 0x08, 0x61, 0x08, 0x61, 0x08, 0x61, 0x10, 0x62, 0x08, 0x61, 0x08, 0x61, 0x08, 0x61, 0x10, 0x62, 0x10, 0x62, 0x10, 0x62,
  0x10, 0x82, 0x10, 0x62, 0x10, 0x62, 0x10, 0x82, 0x10, 0x82, 0x10, 0x82, 0x10, 0x82, 0x10, 0x82, 0x10, 0x82, 0x10, 0x82, 0x10, 0x82, 0x10, 0x82, 0x10, 0x82, 0x10, 0x82, 0x10, 0x82, 0x10, 0xA2,
  0x18, 0xA2, 0xB2, 0xC4, 0x20, 0x61, 0x00, 0x00, 0x00, 0x00, 0x00, 0x20, 0x00, 0x00, 0x9D, 0x13, 0xFF, 0xFF, 0xD6, 0x9A, 0x20, 0xE4, 0x00, 0x00, 0x00, 0x00, 0x00, 0x00, 0x08, 0x20, 0x00, 0x00,
  0x20, 0x60, 0xB2, 0xA3, 0x9A, 0x43, 0x18, 0xA2, 0x10, 0xA3, 0x18, 0xA3, 0x18, 0xC3, 0x18, 0xC3, 0x18, 0xC3, 0x20, 0xC3, 0x20, 0xE3, 0x20, 0xC3, 0x20, 0xE3, 0x28, 0xE3, 0x30, 0xE2, 0x31, 0x02,
  0x39, 0x02, 0x39, 0x23, 0x38, 0xC1, 0x9A, 0x42, 0xFC, 0x24, 0x81, 0xC2, 0x20, 0x60, 0x30, 0x80, 0x20, 0x60, 0x20, 0x40, 0x18, 0x40, 0x10, 0x40, 0x08, 0x20, 0x08, 0x20, 0x08, 0x00, 0x00, 0x00,
  0x00, 0x00, 0x00, 0x00, 0x00, 0x00, 0x00, 0x00, 0x00, 0x00, 0x00, 0x00, 0x00, 0x00, 0x00, 0x00, 0x00, 0x00, 0x00, 0x00, 0x00, 0x00, 0x00, 0x00, 0x00, 0x00, 0x00, 0x00, 0x00, 0x00, 0x00, 0x00,
  0x00, 0x00, 0x00, 0x00, 0x00, 0x00, 0x00, 0x00, 0x00, 0x00, 0x00, 0x00, 0x00, 0x00, 0x00, 0x00, 0x00, 0x00, 0x00, 0x00, 0x00, 0x00, 0x00, 0x00, 0x00, 0x00, 0x00, 0x00, 0x00, 0x00, 0x00, 0x00,
  0x00, 0x00, 0x00, 0x00, 0x00, 0x00, 0x00, 0x00, 0x00, 0x00, 0x00, 0x00, 0x00, 0x00, 0x00, 0x00, 0x00, 0x00, 0x00, 0x00, 0x00, 0x00, 0x00, 0x00, 0x00, 0x00, 0x00, 0x00, 0x00, 0x00, 0x00, 0x00,
  0x00, 0x00, 0x00, 0x00, 0x00, 0x00, 0x00, 0x00, 0x00, 0x00, 0x00, 0x00, 0x00, 0x00, 0x00, 0x00, 0x00, 0x00, 0x00, 0x00, 0x00, 0x00, 0x00, 0x00, 0x00, 0x00, 0x00, 0x00, 0x00, 0x00, 0x00, 0x00,
  0x00, 0x00, 0x00, 0x00, 0x08, 0x00, 0x08, 0x20, 0x10, 0x20, 0x10, 0x40, 0x18, 0x40, 0x20, 0x60, 0x20, 0x80, 0x30, 0x80, 0x28, 0x60, 0x79, 0x82, 0xFC, 0x04, 0xA2, 0x62, 0x30, 0x80, 0x30, 0xA0,
  0x28, 0xA0, 0x20, 0x80, 0x18, 0x60, 0x18, 0x61, 0x10, 0x61, 0x10, 0x41, 0x08, 0x41, 0x08, 0x41, 0x08, 0x41, 0x08, 0x61, 0x00, 0x00, 0x42, 0x28, 0xFF, 0xFF, 0xAD, 0x55, 0x00, 0x00, 0x10, 0x82,
  0x94, 0x92, 0xFF, 0xFF, 0xFF, 0xFF, 0xFF, 0xFF, 0xE7, 0x3C, 0x31, 0xA6, 0x08, 0x41, 0xA5, 0x14, 0xFF, 0xFF, 0xFF, 0xFF, 0xFF, 0xFF, 0xFF, 0xFF, 0xDF, 0x1B, 0x52, 0xAA, 0x00, 0x00, 0x08, 0x41,
  0x08, 0x41, 0x08, 0x41, 0x08, 0x41, 0x08, 0x41, 0x08, 0x41, 0x08, 0x41, 0x08, 0x41, 0x08, 0x41, 0x08, 0x41, 0x08, 0x41, 0x08, 0x41, 0x08, 0x41, 0x08, 0x41, 0x08, 0x41, 0x08, 0x41, 0x08, 0x41,
  0x08, 0x41, 0x08, 0x41, 0x08, 0x41, 0x08, 0x41, 0x08, 0x41, 0x08, 0x41, 0x08, 0x41, 0x08, 0x41, 0x08, 0x41, 0x08, 0x41, 0x08, 0x41, 0x08, 0x41, 0x08, 0x41, 0x08, 0x41, 0x08, 0x41, 0x08, 0x41,
  0x08, 0x41, 0x08, 0x41, 0x08, 0x41, 0x08, 0x41, 0x08, 0x41, 0x08, 0x41, 0x08, 0x41, 0x08, 0x41, 0x08, 0x41, 0x08, 0x41, 0x08, 0x41, 0x08, 0x61, 0x08, 0x41, 0x08, 0x41, 0x08, 0x61, 0x08, 0x61,
  0x08, 0x61, 0x08, 0x61, 0x08, 0x61, 0x08, 0x61, 0x08, 0x61, 0x08, 0x61, 0x08, 0x61, 0x08, 0x61, 0x08, 0x61, 0x08, 0x61, 0x10, 0x62, 0x10, 0x62, 0x10, 0x62, 0x10, 0x62, 0x10, 0x62, 0x10, 0x62,
  0x10, 0x62, 0x10, 0x62, 0x10, 0x82, 0x10, 0x82, 0x10, 0x82, 0x10, 0x82, 0x10, 0x82, 0x10, 0x82, 0x10, 0x82, 0x10, 0x82, 0x10, 0x82, 0x10, 0x82, 0x10, 0x82, 0x10, 0x82, 0x10, 0x82, 0x10, 0xA2,
  0x08, 0x62, 0xAA, 0xA3, 0x48, 0xE1, 0x00, 0x00, 0x00, 0x00, 0x00, 0x00, 0x00, 0x00, 0xBD, 0xF7, 0xFF, 0xDF, 0xFF, 0xFF, 0xFF, 0xDF, 0x94, 0xB2, 0x18, 0xC3, 0x00, 0x00, 0x00, 0x20, 0x08, 0x21,
  0x00, 0x00, 0x00, 0x00, 0x81, 0xE3, 0xB2, 0xA3, 0x20, 0xA1, 0x10, 0xC3, 0x18, 0xC3, 0x18, 0xC3, 0x20, 0xC3, 0x20, 0xE3, 0x20, 0xC3, 0x28, 0xE3, 0x28, 0xE3, 0x30, 0xE2, 0x31, 0x02, 0x39, 0x02,
  0x41, 0x02, 0x38, 0xC1, 0xAA, 0x82, 0xFC, 0x24, 0x79, 0x82, 0x20, 0x60, 0x30, 0x81, 0x20, 0x80, 0x18, 0x60, 0x18, 0x40, 0x10, 0x40, 0x10, 0x20, 0x08, 0x20, 0x08, 0x00, 0x00, 0x00, 0x00, 0x00,
  0x00, 0x00, 0x00, 0x00, 0x00, 0x00, 0x00, 0x00, 0x00, 0x00, 0x00, 0x00, 0x00, 0x00, 0x00, 0x00, 0x00, 0x00, 0x00, 0x00, 0x00, 0x00, 0x00, 0x00, 0x00, 0x00, 0x00, 0x00, 0x00, 0x00, 0x00, 0x00,
  0x00, 0x00, 0x00, 0x00, 0x00, 0x00, 0x00, 0x00, 0x00, 0x00, 0x00, 0x00, 0x00, 0x00, 0x00, 0x00, 0x00, 0x00, 0x00, 0x00, 0x00, 0x00, 0x00, 0x00, 0x00, 0x00, 0x00, 0x00, 0x00, 0x00, 0x00, 0x00,
  0x00, 0x00, 0x00, 0x00, 0x00, 0x00, 0x00, 0x00, 0x00, 0x00, 0x00, 0x00, 0x00, 0x00, 0x00, 0x00, 0x00, 0x00, 0x00, 0x00, 0x00, 0x00, 0x00, 0x00, 0x00, 0x00, 0x00, 0x00, 0x00, 0x00, 0x00, 0x00,
  0x00, 0x00, 0x00, 0x00, 0x00, 0x00, 0x00, 0x00, 0x00, 0x00, 0x00, 0x00, 0x00, 0x00, 0x00, 0x00, 0x00, 0x00, 0x00, 0x00, 0x00, 0x00, 0x00, 0x00, 0x00, 0x00, 0x00, 0x00, 0x00, 0x00, 0x00, 0x00,
  0x00, 0x00, 0x00, 0x00, 0x00, 0x00, 0x08, 0x20, 0x08, 0x20, 0x10, 0x20, 0x10, 0x40, 0x18, 0x40, 0x20, 0x60, 0x20, 0x60, 0x30, 0xA0, 0x28, 0x60, 0x69, 0x41, 0xF3, 0xC4, 0xBA, 0xA3, 0x38, 0x80,
  0x28, 0x81, 0x28, 0xA1, 0x20, 0x81, 0x20, 0x61, 0x18, 0x60, 0x10, 0x61, 0x10, 0x61, 0x10, 0x41, 0x08, 0x41, 0x08, 0x41, 0x08, 0x41, 0x00, 0x00, 0x39, 0xE7, 0x20, 0xE4, 0x08, 0x41, 0x08, 0x41,
  0x00, 0x00, 0x21, 0x24, 0x63, 0x0C, 0x63, 0x0C, 0x20, 0xE4, 0x00, 0x00, 0xA5, 0x34, 0xFF, 0xFF, 0xC6, 0x38, 0x4A, 0x69, 0x31, 0x86, 0x5A, 0xEB, 0xDE, 0xFB, 0xFF, 0xFF, 0x5A, 0xCB, 0x00, 0x00,
  0x08, 0x61, 0x08, 0x41, 0x08, 0x61, 0x08, 0x41, 0x08, 0x41, 0x08, 0x41, 0x08, 0x41, 0x08, 0x41, 0x08, 0x41, 0x08, 0x41, 0x08, 0x41, 0x08, 0x41, 0x08, 0x41, 0x08, 0x41, 0x08, 0x41, 0x08, 0x41,
  0x08, 0x41, 0x08, 0x41, 0x08, 0x41, 0x08, 0x41, 0x08, 0x41, 0x08, 0x41, 0x08, 0x41, 0x08, 0x41, 0x08, 0x41, 0x08, 0x41, 0x08, 0x41, 0x08, 0x41, 0x08, 0x41, 0x08, 0x41, 0x08, 0x41, 0x08, 0x41,
  0x08, 0x41, 0x08, 0x41, 0x08, 0x41, 0x08, 0x41, 0x08, 0x41, 0x08, 0x41, 0x08, 0x41, 0x08, 0x41, 0x08, 0x41, 0x08, 0x41, 0x08, 0x41, 0x08, 0x41, 0x08, 0x41, 0x08, 0x41, 0x08, 0x41, 0x08, 0x41,
  0x08, 0x41, 0x08, 0x61, 0x08, 0x61, 0x08, 0x61, 0x08, 0x61, 0x08, 0x61, 0x08, 0x61, 0x08, 0x61, 0x08, 0x61, 0x08, 0x61, 0x08, 0x61, 0x10, 0x62, 0x08, 0x61, 0x10, 0x62, 0x10, 0x62, 0x10, 0x62,
  0x10, 0x62, 0x10, 0x82, 0x10, 0x62, 0x10, 0x62, 0x10, 0x82, 0x10, 0x82, 0x10, 0x82, 0x10, 0x82, 0x10, 0x82, 0x10, 0x82, 0x10, 0x82, 0x10, 0x82, 0x10, 0x82, 0x10, 0x82, 0x10, 0x82, 0x18, 0xA2,
  0x08, 0x42, 0x8A, 0x43, 0x61, 0x82, 0x00, 0x00, 0x00, 0x20, 0x00, 0x00, 0x08, 0x21, 0xEF, 0x7D, 0xB5, 0x96, 0x42, 0x28, 0xBD, 0xD7, 0xFF, 0xFF, 0xC6, 0x38, 0x08, 0x41, 0x00, 0x00, 0x00, 0x00,
  0x00, 0x00, 0x00, 0x00, 0x00, 0x00, 0x81, 0xE2, 0x92, 0x43, 0x08, 0x82, 0x20, 0xC3, 0x20, 0xE3, 0x20, 0xC3, 0x20, 0xC3, 0x28, 0xE3, 0x28, 0xE2, 0x31, 0x03, 0x31, 0x03, 0x41, 0x03, 0x39, 0x02,
  0x40, 0xE1, 0xBA, 0xE3, 0xF3, 0xE4, 0x69, 0x41, 0x20, 0x60, 0x28, 0xA0, 0x20, 0x60, 0x20, 0x60, 0x18, 0x40, 0x10, 0x40, 0x10, 0x20, 0x08, 0x20, 0x08, 0x00, 0x00, 0x00, 0x00, 0x00, 0x00, 0x00,
  0x00, 0x00, 0x00, 0x00, 0x00, 0x00, 0x00, 0x00, 0x00, 0x00, 0x00, 0x00, 0x00, 0x00, 0x00, 0x00, 0x00, 0x00, 0x00, 0x00, 0x00, 0x00, 0x00, 0x00, 0x00, 0x00, 0x00, 0x00, 0x00, 0x00, 0x00, 0x00,
  0x00, 0x00, 0x00, 0x00, 0x00, 0x00, 0x00, 0x00, 0x00, 0x00, 0x00, 0x00, 0x00, 0x00, 0x00, 0x00, 0x00, 0x00, 0x00, 0x00, 0x00, 0x00, 0x00, 0x00, 0x00, 0x00, 0x00, 0x00, 0x00, 0x00, 0x00, 0x00,
  0x00, 0x00, 0x00, 0x00, 0x00, 0x00, 0x00, 0x00, 0x00, 0x00, 0x00, 0x00, 0x00, 0x00, 0x00, 0x00, 0x00, 0x00, 0x00, 0x00, 0x00, 0x00, 0x00, 0x00, 0x00, 0x00, 0x00, 0x00, 0x00, 0x00, 0x00, 0x00,
  0x00, 0x00, 0x00, 0x00, 0x00, 0x00, 0x00, 0x00, 0x00, 0x00, 0x00, 0x00, 0x00, 0x00, 0x00, 0x00, 0x00, 0x00, 0x00, 0x00, 0x00, 0x00, 0x00, 0x00, 0x00, 0x00, 0x00, 0x00, 0x00, 0x00, 0x00, 0x00,
  0x00, 0x00, 0x00, 0x00, 0x00, 0x00, 0x00, 0x00, 0x08, 0x20, 0x08, 0x20, 0x10, 0x20, 0x10, 0x40, 0x18, 0x40, 0x18, 0x60, 0x28, 0x60, 0x28, 0xA0, 0x20, 0x60, 0x59, 0x01, 0xEB, 0x84, 0xCB, 0x03,
  0x40, 0xA0, 0x28, 0x80, 0x30, 0xA0, 0x20, 0x81, 0x20, 0x61, 0x18, 0x61, 0x18, 0x61, 0x10, 0x61, 0x10, 0x41, 0x08, 0x41, 0x08, 0x41, 0x08, 0x41, 0x00, 0x00, 0x00, 0x20, 0x08, 0x41, 0x08, 0x41,
  0x08, 0x61, 0x00, 0x00, 0x00, 0x00, 0x00, 0x00, 0x00, 0x00, 0x42, 0x28, 0xFF, 0xFF, 0xC6, 0x58, 0x08, 0x61, 0x00, 0x00, 0x00, 0x00, 0x00, 0x00, 0x18, 0xA3, 0xDE, 0xFB, 0xEF, 0x7D, 0x18, 0xA3,
  0x08, 0x21, 0x10, 0x82, 0x00, 0x00, 0x08, 0x21, 0x08, 0x41, 0x08, 0x41, 0x08, 0x41, 0x08, 0x41, 0x08, 0x41, 0x08, 0x41, 0x08, 0x41, 0x08, 0x41, 0x08, 0x41, 0x08, 0x41, 0x08, 0x41, 0x08, 0x41,
  0x08, 0x41, 0x08, 0x41, 0x08, 0x41, 0x08, 0x41, 0x08, 0x41, 0x08, 0x41, 0x08, 0x41, 0x08, 0x41, 0x08, 0x41, 0x08, 0x41, 0x08, 0x41, 0x08, 0x41, 0x08, 0x41, 0x08, 0x41, 0x08, 0x41, 0x08, 0x41,
  0x08, 0x41, 0x08, 0x41, 0x08, 0x41, 0x08, 0x41, 0x08, 0x41, 0x08, 0x41, 0x08, 0x41, 0x08, 0x41, 0x08, 0x41, 0x08, 0x41, 0x08, 0x41, 0x08, 0x41, 0x08, 0x61, 0x08, 0x61, 0x08, 0x61, 0x08, 0x41,
  0x08, 0x41, 0x08, 0x41, 0x08, 0x41, 0x08, 0x61, 0x08, 0x61, 0x08, 0x61, 0x08, 0x61, 0x08, 0x61, 0x08, 0x61, 0x08, 0x61, 0x08, 0x61, 0x10, 0x62, 0x10, 0x62, 0x10, 0x62, 0x10, 0x62, 0x10, 0x62,
  0x10, 0x62, 0x10, 0x62, 0x10, 0x62, 0x10, 0x62, 0x10, 0x62, 0x10, 0x62, 0x10, 0x62, 0x10, 0x62, 0x10, 0x62, 0x10, 0x82, 0x10, 0xA2, 0x10, 0x82, 0x10, 0x82, 0x10, 0x82, 0x10, 0x82, 0x18, 0xA2,
  0x00, 0x42, 0x69, 0xA2, 0x8A, 0x02, 0x00, 0x00, 0x08, 0x20, 0x00, 0x00, 0x29, 0x45, 0xFF, 0xFF, 0x6B, 0x6D, 0x00, 0x00, 0x00, 0x00, 0x7B, 0xCF, 0xFF, 0xFF, 0x29, 0x65, 0x00, 0x00, 0x18, 0xC3,
  0x31, 0x65, 0x00, 0x00, 0x00, 0x00, 0x20, 0x41, 0xBA, 0xC3, 0x20, 0xA2, 0x18, 0xC3, 0x20, 0xC3, 0x20, 0xC3, 0x28, 0xE2, 0x28, 0xE2, 0x30, 0xE2, 0x30, 0xE3, 0x41, 0x02, 0x38, 0xE2, 0x51, 0x01,
  0xD3, 0x44, 0xEB, 0xC4, 0x59, 0x01, 0x20, 0x60, 0x28, 0xA0, 0x20, 0x60, 0x18, 0x60, 0x18, 0x40, 0x10, 0x40, 0x10, 0x20, 0x08, 0x20, 0x08, 0x00, 0x00, 0x00, 0x00, 0x00, 0x00, 0x00, 0x00, 0x00,
  0x00, 0x00, 0x00, 0x00, 0x00, 0x00, 0x00, 0x00, 0x00, 0x00, 0x00, 0x00, 0x00, 0x00, 0x00, 0x00, 0x00, 0x00, 0x00, 0x00, 0x00, 0x00, 0x00, 0x00, 0x00, 0x00, 0x00, 0x00, 0x00, 0x00, 0x00, 0x00,
  0x00, 0x00, 0x00, 0x00, 0x00, 0x00, 0x00, 0x00, 0x00, 0x00, 0x00, 0x00, 0x00, 0x00, 0x00, 0x00, 0x00, 0x00, 0x00, 0x00, 0x00, 0x00, 0x00, 0x00, 0x00, 0x00, 0x00, 0x00, 0x00, 0x00, 0x00, 0x00,
  0x00, 0x00, 0x00, 0x00, 0x00, 0x00, 0x00, 0x00, 0x00, 0x00, 0x00, 0x00, 0x00, 0x00, 0x00, 0x00, 0x00, 0x00, 0x00, 0x00, 0x00, 0x00, 0x00, 0x00, 0x00, 0x00, 0x00, 0x00, 0x00, 0x00, 0x00, 0x00,
  0x00, 0x00, 0x00, 0x00, 0x00, 0x00, 0x00, 0x00, 0x00, 0x00, 0x00, 0x00, 0x00, 0x00, 0x00, 0x00, 0x00, 0x00, 0x00, 0x00, 0x00, 0x00, 0x00, 0x00, 0x00, 0x00, 0x00, 0x00, 0x00, 0x00, 0x00, 0x00,
  0x00, 0x00, 0x00, 0x00, 0x00, 0x00, 0x00, 0x00, 0x00, 0x00, 0x08, 0x20, 0x08, 0x20, 0x08, 0x20, 0x10, 0x40, 0x18, 0x40, 0x20, 0x60, 0x20, 0x60, 0x28, 0x80, 0x28, 0x60, 0x48, 0xC1, 0xD3, 0x23,
  0xE3, 0x64, 0x51, 0x01, 0x20, 0x80, 0x30, 0xA0, 0x28, 0x81, 0x20, 0x81, 0x20, 0x61, 0x18, 0x61, 0x10, 0x61, 0x10, 0x41, 0x10, 0x41, 0x08, 0x41, 0x08, 0x61, 0x08, 0x41, 0x08, 0x41, 0x08, 0x41,
  0x08, 0x41, 0x08, 0x41, 0x08, 0x41, 0x10, 0x62, 0x00, 0x00, 0x8C, 0x71, 0xFF, 0xFF, 0x52, 0xAA, 0x00, 0x00, 0x10, 0x82, 0x08, 0x61, 0x10, 0x82, 0x00, 0x00, 0x73, 0x8E, 0xFF, 0xFF, 0x5A, 0xEB,
  0x00, 0x00, 0x84, 0x30, 0xAD, 0x55, 0x18, 0xA3, 0x08, 0x21, 0x08, 0x41, 0x08, 0x41, 0x08, 0x61, 0x08, 0x61, 0x08, 0x41, 0x08, 0x41, 0x08, 0x41, 0x08, 0x41, 0x08, 0x41, 0x08, 0x41, 0x08, 0x41,
  0x08, 0x41, 0x08, 0x41, 0x08, 0x41, 0x08, 0x41, 0x08, 0x41, 0x08, 0x41, 0x08, 0x41, 0x08, 0x41, 0x08, 0x41, 0x08, 0x41, 0x08, 0x41, 0x08, 0x41, 0x08, 0x41, 0x08, 0x41, 0x08, 0x41, 0x08, 0x41,
  0x08, 0x41, 0x08, 0x41, 0x08, 0x41, 0x08, 0x41, 0x08, 0x41, 0x08, 0x41, 0x08, 0x41, 0x08, 0x41, 0x08, 0x41, 0x08, 0x41, 0x08, 0x41, 0x08, 0x41, 0x08, 0x41, 0x08, 0x41, 0x08, 0x41, 0x08, 0x41,
  0x08, 0x41, 0x08, 0x41, 0x08, 0x41, 0x08, 0x41, 0x08, 0x41, 0x08, 0x61, 0x08, 0x61, 0x08, 0x61, 0x08, 0x61, 0x08, 0x61, 0x08, 0x61, 0x10, 0x62, 0x10, 0x62, 0x10, 0x62, 0x10, 0x62, 0x10, 0x62,
  0x10, 0x62, 0x10, 0x62, 0x10, 0x62, 0x10, 0x62, 0x10, 0x62, 0x10, 0x62, 0x10, 0x62, 0x10, 0x62, 0x10, 0x82, 0x08, 0x41, 0x00, 0x20, 0x10, 0x82, 0x10, 0x82, 0x10, 0x82, 0x10, 0x82, 0x10, 0x82,
  0x08, 0x62, 0x41, 0x02, 0xA2, 0x63, 0x00, 0x00, 0x08, 0x21, 0x00, 0x00, 0x63, 0x2C, 0xFF, 0xFF, 0x42, 0x28, 0x31, 0x86, 0x42, 0x28, 0xCE, 0x59, 0xF7, 0xDE, 0x21, 0x04, 0x00, 0x00, 0x8C, 0x71,
  0xDE, 0xFB, 0x08, 0x21, 0x00, 0x00, 0x28, 0x81, 0xC3, 0x04, 0x20, 0xC2, 0x20, 0xC3, 0x20, 0xC3, 0x20, 0xE3, 0x28, 0xE2, 0x30, 0xE2, 0x31, 0x02, 0x39, 0x22, 0x30, 0xE2, 0x61, 0x41, 0xE3, 0xA4,
  0xDB, 0x63, 0x48, 0xC1, 0x28, 0x60, 0x28, 0xA0, 0x20, 0x60, 0x20, 0x60, 0x18, 0x40, 0x10, 0x40, 0x10, 0x20, 0x08, 0x20, 0x08, 0x00, 0x00, 0x00, 0x00, 0x00, 0x00, 0x00, 0x00, 0x00, 0x00, 0x00,
  0x00, 0x00, 0x00, 0x00, 0x00, 0x00, 0x00, 0x00, 0x00, 0x00, 0x00, 0x00, 0x00, 0x00, 0x00, 0x00, 0x00, 0x00, 0x00, 0x00, 0x00, 0x00, 0x00, 0x00, 0x00, 0x00, 0x00, 0x00, 0x00, 0x00, 0x00, 0x00,
  0x00, 0x00, 0x00, 0x00, 0x00, 0x00, 0x00, 0x00, 0x00, 0x00, 0x00, 0x00, 0x00, 0x00, 0x00, 0x00, 0x00, 0x00, 0x00, 0x00, 0x00, 0x00, 0x00, 0x00, 0x00, 0x00, 0x00, 0x00, 0x00, 0x00, 0x00, 0x00,
  0x00, 0x00, 0x00, 0x00, 0x00, 0x00, 0x00, 0x00, 0x00, 0x00, 0x00, 0x00, 0x00, 0x00, 0x00, 0x00, 0x00, 0x00, 0x00, 0x00, 0x00, 0x00, 0x00, 0x00, 0x00, 0x00, 0x00, 0x00, 0x00, 0x00, 0x00, 0x00,
  0x00, 0x00, 0x00, 0x00, 0x00, 0x00, 0x00, 0x00, 0x00, 0x00, 0x00, 0x00, 0x00, 0x00, 0x00, 0x00, 0x00, 0x00, 0x00, 0x00, 0x00, 0x00, 0x00, 0x00, 0x00, 0x00, 0x00, 0x00, 0x00, 0x00, 0x00, 0x00,
  0x00, 0x00, 0x00, 0x00, 0x00, 0x00, 0x00, 0x00, 0x00, 0x00, 0x00, 0x20, 0x08, 0x20, 0x08, 0x20, 0x08, 0x20, 0x10, 0x40, 0x10, 0x40, 0x18, 0x60, 0x20, 0x60, 0x28, 0x80, 0x28, 0x80, 0x38, 0x80,
  0xBA, 0xC3, 0xF3, 0xC4, 0x71, 0x81, 0x28, 0x60, 0x28, 0xC1, 0x28, 0xA0, 0x20, 0x80, 0x18, 0x81, 0x18, 0x61, 0x18, 0x61, 0x10, 0x61, 0x10, 0x41, 0x08, 0x41, 0x08, 0x41, 0x08, 0x41, 0x08, 0x41,
  0x08, 0x41, 0x08, 0x41, 0x08, 0x41, 0x08, 0x61, 0x00, 0x00, 0xA5, 0x34, 0xFF, 0xFF, 0x31, 0x86, 0x00, 0x00, 0x08, 0x41, 0x08, 0x41, 0x08, 0x61, 0x00, 0x20, 0x5A, 0xCB, 0xFF, 0xFF, 0x7B, 0xCF,
  0x00, 0x00, 0xA5, 0x14, 0xFF, 0xFF, 0x29, 0x65, 0x00, 0x00, 0x08, 0x41, 0x08, 0x41, 0x00, 0x00, 0x00, 0x00, 0x08, 0x41, 0x08, 0x41, 0x08, 0x41, 0x08, 0x41, 0x08, 0x41, 0x08, 0x41, 0x08, 0x41,
  0x08, 0x41, 0x08, 0x41, 0x08, 0x41, 0x08, 0x41, 0x08, 0x41, 0x08, 0x41, 0x08, 0x41, 0x08, 0x41, 0x08, 0x41, 0x08, 0x41, 0x08, 0x41, 0x08, 0x41, 0x08, 0x41, 0x08, 0x41, 0x08, 0x41, 0x08, 0x41,
  0x08, 0x41, 0x08, 0x41, 0x08, 0x41, 0x08, 0x41, 0x08, 0x41, 0x08, 0x41, 0x08, 0x41, 0x08, 0x41, 0x08, 0x41, 0x08, 0x41, 0x08, 0x41, 0x08, 0x41, 0x08, 0x41, 0x08, 0x41, 0x08, 0x41, 0x08, 0x41,
  0x08, 0x41, 0x08, 0x41, 0x08, 0x41, 0x08, 0x41, 0x08, 0x61, 0x08, 0x61, 0x08, 0x61, 0x08, 0x61, 0x08, 0x61, 0x08, 0x61, 0x08, 0x61, 0x08, 0x61, 0x10, 0x62, 0x10, 0x62, 0x10, 0x62, 0x10, 0x62,
  0x10, 0x62, 0x10, 0x62, 0x10, 0x62, 0x10, 0x82, 0x10, 0x82, 0x10, 0x62, 0x10, 0x62, 0x10, 0x82, 0x08, 0x41, 0x31, 0x66, 0xA5, 0x54, 0x42, 0x08, 0x08, 0x21, 0x10, 0x82, 0x10, 0x82, 0x10, 0x82,
  0x08, 0x62, 0x28, 0xA1, 0xAA, 0xA3, 0x10, 0x20, 0x00, 0x20, 0x00, 0x00, 0xC6, 0x38, 0xD6, 0x9A, 0xA5, 0x34, 0xFF, 0xFF, 0xFF, 0xFF, 0xEF, 0x9D, 0x5A, 0xCB, 0x00, 0x00, 0x00, 0x20, 0x18, 0xE3,
  0x29, 0x45, 0x00, 0x00, 0x00, 0x00, 0xA2, 0x63, 0x92, 0x43, 0x10, 0x83, 0x28, 0xE2, 0x28, 0xC2, 0x28, 0xE2, 0x30, 0xE2, 0x31, 0x02, 0x39, 0x02, 0x30, 0xA1, 0x79, 0xC2, 0xF3, 0xE4, 0xBA, 0xC3,
  0x38, 0xA0, 0x28, 0x80, 0x28, 0x80, 0x20, 0x60, 0x18, 0x60, 0x10, 0x40, 0x10, 0x20, 0x08, 0x20, 0x08, 0x20, 0x08, 0x00, 0x00, 0x00, 0x00, 0x00, 0x00, 0x00, 0x00, 0x00, 0x00, 0x00, 0x00, 0x00,
  0x00, 0x00, 0x00, 0x00, 0x00, 0x00, 0x00, 0x00, 0x00, 0x00, 0x00, 0x00, 0x00, 0x00, 0x00, 0x00, 0x00, 0x00, 0x00, 0x00, 0x00, 0x00, 0x00, 0x00, 0x00, 0x00, 0x00, 0x00, 0x00, 0x00, 0x00, 0x00,
  0x00, 0x00, 0x00, 0x00, 0x00, 0x00, 0x00, 0x00, 0x00, 0x00, 0x00, 0x00, 0x00, 0x00, 0x00, 0x00, 0x00, 0x00, 0x00, 0x00, 0x00, 0x00, 0x00, 0x00, 0x00, 0x00, 0x00, 0x00, 0x00, 0x00, 0x00, 0x00,
  0x00, 0x00, 0x00, 0x00, 0x00, 0x00, 0x00, 0x00, 0x00, 0x00, 0x00, 0x00, 0x00, 0x00, 0x00, 0x00, 0x00, 0x00, 0x00, 0x00, 0x00, 0x00, 0x00, 0x00, 0x00, 0x00, 0x00, 0x00, 0x00, 0x00, 0x00, 0x00,
  0x00, 0x00, 0x00, 0x00, 0x00, 0x00, 0x00, 0x00, 0x00, 0x00, 0x00, 0x00, 0x00, 0x00, 0x00, 0x00, 0x00, 0x00, 0x00, 0x00, 0x00, 0x00, 0x00, 0x00, 0x00, 0x00, 0x00, 0x00, 0x00, 0x00, 0x00, 0x00,
  0x00, 0x00, 0x00, 0x00, 0x00, 0x00, 0x00, 0x00, 0x00, 0x00, 0x00, 0x00, 0x00, 0x00, 0x08, 0x00, 0x08, 0x20, 0x08, 0x20, 0x10, 0x20, 0x18, 0x40, 0x18, 0x60, 0x20, 0x60, 0x28, 0x80, 0x28, 0x80,
  0x28, 0x60, 0x9A, 0x22, 0xFC, 0x04, 0x92, 0x22, 0x30, 0x80, 0x30, 0xA0, 0x28, 0xA1, 0x20, 0x80, 0x20, 0x81, 0x18, 0x61, 0x10, 0x61, 0x10, 0x41, 0x10, 0x41, 0x10, 0x41, 0x08, 0x41, 0x08, 0x41,
  0x08, 0x41, 0x08, 0x41, 0x08, 0x41, 0x08, 0x61, 0x00, 0x00, 0x84, 0x10, 0xFF, 0xFF, 0x52, 0xAA, 0x00, 0x00, 0x10, 0x82, 0x08, 0x41, 0x10, 0x62, 0x00, 0x00, 0x94, 0x92, 0xFF, 0xFF, 0x63, 0x0C,
  0x00, 0x00, 0xAD, 0x55, 0xFF, 0xDF, 0x21, 0x04, 0x00, 0x00, 0x08, 0x41, 0x08, 0x20, 0x8C, 0x71, 0x63, 0x2C, 0x08, 0x61, 0x08, 0x41, 0x08, 0x61, 0x08, 0x61, 0x10, 0x62, 0x08, 0x61, 0x08, 0x41,
  0x08, 0x41, 0x08, 0x41, 0x08, 0x41, 0x08, 0x41, 0x08, 0x41, 0x08, 0x41, 0x08, 0x41, 0x08, 0x41, 0x08, 0x41, 0x08, 0x41, 0x08, 0x41, 0x08, 0x41, 0x08, 0x41, 0x08, 0x41, 0x08, 0x41, 0x08, 0x41,
  0x08, 0x41, 0x08, 0x41, 0x08, 0x41, 0x08, 0x41, 0x08, 0x41, 0x08, 0x41, 0x08, 0x41, 0x08, 0x41, 0x08, 0x41, 0x08, 0x41, 0x08, 0x41, 0x08, 0x41, 0x08, 0x41, 0x08, 0x61, 0x08, 0x41, 0x08, 0x41,
  0x08, 0x41, 0x08, 0x41, 0x08, 0x41, 0x08, 0x41, 0x08, 0x61, 0x08, 0x61, 0x08, 0x61, 0x08, 0x61, 0x08, 0x61, 0x08, 0x61, 0x08, 0x61, 0x08, 0x61, 0x08, 0x61, 0x08, 0x61, 0x08, 0x61, 0x10, 0x62,
  0x10, 0x62, 0x10, 0x62, 0x10, 0x62, 0x00, 0x20, 0x00, 0x00, 0x10, 0x62, 0x10, 0x62, 0x10, 0x82, 0x00, 0x00, 0x94, 0xB2, 0xFF, 0xFF, 0x21, 0x24, 0x08, 0x41, 0x10, 0x82, 0x10, 0x82, 0x10, 0x82,
  0x10, 0x82, 0x10, 0x61, 0xB2, 0xA3, 0x30, 0xA1, 0x00, 0x00, 0x84, 0x0F, 0xFF, 0xFF, 0x5A, 0xCB, 0x29, 0x45, 0x6B, 0x6D, 0x5A, 0xCB, 0x10, 0x82, 0x00, 0x00, 0x00, 0x20, 0x00, 0x00, 0x00, 0x00,
  0x00, 0x00, 0x10, 0x20, 0xA2, 0x83, 0xB2, 0xC3, 0x28, 0xC2, 0x20, 0xE2, 0x28, 0xC2, 0x28, 0xE2, 0x30, 0xE2, 0x39, 0x02, 0x38, 0xE2, 0x30, 0xA1, 0x9A, 0x42, 0xFC, 0x04, 0x92, 0x23, 0x28, 0x60,
  0x28, 0x80, 0x28, 0x80, 0x20, 0x60, 0x18, 0x40, 0x18, 0x40, 0x10, 0x20, 0x08, 0x20, 0x08, 0x20, 0x08, 0x00, 0x00, 0x00, 0x00, 0x00, 0x00, 0x00, 0x00, 0x00, 0x00, 0x00, 0x00, 0x00, 0x00, 0x00,
  0x00, 0x00, 0x00, 0x00, 0x00, 0x00, 0x00, 0x00, 0x00, 0x00, 0x00, 0x00, 0x00, 0x00, 0x00, 0x00, 0x00, 0x00, 0x00, 0x00, 0x00, 0x00, 0x00, 0x00, 0x00, 0x00, 0x00, 0x00, 0x00, 0x00, 0x00, 0x00,
  0x00, 0x00, 0x00, 0x00, 0x00, 0x00, 0x00, 0x00, 0x00, 0x00, 0x00, 0x00, 0x00, 0x00, 0x00, 0x00, 0x00, 0x00, 0x00, 0x00, 0x00, 0x00, 0x00, 0x00, 0x00, 0x00, 0x00, 0x00, 0x00, 0x00, 0x00, 0x00,
  0x00, 0x00, 0x00, 0x00, 0x00, 0x00, 0x00, 0x00, 0x00, 0x00, 0x00, 0x00, 0x00, 0x00, 0x00, 0x00, 0x00, 0x00, 0x00, 0x00, 0x00, 0x00, 0x00, 0x00, 0x00, 0x00, 0x00, 0x00, 0x00, 0x00, 0x00, 0x00,
  0x00, 0x00, 0x00, 0x00, 0x00, 0x00, 0x00, 0x00, 0x00, 0x00, 0x00, 0x00, 0x00, 0x00, 0x00, 0x00, 0x00, 0x00, 0x00, 0x00, 0x00, 0x00, 0x00, 0x00, 0x00, 0x00, 0x00, 0x00, 0x00, 0x00, 0x00, 0x00,
  0x00, 0x00, 0x00, 0x00, 0x00, 0x00, 0x00, 0x00, 0x00, 0x00, 0x00, 0x00, 0x00, 0x00, 0x00, 0x00, 0x08, 0x00, 0x08, 0x20, 0x08, 0x20, 0x10, 0x20, 0x10, 0x40, 0x18, 0x60, 0x20, 0x60, 0x20, 0x80,
  0x30, 0x80, 0x28, 0x60, 0x71, 0x81, 0xF3, 0xE4, 0xC2, 0xE3, 0x40, 0xC0, 0x28, 0x81, 0x30, 0xA1, 0x28, 0x81, 0x20, 0x81, 0x18, 0x61, 0x18, 0x61, 0x10, 0x41, 0x10, 0x41, 0x10, 0x41, 0x08, 0x41,
  0x08, 0x41, 0x08, 0x41, 0x08, 0x41, 0x08, 0x61, 0x00, 0x20, 0x31, 0x86, 0xFF, 0xFF, 0xCE, 0x79, 0x10, 0x82, 0x00, 0x00, 0x00, 0x00, 0x00, 0x00, 0x39, 0xA7, 0xEF, 0x9D, 0xEF, 0x7D, 0x21, 0x04,
  0x00, 0x00, 0xB5, 0xB6, 0xFF, 0xFF, 0x20, 0xE4, 0x08, 0x21, 0x00, 0x00, 0x84, 0x30, 0xFF, 0xFF, 0xF7, 0xDE, 0x20, 0xE4, 0x08, 0x21, 0x08, 0x61, 0x08, 0x61, 0x00, 0x00, 0x00, 0x00, 0x08, 0x41,
  0x08, 0x41, 0x08, 0x61, 0x08, 0x61, 0x08, 0x61, 0x08, 0x41, 0x08, 0x41, 0x08, 0x41, 0x08, 0x41, 0x08, 0x41, 0x08, 0x41, 0x08, 0x41, 0x08, 0x41, 0x08, 0x41, 0x08, 0x41, 0x08, 0x41, 0x08, 0x41,
  0x08, 0x41, 0x08, 0x41, 0x08, 0x41, 0x08, 0x41, 0x08, 0x41, 0x08, 0x41, 0x08, 0x41, 0x08, 0x41, 0x08, 0x41, 0x08, 0x41, 0x08, 0x41, 0x08, 0x41, 0x08, 0x41, 0x08, 0x41, 0x08, 0x41, 0x08, 0x41,
  0x08, 0x41, 0x08, 0x41, 0x08, 0x41, 0x08, 0x41, 0x08, 0x61, 0x08, 0x61, 0x08, 0x61, 0x08, 0x61, 0x08, 0x61, 0x08, 0x61, 0x08, 0x61, 0x10, 0x62, 0x10, 0x62, 0x10, 0x82, 0x10, 0x82, 0x10, 0x62,
  0x10, 0x62, 0x10, 0x82, 0x10, 0x82, 0x31, 0x86, 0x4A, 0x49, 0x00, 0x00, 0x08, 0x61, 0x10, 0xA2, 0x00, 0x20, 0xC6, 0x38, 0xD6, 0xBA, 0x08, 0x21, 0x10, 0x82, 0x10, 0x82, 0x10, 0x82, 0x10, 0x82,
  0x10, 0x82, 0x08, 0x41, 0xA2, 0x83, 0x51, 0x22, 0x00, 0x00, 0x84, 0x10, 0x94, 0x92, 0x00, 0x00, 0x00, 0x00, 0x00, 0x00, 0x00, 0x00, 0x00, 0x00, 0x00, 0x20, 0x00, 0x00, 0x08, 0x20, 0x00, 0x00,
  0x38, 0xC1, 0xC2, 0xE4, 0x92, 0x43, 0x18, 0xA2, 0x20, 0xC2, 0x28, 0xC2, 0x30, 0xE2, 0x38, 0xE2, 0x39, 0x02, 0x30, 0xE2, 0x49, 0x01, 0xC3, 0x03, 0xF3, 0xC4, 0x71, 0x81, 0x20, 0x40, 0x28, 0xA0,
  0x28, 0x80, 0x18, 0x80, 0x18, 0x60, 0x18, 0x40, 0x10, 0x20, 0x08, 0x20, 0x08, 0x20, 0x08, 0x20, 0x00, 0x00, 0x00, 0x00, 0x00, 0x00, 0x00, 0x00, 0x00, 0x00, 0x00, 0x00, 0x00, 0x00, 0x00, 0x00,
  0x00, 0x00, 0x00, 0x00, 0x00, 0x00, 0x00, 0x00, 0x00, 0x00, 0x00, 0x00, 0x00, 0x00, 0x00, 0x00, 0x00, 0x00, 0x00, 0x00, 0x00, 0x00, 0x00, 0x00, 0x00, 0x00, 0x00, 0x00, 0x00, 0x00, 0x00, 0x00,
  0x00, 0x00, 0x00, 0x00, 0x00, 0x00, 0x00, 0x00, 0x00, 0x00, 0x00, 0x00, 0x00, 0x00, 0x00, 0x00, 0x00, 0x00, 0x00, 0x00, 0x00, 0x00, 0x00, 0x00, 0x00, 0x00, 0x00, 0x00, 0x00, 0x00, 0x00, 0x00,
  0x00, 0x00, 0x00, 0x00, 0x00, 0x00, 0x00, 0x00, 0x00, 0x00, 0x00, 0x00, 0x00, 0x00, 0x00, 0x00, 0x00, 0x00, 0x00, 0x00, 0x00, 0x00, 0x00, 0x00, 0x00, 0x00, 0x00, 0x00, 0x00, 0x00, 0x00, 0x00,
  0x00, 0x00, 0x00, 0x00, 0x00, 0x00, 0x00, 0x00, 0x00, 0x00, 0x00, 0x00, 0x00, 0x00, 0x00, 0x00, 0x00, 0x00, 0x00, 0x00, 0x00, 0x00, 0x00, 0x00, 0x00, 0x00, 0x00, 0x00, 0x00, 0x00, 0x00, 0x00,
  0x00, 0x00, 0x00, 0x00, 0x00, 0x00, 0x00, 0x00, 0x00, 0x00, 0x00, 0x00, 0x00, 0x00, 0x00, 0x00, 0x00, 0x00, 0x00, 0x00, 0x08, 0x20, 0x08, 0x20, 0x10, 0x20, 0x10, 0x40, 0x18, 0x60, 0x20, 0x60,
  0x28, 0x80, 0x28, 0xA0, 0x28, 0x60, 0x51, 0x01, 0xDB, 0x64, 0xE3, 0x84, 0x61, 0x41, 0x28, 0x60, 0x28, 0xA1, 0x28, 0x80, 0x20, 0x81, 0x18, 0x60, 0x18, 0x60, 0x18, 0x61, 0x10, 0x61, 0x10, 0x41,
  0x08, 0x41, 0x08, 0x41, 0x08, 0x41, 0x08, 0x41, 0x08, 0x61, 0x00, 0x00, 0x73, 0xAE, 0xFF, 0xFF, 0xDE, 0xFB, 0x6B, 0x4D, 0x4A, 0x49, 0x7B, 0xCF, 0xEF, 0x9D, 0xFF, 0xFF, 0x6B, 0x4D, 0x00, 0x00,
  0x00, 0x00, 0xBE, 0x17, 0xFF, 0xDF, 0x20, 0xE4, 0x00, 0x00, 0x62, 0xEC, 0xFF, 0xFF, 0xFF, 0xFF, 0xE7, 0x3C, 0x18, 0xC3, 0x08, 0x21, 0x08, 0x61, 0x08, 0x41, 0x7B, 0xCF, 0x5A, 0xCB, 0x08, 0x41,
  0x00, 0x00, 0x00, 0x00, 0x00, 0x00, 0x00, 0x00, 0x08, 0x41, 0x08, 0x61, 0x08, 0x61, 0x08, 0x41, 0x08, 0x41, 0x08, 0x41, 0x08, 0x41, 0x08, 0x41, 0x08, 0x41, 0x08, 0x41, 0x08, 0x41, 0x08, 0x41,
  0x08, 0x41, 0x08, 0x41, 0x08, 0x41, 0x08, 0x41, 0x08, 0x41, 0x08, 0x41, 0x08, 0x41, 0x08, 0x41, 0x08, 0x41, 0x08, 0x41, 0x08, 0x41, 0x08, 0x41, 0x08, 0x41, 0x08, 0x41, 0x08, 0x41, 0x08, 0x41,
  0x08, 0x61, 0x08, 0x41, 0x08, 0x41, 0x08, 0x41, 0x08, 0x61, 0x08, 0x61, 0x08, 0x61, 0x08, 0x61, 0x08, 0x61, 0x08, 0x61, 0x10, 0x62, 0x08, 0x41, 0x00, 0x00, 0x00, 0x00, 0x00, 0x00, 0x08, 0x41,
  0x10, 0x82, 0x00, 0x00, 0x10, 0xA2, 0xC6, 0x38, 0xFF, 0xFF, 0x94, 0x92, 0x08, 0x41, 0x08, 0x41, 0x18, 0xC3, 0xF7, 0xBE, 0xA5, 0x34, 0x00, 0x00, 0x10, 0x82, 0x10, 0x62, 0x10, 0x82, 0x10, 0x82,
  0x10, 0x82, 0x00, 0x41, 0x92, 0x43, 0x71, 0xA2, 0x00, 0x00, 0x00, 0x00, 0x00, 0x00, 0x00, 0x00, 0x00, 0x20, 0x08, 0x20, 0x00, 0x20, 0x00, 0x00, 0x00, 0x00, 0x00, 0x00, 0x00, 0x00, 0x71, 0x82,
  0xD3, 0x24, 0x61, 0x82, 0x18, 0x82, 0x20, 0xC2, 0x28, 0xE2, 0x30, 0xE2, 0x39, 0x02, 0x39, 0x02, 0x38, 0xC1, 0x71, 0x81, 0xE3, 0xC4, 0xDB, 0x64, 0x50, 0xE1, 0x20, 0x40, 0x28, 0xA1, 0x20, 0x60,
  0x18, 0x60, 0x18, 0x40, 0x10, 0x40, 0x10, 0x20, 0x08, 0x20, 0x08, 0x20, 0x00, 0x00, 0x00, 0x00, 0x00, 0x00, 0x00, 0x00, 0x00, 0x00, 0x00, 0x00, 0x00, 0x00, 0x00, 0x00, 0x00, 0x00, 0x00, 0x00,
  0x00, 0x00, 0x00, 0x00, 0x00, 0x00, 0x00, 0x00, 0x00, 0x00, 0x00, 0x00, 0x00, 0x00, 0x00, 0x00, 0x00, 0x00, 0x00, 0x00, 0x00, 0x00, 0x00, 0x00, 0x00, 0x00, 0x00, 0x00, 0x00, 0x00, 0x00, 0x00,
  0x00, 0x00, 0x00, 0x00, 0x00, 0x00, 0x00, 0x00, 0x00, 0x00, 0x00, 0x00, 0x00, 0x00, 0x00, 0x00, 0x00, 0x00, 0x00, 0x00, 0x00, 0x00, 0x00, 0x00, 0x00, 0x00, 0x00, 0x00, 0x00, 0x00, 0x00, 0x00,
  0x00, 0x00, 0x00, 0x00, 0x00, 0x00, 0x00, 0x00, 0x00, 0x00, 0x00, 0x00, 0x00, 0x00, 0x00, 0x00, 0x00, 0x00, 0x00, 0x00, 0x00, 0x00, 0x00, 0x00, 0x00, 0x00, 0x00, 0x00, 0x00, 0x00, 0x00, 0x00,
  0x00, 0x00, 0x00, 0x00, 0x00, 0x00, 0x00, 0x00, 0x00, 0x00, 0x00, 0x00, 0x00, 0x00, 0x00, 0x00, 0x00, 0x00, 0x00, 0x00, 0x00, 0x00, 0x00, 0x00, 0x00, 0x00, 0x00, 0x00, 0x00, 0x00, 0x00, 0x00,
  0x00, 0x00, 0x00, 0x00, 0x00, 0x00, 0x00, 0x00, 0x00, 0x00, 0x00, 0x00, 0x00, 0x00, 0x00, 0x00, 0x00, 0x00, 0x00, 0x00, 0x00, 0x00, 0x08, 0x00, 0x08, 0x20, 0x10, 0x20, 0x10, 0x40, 0x18, 0x40,
  0x18, 0x60, 0x20, 0x60, 0x30, 0xA0, 0x28, 0x80, 0x38, 0x80, 0xAA, 0x83, 0xFB, 0xE4, 0x92, 0x22, 0x30, 0x60, 0x28, 0x80, 0x28, 0xA1, 0x20, 0x80, 0x20, 0x60, 0x18, 0x60, 0x18, 0x61, 0x10, 0x61,
  0x10, 0x61, 0x10, 0x41, 0x08, 0x41, 0x08, 0x41, 0x08, 0x41, 0x08, 0x41, 0x00, 0x00, 0x5A, 0xEB, 0xE7, 0x1C, 0xFF, 0xFF, 0xFF, 0xFF, 0xFF, 0xFF, 0xEF, 0x7D, 0x6B, 0x6D, 0x00, 0x00, 0x08, 0x41,
  0x00, 0x00, 0xCE, 0x59, 0xF7, 0xDE, 0x08, 0x41, 0x31, 0x86, 0xF7, 0xDE, 0xC6, 0x38, 0xB5, 0xB6, 0xEF, 0x7D, 0x10, 0x62, 0x08, 0x41, 0x00, 0x00, 0x73, 0xAE, 0xFF, 0xFF, 0xA5, 0x54, 0x00, 0x00,
  0x94, 0xB2, 0xA5, 0x14, 0x63, 0x2C, 0x31, 0xA6, 0x10, 0x62, 0x00, 0x00, 0x00, 0x00, 0x08, 0x41, 0x08, 0x41, 0x08, 0x41, 0x08, 0x41, 0x08, 0x61, 0x08, 0x61, 0x10, 0x62, 0x08, 0x61, 0x08, 0x41,
  0x08, 0x41, 0x08, 0x41, 0x08, 0x41, 0x08, 0x41, 0x08, 0x41, 0x08, 0x41, 0x08, 0x41, 0x08, 0x41, 0x08, 0x41, 0x08, 0x41, 0x08, 0x41, 0x08, 0x41, 0x08, 0x41, 0x08, 0x61, 0x08, 0x61, 0x08, 0x61,
  0x10, 0x62, 0x08, 0x61, 0x08, 0x41, 0x08, 0x41, 0x08, 0x61, 0x08, 0x41, 0x08, 0x61, 0x08, 0x61, 0x08, 0x61, 0x08, 0x61, 0x08, 0x41, 0x18, 0xA3, 0x39, 0xE7, 0x73, 0x8E, 0xB5, 0x96, 0xDF, 0x1B,
  0xDE, 0xFB, 0x94, 0xB2, 0x10, 0x62, 0x18, 0xA3, 0xB5, 0x96, 0xFF, 0xFF, 0xBD, 0xD7, 0x10, 0xA2, 0x31, 0x66, 0xFF, 0xFF, 0x73, 0x8E, 0x00, 0x00, 0x10, 0x82, 0x10, 0x62, 0x10, 0x82, 0x10, 0x82,
  0x10, 0x82, 0x08, 0x62, 0x49, 0x22, 0xCB, 0x04, 0x30, 0x81, 0x00, 0x00, 0x00, 0x00, 0x00, 0x00, 0x00, 0x20, 0x08, 0x00, 0x00, 0x00, 0x08, 0x20, 0x00, 0x00, 0x10, 0x20, 0x9A, 0x63, 0xB2, 0xC3,
  0x38, 0xC1, 0x18, 0x82, 0x28, 0xE2, 0x30, 0xE2, 0x30, 0xE2, 0x39, 0x02, 0x38, 0xE2, 0x38, 0xC1, 0x9A, 0x62, 0xFC, 0x04, 0xAA, 0x83, 0x38, 0x80, 0x28, 0x60, 0x28, 0x80, 0x20, 0x60, 0x18, 0x60,
  0x18, 0x40, 0x10, 0x40, 0x10, 0x20, 0x08, 0x20, 0x08, 0x20, 0x00, 0x00, 0x00, 0x00, 0x00, 0x00, 0x00, 0x00, 0x00, 0x00, 0x00, 0x00, 0x00, 0x00, 0x00, 0x00, 0x00, 0x00, 0x00, 0x00, 0x00, 0x00,
  0x00, 0x00, 0x00, 0x00, 0x00, 0x00, 0x00, 0x00, 0x00, 0x00, 0x00, 0x00, 0x00, 0x00, 0x00, 0x00, 0x00, 0x00, 0x00, 0x00, 0x00, 0x00, 0x00, 0x00, 0x00, 0x00, 0x00, 0x00, 0x00, 0x00, 0x00, 0x00,
  0x00, 0x00, 0x00, 0x00, 0x00, 0x00, 0x00, 0x00, 0x00, 0x00, 0x00, 0x00, 0x00, 0x00, 0x00, 0x00, 0x00, 0x00, 0x00, 0x00, 0x00, 0x00, 0x00, 0x00, 0x00, 0x00, 0x00, 0x00, 0x00, 0x00, 0x00, 0x00,
  0x00, 0x00, 0x00, 0x00, 0x00, 0x00, 0x00, 0x00, 0x00, 0x00, 0x00, 0x00, 0x00, 0x00, 0x00, 0x00, 0x00, 0x00, 0x00, 0x00, 0x00, 0x00, 0x00, 0x00, 0x00, 0x00, 0x00, 0x00, 0x00, 0x00, 0x00, 0x00,
  0x00, 0x00, 0x00, 0x00, 0x00, 0x00, 0x00, 0x00, 0x00, 0x00, 0x00, 0x00, 0x00, 0x00, 0x00, 0x00, 0x00, 0x00, 0x00, 0x00, 0x00, 0x00, 0x00, 0x00, 0x00, 0x00, 0x00, 0x00, 0x00, 0x00, 0x00, 0x00,
  0x00, 0x00, 0x00, 0x00, 0x00, 0x00, 0x00, 0x00, 0x00, 0x00, 0x00, 0x00, 0x00, 0x00, 0x00, 0x00, 0x00, 0x00, 0x00, 0x00, 0x00, 0x00, 0x08, 0x00, 0x08, 0x20, 0x08, 0x20, 0x10, 0x20, 0x10, 0x40,
  0x18, 0x40, 0x18, 0x60, 0x20, 0x60, 0x28, 0x80, 0x28, 0x80, 0x28, 0x60, 0x79, 0xA2, 0xF3, 0xC4, 0xCB, 0x03, 0x48, 0xE1, 0x20, 0x60, 0x28, 0xA1, 0x28, 0x81, 0x20, 0x81, 0x18, 0x61, 0x18, 0x61,
  0x18, 0x61, 0x10, 0x61, 0x10, 0x41, 0x10, 0x41, 0x08, 0x41, 0x08, 0x41, 0x08, 0x41, 0x00, 0x00, 0x10, 0x61, 0x4A, 0x69, 0x6B, 0x6D, 0x52, 0xAA, 0x18, 0xC3, 0x00, 0x00, 0x08, 0x41, 0x08, 0x21,
  0x00, 0x00, 0xD6, 0xBA, 0xE7, 0x3C, 0x18, 0xC3, 0xDE, 0xDB, 0xF7, 0xBE, 0x20, 0xE4, 0xA5, 0x54, 0xEF, 0x7D, 0x08, 0x41, 0x00, 0x00, 0x42, 0x08, 0xFF, 0xFF, 0xCE, 0x59, 0x08, 0x41, 0x10, 0xA2,
  0xEF, 0x7D, 0xFF, 0xFF, 0xFF, 0xFF, 0xFF, 0xFF, 0xEF, 0x9D, 0xBE, 0x17, 0x7C, 0x10, 0x10, 0x82, 0x08, 0x41, 0x10, 0x82, 0x08, 0x21, 0x00, 0x00, 0x00, 0x00, 0x00, 0x00, 0x00, 0x00, 0x08, 0x41,
  0x08, 0x41, 0x08, 0x41, 0x08, 0x41, 0x08, 0x21, 0x08, 0x41, 0x08, 0x41, 0x08, 0x41, 0x08, 0x41, 0x08, 0x41, 0x08, 0x41, 0x08, 0x41, 0x08, 0x41, 0x08, 0x41, 0x08, 0x21, 0x00, 0x20, 0x00, 0x00,
  0x00, 0x00, 0x00, 0x00, 0x08, 0x61, 0x08, 0x61, 0x08, 0x41, 0x08, 0x41, 0x08, 0x41, 0x08, 0x41, 0x10, 0x62, 0x00, 0x00, 0x6B, 0x4D, 0xE7, 0x1C, 0xFF, 0xFF, 0xFF, 0xFF, 0xD6, 0xBA, 0xA5, 0x34,
  0xD6, 0xBA, 0xFF, 0xFF, 0x84, 0x10, 0x00, 0x00, 0x08, 0x41, 0x94, 0x92, 0xFF, 0xFF, 0xCE, 0x79, 0x8C, 0x71, 0xFF, 0xFF, 0x42, 0x08, 0x00, 0x00, 0x10, 0x62, 0x10, 0x62, 0x10, 0x62, 0x10, 0x82,
  0x10, 0x82, 0x10, 0xA2, 0x08, 0x62, 0x69, 0x82, 0xC2, 0xE4, 0x9A, 0x43, 0x51, 0x21, 0x10, 0x21, 0x00, 0x00, 0x00, 0x00, 0x00, 0x00, 0x00, 0x00, 0x40, 0xE1, 0xC2, 0xE3, 0x81, 0xE2, 0x10, 0x61,
  0x18, 0xA2, 0x28, 0xC2, 0x30, 0xC2, 0x31, 0x02, 0x39, 0x02, 0x30, 0xC1, 0x51, 0x22, 0xD3, 0x23, 0xF3, 0xE4, 0x79, 0xA2, 0x28, 0x60, 0x30, 0x80, 0x28, 0x80, 0x20, 0x60, 0x18, 0x40, 0x18, 0x40,
  0x10, 0x40, 0x10, 0x20, 0x08, 0x20, 0x08, 0x00, 0x08, 0x00, 0x00, 0x00, 0x00, 0x00, 0x00, 0x00, 0x00, 0x00, 0x00, 0x00, 0x00, 0x00, 0x00, 0x00, 0x00, 0x00, 0x00, 0x00, 0x00, 0x00, 0x00, 0x00,
  0x00, 0x00, 0x00, 0x00, 0x00, 0x00, 0x00, 0x00, 0x00, 0x00, 0x00, 0x00, 0x00, 0x00, 0x00, 0x00, 0x00, 0x00, 0x00, 0x00, 0x00, 0x00, 0x00, 0x00, 0x00, 0x00, 0x00, 0x00, 0x00, 0x00, 0x00, 0x00,
  0x00, 0x00, 0x00, 0x00, 0x00, 0x00, 0x00, 0x00, 0x00, 0x00, 0x00, 0x00, 0x00, 0x00, 0x00, 0x00, 0x00, 0x00, 0x00, 0x00, 0x00, 0x00, 0x00, 0x00, 0x00, 0x00, 0x00, 0x00, 0x00, 0x00, 0x00, 0x00,
  0x00, 0x00, 0x00, 0x00, 0x00, 0x00, 0x00, 0x00, 0x00, 0x00, 0x00, 0x00, 0x00, 0x00, 0x00, 0x00, 0x00, 0x00, 0x00, 0x00, 0x00, 0x00, 0x00, 0x00, 0x00, 0x00, 0x00, 0x00, 0x00, 0x00, 0x00, 0x00,
  0x00, 0x00, 0x00, 0x00, 0x00, 0x00, 0x00, 0x00, 0x00, 0x00, 0x00, 0x00, 0x00, 0x00, 0x00, 0x00, 0x00, 0x00, 0x00, 0x00, 0x00, 0x00, 0x00, 0x00, 0x00, 0x00, 0x00, 0x00, 0x00, 0x00, 0x00, 0x00,
  0x00, 0x00, 0x00, 0x00, 0x00, 0x00, 0x00, 0x00, 0x00, 0x00, 0x00, 0x00, 0x00, 0x00, 0x00, 0x00, 0x00, 0x00, 0x00, 0x00, 0x00, 0x00, 0x00, 0x00, 0x00, 0x00, 0x08, 0x20, 0x08, 0x20, 0x10, 0x20,
  0x10, 0x40, 0x10, 0x40, 0x18, 0x60, 0x20, 0x60, 0x20, 0x80, 0x30, 0xA0, 0x28, 0x60, 0x48, 0xE1, 0xCB, 0x03, 0xF3, 0xC4, 0x81, 0xC2, 0x28, 0x60, 0x28, 0x80, 0x28, 0xA1, 0x20, 0x81, 0x20, 0x80,
  0x20, 0x61, 0x18, 0x61, 0x18, 0x61, 0x10, 0x61, 0x10, 0x41, 0x10, 0x41, 0x08, 0x41, 0x10, 0x41, 0x08, 0x20, 0x00, 0x00, 0x00, 0x00, 0x00, 0x00, 0x00, 0x00, 0x08, 0x41, 0x08, 0x41, 0x08, 0x21,
  0x00, 0x20, 0xDE, 0xFB, 0xDE, 0xFB, 0xB5, 0xB6, 0xFF, 0xFF, 0x5A, 0xCB, 0x00, 0x00, 0xBE, 0x17, 0xE7, 0x5C, 0x00, 0x00, 0x18, 0xC3, 0xE7, 0x1C, 0xEF, 0x7D, 0x29, 0x45, 0x00, 0x00, 0x39, 0xE7,
  0xFF, 0xFF, 0xB5, 0xB6, 0x29, 0x65, 0x6B, 0x4D, 0x9C, 0xF3, 0xD6, 0xBA, 0xDE, 0xFB, 0x10, 0x62, 0x10, 0x62, 0xCE, 0x59, 0xD6, 0x9A, 0xBD, 0xD7, 0x9C, 0xD3, 0x73, 0x8E, 0x31, 0x86, 0x00, 0x00,
  0x08, 0x41, 0x08, 0x41, 0x10, 0x82, 0x18, 0xC3, 0x10, 0xA2, 0x10, 0x62, 0x08, 0x41, 0x08, 0x41, 0x08, 0x41, 0x08, 0x21, 0x08, 0x41, 0x08, 0x41, 0x10, 0x82, 0x18, 0xC3, 0x29, 0x45, 0x39, 0xC7,
  0x42, 0x08, 0x31, 0x66, 0x08, 0x21, 0x00, 0x00, 0x08, 0x61, 0x08, 0x41, 0x08, 0x41, 0x08, 0x61, 0x10, 0x82, 0x00, 0x00, 0x63, 0x2C, 0xFF, 0xFF, 0x9C, 0xF3, 0x20, 0xE4, 0x08, 0x41, 0x00, 0x00,
  0x18, 0xA3, 0xF7, 0xDE, 0xC6, 0x18, 0x00, 0x20, 0x10, 0x82, 0x00, 0x00, 0x73, 0x8E, 0xFF, 0xFF, 0xFF, 0xFF, 0xE7, 0x3C, 0x18, 0xC3, 0x08, 0x41, 0x08, 0x61, 0x10, 0x62, 0x10, 0x62, 0x10, 0x82,
  0x10, 0x82, 0x10, 0x82, 0x10, 0x82, 0x08, 0x42, 0x20, 0x82, 0x61, 0x62, 0xA2, 0x63, 0xBA, 0xC3, 0x92, 0x23, 0x49, 0x01, 0x30, 0xA0, 0x82, 0x03, 0xC3, 0x04, 0x51, 0x22, 0x08, 0x41, 0x20, 0xA2,
  0x28, 0xC2, 0x28, 0xE2, 0x38, 0xE2, 0x30, 0xE2, 0x30, 0xC1, 0x8A, 0x02, 0xF3, 0xE4, 0xCB, 0x03, 0x50, 0xE1, 0x28, 0x60, 0x28, 0xA0, 0x20, 0x80, 0x20, 0x60, 0x18, 0x40, 0x10, 0x40, 0x10, 0x40,
  0x08, 0x20, 0x08, 0x20, 0x08, 0x00, 0x00, 0x00, 0x00, 0x00, 0x00, 0x00, 0x00, 0x00, 0x00, 0x00, 0x00, 0x00, 0x00, 0x00, 0x00, 0x00, 0x00, 0x00, 0x00, 0x00, 0x00, 0x00, 0x00, 0x00, 0x00, 0x00,
  0x00, 0x00, 0x00, 0x00, 0x00, 0x00, 0x00, 0x00, 0x00, 0x00, 0x00, 0x00, 0x00, 0x00, 0x00, 0x00, 0x00, 0x00, 0x00, 0x00, 0x00, 0x00, 0x00, 0x00, 0x00, 0x00, 0x00, 0x00, 0x00, 0x00, 0x00, 0x00,
  0x00, 0x00, 0x00, 0x00, 0x00, 0x00, 0x00, 0x00, 0x00, 0x00, 0x00, 0x00, 0x00, 0x00, 0x00, 0x00, 0x00, 0x00, 0x00, 0x00, 0x00, 0x00, 0x00, 0x00, 0x00, 0x00, 0x00, 0x00, 0x00, 0x00, 0x00, 0x00,
  0x00, 0x00, 0x00, 0x00, 0x00, 0x00, 0x00, 0x00, 0x00, 0x00, 0x00, 0x00, 0x00, 0x00, 0x00, 0x00, 0x00, 0x00, 0x00, 0x00, 0x00, 0x00, 0x00, 0x00, 0x00, 0x00, 0x00, 0x00, 0x00, 0x00, 0x00, 0x00,
  0x00, 0x00, 0x00, 0x00, 0x00, 0x00, 0x00, 0x00, 0x00, 0x00, 0x00, 0x00, 0x00, 0x00, 0x00, 0x00, 0x00, 0x00, 0x00, 0x00, 0x00, 0x00, 0x00, 0x00, 0x00, 0x00, 0x00, 0x00, 0x00, 0x00, 0x00, 0x00,
  0x00, 0x00, 0x00, 0x00, 0x00, 0x00, 0x00, 0x00, 0x00, 0x00, 0x00, 0x00, 0x00, 0x00, 0x00, 0x00, 0x00, 0x00, 0x00, 0x00, 0x00, 0x00, 0x00, 0x00, 0x00, 0x00, 0x00, 0x00, 0x08, 0x20, 0x08, 0x20,
  0x08, 0x20, 0x10, 0x40, 0x10, 0x40, 0x18, 0x40, 0x20, 0x60, 0x20, 0x60, 0x28, 0x80, 0x28, 0x80, 0x30, 0x60, 0x8A, 0x02, 0xF3, 0xE4, 0xC2, 0xE3, 0x48, 0xE1, 0x28, 0x60, 0x30, 0xA1, 0x28, 0xA1,
  0x20, 0x80, 0x20, 0x81, 0x18, 0x61, 0x18, 0x61, 0x18, 0x61, 0x10, 0x41, 0x10, 0x41, 0x10, 0x41, 0x08, 0x41, 0x08, 0x61, 0x10, 0x61, 0x08, 0x41, 0x08, 0x41, 0x08, 0x41, 0x08, 0x41, 0x00, 0x20,
  0x08, 0x41, 0xDE, 0xFB, 0xFF, 0xDF, 0xFF, 0xFF, 0x84, 0x30, 0x00, 0x00, 0x00, 0x00, 0xC6, 0x18, 0xE7, 0x1C, 0x00, 0x00, 0xB5, 0xD6, 0xFF, 0xFF, 0x4A, 0x69, 0x00, 0x00, 0x00, 0x00, 0x6B, 0x6D,
  0xFF, 0xFF, 0x6B, 0x2D, 0x00, 0x00, 0x00, 0x00, 0x00, 0x00, 0x00, 0x00, 0x10, 0x82, 0x00, 0x00, 0x21, 0x04, 0xFF, 0xDF, 0xF7, 0x9E, 0xD6, 0xBA, 0xF7, 0x9E, 0xFF, 0xFF, 0xFF, 0xFF, 0x84, 0x30,
  0x08, 0x21, 0x00, 0x00, 0x52, 0x8A, 0xE7, 0x5C, 0xEF, 0x5D, 0xF7, 0x9E, 0xEF, 0x7D, 0xE7, 0x3C, 0xEF, 0x5D, 0x94, 0x92, 0x00, 0x00, 0x4A, 0x49, 0xE7, 0x1C, 0xEF, 0x7D, 0xFF, 0xFF, 0xFF, 0xFF,
  0xFF, 0xFF, 0xFF, 0xFF, 0xC6, 0x58, 0x42, 0x08, 0x00, 0x00, 0x08, 0x61, 0x08, 0x41, 0x08, 0x41, 0x10, 0x62, 0x00, 0x20, 0x29, 0x65, 0xFF, 0xFF, 0xAD, 0x75, 0x00, 0x00, 0x00, 0x00, 0x00, 0x00,
  0x52, 0xAA, 0xF7, 0xDE, 0x73, 0x8E, 0x00, 0x00, 0x10, 0xA2, 0x10, 0x82, 0x00, 0x00, 0x52, 0xAA, 0xF7, 0x9E, 0xE7, 0x1C, 0x18, 0xA3, 0x08, 0x41, 0x10, 0x62, 0x10, 0x62, 0x10, 0x82, 0x10, 0x82,
  0x10, 0x82, 0x10, 0x82, 0x10, 0x82, 0x10, 0x82, 0x10, 0x82, 0x00, 0x41, 0x08, 0x41, 0x38, 0xC2, 0x79, 0xE2, 0xB2, 0xA3, 0xC2, 0xE3, 0xA2, 0x63, 0x30, 0xA1, 0x10, 0x62, 0x28, 0xC2, 0x28, 0xC2,
  0x30, 0xE2, 0x30, 0xE2, 0x28, 0xA1, 0x51, 0x21, 0xCB, 0x23, 0xF3, 0xE4, 0x8A, 0x02, 0x30, 0x60, 0x28, 0x80, 0x28, 0xA0, 0x20, 0x60, 0x20, 0x60, 0x18, 0x40, 0x10, 0x40, 0x10, 0x20, 0x08, 0x20,
  0x08, 0x20, 0x08, 0x00, 0x00, 0x00, 0x00, 0x00, 0x00, 0x00, 0x00, 0x00, 0x00, 0x00, 0x00, 0x00, 0x00, 0x00, 0x00, 0x00, 0x00, 0x00, 0x00, 0x00, 0x00, 0x00, 0x00, 0x00, 0x00, 0x00, 0x00, 0x00,
  0x00, 0x00, 0x00, 0x00, 0x00, 0x00, 0x00, 0x00, 0x00, 0x00, 0x00, 0x00, 0x00, 0x00, 0x00, 0x00, 0x00, 0x00, 0x00, 0x00, 0x00, 0x00, 0x00, 0x00, 0x00, 0x00, 0x00, 0x00, 0x00, 0x00, 0x00, 0x00,
  0x00, 0x00, 0x00, 0x00, 0x00, 0x00, 0x00, 0x00, 0x00, 0x00, 0x00, 0x00, 0x00, 0x00, 0x00, 0x00, 0x00, 0x00, 0x00, 0x00, 0x00, 0x00, 0x00, 0x00, 0x00, 0x00, 0x00, 0x00, 0x00, 0x00, 0x00, 0x00,
  0x00, 0x00, 0x00, 0x00, 0x00, 0x00, 0x00, 0x00, 0x00, 0x00, 0x00, 0x00, 0x00, 0x00, 0x00, 0x00, 0x00, 0x00, 0x00, 0x00, 0x00, 0x00, 0x00, 0x00, 0x00, 0x00, 0x00, 0x00, 0x00, 0x00, 0x00, 0x00,
  0x00, 0x00, 0x00, 0x00, 0x00, 0x00, 0x00, 0x00, 0x00, 0x00, 0x00, 0x00, 0x00, 0x00, 0x00, 0x00, 0x00, 0x00, 0x00, 0x00, 0x00, 0x00, 0x00, 0x00, 0x00, 0x00, 0x00, 0x00, 0x00, 0x00, 0x00, 0x00,
  0x00, 0x00, 0x00, 0x00, 0x00, 0x00, 0x00, 0x00, 0x00, 0x00, 0x00, 0x00, 0x00, 0x00, 0x00, 0x00, 0x00, 0x00, 0x00, 0x00, 0x00, 0x00, 0x00, 0x00, 0x00, 0x00, 0x00, 0x00, 0x00, 0x00, 0x08, 0x00,
  0x08, 0x00, 0x08, 0x20, 0x10, 0x20, 0x10, 0x20, 0x18, 0x40, 0x18, 0x40, 0x20, 0x60, 0x28, 0x80, 0x28, 0x80, 0x20, 0x40, 0x50, 0xE1, 0xCB, 0x03, 0xF3, 0xC4, 0x89, 0xE2, 0x38, 0x80, 0x28, 0x80,
  0x30, 0xA1, 0x28, 0x80, 0x20, 0x81, 0x20, 0x61, 0x18, 0x61, 0x18, 0x61, 0x10, 0x61, 0x10, 0x41, 0x10, 0x41, 0x08, 0x41, 0x08, 0x41, 0x08, 0x41, 0x08, 0x41, 0x08, 0x41, 0x08, 0x41, 0x08, 0x20,
  0x10, 0x62, 0xDF, 0x1B, 0xFF, 0xFF, 0xAD, 0x75, 0x00, 0x20, 0x08, 0x61, 0x00, 0x00, 0xCE, 0x59, 0xD6, 0x9A, 0x84, 0x10, 0xFF, 0xFF, 0x84, 0x10, 0x00, 0x00, 0x10, 0x62, 0x00, 0x00, 0xA5, 0x34,
  0xFF, 0xFF, 0xB5, 0x96, 0x62, 0xEC, 0x31, 0x86, 0x10, 0x62, 0x00, 0x00, 0x08, 0x21, 0x00, 0x00, 0x39, 0xC7, 0xFF, 0xFF, 0x94, 0xB2, 0x00, 0x00, 0x10, 0x82, 0x31, 0x86, 0xCE, 0x59, 0xFF, 0xFF,
  0x52, 0x8A, 0x00, 0x00, 0x5A, 0xCB, 0xFF, 0xFF, 0xC6, 0x59, 0x94, 0x92, 0x9C, 0xF3, 0x9C, 0xF3, 0xA5, 0x34, 0x6B, 0x4D, 0x00, 0x00, 0x42, 0x08, 0xFF, 0xFF, 0xCE, 0x59, 0x6B, 0x6D, 0x5A, 0xEB,
  0x52, 0x8A, 0x84, 0x30, 0xFF, 0xDF, 0xF7, 0xDE, 0x41, 0xE7, 0x00, 0x00, 0x10, 0x62, 0x08, 0x61, 0x08, 0x61, 0x08, 0x61, 0x10, 0x62, 0xDF, 0x1B, 0xEF, 0x7D, 0x63, 0x0C, 0x9C, 0xF3, 0xDE, 0xFB,
  0xFF, 0xFF, 0xFF, 0xFF, 0xB5, 0xB6, 0x31, 0x86, 0x08, 0x41, 0x10, 0x62, 0x10, 0x82, 0x00, 0x00, 0x9C, 0xF3, 0xFF, 0xFF, 0x52, 0x8A, 0x00, 0x00, 0x10, 0x82, 0x10, 0x62, 0x10, 0x62, 0x10, 0x82,
  0x10, 0x82, 0x10, 0x82, 0x10, 0x82, 0x10, 0x82, 0x10, 0x81, 0x18, 0x82, 0x18, 0xA2, 0x10, 0xA2, 0x10, 0x62, 0x18, 0x82, 0x28, 0x81, 0x18, 0x62, 0x20, 0xC2, 0x28, 0xC2, 0x30, 0xC2, 0x30, 0xE2,
  0x28, 0xC1, 0x30, 0xA1, 0x92, 0x22, 0xF3, 0xE4, 0xCB, 0x03, 0x51, 0x01, 0x28, 0x60, 0x28, 0xA0, 0x28, 0x80, 0x20, 0x60, 0x18, 0x60, 0x18, 0x40, 0x10, 0x20, 0x10, 0x20, 0x08, 0x20, 0x08, 0x00,
  0x08, 0x00, 0x00, 0x00, 0x00, 0x00, 0x00, 0x00, 0x00, 0x00, 0x00, 0x00, 0x00, 0x00, 0x00, 0x00, 0x00, 0x00, 0x00, 0x00, 0x00, 0x00, 0x00, 0x00, 0x00, 0x00, 0x00, 0x00, 0x00, 0x00, 0x00, 0x00,
  0x00, 0x00, 0x00, 0x00, 0x00, 0x00, 0x00, 0x00, 0x00, 0x00, 0x00, 0x00, 0x00, 0x00, 0x00, 0x00, 0x00, 0x00, 0x00, 0x00, 0x00, 0x00, 0x00, 0x00, 0x00, 0x00, 0x00, 0x00, 0x00, 0x00, 0x00, 0x00,
  0x00, 0x00, 0x00, 0x00, 0x00, 0x00, 0x00, 0x00, 0x00, 0x00, 0x00, 0x00, 0x00, 0x00, 0x00, 0x00, 0x00, 0x00, 0x00, 0x00, 0x00, 0x00, 0x00, 0x00, 0x00, 0x00, 0x00, 0x00, 0x00, 0x00, 0x00, 0x00,
  0x00, 0x00, 0x00, 0x00, 0x00, 0x00, 0x00, 0x00, 0x00, 0x00, 0x00, 0x00, 0x00, 0x00, 0x00, 0x00, 0x00, 0x00, 0x00, 0x00, 0x00, 0x00, 0x00, 0x00, 0x00, 0x00, 0x00, 0x00, 0x00, 0x00, 0x00, 0x00,
  0x00, 0x00, 0x00, 0x00, 0x00, 0x00, 0x00, 0x00, 0x00, 0x00, 0x00, 0x00, 0x00, 0x00, 0x00, 0x00, 0x00, 0x00, 0x00, 0x00, 0x00, 0x00, 0x00, 0x00, 0x00, 0x00, 0x00, 0x00, 0x00, 0x00, 0x00, 0x00,
  0x00, 0x00, 0x00, 0x00, 0x00, 0x00, 0x00, 0x00, 0x00, 0x00, 0x00, 0x00, 0x00, 0x00, 0x00, 0x00, 0x00, 0x00, 0x00, 0x00, 0x00, 0x00, 0x00, 0x00, 0x00, 0x00, 0x00, 0x00, 0x00, 0x00, 0x00, 0x00,
  0x08, 0x00, 0x08, 0x00, 0x08, 0x00, 0x08, 0x20, 0x10, 0x20, 0x18, 0x40, 0x18, 0x40, 0x20, 0x60, 0x20, 0x80, 0x28, 0xA0, 0x28, 0x80, 0x30, 0x60, 0x89, 0xC2, 0xF3, 0xC4, 0xD3, 0x43, 0x61, 0x41,
  0x28, 0x60, 0x28, 0x80, 0x28, 0xA0, 0x20, 0x80, 0x20, 0x61, 0x18, 0x61, 0x18, 0x61, 0x18, 0x61, 0x10, 0x61, 0x10, 0x41, 0x10, 0x41, 0x10, 0x41, 0x08, 0x41, 0x08, 0x41, 0x08, 0x41, 0x08, 0x41,
  0x08, 0x41, 0x31, 0x86, 0x7B, 0xEF, 0x18, 0xC3, 0x00, 0x00, 0x08, 0x41, 0x00, 0x00, 0xC6, 0x18, 0xF7, 0xBE, 0xFF, 0xFF, 0xBD, 0xD7, 0x00, 0x00, 0x08, 0x41, 0x08, 0x21, 0x08, 0x21, 0xD6, 0xDA,
  0xF7, 0xDE, 0xE7, 0x3C, 0xFF, 0xFF, 0xFF, 0xFF, 0xEF, 0x7D, 0x73, 0xAE, 0x00, 0x00, 0x00, 0x00, 0x5A, 0xCB, 0xFF, 0xFF, 0x7B, 0xEF, 0x08, 0x21, 0x10, 0x82, 0x00, 0x00, 0x52, 0x8A, 0xFF, 0xDF,
  0x8C, 0x71, 0x00, 0x00, 0x5A, 0xAB, 0xFF, 0xFF, 0x6B, 0x6D, 0x00, 0x00, 0x00, 0x00, 0x00, 0x00, 0x00, 0x00, 0x00, 0x00, 0x00, 0x00, 0x29, 0x45, 0xFF, 0xFF, 0xA5, 0x34, 0x00, 0x00, 0x00, 0x00,
  0x00, 0x00, 0x00, 0x00, 0x39, 0xE7, 0xFF, 0xDF, 0xCE, 0x79, 0x08, 0x41, 0x08, 0x61, 0x08, 0x61, 0x08, 0x61, 0x10, 0x82, 0x00, 0x00, 0xA5, 0x54, 0xFF, 0xFF, 0xFF, 0xFF, 0xE7, 0x1C, 0xAD, 0x55,
  0x6B, 0x2D, 0x73, 0x8E, 0xFF, 0xFF, 0xD6, 0xDA, 0x10, 0x62, 0x08, 0x41, 0x10, 0x82, 0x00, 0x00, 0x4A, 0x69, 0xFF, 0xFF, 0xB5, 0xB6, 0x00, 0x20, 0x10, 0x82, 0x10, 0x62, 0x10, 0x82, 0x10, 0x82,
  0x10, 0x82, 0x10, 0x82, 0x10, 0x82, 0x10, 0x82, 0x18, 0x82, 0x18, 0xA2, 0x18, 0xA2, 0x20, 0xA2, 0x20, 0xC2, 0x20, 0xC2, 0x20, 0xC2, 0x30, 0xC2, 0x30, 0xE2, 0x38, 0xE2, 0x30, 0xC2, 0x28, 0x81,
  0x61, 0x61, 0xD3, 0x43, 0xEB, 0xC4, 0x81, 0xC2, 0x28, 0x60, 0x28, 0x80, 0x28, 0xA0, 0x20, 0x60, 0x20, 0x60, 0x18, 0x40, 0x10, 0x40, 0x10, 0x20, 0x10, 0x20, 0x08, 0x20, 0x08, 0x20, 0x08, 0x00,
  0x00, 0x00, 0x00, 0x00, 0x00, 0x00, 0x00, 0x00, 0x00, 0x00, 0x00, 0x00, 0x00, 0x00, 0x00, 0x00, 0x00, 0x00, 0x00, 0x00, 0x00, 0x00, 0x00, 0x00, 0x00, 0x00, 0x00, 0x00, 0x00, 0x00, 0x00, 0x00,
  0x00, 0x00, 0x00, 0x00, 0x00, 0x00, 0x00, 0x00, 0x00, 0x00, 0x00, 0x00, 0x00, 0x00, 0x00, 0x00, 0x00, 0x00, 0x00, 0x00, 0x00, 0x00, 0x00, 0x00, 0x00, 0x00, 0x00, 0x00, 0x00, 0x00, 0x00, 0x00,
  0x00, 0x00, 0x00, 0x00, 0x00, 0x00, 0x00, 0x00, 0x00, 0x00, 0x00, 0x00, 0x00, 0x00, 0x00, 0x00, 0x00, 0x00, 0x00, 0x00, 0x00, 0x00, 0x00, 0x00, 0x00, 0x00, 0x00, 0x00, 0x00, 0x00, 0x00, 0x00,
  0x00, 0x00, 0x00, 0x00, 0x00, 0x00, 0x00, 0x00, 0x00, 0x00, 0x00, 0x00, 0x00, 0x00, 0x00, 0x00, 0x00, 0x00, 0x00, 0x00, 0x00, 0x00, 0x00, 0x00, 0x00, 0x00, 0x00, 0x00, 0x00, 0x00, 0x00, 0x00,
  0x00, 0x00, 0x00, 0x00, 0x00, 0x00, 0x00, 0x00, 0x00, 0x00, 0x00, 0x00, 0x00, 0x00, 0x00, 0x00, 0x00, 0x00, 0x00, 0x00, 0x00, 0x00, 0x00, 0x00, 0x00, 0x00, 0x00, 0x00, 0x00, 0x00, 0x00, 0x00,
  0x00, 0x00, 0x00, 0x00, 0x00, 0x00, 0x00, 0x00, 0x00, 0x00, 0x00, 0x00, 0x00, 0x00, 0x00, 0x00, 0x00, 0x00, 0x00, 0x00, 0x00, 0x00, 0x00, 0x00, 0x00, 0x00, 0x00, 0x00, 0x00, 0x00, 0x00, 0x00,
  0x00, 0x00, 0x00, 0x00, 0x08, 0x00, 0x08, 0x20, 0x08, 0x20, 0x10, 0x20, 0x10, 0x40, 0x18, 0x40, 0x20, 0x40, 0x20, 0x60, 0x28, 0x80, 0x30, 0x80, 0x28, 0x60, 0x48, 0xC1, 0xBA, 0xA3, 0xFB, 0xE4,
  0xB2, 0xA3, 0x48, 0xE1, 0x28, 0x60, 0x28, 0x81, 0x28, 0x80, 0x20, 0x80, 0x20, 0x60, 0x18, 0x61, 0x18, 0x60, 0x18, 0x61, 0x10, 0x61, 0x10, 0x41, 0x10, 0x41, 0x10, 0x41, 0x08, 0x40, 0x08, 0x41,
  0x08, 0x41, 0x00, 0x00, 0x00, 0x00, 0x08, 0x21, 0x08, 0x41, 0x08, 0x21, 0x00, 0x00, 0xD6, 0x9A, 0xFF, 0xFF, 0xDE, 0xFB, 0x18, 0xE3, 0x08, 0x21, 0x08, 0x61, 0x00, 0x00, 0x29, 0x25, 0xFF, 0xFF,
  0xC6, 0x38, 0x08, 0x41, 0x31, 0x66, 0x5A, 0xEB, 0xA5, 0x34, 0x63, 0x0C, 0x00, 0x20, 0x00, 0x00, 0x7B, 0xCF, 0xFF, 0xFF, 0x4A, 0x69, 0x00, 0x00, 0x00, 0x00, 0x00, 0x00, 0x73, 0x8E, 0xFF, 0xFF,
  0x7B, 0xEF, 0x00, 0x00, 0x5A, 0xEB, 0xFF, 0xFF, 0x84, 0x10, 0x10, 0xA2, 0x20, 0xE4, 0x18, 0xC3, 0x10, 0xA2, 0x08, 0x61, 0x00, 0x00, 0x20, 0xE4, 0xFF, 0xFF, 0xC6, 0x38, 0x08, 0x21, 0x10, 0x62,
  0x08, 0x61, 0x10, 0x82, 0x00, 0x00, 0xB5, 0x95, 0xFF, 0xFF, 0x31, 0xA6, 0x00, 0x00, 0x10, 0x62, 0x08, 0x61, 0x10, 0x82, 0x00, 0x00, 0x6B, 0x4D, 0xFF, 0xFF, 0x7B, 0xCF, 0x00, 0x00, 0x00, 0x00,
  0x00, 0x00, 0x00, 0x00, 0xAD, 0x55, 0xFF, 0xFF, 0x31, 0x86, 0x00, 0x00, 0x10, 0x62, 0x08, 0x41, 0x10, 0xA2, 0xC6, 0x38, 0x8C, 0x51, 0x08, 0x61, 0x10, 0x82, 0x10, 0x82, 0x10, 0x82, 0x10, 0x81,
  0x10, 0x81, 0x10, 0x82, 0x18, 0x82, 0x18, 0x82, 0x18, 0xA2, 0x18, 0xA2, 0x20, 0xA2, 0x20, 0xA2, 0x28, 0xA2, 0x28, 0xC2, 0x30, 0xE2, 0x38, 0xE2, 0x38, 0xE2, 0x30, 0xA1, 0x51, 0x01, 0xB2, 0xA3,
  0xF3, 0xE4, 0xB2, 0xA3, 0x40, 0xC0, 0x20, 0x60, 0x28, 0xA0, 0x28, 0x80, 0x20, 0x60, 0x20, 0x40, 0x18, 0x40, 0x10, 0x40, 0x10, 0x20, 0x08, 0x20, 0x08, 0x00, 0x08, 0x00, 0x00, 0x00, 0x00, 0x00,
  0x00, 0x00, 0x00, 0x00, 0x00, 0x00, 0x00, 0x00, 0x00, 0x00, 0x00, 0x00, 0x00, 0x00, 0x00, 0x00, 0x00, 0x00, 0x00, 0x00, 0x00, 0x00, 0x00, 0x00, 0x00, 0x00, 0x00, 0x00, 0x00, 0x00, 0x00, 0x00,
  0x00, 0x00, 0x00, 0x00, 0x00, 0x00, 0x00, 0x00, 0x00, 0x00, 0x00, 0x00, 0x00, 0x00, 0x00, 0x00, 0x00, 0x00, 0x00, 0x00, 0x00, 0x00, 0x00, 0x00, 0x00, 0x00, 0x00, 0x00, 0x00, 0x00, 0x00, 0x00,
  0x00, 0x00, 0x00, 0x00, 0x00, 0x00, 0x00, 0x00, 0x00, 0x00, 0x00, 0x00, 0x00, 0x00, 0x00, 0x00, 0x00, 0x00, 0x00, 0x00, 0x00, 0x00, 0x00, 0x00, 0x00, 0x00, 0x00, 0x00, 0x00, 0x00, 0x00, 0x00,
  0x00, 0x00, 0x00, 0x00, 0x00, 0x00, 0x00, 0x00, 0x00, 0x00, 0x00, 0x00, 0x00, 0x00, 0x00, 0x00, 0x00, 0x00, 0x00, 0x00, 0x00, 0x00, 0x00, 0x00, 0x00, 0x00, 0x00, 0x00, 0x00, 0x00, 0x00, 0x00,
  0x00, 0x00, 0x00, 0x00, 0x00, 0x00, 0x00, 0x00, 0x00, 0x00, 0x00, 0x00, 0x00, 0x00, 0x00, 0x00, 0x00, 0x00, 0x00, 0x00, 0x00, 0x00, 0x00, 0x00, 0x00, 0x00, 0x00, 0x00, 0x00, 0x00, 0x00, 0x00,
  0x00, 0x00, 0x00, 0x00, 0x00, 0x00, 0x00, 0x00, 0x00, 0x00, 0x00, 0x00, 0x00, 0x00, 0x00, 0x00, 0x00, 0x00, 0x00, 0x00, 0x00, 0x00, 0x00, 0x00, 0x00, 0x00, 0x00, 0x00, 0x00, 0x00, 0x00, 0x00,
  0x00, 0x00, 0x00, 0x00, 0x00, 0x00, 0x08, 0x00, 0x08, 0x20, 0x08, 0x20, 0x08, 0x20, 0x10, 0x40, 0x10, 0x40, 0x18, 0x60, 0x20, 0x60, 0x20, 0x60, 0x28, 0x80, 0x28, 0x80, 0x28, 0x60, 0x69, 0x41,
  0xD3, 0x44, 0xEB, 0xC4, 0x92, 0x22, 0x38, 0xA0, 0x20, 0x60, 0x28, 0xA1, 0x28, 0x81, 0x20, 0x81, 0x20, 0x61, 0x18, 0x60, 0x18, 0x61, 0x18, 0x61, 0x10, 0x61, 0x10, 0x61, 0x10, 0x41, 0x10, 0x41,
  0x10, 0x41, 0x10, 0x41, 0x10, 0x61, 0x08, 0x41, 0x08, 0x41, 0x08, 0x41, 0x00, 0x00, 0x4A, 0x69, 0xAD, 0x55, 0x42, 0x28, 0x00, 0x00, 0x08, 0x61, 0x08, 0x61, 0x00, 0x00, 0x52, 0xAA, 0xFF, 0xDF,
  0x7B, 0xEF, 0x00, 0x00, 0x00, 0x00, 0x00, 0x00, 0x00, 0x00, 0x00, 0x20, 0x10, 0x62, 0x00, 0x00, 0x9C, 0xF3, 0xFF, 0xFF, 0xC6, 0x38, 0x94, 0xB2, 0x73, 0x8E, 0x84, 0x10, 0xFF, 0xDF, 0xF7, 0xBE,
  0x29, 0x45, 0x00, 0x00, 0x63, 0x0C, 0xFF, 0xFF, 0xF7, 0xDF, 0xFF, 0xFF, 0xFF, 0xFF, 0xFF, 0xFF, 0xE7, 0x3C, 0x10, 0xA2, 0x00, 0x00, 0x10, 0xA2, 0xEF, 0x9D, 0xD6, 0xDA, 0x08, 0x21, 0x08, 0x41,
  0x08, 0x41, 0x10, 0x62, 0x00, 0x20, 0x84, 0x30, 0xFF, 0xFF, 0x4A, 0x69, 0x00, 0x00, 0x10, 0x62, 0x08, 0x41, 0x08, 0x61, 0x00, 0x00, 0x39, 0xC7, 0xFF, 0xFF, 0xA5, 0x14, 0x00, 0x00, 0x08, 0x21,
  0x18, 0xA3, 0x52, 0xAA, 0xEF, 0x7D, 0xEF, 0x7D, 0x18, 0xC3, 0x08, 0x21, 0x08, 0x61, 0x08, 0x61, 0x10, 0x61, 0x10, 0x61, 0x00, 0x00, 0x10, 0x82, 0x10, 0x81, 0x10, 0x61, 0x10, 0x81, 0x10, 0x82,
  0x18, 0x82, 0x18, 0x82, 0x18, 0x82, 0x18, 0x82, 0x20, 0xA2, 0x20, 0xA2, 0x20, 0xA2, 0x28, 0xA2, 0x28, 0xC2, 0x30, 0xE2, 0x38, 0xE2, 0x30, 0xC1, 0x48, 0xE1, 0x9A, 0x63, 0xF3, 0xE4, 0xD3, 0x44,
  0x69, 0x61, 0x20, 0x60, 0x28, 0x80, 0x28, 0x80, 0x20, 0x60, 0x20, 0x60, 0x18, 0x40, 0x10, 0x40, 0x10, 0x20, 0x10, 0x20, 0x08, 0x20, 0x08, 0x00, 0x08, 0x00, 0x00, 0x00, 0x00, 0x00, 0x00, 0x00,
  0x00, 0x00, 0x00, 0x00, 0x00, 0x00, 0x00, 0x00, 0x00, 0x00, 0x00, 0x00, 0x00, 0x00, 0x00, 0x00, 0x00, 0x00, 0x00, 0x00, 0x00, 0x00, 0x00, 0x00, 0x00, 0x00, 0x00, 0x00, 0x00, 0x00, 0x00, 0x00,
  0x00, 0x00, 0x00, 0x00, 0x00, 0x00, 0x00, 0x00, 0x00, 0x00, 0x00, 0x00, 0x00, 0x00, 0x00, 0x00, 0x00, 0x00, 0x00, 0x00, 0x00, 0x00, 0x00, 0x00, 0x00, 0x00, 0x00, 0x00, 0x00, 0x00, 0x00, 0x00,
  0x00, 0x00, 0x00, 0x00, 0x00, 0x00, 0x00, 0x00, 0x00, 0x00, 0x00, 0x00, 0x00, 0x00, 0x00, 0x00, 0x00, 0x00, 0x00, 0x00, 0x00, 0x00, 0x00, 0x00, 0x00, 0x00, 0x00, 0x00, 0x00, 0x00, 0x00, 0x00,
  0x00, 0x00, 0x00, 0x00, 0x00, 0x00, 0x00, 0x00, 0x00, 0x00, 0x00, 0x00, 0x00, 0x00, 0x00, 0x00, 0x00, 0x00, 0x00, 0x00, 0x00, 0x00, 0x00, 0x00, 0x00, 0x00, 0x00, 0x00, 0x00, 0x00, 0x00, 0x00,
  0x00, 0x00, 0x00, 0x00, 0x00, 0x00, 0x00, 0x00, 0x00, 0x00, 0x00, 0x00, 0x00, 0x00, 0x00, 0x00, 0x00, 0x00, 0x00, 0x00, 0x00, 0x00, 0x00, 0x00, 0x00, 0x00, 0x00, 0x00, 0x00, 0x00, 0x00, 0x00,
  0x00, 0x00, 0x00, 0x00, 0x00, 0x00, 0x00, 0x00, 0x00, 0x00, 0x00, 0x00, 0x00, 0x00, 0x00, 0x00, 0x00, 0x00, 0x00, 0x00, 0x00, 0x00, 0x00, 0x00, 0x00, 0x00, 0x00, 0x00, 0x00, 0x00, 0x00, 0x00,
  0x00, 0x00, 0x00, 0x00, 0x00, 0x00, 0x00, 0x00, 0x08, 0x00, 0x08, 0x00, 0x08, 0x20, 0x08, 0x20, 0x10, 0x20, 0x10, 0x40, 0x18, 0x40, 0x18, 0x60, 0x20, 0x60, 0x28, 0x80, 0x30, 0x80, 0x28, 0x60,
  0x30, 0x80, 0x81, 0xC2, 0xE3, 0x84, 0xE3, 0x84, 0x81, 0xC2, 0x30, 0x81, 0x20, 0x60, 0x28, 0xA0, 0x28, 0x80, 0x20, 0x81, 0x20, 0x81, 0x20, 0x61, 0x18, 0x61, 0x18, 0x61, 0x10, 0x61, 0x10, 0x61,
  0x10, 0x41, 0x10, 0x41, 0x10, 0x41, 0x08, 0x41, 0x08, 0x41, 0x08, 0x41, 0x08, 0x21, 0x00, 0x00, 0x00, 0x00, 0x00, 0x00, 0x08, 0x41, 0x08, 0x41, 0x08, 0x61, 0x00, 0x00, 0x9C, 0xF3, 0xFF, 0xFF,
  0xCE, 0x59, 0x73, 0xAE, 0x42, 0x08, 0x18, 0xA3, 0x00, 0x00, 0x00, 0x00, 0x08, 0x41, 0x00, 0x00, 0xBD, 0xF7, 0xFF, 0xFF, 0xD6, 0xDA, 0xEF, 0x9D, 0xFF, 0xFF, 0xFF, 0xFF, 0xCE, 0x79, 0x4A, 0x29,
  0x00, 0x00, 0x00, 0x00, 0x6B, 0x2D, 0xFF, 0xFF, 0xAD, 0x75, 0x73, 0x8E, 0x7B, 0xEF, 0x84, 0x10, 0x73, 0xAE, 0x10, 0x82, 0x08, 0x21, 0x08, 0x41, 0xDE, 0xFB, 0xE7, 0x5C, 0x10, 0x82, 0x08, 0x41,
  0x10, 0x62, 0x10, 0x62, 0x00, 0x00, 0xAD, 0x75, 0xFF, 0xFF, 0x39, 0xA7, 0x00, 0x00, 0x10, 0x62, 0x08, 0x41, 0x08, 0x61, 0x08, 0x21, 0x10, 0xA2, 0xEF, 0x5D, 0xDF, 0x1B, 0x7B, 0xCF, 0xBD, 0xF7,
  0xF7, 0x9E, 0xFF, 0xFF, 0xDE, 0xFB, 0x4A, 0x49, 0x00, 0x00, 0x10, 0x62, 0x08, 0x61, 0x10, 0x61, 0x10, 0x61, 0x10, 0x61, 0x10, 0x82, 0x10, 0x61, 0x10, 0x61, 0x10, 0x81, 0x18, 0x82, 0x18, 0x82,
  0x18, 0x82, 0x18, 0xA2, 0x20, 0xA2, 0x20, 0xA2, 0x20, 0xA2, 0x20, 0xC2, 0x28, 0xC2, 0x30, 0xE1, 0x30, 0xE2, 0x28, 0xA1, 0x38, 0xC1, 0x89, 0xE2, 0xE3, 0xA4, 0xE3, 0xA4, 0x81, 0xE2, 0x30, 0x80,
  0x28, 0x60, 0x28, 0x80, 0x28, 0x80, 0x20, 0x60, 0x18, 0x60, 0x18, 0x40, 0x10, 0x40, 0x10, 0x20, 0x08, 0x20, 0x08, 0x20, 0x08, 0x00, 0x08, 0x00, 0x00, 0x00, 0x00, 0x00, 0x00, 0x00, 0x00, 0x00,
  0x00, 0x00, 0x00, 0x00, 0x00, 0x00, 0x00, 0x00, 0x00, 0x00, 0x00, 0x00, 0x00, 0x00, 0x00, 0x00, 0x00, 0x00, 0x00, 0x00, 0x00, 0x00, 0x00, 0x00, 0x00, 0x00, 0x00, 0x00, 0x00, 0x00, 0x00, 0x00,
  0x00, 0x00, 0x00, 0x00, 0x00, 0x00, 0x00, 0x00, 0x00, 0x00, 0x00, 0x00, 0x00, 0x00, 0x00, 0x00, 0x00, 0x00, 0x00, 0x00, 0x00, 0x00, 0x00, 0x00, 0x00, 0x00, 0x00, 0x00, 0x00, 0x00, 0x00, 0x00,
  0x00, 0x00, 0x00, 0x00, 0x00, 0x00, 0x00, 0x00, 0x00, 0x00, 0x00, 0x00, 0x00, 0x00, 0x00, 0x00, 0x00, 0x00, 0x00, 0x00, 0x00, 0x00, 0x00, 0x00, 0x00, 0x00, 0x00, 0x00, 0x00, 0x00, 0x00, 0x00,
  0x00, 0x00, 0x00, 0x00, 0x00, 0x00, 0x00, 0x00, 0x00, 0x00, 0x00, 0x00, 0x00, 0x00, 0x00, 0x00, 0x00, 0x00, 0x00, 0x00, 0x00, 0x00, 0x00, 0x00, 0x00, 0x00, 0x00, 0x00, 0x00, 0x00, 0x00, 0x00,
  0x00, 0x00, 0x00, 0x00, 0x00, 0x00, 0x00, 0x00, 0x00, 0x00, 0x00, 0x00, 0x00, 0x00, 0x00, 0x00, 0x00, 0x00, 0x00, 0x00, 0x00, 0x00, 0x00, 0x00, 0x00, 0x00, 0x00, 0x00, 0x00, 0x00, 0x00, 0x00,
  0x00, 0x00, 0x00, 0x00, 0x00, 0x00, 0x00, 0x00, 0x00, 0x00, 0x00, 0x00, 0x00, 0x00, 0x00, 0x00, 0x00, 0x00, 0x00, 0x00, 0x00, 0x00, 0x00, 0x00, 0x00, 0x00, 0x00, 0x00, 0x00, 0x00, 0x00, 0x00,
  0x00, 0x00, 0x00, 0x00, 0x00, 0x00, 0x00, 0x00, 0x00, 0x00, 0x00, 0x00, 0x08, 0x00, 0x08, 0x20, 0x08, 0x20, 0x10, 0x20, 0x10, 0x20, 0x10, 0x40, 0x18, 0x40, 0x20, 0x60, 0x20, 0x60, 0x28, 0x80,
  0x28, 0x80, 0x20, 0x60, 0x38, 0xA0, 0x9A, 0x22, 0xEB, 0xC4, 0xDB, 0x43, 0x79, 0x82, 0x30, 0x60, 0x20, 0x60, 0x28, 0xA1, 0x30, 0xA0, 0x28, 0x80, 0x20, 0x80, 0x20, 0x61, 0x18, 0x61, 0x18, 0x61,
  0x18, 0x61, 0x10, 0x61, 0x10, 0x41, 0x10, 0x41, 0x10, 0x41, 0x08, 0x40, 0x08, 0x41, 0x10, 0x41, 0x08, 0x41, 0x08, 0x41, 0x08, 0x41, 0x08, 0x41, 0x08, 0x41, 0x08, 0x20, 0x52, 0x8A, 0x9C, 0xF3,
  0xD6, 0xBA, 0xFF, 0xFF, 0xFF, 0xFF, 0xF7, 0xDE, 0xCE, 0x79, 0x52, 0xAA, 0x00, 0x20, 0x08, 0x61, 0xDE, 0xDB, 0xEF, 0x5D, 0x08, 0x61, 0x00, 0x20, 0x52, 0xAA, 0xFF, 0xFF, 0x73, 0x8E, 0x00, 0x00,
  0x10, 0x82, 0x00, 0x00, 0x6B, 0x4D, 0xFF, 0xFF, 0x63, 0x2C, 0x00, 0x00, 0x00, 0x00, 0x00, 0x00, 0x00, 0x00, 0x08, 0x21, 0x08, 0x41, 0x00, 0x00, 0xCE, 0x79, 0xFF, 0xDF, 0x10, 0x82, 0x00, 0x00,
  0x00, 0x00, 0x00, 0x00, 0x4A, 0x49, 0xFF, 0xFF, 0xD6, 0x9A, 0x08, 0x41, 0x08, 0x41, 0x08, 0x61, 0x08, 0x41, 0x08, 0x41, 0x08, 0x61, 0x00, 0x00, 0xC6, 0x18, 0xFF, 0xFF, 0xFF, 0xFF, 0xD6, 0x9A,
  0x94, 0xB2, 0x52, 0x8A, 0x10, 0x82, 0x00, 0x00, 0x10, 0x82, 0x10, 0x61, 0x10, 0x61, 0x10, 0x61, 0x10, 0x61, 0x10, 0x61, 0x10, 0x81, 0x10, 0x81, 0x18, 0x81, 0x18, 0x82, 0x18, 0x82, 0x18, 0x81,
  0x20, 0xA2, 0x20, 0xA1, 0x20, 0xA1, 0x28, 0xC1, 0x28, 0xC1, 0x30, 0xE1, 0x30, 0xE2, 0x28, 0xA1, 0x30, 0xA1, 0x79, 0xC2, 0xDB, 0x63, 0xEB, 0xC4, 0x9A, 0x23, 0x40, 0xA0, 0x28, 0x60, 0x30, 0x80,
  0x28, 0x80, 0x20, 0x60, 0x20, 0x60, 0x18, 0x40, 0x10, 0x40, 0x10, 0x40, 0x08, 0x20, 0x08, 0x20, 0x08, 0x20, 0x08, 0x00, 0x00, 0x00, 0x00, 0x00, 0x00, 0x00, 0x00, 0x00, 0x00, 0x00, 0x00, 0x00,
  0x00, 0x00, 0x00, 0x00, 0x00, 0x00, 0x00, 0x00, 0x00, 0x00, 0x00, 0x00, 0x00, 0x00, 0x00, 0x00, 0x00, 0x00, 0x00, 0x00, 0x00, 0x00, 0x00, 0x00, 0x00, 0x00, 0x00, 0x00, 0x00, 0x00, 0x00, 0x00,
  0x00, 0x00, 0x00, 0x00, 0x00, 0x00, 0x00, 0x00, 0x00, 0x00, 0x00, 0x00, 0x00, 0x00, 0x00, 0x00, 0x00, 0x00, 0x00, 0x00, 0x00, 0x00, 0x00, 0x00, 0x00, 0x00, 0x00, 0x00, 0x00, 0x00, 0x00, 0x00,
  0x00, 0x00, 0x00, 0x00, 0x00, 0x00, 0x00, 0x00, 0x00, 0x00, 0x00, 0x00, 0x00, 0x00, 0x00, 0x00, 0x00, 0x00, 0x00, 0x00, 0x00, 0x00, 0x00, 0x00, 0x00, 0x00, 0x00, 0x00, 0x00, 0x00, 0x00, 0x00,
  0x00, 0x00, 0x00, 0x00, 0x00, 0x00, 0x00, 0x00, 0x00, 0x00, 0x00, 0x00, 0x00, 0x00, 0x00, 0x00, 0x00, 0x00, 0x00, 0x00, 0x00, 0x00, 0x00, 0x00, 0x00, 0x00, 0x00, 0x00, 0x00, 0x00, 0x00, 0x00,
  0x00, 0x00, 0x00, 0x00, 0x00, 0x00, 0x00, 0x00, 0x00, 0x00, 0x00, 0x00, 0x00, 0x00, 0x00, 0x00, 0x00, 0x00, 0x00, 0x00, 0x00, 0x00, 0x00, 0x00, 0x00, 0x00, 0x00, 0x00, 0x00, 0x00, 0x00, 0x00,
  0x00, 0x00, 0x00, 0x00, 0x00, 0x00, 0x00, 0x00, 0x00, 0x00, 0x00, 0x00, 0x00, 0x00, 0x00, 0x00, 0x00, 0x00, 0x00, 0x00, 0x00, 0x00, 0x00, 0x00, 0x00, 0x00, 0x00, 0x00, 0x00, 0x00, 0x00, 0x00,
  0x00, 0x00, 0x00, 0x00, 0x00, 0x00, 0x00, 0x00, 0x00, 0x00, 0x00, 0x00, 0x00, 0x00, 0x00, 0x00, 0x08, 0x20, 0x08, 0x20, 0x08, 0x20, 0x10, 0x40, 0x10, 0x40, 0x18, 0x40, 0x18, 0x60, 0x20, 0x60,
  0x20, 0x60, 0x28, 0x80, 0x28, 0x80, 0x20, 0x40, 0x40, 0xC1, 0xA2, 0x42, 0xF3, 0xC4, 0xDB, 0x64, 0x79, 0xC2, 0x38, 0xA0, 0x28, 0x60, 0x28, 0xA0, 0x28, 0xA0, 0x28, 0x81, 0x20, 0x81, 0x20, 0x61,
  0x18, 0x61, 0x18, 0x61, 0x18, 0x61, 0x18, 0x61, 0x10, 0x61, 0x10, 0x61, 0x10, 0x41, 0x10, 0x41, 0x08, 0x41, 0x08, 0x41, 0x08, 0x41, 0x08, 0x40, 0x08, 0x40, 0x08, 0x41, 0x00, 0x00, 0x00, 0x00,
  0x00, 0x00, 0x21, 0x04, 0x52, 0x8A, 0x8C, 0x51, 0xCE, 0x79, 0x5A, 0xCB, 0x00, 0x00, 0x21, 0x04, 0xFF, 0xFF, 0xDE, 0xDB, 0x00, 0x20, 0x08, 0x21, 0x00, 0x00, 0xBE, 0x17, 0xF7, 0x9E, 0x18, 0xC3,
  0x08, 0x21, 0x00, 0x00, 0x6B, 0x6D, 0xFF, 0xDF, 0x73, 0xAE, 0x10, 0x82, 0x18, 0xA3, 0x10, 0x82, 0x10, 0xA2, 0x08, 0x61, 0x08, 0x41, 0x00, 0x00, 0xB5, 0xB6, 0xFF, 0xDF, 0x5A, 0xCB, 0x4A, 0x49,
  0x63, 0x2C, 0xA5, 0x14, 0xFF, 0xFF, 0xF7, 0x9E, 0x39, 0xE7, 0x00, 0x00, 0x08, 0x61, 0x08, 0x41, 0x08, 0x41, 0x08, 0x41, 0x08, 0x61, 0x08, 0x21, 0x4A, 0x69, 0x5A, 0xCB, 0x18, 0xE3, 0x00, 0x00,
  0x00, 0x00, 0x00, 0x00, 0x08, 0x41, 0x10, 0x61, 0x10, 0x61, 0x10, 0x61, 0x10, 0x61, 0x10, 0x61, 0x10, 0x81, 0x18, 0x81, 0x18, 0x81, 0x18, 0x81, 0x18, 0x81, 0x20, 0x82, 0x20, 0x81, 0x20, 0xA1,
  0x28, 0xA1, 0x28, 0xC1, 0x30, 0xC2, 0x30, 0xE1, 0x30, 0xC1, 0x28, 0xA1, 0x38, 0xC1, 0x79, 0xE2, 0xDB, 0x43, 0xEB, 0xA4, 0xA2, 0x63, 0x48, 0xC1, 0x20, 0x60, 0x28, 0x80, 0x28, 0x80, 0x20, 0x80,
  0x20, 0x60, 0x18, 0x60, 0x18, 0x40, 0x10, 0x40, 0x10, 0x20, 0x08, 0x20, 0x08, 0x20, 0x08, 0x00, 0x00, 0x00, 0x00, 0x00, 0x00, 0x00, 0x00, 0x00, 0x00, 0x00, 0x00, 0x00, 0x00, 0x00, 0x00, 0x00,
  0x00, 0x00, 0x00, 0x00, 0x00, 0x00, 0x00, 0x00, 0x00, 0x00, 0x00, 0x00, 0x00, 0x00, 0x00, 0x00, 0x00, 0x00, 0x00, 0x00, 0x00, 0x00, 0x00, 0x00, 0x00, 0x00, 0x00, 0x00, 0x00, 0x00, 0x00, 0x00,
  0x00, 0x00, 0x00, 0x00, 0x00, 0x00, 0x00, 0x00, 0x00, 0x00, 0x00, 0x00, 0x00, 0x00, 0x00, 0x00, 0x00, 0x00, 0x00, 0x00, 0x00, 0x00, 0x00, 0x00, 0x00, 0x00, 0x00, 0x00, 0x00, 0x00, 0x00, 0x00,
  0x00, 0x00, 0x00, 0x00, 0x00, 0x00, 0x00, 0x00, 0x00, 0x00, 0x00, 0x00, 0x00, 0x00, 0x00, 0x00, 0x00, 0x00, 0x00, 0x00, 0x00, 0x00, 0x00, 0x00, 0x00, 0x00, 0x00, 0x00, 0x00, 0x00, 0x00, 0x00,
  0x00, 0x00, 0x00, 0x00, 0x00, 0x00, 0x00, 0x00, 0x00, 0x00, 0x00, 0x00, 0x00, 0x00, 0x00, 0x00, 0x00, 0x00, 0x00, 0x00, 0x00, 0x00, 0x00, 0x00, 0x00, 0x00, 0x00, 0x00, 0x00, 0x00, 0x00, 0x00,
  0x00, 0x00, 0x00, 0x00, 0x00, 0x00, 0x00, 0x00, 0x00, 0x00, 0x00, 0x00, 0x00, 0x00, 0x00, 0x00, 0x00, 0x00, 0x00, 0x00, 0x00, 0x00, 0x00, 0x00, 0x00, 0x00, 0x00, 0x00, 0x00, 0x00, 0x00, 0x00,
  0x00, 0x00, 0x00, 0x00, 0x00, 0x00, 0x00, 0x00, 0x00, 0x00, 0x00, 0x00, 0x00, 0x00, 0x00, 0x00, 0x00, 0x00, 0x00, 0x00, 0x00, 0x00, 0x00, 0x00, 0x00, 0x00, 0x00, 0x00, 0x00, 0x00, 0x00, 0x00,
  0x00, 0x00, 0x00, 0x00, 0x00, 0x00, 0x00, 0x00, 0x00, 0x00, 0x00, 0x00, 0x00, 0x00, 0x00, 0x00, 0x00, 0x00, 0x00, 0x20, 0x08, 0x20, 0x08, 0x20, 0x08, 0x20, 0x10, 0x40, 0x10, 0x40, 0x18, 0x40,
  0x18, 0x60, 0x20, 0x60, 0x20, 0x80, 0x28, 0xA0, 0x28, 0x80, 0x20, 0x40, 0x48, 0xC0, 0xA2, 0x62, 0xF3, 0xC4, 0xE3, 0x84, 0x8A, 0x02, 0x40, 0xC0, 0x28, 0x60, 0x28, 0x80, 0x28, 0xA0, 0x28, 0x81,
  0x20, 0x80, 0x20, 0x60, 0x18, 0x61, 0x18, 0x61, 0x18, 0x61, 0x10, 0x61, 0x10, 0x61, 0x10, 0x61, 0x10, 0x41, 0x10, 0x41, 0x10, 0x41, 0x08, 0x41, 0x08, 0x41, 0x08, 0x41, 0x08, 0x61, 0x10, 0x61,
  0x08, 0x41, 0x00, 0x00, 0x00, 0x00, 0x00, 0x00, 0x00, 0x00, 0x00, 0x20, 0x08, 0x20, 0x10, 0x82, 0x6B, 0x6D, 0x63, 0x0B, 0x00, 0x20, 0x08, 0x61, 0x00, 0x00, 0x39, 0xA7, 0xFF, 0xFF, 0x9C, 0xF3,
  0x00, 0x20, 0x00, 0x00, 0x83, 0xEF, 0xFF, 0xFF, 0xFF, 0xFF, 0xFF, 0xDE, 0xF7, 0xDE, 0xF7, 0xBE, 0xF7, 0xBE, 0xA5, 0x34, 0x00, 0x00, 0x00, 0x00, 0xAD, 0x75, 0xFF, 0xFF, 0xFF, 0xFF, 0xFF, 0xFF,
  0xFF, 0xFF, 0xFF, 0xFF, 0xB5, 0x96, 0x31, 0x86, 0x00, 0x00, 0x08, 0x41, 0x08, 0x41, 0x08, 0x41, 0x08, 0x41, 0x08, 0x41, 0x08, 0x41, 0x08, 0x61, 0x00, 0x00, 0x00, 0x00, 0x08, 0x20, 0x10, 0x61,
  0x10, 0x82, 0x10, 0x61, 0x10, 0x61, 0x10, 0x61, 0x10, 0x61, 0x10, 0x61, 0x10, 0x81, 0x18, 0x81, 0x18, 0x81, 0x18, 0x81, 0x18, 0x81, 0x20, 0x81, 0x20, 0xA1, 0x20, 0xA1, 0x28, 0xA1, 0x30, 0xA1,
  0x30, 0xC1, 0x30, 0xE1, 0x30, 0xC1, 0x28, 0xA1, 0x40, 0xC1, 0x8A, 0x02, 0xE3, 0x84, 0xEB, 0xA4, 0x9A, 0x63, 0x48, 0xC0, 0x28, 0x40, 0x28, 0x80, 0x28, 0x80, 0x28, 0x80, 0x20, 0x60, 0x18, 0x60,
  0x18, 0x40, 0x10, 0x40, 0x10, 0x40, 0x08, 0x20, 0x08, 0x20, 0x08, 0x00, 0x08, 0x00, 0x00, 0x00, 0x00, 0x00, 0x00, 0x00, 0x00, 0x00, 0x00, 0x00, 0x00, 0x00, 0x00, 0x00, 0x00, 0x00, 0x00, 0x00,
  0x00, 0x00, 0x00, 0x00, 0x00, 0x00, 0x00, 0x00, 0x00, 0x00, 0x00, 0x00, 0x00, 0x00, 0x00, 0x00, 0x00, 0x00, 0x00, 0x00, 0x00, 0x00, 0x00, 0x00, 0x00, 0x00, 0x00, 0x00, 0x00, 0x00, 0x00, 0x00,
  0x00, 0x00, 0x00, 0x00, 0x00, 0x00, 0x00, 0x00, 0x00, 0x00, 0x00, 0x00, 0x00, 0x00, 0x00, 0x00, 0x00, 0x00, 0x00, 0x00, 0x00, 0x00, 0x00, 0x00, 0x00, 0x00, 0x00, 0x00, 0x00, 0x00, 0x00, 0x00,
  0x00, 0x00, 0x00, 0x00, 0x00, 0x00, 0x00, 0x00, 0x00, 0x00, 0x00, 0x00, 0x00, 0x00, 0x00, 0x00, 0x00, 0x00, 0x00, 0x00, 0x00, 0x00, 0x00, 0x00, 0x00, 0x00, 0x00, 0x00, 0x00, 0x00, 0x00, 0x00,
  0x00, 0x00, 0x00, 0x00, 0x00, 0x00, 0x00, 0x00, 0x00, 0x00, 0x00, 0x00, 0x00, 0x00, 0x00, 0x00, 0x00, 0x00, 0x00, 0x00, 0x00, 0x00, 0x00, 0x00, 0x00, 0x00, 0x00, 0x00, 0x00, 0x00, 0x00, 0x00,
  0x00, 0x00, 0x00, 0x00, 0x00, 0x00, 0x00, 0x00, 0x00, 0x00, 0x00, 0x00, 0x00, 0x00, 0x00, 0x00, 0x00, 0x00, 0x00, 0x00, 0x00, 0x00, 0x00, 0x00, 0x00, 0x00, 0x00, 0x00, 0x00, 0x00, 0x00, 0x00,
  0x00, 0x00, 0x00, 0x00, 0x00, 0x00, 0x00, 0x00, 0x00, 0x00, 0x00, 0x00, 0x00, 0x00, 0x00, 0x00, 0x00, 0x00, 0x00, 0x00, 0x00, 0x00, 0x00, 0x00, 0x00, 0x00, 0x00, 0x00, 0x00, 0x00, 0x00, 0x00,
  0x00, 0x00, 0x00, 0x00, 0x00, 0x00, 0x00, 0x00, 0x00, 0x00, 0x00, 0x00, 0x00, 0x00, 0x00, 0x00, 0x00, 0x00, 0x00, 0x00, 0x00, 0x00, 0x08, 0x00, 0x08, 0x20, 0x08, 0x20, 0x10, 0x20, 0x10, 0x40,
  0x10, 0x40, 0x18, 0x40, 0x18, 0x60, 0x20, 0x60, 0x20, 0x80, 0x28, 0xA0, 0x28, 0x80, 0x28, 0x60, 0x48, 0xC0, 0x9A, 0x42, 0xEB, 0xA4, 0xEB, 0xA4, 0xA2, 0x62, 0x50, 0xE1, 0x20, 0x61, 0x20, 0x60,
  0x28, 0x80, 0x28, 0xA1, 0x20, 0x81, 0x20, 0x80, 0x20, 0x61, 0x20, 0x61, 0x18, 0x61, 0x18, 0x61, 0x10, 0x61, 0x10, 0x61, 0x10, 0x61, 0x10, 0x61, 0x10, 0x41, 0x10, 0x41, 0x08, 0x41, 0x08, 0x41,
  0x08, 0x41, 0x08, 0x41, 0x08, 0x61, 0x08, 0x41, 0x08, 0x41, 0x08, 0x41, 0x08, 0x41, 0x08, 0x20, 0x00, 0x00, 0x00, 0x00, 0x08, 0x41, 0x08, 0x41, 0x08, 0x41, 0x00, 0x20, 0x31, 0x66, 0x42, 0x28,
  0x10, 0x62, 0x08, 0x21, 0x39, 0xC7, 0x7B, 0xCF, 0x7B, 0xCF, 0x84, 0x30, 0x8C, 0x51, 0x8C, 0x71, 0x94, 0xB2, 0x63, 0x2C, 0x00, 0x00, 0x00, 0x20, 0x4A, 0x28, 0x6B, 0x6D, 0x5A, 0xCB, 0x4A, 0x49,
  0x31, 0xA6, 0x18, 0xE3, 0x00, 0x00, 0x00, 0x00, 0x08, 0x61, 0x08, 0x41, 0x08, 0x41, 0x08, 0x41, 0x08, 0x41, 0x08, 0x41, 0x08, 0x41, 0x08, 0x61, 0x10, 0x61, 0x10, 0x61, 0x10, 0x61, 0x10, 0x61,
  0x10, 0x61, 0x10, 0x61, 0x10, 0x61, 0x10, 0x61, 0x18, 0x61, 0x18, 0x61, 0x18, 0x81, 0x18, 0x81, 0x20, 0x81, 0x20, 0x81, 0x20, 0x81, 0x28, 0xA1, 0x28, 0xA1, 0x30, 0xC1, 0x30, 0xE1, 0x30, 0xE1,
  0x28, 0xA1, 0x30, 0xA1, 0x59, 0x21, 0xA2, 0x83, 0xEB, 0xA4, 0xEB, 0xA4, 0x92, 0x22, 0x40, 0xC0, 0x20, 0x40, 0x28, 0x80, 0x28, 0x80, 0x20, 0x80, 0x20, 0x60, 0x20, 0x60, 0x18, 0x40, 0x10, 0x40,
  0x10, 0x40, 0x10, 0x20, 0x08, 0x20, 0x08, 0x20, 0x08, 0x20, 0x00, 0x00, 0x00, 0x00, 0x00, 0x00, 0x00, 0x00, 0x00, 0x00, 0x00, 0x00, 0x00, 0x00, 0x00, 0x00, 0x00, 0x00, 0x00, 0x00, 0x00, 0x00,
  0x00, 0x00, 0x00, 0x00, 0x00, 0x00, 0x00, 0x00, 0x00, 0x00, 0x00, 0x00, 0x00, 0x00, 0x00, 0x00, 0x00, 0x00, 0x00, 0x00, 0x00, 0x00, 0x00, 0x00, 0x00, 0x00, 0x00, 0x00, 0x00, 0x00, 0x00, 0x00,
  0x00, 0x00, 0x00, 0x00, 0x00, 0x00, 0x00, 0x00, 0x00, 0x00, 0x00, 0x00, 0x00, 0x00, 0x00, 0x00, 0x00, 0x00, 0x00, 0x00, 0x00, 0x00, 0x00, 0x00, 0x00, 0x00, 0x00, 0x00, 0x00, 0x00, 0x00, 0x00,
  0x00, 0x00, 0x00, 0x00, 0x00, 0x00, 0x00, 0x00, 0x00, 0x00, 0x00, 0x00, 0x00, 0x00, 0x00, 0x00, 0x00, 0x00, 0x00, 0x00, 0x00, 0x00, 0x00, 0x00, 0x00, 0x00, 0x00, 0x00, 0x00, 0x00, 0x00, 0x00,
  0x00, 0x00, 0x00, 0x00, 0x00, 0x00, 0x00, 0x00, 0x00, 0x00, 0x00, 0x00, 0x00, 0x00, 0x00, 0x00, 0x00, 0x00, 0x00, 0x00, 0x00, 0x00, 0x00, 0x00, 0x00, 0x00, 0x00, 0x00, 0x00, 0x00, 0x00, 0x00,
  0x00, 0x00, 0x00, 0x00, 0x00, 0x00, 0x00, 0x00, 0x00, 0x00, 0x00, 0x00, 0x00, 0x00, 0x00, 0x00, 0x00, 0x00, 0x00, 0x00, 0x00, 0x00, 0x00, 0x00, 0x00, 0x00, 0x00, 0x00, 0x00, 0x00, 0x00, 0x00,
  0x00, 0x00, 0x00, 0x00, 0x00, 0x00, 0x00, 0x00, 0x00, 0x00, 0x00, 0x00, 0x00, 0x00, 0x00, 0x00, 0x00, 0x00, 0x00, 0x00, 0x00, 0x00, 0x00, 0x00, 0x00, 0x00, 0x00, 0x00, 0x00, 0x00, 0x00, 0x00,
  0x00, 0x00, 0x00, 0x00, 0x00, 0x00, 0x00, 0x00, 0x00, 0x00, 0x00, 0x00, 0x00, 0x00, 0x00, 0x00, 0x00, 0x00, 0x00, 0x00, 0x00, 0x00, 0x00, 0x00, 0x00, 0x00, 0x08, 0x20, 0x08, 0x20, 0x08, 0x20,
  0x10, 0x20, 0x10, 0x40, 0x10, 0x40, 0x18, 0x40, 0x18, 0x60, 0x20, 0x60, 0x20, 0x80, 0x28, 0xA0, 0x28, 0x80, 0x28, 0x60, 0x40, 0xA0, 0x89, 0xE2, 0xDB, 0x44, 0xEB, 0xC4, 0xBA, 0xE3, 0x69, 0x61,
  0x30, 0x80, 0x20, 0x60, 0x28, 0x80, 0x28, 0xA0, 0x28, 0xA1, 0x20, 0x80, 0x20, 0x80, 0x20, 0x60, 0x18, 0x60, 0x18, 0x60, 0x18, 0x61, 0x18, 0x61, 0x10, 0x61, 0x10, 0x61, 0x10, 0x41, 0x10, 0x41,
  0x10, 0x41, 0x10, 0x41, 0x10, 0x41, 0x08, 0x41, 0x08, 0x41, 0x08, 0x41, 0x08, 0x40, 0x08, 0x41, 0x08, 0x61, 0x08, 0x61, 0x08, 0x41, 0x08, 0x41, 0x08, 0x41, 0x08, 0x41, 0x00, 0x00, 0x00, 0x00,
  0x08, 0x41, 0x08, 0x41, 0x00, 0x00, 0x00, 0x00, 0x00, 0x00, 0x00, 0x00, 0x00, 0x00, 0x00, 0x00, 0x00, 0x00, 0x00, 0x00, 0x08, 0x41, 0x08, 0x41, 0x00, 0x00, 0x00, 0x00, 0x00, 0x00, 0x00, 0x00,
  0x00, 0x00, 0x00, 0x20, 0x08, 0x41, 0x08, 0x41, 0x08, 0x41, 0x08, 0x41, 0x08, 0x41, 0x08, 0x41, 0x08, 0x41, 0x10, 0x61, 0x10, 0x61, 0x10, 0x61, 0x10, 0x61, 0x10, 0x61, 0x10, 0x61, 0x10, 0x61,
  0x10, 0x61, 0x18, 0x61, 0x18, 0x81, 0x18, 0x81, 0x18, 0x81, 0x20, 0x81, 0x20, 0x81, 0x20, 0x81, 0x20, 0xA1, 0x28, 0xA1, 0x28, 0xC1, 0x30, 0xC1, 0x30, 0xC1, 0x28, 0xC0, 0x28, 0xA1, 0x38, 0xC1,
  0x79, 0xA2, 0xC2, 0xE3, 0xF3, 0xC5, 0xDB, 0x64, 0x89, 0xE2, 0x40, 0xA0, 0x20, 0x40, 0x28, 0x80, 0x28, 0x80, 0x20, 0x80, 0x20, 0x60, 0x18, 0x60, 0x18, 0x40, 0x10, 0x40, 0x10, 0x40, 0x10, 0x40,
  0x08, 0x20, 0x08, 0x20, 0x08, 0x20, 0x00, 0x00, 0x00, 0x00, 0x00, 0x00, 0x00, 0x00, 0x00, 0x00, 0x00, 0x00, 0x00, 0x00, 0x00, 0x00, 0x00, 0x00, 0x00, 0x00, 0x00, 0x00, 0x00, 0x00, 0x00, 0x00,
  0x00, 0x00, 0x00, 0x00, 0x00, 0x00, 0x00, 0x00, 0x00, 0x00, 0x00, 0x00, 0x00, 0x00, 0x00, 0x00, 0x00, 0x00, 0x00, 0x00, 0x00, 0x00, 0x00, 0x00, 0x00, 0x00, 0x00, 0x00, 0x00, 0x00, 0x00, 0x00,
  0x00, 0x00, 0x00, 0x00, 0x00, 0x00, 0x00, 0x00, 0x00, 0x00, 0x00, 0x00, 0x00, 0x00, 0x00, 0x00, 0x00, 0x00, 0x00, 0x00, 0x00, 0x00, 0x00, 0x00, 0x00, 0x00, 0x00, 0x00, 0x00, 0x00, 0x00, 0x00,
  0x00, 0x00, 0x00, 0x00, 0x00, 0x00, 0x00, 0x00, 0x00, 0x00, 0x00, 0x00, 0x00, 0x00, 0x00, 0x00, 0x00, 0x00, 0x00, 0x00, 0x00, 0x00, 0x00, 0x00, 0x00, 0x00, 0x00, 0x00, 0x00, 0x00, 0x00, 0x00,
  0x00, 0x00, 0x00, 0x00, 0x00, 0x00, 0x00, 0x00, 0x00, 0x00, 0x00, 0x00, 0x00, 0x00, 0x00, 0x00, 0x00, 0x00, 0x00, 0x00, 0x00, 0x00, 0x00, 0x00, 0x00, 0x00, 0x00, 0x00, 0x00, 0x00, 0x00, 0x00,
  0x00, 0x00, 0x00, 0x00, 0x00, 0x00, 0x00, 0x00, 0x00, 0x00, 0x00, 0x00, 0x00, 0x00, 0x00, 0x00, 0x00, 0x00, 0x00, 0x00, 0x00, 0x00, 0x00, 0x00, 0x00, 0x00, 0x00, 0x00, 0x00, 0x00, 0x00, 0x00,
  0x00, 0x00, 0x00, 0x00, 0x00, 0x00, 0x00, 0x00, 0x00, 0x00, 0x00, 0x00, 0x00, 0x00, 0x00, 0x00, 0x00, 0x00, 0x00, 0x00, 0x00, 0x00, 0x00, 0x00, 0x00, 0x00, 0x00, 0x00, 0x00, 0x00, 0x00, 0x00,
  0x00, 0x00, 0x00, 0x00, 0x00, 0x00, 0x00, 0x00, 0x00, 0x00, 0x00, 0x00, 0x00, 0x00, 0x00, 0x00, 0x00, 0x00, 0x00, 0x00, 0x00, 0x00, 0x00, 0x00, 0x00, 0x00, 0x00, 0x00, 0x00, 0x00, 0x08, 0x20,
  0x08, 0x20, 0x08, 0x20, 0x10, 0x20, 0x10, 0x40, 0x10, 0x40, 0x18, 0x40, 0x18, 0x60, 0x20, 0x60, 0x20, 0x80, 0x28, 0x80, 0x28, 0x80, 0x20, 0x40, 0x30, 0x60, 0x69, 0x61, 0xBA, 0xC3, 0xF3, 0xA4,
  0xDB, 0x43, 0x9A, 0x22, 0x51, 0x01, 0x28, 0x60, 0x20, 0x60, 0x28, 0x80, 0x28, 0xA0, 0x28, 0xA0, 0x20, 0x80, 0x20, 0x80, 0x20, 0x60, 0x20, 0x61, 0x18, 0x61, 0x18, 0x61, 0x18, 0x60, 0x18, 0x61,
  0x10, 0x61, 0x10, 0x61, 0x10, 0x41, 0x10, 0x41, 0x10, 0x41, 0x10, 0x41, 0x10, 0x41, 0x10, 0x41, 0x10, 0x41, 0x08, 0x41, 0x08, 0x41, 0x08, 0x41, 0x08, 0x41, 0x08, 0x41, 0x08, 0x61, 0x08, 0x41,
  0x08, 0x41, 0x08, 0x41, 0x08, 0x41, 0x10, 0x61, 0x10, 0x61, 0x10, 0x61, 0x10, 0x61, 0x10, 0x61, 0x10, 0x61, 0x08, 0x61, 0x08, 0x41, 0x08, 0x41, 0x08, 0x61, 0x10, 0x61, 0x10, 0x61, 0x10, 0x61,
  0x10, 0x41, 0x10, 0x41, 0x08, 0x41, 0x08, 0x41, 0x10, 0x41, 0x10, 0x41, 0x10, 0x41, 0x10, 0x41, 0x10, 0x61, 0x10, 0x61, 0x10, 0x61, 0x18, 0x61, 0x18, 0x61, 0x18, 0x61, 0x18, 0x61, 0x18, 0x81,
  0x18, 0x81, 0x18, 0x81, 0x20, 0x81, 0x20, 0x81, 0x20, 0x81, 0x20, 0xA1, 0x28, 0xA1, 0x28, 0xC1, 0x30, 0xC1, 0x30, 0xC1, 0x28, 0xC1, 0x20, 0x81, 0x30, 0x80, 0x51, 0x21, 0x9A, 0x42, 0xE3, 0x64,
  0xF3, 0xC4, 0xBA, 0xC3, 0x69, 0x62, 0x30, 0x80, 0x20, 0x60, 0x28, 0x80, 0x28, 0x80, 0x20, 0x80, 0x20, 0x60, 0x18, 0x60, 0x18, 0x40, 0x18, 0x40, 0x10, 0x40, 0x10, 0x20, 0x08, 0x20, 0x08, 0x20,
  0x08, 0x20, 0x00, 0x20, 0x00, 0x00, 0x00, 0x00, 0x00, 0x00, 0x00, 0x00, 0x00, 0x00, 0x00, 0x00, 0x00, 0x00, 0x00, 0x00, 0x00, 0x00, 0x00, 0x00, 0x00, 0x00, 0x00, 0x00, 0x00, 0x00, 0x00, 0x00,
  0x00, 0x00, 0x00, 0x00, 0x00, 0x00, 0x00, 0x00, 0x00, 0x00, 0x00, 0x00, 0x00, 0x00, 0x00, 0x00, 0x00, 0x00, 0x00, 0x00, 0x00, 0x00, 0x00, 0x00, 0x00, 0x00, 0x00, 0x00, 0x00, 0x00, 0x00, 0x00,
  0x00, 0x00, 0x00, 0x00, 0x00, 0x00, 0x00, 0x00, 0x00, 0x00, 0x00, 0x00, 0x00, 0x00, 0x00, 0x00, 0x00, 0x00, 0x00, 0x00, 0x00, 0x00, 0x00, 0x00, 0x00, 0x00, 0x00, 0x00, 0x00, 0x00, 0x00, 0x00,
  0x00, 0x00, 0x00, 0x00, 0x00, 0x00, 0x00, 0x00, 0x00, 0x00, 0x00, 0x00, 0x00, 0x00, 0x00, 0x00, 0x00, 0x00, 0x00, 0x00, 0x00, 0x00, 0x00, 0x00, 0x00, 0x00, 0x00, 0x00, 0x00, 0x00, 0x00, 0x00,
  0x00, 0x00, 0x00, 0x00, 0x00, 0x00, 0x00, 0x00, 0x00, 0x00, 0x00, 0x00, 0x00, 0x00, 0x00, 0x00, 0x00, 0x00, 0x00, 0x00, 0x00, 0x00, 0x00, 0x00, 0x00, 0x00, 0x00, 0x00, 0x00, 0x00, 0x00, 0x00,
  0x00, 0x00, 0x00, 0x00, 0x00, 0x00, 0x00, 0x00, 0x00, 0x00, 0x00, 0x00, 0x00, 0x00, 0x00, 0x00, 0x00, 0x00, 0x00, 0x00, 0x00, 0x00, 0x00, 0x00, 0x00, 0x00, 0x00, 0x00, 0x00, 0x00, 0x00, 0x00,
  0x00, 0x00, 0x00, 0x00, 0x00, 0x00, 0x00, 0x00, 0x00, 0x00, 0x00, 0x00, 0x00, 0x00, 0x00, 0x00, 0x00, 0x00, 0x00, 0x00, 0x00, 0x00, 0x00, 0x00, 0x00, 0x00, 0x00, 0x00, 0x00, 0x00, 0x00, 0x00,
  0x00, 0x00, 0x00, 0x00, 0x00, 0x00, 0x00, 0x00, 0x00, 0x00, 0x00, 0x00, 0x00, 0x00, 0x00, 0x00, 0x00, 0x00, 0x00, 0x00, 0x00, 0x00, 0x00, 0x00, 0x00, 0x00, 0x00, 0x00, 0x00, 0x00, 0x00, 0x00,
  0x00, 0x00, 0x08, 0x20, 0x08, 0x20, 0x08, 0x20, 0x10, 0x40, 0x10, 0x40, 0x18, 0x40, 0x18, 0x60, 0x18, 0x60, 0x20, 0x60, 0x20, 0x80, 0x28, 0x80, 0x28, 0x80, 0x20, 0x60, 0x20, 0x60, 0x48, 0xE1,
  0x92, 0x22, 0xDB, 0x44, 0xF3, 0xC4, 0xD3, 0x23, 0x8A, 0x02, 0x48, 0xE1, 0x28, 0x60, 0x20, 0x60, 0x20, 0x80, 0x28, 0xA0, 0x28, 0xA1, 0x20, 0x81, 0x20, 0x81, 0x20, 0x80, 0x20, 0x60, 0x18, 0x61,
  0x18, 0x61, 0x18, 0x60, 0x18, 0x60, 0x18, 0x61, 0x18, 0x61, 0x10, 0x61, 0x10, 0x61, 0x10, 0x61, 0x10, 0x61, 0x10, 0x61, 0x10, 0x61, 0x10, 0x61, 0x10, 0x41, 0x10, 0x41, 0x10, 0x41, 0x10, 0x41,
  0x10, 0x41, 0x10, 0x41, 0x10, 0x41, 0x10, 0x41, 0x10, 0x41, 0x10, 0x41, 0x10, 0x41, 0x10, 0x41, 0x10, 0x41, 0x10, 0x41, 0x10, 0x41, 0x10, 0x41, 0x10, 0x41, 0x10, 0x41, 0x10, 0x41, 0x10, 0x41,
  0x10, 0x41, 0x10, 0x61, 0x10, 0x41, 0x10, 0x61, 0x10, 0x61, 0x10, 0x61, 0x10, 0x61, 0x10, 0x61, 0x18, 0x61, 0x18, 0x61, 0x18, 0x61, 0x18, 0x81, 0x18, 0x81, 0x18, 0x81, 0x18, 0x81, 0x20, 0x81,
  0x20, 0x81, 0x20, 0x81, 0x20, 0xA1, 0x28, 0xA1, 0x30, 0xA1, 0x30, 0xC1, 0x30, 0xC1, 0x28, 0xA1, 0x28, 0x81, 0x30, 0x81, 0x49, 0x01, 0x8A, 0x02, 0xD3, 0x24, 0xF3, 0xC4, 0xDB, 0x64, 0x92, 0x22,
  0x48, 0xE1, 0x28, 0x60, 0x28, 0x60, 0x28, 0x80, 0x28, 0x80, 0x20, 0x60, 0x20, 0x60, 0x18, 0x60, 0x18, 0x40, 0x10, 0x40, 0x10, 0x40, 0x10, 0x40, 0x08, 0x20, 0x08, 0x20, 0x08, 0x20, 0x00, 0x20,
  0x00, 0x00, 0x00, 0x00, 0x00, 0x00, 0x00, 0x00, 0x00, 0x00, 0x00, 0x00, 0x00, 0x00, 0x00, 0x00, 0x00, 0x00, 0x00, 0x00, 0x00, 0x00, 0x00, 0x00, 0x00, 0x00, 0x00, 0x00, 0x00, 0x00, 0x00, 0x00,
  0x00, 0x00, 0x00, 0x00, 0x00, 0x00, 0x00, 0x00, 0x00, 0x00, 0x00, 0x00, 0x00, 0x00, 0x00, 0x00, 0x00, 0x00, 0x00, 0x00, 0x00, 0x00, 0x00, 0x00, 0x00, 0x00, 0x00, 0x00, 0x00, 0x00, 0x00, 0x00,
  0x00, 0x00, 0x00, 0x00, 0x00, 0x00, 0x00, 0x00, 0x00, 0x00, 0x00, 0x00, 0x00, 0x00, 0x00, 0x00, 0x00, 0x00, 0x00, 0x00, 0x00, 0x00, 0x00, 0x00, 0x00, 0x00, 0x00, 0x00, 0x00, 0x00, 0x00, 0x00,
  0x00, 0x00, 0x00, 0x00, 0x00, 0x00, 0x00, 0x00, 0x00, 0x00, 0x00, 0x00, 0x00, 0x00, 0x00, 0x00, 0x00, 0x00, 0x00, 0x00, 0x00, 0x00, 0x00, 0x00, 0x00, 0x00, 0x00, 0x00, 0x00, 0x00, 0x00, 0x00,
  0x00, 0x00, 0x00, 0x00, 0x00, 0x00, 0x00, 0x00, 0x00, 0x00, 0x00, 0x00, 0x00, 0x00, 0x00, 0x00, 0x00, 0x00, 0x00, 0x00, 0x00, 0x00, 0x00, 0x00, 0x00, 0x00, 0x00, 0x00, 0x00, 0x00, 0x00, 0x00,
  0x00, 0x00, 0x00, 0x00, 0x00, 0x00, 0x00, 0x00, 0x00, 0x00, 0x00, 0x00, 0x00, 0x00, 0x00, 0x00, 0x00, 0x00, 0x00, 0x00, 0x00, 0x00, 0x00, 0x00, 0x00, 0x00, 0x00, 0x00, 0x00, 0x00, 0x00, 0x00,
  0x00, 0x00, 0x00, 0x00, 0x00, 0x00, 0x00, 0x00, 0x00, 0x00, 0x00, 0x00, 0x00, 0x00, 0x00, 0x00, 0x00, 0x00, 0x00, 0x00, 0x00, 0x00, 0x00, 0x00, 0x00, 0x00, 0x00, 0x00, 0x00, 0x00, 0x00, 0x00,
  0x00, 0x00, 0x00, 0x00, 0x00, 0x00, 0x00, 0x00, 0x00, 0x00, 0x00, 0x00, 0x00, 0x00, 0x00, 0x00, 0x00, 0x00, 0x00, 0x00, 0x00, 0x00, 0x00, 0x00, 0x00, 0x00, 0x00, 0x00, 0x00, 0x00, 0x00, 0x00,
  0x00, 0x00, 0x00, 0x00, 0x08, 0x00, 0x08, 0x20, 0x08, 0x20, 0x08, 0x20, 0x10, 0x20, 0x10, 0x40, 0x10, 0x40, 0x18, 0x40, 0x18, 0x40, 0x20, 0x60, 0x20, 0x60, 0x28, 0x80, 0x28, 0x80, 0x28, 0x80,
  0x20, 0x60, 0x30, 0x80, 0x61, 0x41, 0xA2, 0x63, 0xE3, 0x64, 0xEB, 0xA4, 0xCB, 0x23, 0x92, 0x02, 0x51, 0x01, 0x30, 0x80, 0x20, 0x60, 0x20, 0x60, 0x28, 0x80, 0x28, 0xA1, 0x28, 0xA1, 0x28, 0x80,
  0x20, 0x80, 0x20, 0x81, 0x20, 0x60, 0x20, 0x60, 0x20, 0x61, 0x18, 0x61, 0x18, 0x61, 0x18, 0x61, 0x18, 0x61, 0x18, 0x61, 0x18, 0x61, 0x10, 0x61, 0x10, 0x61, 0x10, 0x61, 0x10, 0x41, 0x10, 0x61,
  0x10, 0x61, 0x10, 0x41, 0x10, 0x61, 0x10, 0x61, 0x10, 0x41, 0x10, 0x41, 0x10, 0x41, 0x10, 0x41, 0x10, 0x61, 0x10, 0x61, 0x10, 0x61, 0x10, 0x61, 0x10, 0x61, 0x10, 0x61, 0x10, 0x41, 0x10, 0x61,
  0x10, 0x61, 0x10, 0x61, 0x10, 0x61, 0x18, 0x61, 0x18, 0x61, 0x18, 0x61, 0x18, 0x61, 0x18, 0x61, 0x18, 0x61, 0x18, 0x81, 0x20, 0x81, 0x20, 0x81, 0x20, 0x81, 0x20, 0x81, 0x20, 0xA1, 0x28, 0xA1,
  0x28, 0xA1, 0x28, 0xC1, 0x30, 0xC1, 0x30, 0xA1, 0x28, 0x80, 0x28, 0x80, 0x30, 0xA0, 0x51, 0x21, 0x92, 0x02, 0xCB, 0x23, 0xF3, 0xC4, 0xE3, 0x84, 0xAA, 0x83, 0x61, 0x41, 0x30, 0x80, 0x20, 0x60,
  0x28, 0x80, 0x28, 0x80, 0x28, 0x80, 0x20, 0x60, 0x20, 0x60, 0x18, 0x60, 0x18, 0x40, 0x10, 0x40, 0x10, 0x40, 0x10, 0x20, 0x08, 0x20, 0x08, 0x20, 0x08, 0x20, 0x00, 0x00, 0x00, 0x00, 0x00, 0x00,
  0x00, 0x00, 0x00, 0x00, 0x00, 0x00, 0x00, 0x00, 0x00, 0x00, 0x00, 0x00, 0x00, 0x00, 0x00, 0x00, 0x00, 0x00, 0x00, 0x00, 0x00, 0x00, 0x00, 0x00, 0x00, 0x00, 0x00, 0x00, 0x00, 0x00, 0x00, 0x00,
  0x00, 0x00, 0x00, 0x00, 0x00, 0x00, 0x00, 0x00, 0x00, 0x00, 0x00, 0x00, 0x00, 0x00, 0x00, 0x00, 0x00, 0x00, 0x00, 0x00, 0x00, 0x00, 0x00, 0x00, 0x00, 0x00, 0x00, 0x00, 0x00, 0x00, 0x00, 0x00,
  0x00, 0x00, 0x00, 0x00, 0x00, 0x00, 0x00, 0x00, 0x00, 0x00, 0x00, 0x00, 0x00, 0x00, 0x00, 0x00, 0x00, 0x00, 0x00, 0x00, 0x00, 0x00, 0x00, 0x00, 0x00, 0x00, 0x00, 0x00, 0x00, 0x00, 0x00, 0x00,
  0x00, 0x00, 0x00, 0x00, 0x00, 0x00, 0x00, 0x00, 0x00, 0x00, 0x00, 0x00, 0x00, 0x00, 0x00, 0x00, 0x00, 0x00, 0x00, 0x00, 0x00, 0x00, 0x00, 0x00, 0x00, 0x00, 0x00, 0x00, 0x00, 0x00, 0x00, 0x00,
  0x00, 0x00, 0x00, 0x00, 0x00, 0x00, 0x00, 0x00, 0x00, 0x00, 0x00, 0x00, 0x00, 0x00, 0x00, 0x00, 0x00, 0x00, 0x00, 0x00, 0x00, 0x00, 0x00, 0x00, 0x00, 0x00, 0x00, 0x00, 0x00, 0x00, 0x00, 0x00,
  0x00, 0x00, 0x00, 0x00, 0x00, 0x00, 0x00, 0x00, 0x00, 0x00, 0x00, 0x00, 0x00, 0x00, 0x00, 0x00, 0x00, 0x00, 0x00, 0x00, 0x00, 0x00, 0x00, 0x00, 0x00, 0x00, 0x00, 0x00, 0x00, 0x00, 0x00, 0x00,
  0x00, 0x00, 0x00, 0x00, 0x00, 0x00, 0x00, 0x00, 0x00, 0x00, 0x00, 0x00, 0x00, 0x00, 0x00, 0x00, 0x00, 0x00, 0x00, 0x00, 0x00, 0x00, 0x00, 0x00, 0x00, 0x00, 0x00, 0x00, 0x00, 0x00, 0x00, 0x00,
  0x00, 0x00, 0x00, 0x00, 0x00, 0x00, 0x00, 0x00, 0x00, 0x00, 0x00, 0x00, 0x00, 0x00, 0x00, 0x00, 0x00, 0x00, 0x00, 0x00, 0x00, 0x00, 0x00, 0x00, 0x00, 0x00, 0x00, 0x00, 0x00, 0x00, 0x00, 0x00,
  0x00, 0x00, 0x00, 0x00, 0x00, 0x00, 0x00, 0x00, 0x08, 0x00, 0x08, 0x20, 0x08, 0x20, 0x08, 0x20, 0x10, 0x20, 0x10, 0x20, 0x10, 0x40, 0x18, 0x40, 0x18, 0x40, 0x18, 0x60, 0x20, 0x60, 0x20, 0x80,
  0x28, 0x80, 0x28, 0x80, 0x28, 0x60, 0x20, 0x60, 0x38, 0x80, 0x69, 0x41, 0xAA, 0x83, 0xDB, 0x64, 0xF3, 0xA4, 0xDB, 0x44, 0xAA, 0x63, 0x71, 0x81, 0x40, 0xC1, 0x28, 0x60, 0x20, 0x40, 0x20, 0x60,
  0x20, 0x80, 0x28, 0x80, 0x28, 0xA0, 0x28, 0x80, 0x28, 0x80, 0x20, 0x80, 0x20, 0x80, 0x20, 0x80, 0x20, 0x81, 0x20, 0x60, 0x20, 0x60, 0x18, 0x60, 0x18, 0x60, 0x18, 0x61, 0x18, 0x60, 0x18, 0x60,
  0x18, 0x60, 0x18, 0x61, 0x18, 0x61, 0x18, 0x61, 0x18, 0x61, 0x18, 0x61, 0x18, 0x61, 0x18, 0x61, 0x18, 0x61, 0x18, 0x61, 0x18, 0x61, 0x18, 0x61, 0x18, 0x61, 0x18, 0x61, 0x18, 0x61, 0x18, 0x61,
  0x18, 0x60, 0x18, 0x60, 0x18, 0x61, 0x18, 0x61, 0x20, 0x81, 0x20, 0x81, 0x20, 0x81, 0x20, 0x81, 0x20, 0x81, 0x20, 0x81, 0x28, 0xA1, 0x28, 0xA1, 0x28, 0xA1, 0x28, 0xA1, 0x28, 0xA1, 0x28, 0xA1,
  0x28, 0x81, 0x28, 0x60, 0x30, 0x80, 0x40, 0xE1, 0x71, 0x81, 0xAA, 0x83, 0xDB, 0x64, 0xF3, 0xC4, 0xE3, 0x84, 0xAA, 0xA3, 0x69, 0x61, 0x38, 0xA0, 0x20, 0x60, 0x20, 0x60, 0x28, 0x80, 0x28, 0x80,
  0x20, 0x80, 0x20, 0x60, 0x18, 0x60, 0x18, 0x40, 0x18, 0x40, 0x10, 0x40, 0x10, 0x40, 0x10, 0x20, 0x08, 0x20, 0x08, 0x20, 0x08, 0x20, 0x00, 0x20, 0x00, 0x00, 0x00, 0x00, 0x00, 0x00, 0x00, 0x00,
  0x00, 0x00, 0x00, 0x00, 0x00, 0x00, 0x00, 0x00, 0x00, 0x00, 0x00, 0x00, 0x00, 0x00, 0x00, 0x00, 0x00, 0x00, 0x00, 0x00, 0x00, 0x00, 0x00, 0x00, 0x00, 0x00, 0x00, 0x00, 0x00, 0x00, 0x00, 0x00,
  0x00, 0x00, 0x00, 0x00, 0x00, 0x00, 0x00, 0x00, 0x00, 0x00, 0x00, 0x00, 0x00, 0x00, 0x00, 0x00, 0x00, 0x00, 0x00, 0x00, 0x00, 0x00, 0x00, 0x00, 0x00, 0x00, 0x00, 0x00, 0x00, 0x00, 0x00, 0x00,
  0x00, 0x00, 0x00, 0x00, 0x00, 0x00, 0x00, 0x00, 0x00, 0x00, 0x00, 0x00, 0x00, 0x00, 0x00, 0x00, 0x00, 0x00, 0x00, 0x00, 0x00, 0x00, 0x00, 0x00, 0x00, 0x00, 0x00, 0x00, 0x00, 0x00, 0x00, 0x00,
  0x00, 0x00, 0x00, 0x00, 0x00, 0x00, 0x00, 0x00, 0x00, 0x00, 0x00, 0x00, 0x00, 0x00, 0x00, 0x00, 0x00, 0x00, 0x00, 0x00, 0x00, 0x00, 0x00, 0x00, 0x00, 0x00, 0x00, 0x00, 0x00, 0x00, 0x00, 0x00,
  0x00, 0x00, 0x00, 0x00, 0x00, 0x00, 0x00, 0x00, 0x00, 0x00, 0x00, 0x00, 0x00, 0x00, 0x00, 0x00, 0x00, 0x00, 0x00, 0x00, 0x00, 0x00, 0x00, 0x00, 0x00, 0x00, 0x00, 0x00, 0x00, 0x00, 0x00, 0x00,
  0x00, 0x00, 0x00, 0x00, 0x00, 0x00, 0x00, 0x00, 0x00, 0x00, 0x00, 0x00, 0x00, 0x00, 0x00, 0x00, 0x00, 0x00, 0x00, 0x00, 0x00, 0x00, 0x00, 0x00, 0x00, 0x00, 0x00, 0x00, 0x00, 0x00, 0x00, 0x00,
  0x00, 0x00, 0x00, 0x00, 0x00, 0x00, 0x00, 0x00, 0x00, 0x00, 0x00, 0x00, 0x00, 0x00, 0x00, 0x00, 0x00, 0x00, 0x00, 0x00, 0x00, 0x00, 0x00, 0x00, 0x00, 0x00, 0x00, 0x00, 0x00, 0x00, 0x00, 0x00,
  0x00, 0x00, 0x00, 0x00, 0x00, 0x00, 0x00, 0x00, 0x00, 0x00, 0x00, 0x00, 0x00, 0x00, 0x00, 0x00, 0x00, 0x00, 0x00, 0x00, 0x00, 0x00, 0x00, 0x00, 0x00, 0x00, 0x00, 0x00, 0x00, 0x00, 0x00, 0x00,
  0x00, 0x00, 0x00, 0x00, 0x00, 0x00, 0x00, 0x00, 0x00, 0x00, 0x00, 0x00, 0x00, 0x20, 0x08, 0x20, 0x08, 0x20, 0x08, 0x20, 0x08, 0x20, 0x10, 0x20, 0x10, 0x40, 0x10, 0x40, 0x18, 0x40, 0x18, 0x40,
  0x20, 0x60, 0x20, 0x60, 0x20, 0x80, 0x28, 0x80, 0x28, 0x80, 0x20, 0x60, 0x20, 0x40, 0x30, 0x80, 0x59, 0x21, 0x92, 0x22, 0xCB, 0x04, 0xEB, 0xA4, 0xEB, 0xA4, 0xCB, 0x23, 0xA2, 0x43, 0x69, 0x81,
  0x48, 0xE1, 0x30, 0x80, 0x20, 0x60, 0x20, 0x60, 0x20, 0x60, 0x28, 0x80, 0x28, 0x80, 0x28, 0xA1, 0x28, 0x80, 0x28, 0x80, 0x20, 0x81, 0x20, 0x81, 0x20, 0x81, 0x20, 0x80, 0x20, 0x80, 0x20, 0x80,
  0x20, 0x60, 0x20, 0x81, 0x20, 0x60, 0x20, 0x60, 0x20, 0x61, 0x20, 0x61, 0x20, 0x61, 0x20, 0x61, 0x20, 0x61, 0x20, 0x61, 0x20, 0x61, 0x20, 0x61, 0x20, 0x80, 0x20, 0x80, 0x20, 0x81, 0x20, 0x81,
  0x20, 0x80, 0x20, 0x81, 0x20, 0x81, 0x20, 0x81, 0x28, 0x81, 0x28, 0xA1, 0x28, 0xA1, 0x28, 0xA1, 0x28, 0xA1, 0x28, 0xA1, 0x28, 0xA0, 0x20, 0x81, 0x20, 0x80, 0x20, 0x60, 0x30, 0x80, 0x40, 0xE1,
  0x69, 0x82, 0xA2, 0x63, 0xCB, 0x24, 0xEB, 0xA4, 0xEB, 0xC4, 0xCB, 0x24, 0x9A, 0x22, 0x61, 0x41, 0x38, 0x80, 0x28, 0x40, 0x20, 0x60, 0x28, 0x80, 0x28, 0x80, 0x28, 0x80, 0x20, 0x60, 0x20, 0x60,
  0x18, 0x40, 0x18, 0x40, 0x10, 0x40, 0x10, 0x40, 0x10, 0x20, 0x08, 0x20, 0x08, 0x20, 0x08, 0x20, 0x08, 0x20, 0x08, 0x00, 0x00, 0x00, 0x00, 0x00, 0x00, 0x00, 0x00, 0x00, 0x00, 0x00, 0x00, 0x00,
  0x00, 0x00, 0x00, 0x00, 0x00, 0x00, 0x00, 0x00, 0x00, 0x00, 0x00, 0x00, 0x00, 0x00, 0x00, 0x00, 0x00, 0x00, 0x00, 0x00, 0x00, 0x00, 0x00, 0x00, 0x00, 0x00, 0x00, 0x00, 0x00, 0x00, 0x00, 0x00,
  0x00, 0x00, 0x00, 0x00, 0x00, 0x00, 0x00, 0x00, 0x00, 0x00, 0x00, 0x00, 0x00, 0x00, 0x00, 0x00, 0x00, 0x00, 0x00, 0x00, 0x00, 0x00, 0x00, 0x00, 0x00, 0x00, 0x00, 0x00, 0x00, 0x00, 0x00, 0x00,
  0x00, 0x00, 0x00, 0x00, 0x00, 0x00, 0x00, 0x00, 0x00, 0x00, 0x00, 0x00, 0x00, 0x00, 0x00, 0x00, 0x00, 0x00, 0x00, 0x00, 0x00, 0x00, 0x00, 0x00, 0x00, 0x00, 0x00, 0x00, 0x00, 0x00, 0x00, 0x00,
  0x00, 0x00, 0x00, 0x00, 0x00, 0x00, 0x00, 0x00, 0x00, 0x00, 0x00, 0x00, 0x00, 0x00, 0x00, 0x00, 0x00, 0x00, 0x00, 0x00, 0x00, 0x00, 0x00, 0x00, 0x00, 0x00, 0x00, 0x00, 0x00, 0x00, 0x00, 0x00,
  0x00, 0x00, 0x00, 0x00, 0x00, 0x00, 0x00, 0x00, 0x00, 0x00, 0x00, 0x00, 0x00, 0x00, 0x00, 0x00, 0x00, 0x00, 0x00, 0x00, 0x00, 0x00, 0x00, 0x00, 0x00, 0x00, 0x00, 0x00, 0x00, 0x00, 0x00, 0x00,
  0x00, 0x00, 0x00, 0x00, 0x00, 0x00, 0x00, 0x00, 0x00, 0x00, 0x00, 0x00, 0x00, 0x00, 0x00, 0x00, 0x00, 0x00, 0x00, 0x00, 0x00, 0x00, 0x00, 0x00, 0x00, 0x00, 0x00, 0x00, 0x00, 0x00, 0x00, 0x00,
  0x00, 0x00, 0x00, 0x00, 0x00, 0x00, 0x00, 0x00, 0x00, 0x00, 0x00, 0x00, 0x00, 0x00, 0x00, 0x00, 0x00, 0x00, 0x00, 0x00, 0x00, 0x00, 0x00, 0x00, 0x00, 0x00, 0x00, 0x00, 0x00, 0x00, 0x00, 0x00,
  0x00, 0x00, 0x00, 0x00, 0x00, 0x00, 0x00, 0x00, 0x00, 0x00, 0x00, 0x00, 0x00, 0x00, 0x00, 0x00, 0x00, 0x00, 0x00, 0x00, 0x00, 0x00, 0x00, 0x00, 0x00, 0x00, 0x00, 0x00, 0x00, 0x00, 0x00, 0x00,
  0x00, 0x00, 0x00, 0x00, 0x00, 0x00, 0x00, 0x00, 0x00, 0x00, 0x00, 0x00, 0x00, 0x00, 0x00, 0x00, 0x00, 0x00, 0x08, 0x00, 0x08, 0x20, 0x08, 0x20, 0x08, 0x20, 0x10, 0x20, 0x10, 0x40, 0x10, 0x40,
  0x18, 0x40, 0x18, 0x40, 0x18, 0x60, 0x20, 0x60, 0x20, 0x60, 0x28, 0x80, 0x28, 0x80, 0x28, 0x80, 0x20, 0x60, 0x20, 0x40, 0x28, 0x60, 0x40, 0xC1, 0x71, 0x81, 0xA2, 0x63, 0xCB, 0x23, 0xEB, 0x84,
  0xEB, 0x84, 0xDB, 0x44, 0xB2, 0xA3, 0x8A, 0x02, 0x69, 0x61, 0x48, 0xE1, 0x30, 0x80, 0x28, 0x60, 0x20, 0x60, 0x20, 0x60, 0x20, 0x60, 0x20, 0x60, 0x20, 0x80, 0x28, 0x80, 0x28, 0x80, 0x28, 0x80,
  0x28, 0x80, 0x28, 0x80, 0x28, 0x80, 0x28, 0xA1, 0x28, 0xA1, 0x28, 0xA1, 0x28, 0xA1, 0x28, 0x80, 0x28, 0x80, 0x28, 0x80, 0x28, 0x80, 0x28, 0x81, 0x28, 0x81, 0x28, 0xA1, 0x28, 0xA1, 0x28, 0xA1,
  0x28, 0xA1, 0x28, 0x81, 0x28, 0x80, 0x28, 0x80, 0x20, 0x80, 0x20, 0x60, 0x20, 0x60, 0x20, 0x60, 0x28, 0x60, 0x38, 0x80, 0x48, 0xE1, 0x69, 0x61, 0x8A, 0x02, 0xB2, 0xA3, 0xD3, 0x44, 0xEB, 0xA4,
  0xEB, 0xA4, 0xD3, 0x23, 0xA2, 0x83, 0x71, 0xA2, 0x48, 0xE1, 0x28, 0x60, 0x20, 0x60, 0x28, 0x60, 0x28, 0x80, 0x28, 0x80, 0x28, 0x80, 0x20, 0x60, 0x20, 0x60, 0x18, 0x60, 0x18, 0x40, 0x18, 0x40,
  0x10, 0x20, 0x10, 0x20, 0x10, 0x20, 0x08, 0x20, 0x08, 0x20, 0x08, 0x20, 0x08, 0x20, 0x00, 0x00, 0x00, 0x00, 0x00, 0x00, 0x00, 0x00, 0x00, 0x00, 0x00, 0x00, 0x00, 0x00, 0x00, 0x00, 0x00, 0x00,
  0x00, 0x00, 0x00, 0x00, 0x00, 0x00, 0x00, 0x00, 0x00, 0x00, 0x00, 0x00, 0x00, 0x00, 0x00, 0x00, 0x00, 0x00, 0x00, 0x00, 0x00, 0x00, 0x00, 0x00, 0x00, 0x00, 0x00, 0x00, 0x00, 0x00, 0x00, 0x00,
  0x00, 0x00, 0x00, 0x00, 0x00, 0x00, 0x00, 0x00, 0x00, 0x00, 0x00, 0x00, 0x00, 0x00, 0x00, 0x00, 0x00, 0x00, 0x00, 0x00, 0x00, 0x00, 0x00, 0x00, 0x00, 0x00, 0x00, 0x00, 0x00, 0x00, 0x00, 0x00,
  0x00, 0x00, 0x00, 0x00, 0x00, 0x00, 0x00, 0x00, 0x00, 0x00, 0x00, 0x00, 0x00, 0x00, 0x00, 0x00, 0x00, 0x00, 0x00, 0x00, 0x00, 0x00, 0x00, 0x00, 0x00, 0x00, 0x00, 0x00, 0x00, 0x00, 0x00, 0x00,
  0x00, 0x00, 0x00, 0x00, 0x00, 0x00, 0x00, 0x00, 0x00, 0x00, 0x00, 0x00, 0x00, 0x00, 0x00, 0x00, 0x00, 0x00, 0x00, 0x00, 0x00, 0x00, 0x00, 0x00, 0x00, 0x00, 0x00, 0x00, 0x00, 0x00, 0x00, 0x00,
  0x00, 0x00, 0x00, 0x00, 0x00, 0x00, 0x00, 0x00, 0x00, 0x00, 0x00, 0x00, 0x00, 0x00, 0x00, 0x00, 0x00, 0x00, 0x00, 0x00, 0x00, 0x00, 0x00, 0x00, 0x00, 0x00, 0x00, 0x00, 0x00, 0x00, 0x00, 0x00,
  0x00, 0x00, 0x00, 0x00, 0x00, 0x00, 0x00, 0x00, 0x00, 0x00, 0x00, 0x00, 0x00, 0x00, 0x00, 0x00, 0x00, 0x00, 0x00, 0x00, 0x00, 0x00, 0x00, 0x00, 0x00, 0x00, 0x00, 0x00, 0x00, 0x00, 0x00, 0x00,
  0x00, 0x00, 0x00, 0x00, 0x00, 0x00, 0x00, 0x00, 0x00, 0x00, 0x00, 0x00, 0x00, 0x00, 0x00, 0x00, 0x00, 0x00, 0x00, 0x00, 0x00, 0x00, 0x00, 0x00, 0x00, 0x00, 0x00, 0x00, 0x00, 0x00, 0x00, 0x00,
  0x00, 0x00, 0x00, 0x00, 0x00, 0x00, 0x00, 0x00, 0x00, 0x00, 0x00, 0x00, 0x00, 0x00, 0x00, 0x00, 0x00, 0x00, 0x00, 0x00, 0x00, 0x00, 0x00, 0x00, 0x00, 0x00, 0x00, 0x00, 0x00, 0x00, 0x00, 0x00,
  0x00, 0x00, 0x00, 0x00, 0x00, 0x00, 0x00, 0x00, 0x00, 0x00, 0x00, 0x00, 0x00, 0x00, 0x00, 0x00, 0x00, 0x00, 0x00, 0x00, 0x00, 0x00, 0x08, 0x00, 0x08, 0x00, 0x08, 0x20, 0x08, 0x20, 0x08, 0x20,
  0x10, 0x20, 0x10, 0x40, 0x10, 0x40, 0x18, 0x40, 0x18, 0x40, 0x20, 0x60, 0x20, 0x60, 0x20, 0x60, 0x20, 0x60, 0x28, 0x80, 0x28, 0x80, 0x28, 0x80, 0x20, 0x60, 0x20, 0x40, 0x28, 0x60, 0x40, 0xA0,
  0x69, 0x41, 0x92, 0x22, 0xBA, 0xC3, 0xDB, 0x43, 0xEB, 0xA4, 0xEB, 0xA4, 0xE3, 0x64, 0xCB, 0x03, 0xAA, 0xA3, 0x92, 0x02, 0x79, 0xA1, 0x61, 0x21, 0x48, 0xE1, 0x40, 0xA0, 0x30, 0x80, 0x28, 0x60,
  0x20, 0x60, 0x20, 0x60, 0x20, 0x60, 0x20, 0x40, 0x20, 0x40, 0x20, 0x40, 0x20, 0x60, 0x20, 0x40, 0x20, 0x40, 0x20, 0x40, 0x20, 0x40, 0x20, 0x40, 0x20, 0x60, 0x20, 0x40, 0x20, 0x60, 0x28, 0x60,
  0x30, 0x80, 0x30, 0x80, 0x40, 0xC0, 0x49, 0x01, 0x61, 0x41, 0x79, 0xA1, 0x92, 0x02, 0xAA, 0x83, 0xC3, 0x03, 0xDB, 0x84, 0xEB, 0xA4, 0xEB, 0xA4, 0xDB, 0x64, 0xBA, 0xE3, 0x92, 0x23, 0x69, 0x61,
  0x40, 0xC1, 0x28, 0x80, 0x20, 0x60, 0x20, 0x60, 0x28, 0x80, 0x28, 0xA0, 0x28, 0x80, 0x28, 0x80, 0x20, 0x60, 0x20, 0x60, 0x18, 0x40, 0x18, 0x40, 0x18, 0x40, 0x10, 0x40, 0x10, 0x40, 0x10, 0x20,
  0x08, 0x20, 0x08, 0x20, 0x08, 0x20, 0x08, 0x00, 0x00, 0x00, 0x00, 0x00, 0x00, 0x00, 0x00, 0x00, 0x00, 0x00, 0x00, 0x00, 0x00, 0x00, 0x00, 0x00, 0x00, 0x00, 0x00, 0x00, 0x00, 0x00, 0x00, 0x00,
  0x00, 0x00, 0x00, 0x00, 0x00, 0x00, 0x00, 0x00, 0x00, 0x00, 0x00, 0x00, 0x00, 0x00, 0x00, 0x00, 0x00, 0x00, 0x00, 0x00, 0x00, 0x00, 0x00, 0x00, 0x00, 0x00, 0x00, 0x00, 0x00, 0x00, 0x00, 0x00,
  0x00, 0x00, 0x00, 0x00, 0x00, 0x00, 0x00, 0x00, 0x00, 0x00, 0x00, 0x00, 0x00, 0x00, 0x00, 0x00, 0x00, 0x00, 0x00, 0x00, 0x00, 0x00, 0x00, 0x00, 0x00, 0x00, 0x00, 0x00, 0x00, 0x00, 0x00, 0x00,
  0x00, 0x00, 0x00, 0x00, 0x00, 0x00, 0x00, 0x00, 0x00, 0x00, 0x00, 0x00, 0x00, 0x00, 0x00, 0x00, 0x00, 0x00, 0x00, 0x00, 0x00, 0x00, 0x00, 0x00, 0x00, 0x00, 0x00, 0x00, 0x00, 0x00, 0x00, 0x00,
  0x00, 0x00, 0x00, 0x00, 0x00, 0x00, 0x00, 0x00, 0x00, 0x00, 0x00, 0x00, 0x00, 0x00, 0x00, 0x00, 0x00, 0x00, 0x00, 0x00, 0x00, 0x00, 0x00, 0x00, 0x00, 0x00, 0x00, 0x00, 0x00, 0x00, 0x00, 0x00,
  0x00, 0x00, 0x00, 0x00, 0x00, 0x00, 0x00, 0x00, 0x00, 0x00, 0x00, 0x00, 0x00, 0x00, 0x00, 0x00, 0x00, 0x00, 0x00, 0x00, 0x00, 0x00, 0x00, 0x00, 0x00, 0x00, 0x00, 0x00, 0x00, 0x00, 0x00, 0x00,
  0x00, 0x00, 0x00, 0x00, 0x00, 0x00, 0x00, 0x00, 0x00, 0x00, 0x00, 0x00, 0x00, 0x00, 0x00, 0x00, 0x00, 0x00, 0x00, 0x00, 0x00, 0x00, 0x00, 0x00, 0x00, 0x00, 0x00, 0x00, 0x00, 0x00, 0x00, 0x00,
  0x00, 0x00, 0x00, 0x00, 0x00, 0x00, 0x00, 0x00, 0x00, 0x00, 0x00, 0x00, 0x00, 0x00, 0x00, 0x00, 0x00, 0x00, 0x00, 0x00, 0x00, 0x00, 0x00, 0x00, 0x00, 0x00, 0x00, 0x00, 0x00, 0x00, 0x00, 0x00,
  0x00, 0x00, 0x00, 0x00, 0x00, 0x00, 0x00, 0x00, 0x00, 0x00, 0x00, 0x00, 0x00, 0x00, 0x00, 0x00, 0x00, 0x00, 0x00, 0x00, 0x00, 0x00, 0x00, 0x00, 0x00, 0x00, 0x00, 0x00, 0x00, 0x00, 0x00, 0x00,
  0x00, 0x00, 0x00, 0x00, 0x00, 0x00, 0x00, 0x00, 0x00, 0x00, 0x00, 0x00, 0x00, 0x00, 0x00, 0x00, 0x00, 0x00, 0x00, 0x00, 0x00, 0x00, 0x00, 0x00, 0x00, 0x00, 0x00, 0x00, 0x00, 0x20, 0x08, 0x20,
  0x08, 0x20, 0x08, 0x20, 0x08, 0x20, 0x10, 0x40, 0x10, 0x40, 0x10, 0x40, 0x18, 0x40, 0x18, 0x40, 0x18, 0x40, 0x18, 0x60, 0x20, 0x60, 0x20, 0x60, 0x20, 0x80, 0x28, 0x80, 0x28, 0x80, 0x28, 0x80,
  0x20, 0x60, 0x20, 0x60, 0x28, 0x60, 0x30, 0x80, 0x40, 0xC0, 0x61, 0x41, 0x81, 0xE2, 0xA2, 0x63, 0xC2, 0xC3, 0xD3, 0x44, 0xE3, 0x84, 0xEB, 0xA4, 0xEB, 0xA4, 0xE3, 0x84, 0xDB, 0x64, 0xD3, 0x44,
  0xCB, 0x03, 0xC2, 0xC3, 0xB2, 0xA3, 0xAA, 0x83, 0xA2, 0x62, 0x9A, 0x62, 0x9A, 0x42, 0x9A, 0x42, 0x9A, 0x42, 0x9A, 0x42, 0x9A, 0x42, 0xA2, 0x63, 0xAA, 0x83, 0xB2, 0xA3, 0xC2, 0xE3, 0xCB, 0x03,
  0xD3, 0x43, 0xE3, 0x64, 0xEB, 0xA4, 0xEB, 0xA4, 0xEB, 0xC4, 0xE3, 0x84, 0xDB, 0x44, 0xC2, 0xE3, 0xA2, 0x83, 0x81, 0xE2, 0x61, 0x61, 0x48, 0xE0, 0x30, 0x80, 0x28, 0x60, 0x20, 0x60, 0x20, 0x60,
  0x28, 0x80, 0x28, 0x80, 0x28, 0x80, 0x28, 0x80, 0x20, 0x80, 0x20, 0x60, 0x20, 0x60, 0x18, 0x60, 0x18, 0x40, 0x18, 0x40, 0x10, 0x40, 0x10, 0x20, 0x10, 0x20, 0x10, 0x20, 0x08, 0x20, 0x08, 0x20,
  0x08, 0x20, 0x08, 0x00, 0x00, 0x00, 0x00, 0x00, 0x00, 0x00, 0x00, 0x00, 0x00, 0x00, 0x00, 0x00, 0x00, 0x00, 0x00, 0x00, 0x00, 0x00, 0x00, 0x00, 0x00, 0x00, 0x00, 0x00, 0x00, 0x00, 0x00, 0x00,
  0x00, 0x00, 0x00, 0x00, 0x00, 0x00, 0x00, 0x00, 0x00, 0x00, 0x00, 0x00, 0x00, 0x00, 0x00, 0x00, 0x00, 0x00, 0x00, 0x00, 0x00, 0x00, 0x00, 0x00, 0x00, 0x00, 0x00, 0x00, 0x00, 0x00, 0x00, 0x00,
  0x00, 0x00, 0x00, 0x00, 0x00, 0x00, 0x00, 0x00, 0x00, 0x00, 0x00, 0x00, 0x00, 0x00, 0x00, 0x00, 0x00, 0x00, 0x00, 0x00, 0x00, 0x00, 0x00, 0x00, 0x00, 0x00, 0x00, 0x00, 0x00, 0x00, 0x00, 0x00,
  0x00, 0x00, 0x00, 0x00, 0x00, 0x00, 0x00, 0x00, 0x00, 0x00, 0x00, 0x00, 0x00, 0x00, 0x00, 0x00, 0x00, 0x00, 0x00, 0x00, 0x00, 0x00, 0x00, 0x00, 0x00, 0x00, 0x00, 0x00, 0x00, 0x00, 0x00, 0x00,
  0x00, 0x00, 0x00, 0x00, 0x00, 0x00, 0x00, 0x00, 0x00, 0x00, 0x00, 0x00, 0x00, 0x00, 0x00, 0x00, 0x00, 0x00, 0x00, 0x00, 0x00, 0x00, 0x00, 0x00, 0x00, 0x00, 0x00, 0x00, 0x00, 0x00, 0x00, 0x00,
  0x00, 0x00, 0x00, 0x00, 0x00, 0x00, 0x00, 0x00, 0x00, 0x00, 0x00, 0x00, 0x00, 0x00, 0x00, 0x00, 0x00, 0x00, 0x00, 0x00, 0x00, 0x00, 0x00, 0x00, 0x00, 0x00, 0x00, 0x00, 0x00, 0x00, 0x00, 0x00,
  0x00, 0x00, 0x00, 0x00, 0x00, 0x00, 0x00, 0x00, 0x00, 0x00, 0x00, 0x00, 0x00, 0x00, 0x00, 0x00, 0x00, 0x00, 0x00, 0x00, 0x00, 0x00, 0x00, 0x00, 0x00, 0x00, 0x00, 0x00, 0x00, 0x00, 0x00, 0x00,
  0x00, 0x00, 0x00, 0x00, 0x00, 0x00, 0x00, 0x00, 0x00, 0x00, 0x00, 0x00, 0x00, 0x00, 0x00, 0x00, 0x00, 0x00, 0x00, 0x00, 0x00, 0x00, 0x00, 0x00, 0x00, 0x00, 0x00, 0x00, 0x00, 0x00, 0x00, 0x00,
  0x00, 0x00, 0x00, 0x00, 0x00, 0x00, 0x00, 0x00, 0x00, 0x00, 0x00, 0x00, 0x00, 0x00, 0x00, 0x00, 0x00, 0x00, 0x00, 0x00, 0x00, 0x00, 0x00, 0x00, 0x00, 0x00, 0x00, 0x00, 0x00, 0x00, 0x00, 0x00,
  0x00, 0x00, 0x00, 0x00, 0x00, 0x00, 0x00, 0x00, 0x00, 0x00, 0x00, 0x00, 0x00, 0x00, 0x00, 0x00, 0x00, 0x00, 0x00, 0x00, 0x00, 0x00, 0x00, 0x00, 0x00, 0x00, 0x00, 0x00, 0x00, 0x00, 0x00, 0x00,
  0x08, 0x00, 0x08, 0x20, 0x08, 0x20, 0x08, 0x20, 0x08, 0x20, 0x10, 0x20, 0x10, 0x20, 0x10, 0x40, 0x10, 0x40, 0x10, 0x40, 0x18, 0x40, 0x18, 0x40, 0x18, 0x60, 0x18, 0x60, 0x20, 0x60, 0x20, 0x60,
  0x20, 0x80, 0x28, 0x80, 0x28, 0x80, 0x28, 0x80, 0x28, 0x80, 0x20, 0x60, 0x20, 0x60, 0x20, 0x40, 0x28, 0x40, 0x30, 0x80, 0x38, 0xA0, 0x48, 0xE0, 0x59, 0x21, 0x69, 0x82, 0x81, 0xC2, 0x92, 0x22,
  0xA2, 0x62, 0xB2, 0xA2, 0xBA, 0xC3, 0xBA, 0xE3, 0xC3, 0x03, 0xCB, 0x04, 0xCB, 0x24, 0xD3, 0x24, 0xD3, 0x24, 0xCB, 0x24, 0xCB, 0x03, 0xCB, 0x03, 0xC2, 0xE3, 0xBA, 0xC3, 0xB2, 0x82, 0xA2, 0x42,
  0x92, 0x02, 0x81, 0xC2, 0x71, 0x82, 0x59, 0x21, 0x48, 0xE0, 0x38, 0xA0, 0x30, 0x80, 0x28, 0x60, 0x20, 0x40, 0x20, 0x60, 0x20, 0x60, 0x28, 0x80, 0x28, 0x80, 0x28, 0x80, 0x28, 0x80, 0x28, 0x80,
  0x20, 0x60, 0x20, 0x60, 0x20, 0x60, 0x18, 0x60, 0x18, 0x40, 0x18, 0x40, 0x18, 0x40, 0x10, 0x40, 0x10, 0x40, 0x10, 0x20, 0x10, 0x20, 0x08, 0x20, 0x08, 0x20, 0x08, 0x00, 0x08, 0x00, 0x08, 0x00,
  0x00, 0x00, 0x00, 0x00, 0x00, 0x00, 0x00, 0x00, 0x00, 0x00, 0x00, 0x00, 0x00, 0x00, 0x00, 0x00, 0x00, 0x00, 0x00, 0x00, 0x00, 0x00, 0x00, 0x00, 0x00, 0x00, 0x00, 0x00, 0x00, 0x00, 0x00, 0x00,
  0x00, 0x00, 0x00, 0x00, 0x00, 0x00, 0x00, 0x00, 0x00, 0x00, 0x00, 0x00, 0x00, 0x00, 0x00, 0x00, 0x00, 0x00, 0x00, 0x00, 0x00, 0x00, 0x00, 0x00, 0x00, 0x00, 0x00, 0x00, 0x00, 0x00, 0x00, 0x00,
  0x00, 0x00, 0x00, 0x00, 0x00, 0x00, 0x00, 0x00, 0x00, 0x00, 0x00, 0x00, 0x00, 0x00, 0x00, 0x00, 0x00, 0x00, 0x00, 0x00, 0x00, 0x00, 0x00, 0x00, 0x00, 0x00, 0x00, 0x00, 0x00, 0x00, 0x00, 0x00,
  0x00, 0x00, 0x00, 0x00, 0x00, 0x00, 0x00, 0x00, 0x00, 0x00, 0x00, 0x00, 0x00, 0x00, 0x00, 0x00, 0x00, 0x00, 0x00, 0x00, 0x00, 0x00, 0x00, 0x00, 0x00, 0x00, 0x00, 0x00, 0x00, 0x00, 0x00, 0x00,
  0x00, 0x00, 0x00, 0x00, 0x00, 0x00, 0x00, 0x00, 0x00, 0x00, 0x00, 0x00, 0x00, 0x00, 0x00, 0x00, 0x00, 0x00, 0x00, 0x00, 0x00, 0x00, 0x00, 0x00, 0x00, 0x00, 0x00, 0x00, 0x00, 0x00, 0x00, 0x00,
  0x00, 0x00, 0x00, 0x00, 0x00, 0x00, 0x00, 0x00, 0x00, 0x00, 0x00, 0x00, 0x00, 0x00, 0x00, 0x00, 0x00, 0x00, 0x00, 0x00, 0x00, 0x00, 0x00, 0x00, 0x00, 0x00, 0x00, 0x00, 0x00, 0x00, 0x00, 0x00,
  0x00, 0x00, 0x00, 0x00, 0x00, 0x00, 0x00, 0x00, 0x00, 0x00, 0x00, 0x00, 0x00, 0x00, 0x00, 0x00, 0x00, 0x00, 0x00, 0x00, 0x00, 0x00, 0x00, 0x00, 0x00, 0x00, 0x00, 0x00, 0x00, 0x00, 0x00, 0x00,
  0x00, 0x00, 0x00, 0x00, 0x00, 0x00, 0x00, 0x00, 0x00, 0x00, 0x00, 0x00, 0x00, 0x00, 0x00, 0x00, 0x00, 0x00, 0x00, 0x00, 0x00, 0x00, 0x00, 0x00, 0x00, 0x00, 0x00, 0x00, 0x00, 0x00, 0x00, 0x00,
  0x00, 0x00, 0x00, 0x00, 0x00, 0x00, 0x00, 0x00, 0x00, 0x00, 0x00, 0x00, 0x00, 0x00, 0x00, 0x00, 0x00, 0x00, 0x00, 0x00, 0x00, 0x00, 0x00, 0x00, 0x00, 0x00, 0x00, 0x00, 0x00, 0x00, 0x00, 0x00,
  0x00, 0x00, 0x00, 0x00, 0x00, 0x00, 0x00, 0x00, 0x00, 0x00, 0x00, 0x00, 0x00, 0x00, 0x00, 0x00, 0x00, 0x00, 0x00, 0x00, 0x00, 0x00, 0x00, 0x00, 0x00, 0x00, 0x00, 0x00, 0x00, 0x00, 0x00, 0x00,
  0x00, 0x00, 0x00, 0x00, 0x00, 0x00, 0x08, 0x00, 0x08, 0x00, 0x08, 0x20, 0x08, 0x20, 0x08, 0x20, 0x08, 0x20, 0x10, 0x20, 0x10, 0x20, 0x10, 0x40, 0x10, 0x40, 0x18, 0x40, 0x18, 0x40, 0x18, 0x40,
  0x18, 0x60, 0x18, 0x60, 0x20, 0x60, 0x20, 0x60, 0x20, 0x60, 0x20, 0x80, 0x28, 0x80, 0x28, 0x80, 0x28, 0x80, 0x28, 0x80, 0x28, 0x80, 0x28, 0x60, 0x20, 0x60, 0x20, 0x60, 0x20, 0x60, 0x20, 0x60,
  0x20, 0x40, 0x20, 0x60, 0x28, 0x60, 0x28, 0x60, 0x28, 0x60, 0x28, 0x60, 0x28, 0x60, 0x28, 0x60, 0x28, 0x60, 0x28, 0x60, 0x28, 0x60, 0x28, 0x60, 0x28, 0x60, 0x28, 0x60, 0x20, 0x60, 0x20, 0x60,
  0x20, 0x60, 0x20, 0x60, 0x20, 0x60, 0x20, 0x60, 0x28, 0x80, 0x28, 0x80, 0x28, 0x80, 0x28, 0x80, 0x28, 0x80, 0x28, 0x80, 0x28, 0x80, 0x20, 0x60, 0x20, 0x60, 0x20, 0x60, 0x20, 0x40, 0x18, 0x40,
  0x18, 0x40, 0x18, 0x40, 0x18, 0x40, 0x10, 0x40, 0x10, 0x40, 0x10, 0x20, 0x10, 0x20, 0x08, 0x20, 0x08, 0x20, 0x08, 0x20, 0x08, 0x20, 0x08, 0x00, 0x08, 0x00, 0x00, 0x00, 0x00, 0x00, 0x00, 0x00,
  0x00, 0x00, 0x00, 0x00, 0x00, 0x00, 0x00, 0x00, 0x00, 0x00, 0x00, 0x00, 0x00, 0x00, 0x00, 0x00, 0x00, 0x00, 0x00, 0x00, 0x00, 0x00, 0x00, 0x00, 0x00, 0x00, 0x00, 0x00, 0x00, 0x00, 0x00, 0x00,
  0x00, 0x00, 0x00, 0x00, 0x00, 0x00, 0x00, 0x00, 0x00, 0x00, 0x00, 0x00, 0x00, 0x00, 0x00, 0x00, 0x00, 0x00, 0x00, 0x00, 0x00, 0x00, 0x00, 0x00, 0x00, 0x00, 0x00, 0x00, 0x00, 0x00, 0x00, 0x00,
  0x00, 0x00, 0x00, 0x00, 0x00, 0x00, 0x00, 0x00, 0x00, 0x00, 0x00, 0x00, 0x00, 0x00, 0x00, 0x00, 0x00, 0x00, 0x00, 0x00, 0x00, 0x00, 0x00, 0x00, 0x00, 0x00, 0x00, 0x00, 0x00, 0x00, 0x00, 0x00,
  0x00, 0x00, 0x00, 0x00, 0x00, 0x00, 0x00, 0x00, 0x00, 0x00, 0x00, 0x00, 0x00, 0x00, 0x00, 0x00, 0x00, 0x00, 0x00, 0x00, 0x00, 0x00, 0x00, 0x00, 0x00, 0x00, 0x00, 0x00, 0x00, 0x00, 0x00, 0x00,
  0x00, 0x00, 0x00, 0x00, 0x00, 0x00, 0x00, 0x00, 0x00, 0x00, 0x00, 0x00, 0x00, 0x00, 0x00, 0x00, 0x00, 0x00, 0x00, 0x00, 0x00, 0x00, 0x00, 0x00, 0x00, 0x00, 0x00, 0x00, 0x00, 0x00, 0x00, 0x00,
  0x00, 0x00, 0x00, 0x00, 0x00, 0x00, 0x00, 0x00, 0x00, 0x00, 0x00, 0x00, 0x00, 0x00, 0x00, 0x00, 0x00, 0x00, 0x00, 0x00, 0x00, 0x00, 0x00, 0x00, 0x00, 0x00, 0x00, 0x00, 0x00, 0x00, 0x00, 0x00,
  0x00, 0x00, 0x00, 0x00, 0x00, 0x00, 0x00, 0x00, 0x00, 0x00, 0x00, 0x00, 0x00, 0x00, 0x00, 0x00, 0x00, 0x00, 0x00, 0x00, 0x00, 0x00, 0x00, 0x00, 0x00, 0x00, 0x00, 0x00, 0x00, 0x00, 0x00, 0x00,
  0x00, 0x00, 0x00, 0x00, 0x00, 0x00, 0x00, 0x00, 0x00, 0x00, 0x00, 0x00, 0x00, 0x00, 0x00, 0x00, 0x00, 0x00, 0x00, 0x00, 0x00, 0x00, 0x00, 0x00, 0x00, 0x00, 0x00, 0x00, 0x00, 0x00, 0x00, 0x00,
  0x00, 0x00, 0x00, 0x00, 0x00, 0x00, 0x00, 0x00, 0x00, 0x00, 0x00, 0x00, 0x00, 0x00, 0x00, 0x00, 0x00, 0x00, 0x00, 0x00, 0x00, 0x00, 0x00, 0x00, 0x00, 0x00, 0x00, 0x00, 0x00, 0x00, 0x00, 0x00,
  0x00, 0x00, 0x00, 0x00, 0x00, 0x00, 0x00, 0x00, 0x00, 0x00, 0x00, 0x00, 0x00, 0x00, 0x00, 0x00, 0x00, 0x00, 0x00, 0x00, 0x00, 0x00, 0x00, 0x00, 0x00, 0x00, 0x00, 0x00, 0x00, 0x00, 0x00, 0x00,
  0x00, 0x00, 0x00, 0x00, 0x00, 0x00, 0x00, 0x00, 0x00, 0x00, 0x00, 0x00, 0x08, 0x00, 0x08, 0x00, 0x08, 0x00, 0x08, 0x20, 0x08, 0x20, 0x08, 0x20, 0x08, 0x20, 0x10, 0x20, 0x10, 0x20, 0x10, 0x40,
  0x10, 0x40, 0x10, 0x40, 0x10, 0x40, 0x18, 0x40, 0x18, 0x40, 0x18, 0x40, 0x18, 0x40, 0x20, 0x60, 0x20, 0x60, 0x20, 0x60, 0x20, 0x60, 0x20, 0x60, 0x20, 0x80, 0x28, 0x80, 0x28, 0x80, 0x28, 0x80,
  0x28, 0x80, 0x28, 0x80, 0x28, 0x80, 0x28, 0x80, 0x28, 0x80, 0x28, 0x80, 0x28, 0x80, 0x28, 0x80, 0x28, 0x80, 0x28, 0x80, 0x28, 0x80, 0x28, 0x80, 0x28, 0x80, 0x28, 0x80, 0x28, 0x80, 0x28, 0x80,
  0x28, 0x80, 0x28, 0x80, 0x28, 0x80, 0x20, 0x80, 0x20, 0x60, 0x20, 0x60, 0x20, 0x60, 0x20, 0x60, 0x18, 0x60, 0x18, 0x60, 0x18, 0x40, 0x18, 0x40, 0x18, 0x40, 0x18, 0x40, 0x18, 0x40, 0x10, 0x20,
  0x10, 0x20, 0x10, 0x20, 0x10, 0x20, 0x08, 0x20, 0x08, 0x20, 0x08, 0x20, 0x08, 0x20, 0x08, 0x20, 0x08, 0x00, 0x00, 0x00, 0x00, 0x00, 0x00, 0x00, 0x00, 0x00, 0x00, 0x00, 0x00, 0x00, 0x00, 0x00,
  0x00, 0x00, 0x00, 0x00, 0x00, 0x00, 0x00, 0x00, 0x00, 0x00, 0x00, 0x00, 0x00, 0x00, 0x00, 0x00, 0x00, 0x00, 0x00, 0x00, 0x00, 0x00, 0x00, 0x00, 0x00, 0x00, 0x00, 0x00, 0x00, 0x00, 0x00, 0x00,
  0x00, 0x00, 0x00, 0x00, 0x00, 0x00, 0x00, 0x00, 0x00, 0x00, 0x00, 0x00, 0x00, 0x00, 0x00, 0x00, 0x00, 0x00, 0x00, 0x00, 0x00, 0x00, 0x00, 0x00, 0x00, 0x00, 0x00, 0x00, 0x00, 0x00, 0x00, 0x00,
  0x00, 0x00, 0x00, 0x00, 0x00, 0x00, 0x00, 0x00, 0x00, 0x00, 0x00, 0x00, 0x00, 0x00, 0x00, 0x00, 0x00, 0x00, 0x00, 0x00, 0x00, 0x00, 0x00, 0x00, 0x00, 0x00, 0x00, 0x00, 0x00, 0x00, 0x00, 0x00,
  0x00, 0x00, 0x00, 0x00, 0x00, 0x00, 0x00, 0x00, 0x00, 0x00, 0x00, 0x00, 0x00, 0x00, 0x00, 0x00, 0x00, 0x00, 0x00, 0x00, 0x00, 0x00, 0x00, 0x00, 0x00, 0x00, 0x00, 0x00, 0x00, 0x00, 0x00, 0x00,
  0x00, 0x00, 0x00, 0x00, 0x00, 0x00, 0x00, 0x00, 0x00, 0x00, 0x00, 0x00, 0x00, 0x00, 0x00, 0x00, 0x00, 0x00, 0x00, 0x00, 0x00, 0x00, 0x00, 0x00, 0x00, 0x00, 0x00, 0x00, 0x00, 0x00, 0x00, 0x00,
  0x00, 0x00, 0x00, 0x00, 0x00, 0x00, 0x00, 0x00, 0x00, 0x00, 0x00, 0x00, 0x00, 0x00, 0x00, 0x00, 0x00, 0x00, 0x00, 0x00, 0x00, 0x00, 0x00, 0x00, 0x00, 0x00, 0x00, 0x00, 0x00, 0x00, 0x00, 0x00,
  0x00, 0x00, 0x00, 0x00, 0x00, 0x00, 0x00, 0x00, 0x00, 0x00, 0x00, 0x00, 0x00, 0x00, 0x00, 0x00, 0x00, 0x00, 0x00, 0x00, 0x00, 0x00, 0x00, 0x00, 0x00, 0x00, 0x00, 0x00, 0x00, 0x00, 0x00, 0x00,
  0x00, 0x00, 0x00, 0x00, 0x00, 0x00, 0x00, 0x00, 0x00, 0x00, 0x00, 0x00, 0x00, 0x00, 0x00, 0x00, 0x00, 0x00, 0x00, 0x00, 0x00, 0x00, 0x00, 0x00, 0x00, 0x00, 0x00, 0x00, 0x00, 0x00, 0x00, 0x00,
  0x00, 0x00, 0x00, 0x00, 0x00, 0x00, 0x00, 0x00, 0x00, 0x00, 0x00, 0x00, 0x00, 0x00, 0x00, 0x00, 0x00, 0x00, 0x00, 0x00, 0x00, 0x00, 0x00, 0x00, 0x00, 0x00, 0x00, 0x00, 0x00, 0x00, 0x00, 0x00,
  0x00, 0x00, 0x00, 0x00, 0x00, 0x00, 0x00, 0x00, 0x00, 0x00, 0x00, 0x00, 0x00, 0x00, 0x00, 0x00, 0x00, 0x00, 0x00, 0x00, 0x00, 0x00, 0x00, 0x00, 0x00, 0x00, 0x00, 0x00, 0x00, 0x00, 0x00, 0x00,
  0x00, 0x00, 0x00, 0x00, 0x00, 0x00, 0x00, 0x00, 0x00, 0x00, 0x00, 0x00, 0x00, 0x00, 0x00, 0x00, 0x00, 0x00, 0x00, 0x00, 0x00, 0x20, 0x08, 0x00, 0x08, 0x20, 0x08, 0x20, 0x08, 0x20, 0x08, 0x20,
  0x08, 0x20, 0x08, 0x20, 0x10, 0x20, 0x10, 0x20, 0x10, 0x20, 0x10, 0x40, 0x10, 0x40, 0x10, 0x40, 0x18, 0x40, 0x18, 0x40, 0x18, 0x40, 0x18, 0x40, 0x18, 0x60, 0x18, 0x40, 0x18, 0x60, 0x18, 0x60,
  0x20, 0x60, 0x20, 0x60, 0x20, 0x60, 0x20, 0x60, 0x20, 0x60, 0x20, 0x60, 0x20, 0x60, 0x20, 0x60, 0x20, 0x60, 0x20, 0x60, 0x20, 0x60, 0x20, 0x60, 0x20, 0x60, 0x20, 0x60, 0x20, 0x60, 0x20, 0x60,
  0x18, 0x60, 0x18, 0x40, 0x18, 0x40, 0x18, 0x40, 0x18, 0x40, 0x18, 0x40, 0x18, 0x40, 0x10, 0x40, 0x10, 0x40, 0x10, 0x40, 0x10, 0x40, 0x10, 0x20, 0x10, 0x20, 0x10, 0x20, 0x10, 0x20, 0x08, 0x20,
  0x08, 0x20, 0x08, 0x20, 0x08, 0x20, 0x08, 0x20, 0x08, 0x00, 0x08, 0x00, 0x00, 0x00, 0x00, 0x00, 0x00, 0x00, 0x00, 0x00, 0x00, 0x00, 0x00, 0x00, 0x00, 0x00, 0x00, 0x00, 0x00, 0x00, 0x00, 0x00,
  0x00, 0x00, 0x00, 0x00, 0x00, 0x00, 0x00, 0x00, 0x00, 0x00, 0x00, 0x00, 0x00, 0x00, 0x00, 0x00, 0x00, 0x00, 0x00, 0x00, 0x00, 0x00, 0x00, 0x00, 0x00, 0x00, 0x00, 0x00, 0x00, 0x00, 0x00, 0x00,
  0x00, 0x00, 0x00, 0x00, 0x00, 0x00, 0x00, 0x00, 0x00, 0x00, 0x00, 0x00, 0x00, 0x00, 0x00, 0x00, 0x00, 0x00, 0x00, 0x00, 0x00, 0x00, 0x00, 0x00, 0x00, 0x00, 0x00, 0x00, 0x00, 0x00, 0x00, 0x00,
  0x00, 0x00, 0x00, 0x00, 0x00, 0x00, 0x00, 0x00, 0x00, 0x00, 0x00, 0x00, 0x00, 0x00, 0x00, 0x00, 0x00, 0x00, 0x00, 0x00, 0x00, 0x00, 0x00, 0x00, 0x00, 0x00, 0x00, 0x00, 0x00, 0x00, 0x00, 0x00,
  0x00, 0x00, 0x00, 0x00, 0x00, 0x00, 0x00, 0x00, 0x00, 0x00, 0x00, 0x00, 0x00, 0x00, 0x00, 0x00, 0x00, 0x00, 0x00, 0x00, 0x00, 0x00, 0x00, 0x00, 0x00, 0x00, 0x00, 0x00, 0x00, 0x00, 0x00, 0x00,
  0x00, 0x00, 0x00, 0x00, 0x00, 0x00, 0x00, 0x00, 0x00, 0x00, 0x00, 0x00, 0x00, 0x00, 0x00, 0x00, 0x00, 0x00, 0x00, 0x00, 0x00, 0x00, 0x00, 0x00, 0x00, 0x00, 0x00, 0x00, 0x00, 0x00, 0x00, 0x00,
  0x00, 0x00, 0x00, 0x00, 0x00, 0x00, 0x00, 0x00, 0x00, 0x00, 0x00, 0x00, 0x00, 0x00, 0x00, 0x00, 0x00, 0x00, 0x00, 0x00, 0x00, 0x00, 0x00, 0x00, 0x00, 0x00, 0x00, 0x00, 0x00, 0x00, 0x00, 0x00,
  0x00, 0x00, 0x00, 0x00, 0x00, 0x00, 0x00, 0x00, 0x00, 0x00, 0x00, 0x00, 0x00, 0x00, 0x00, 0x00, 0x00, 0x00, 0x00, 0x00, 0x00, 0x00, 0x00, 0x00, 0x00, 0x00, 0x00, 0x00, 0x00, 0x00, 0x00, 0x00,
  0x00, 0x00, 0x00, 0x00, 0x00, 0x00, 0x00, 0x00, 0x00, 0x00, 0x00, 0x00, 0x00, 0x00, 0x00, 0x00, 0x00, 0x00, 0x00, 0x00, 0x00, 0x00, 0x00, 0x00, 0x00, 0x00, 0x00, 0x00, 0x00, 0x00, 0x00, 0x00,
  0x00, 0x00, 0x00, 0x00, 0x00, 0x00, 0x00, 0x00, 0x00, 0x00, 0x00, 0x00, 0x00, 0x00, 0x00, 0x00, 0x00, 0x00, 0x00, 0x00, 0x00, 0x00, 0x00, 0x00, 0x00, 0x00, 0x00, 0x00, 0x00, 0x00, 0x00, 0x00,
  0x00, 0x00, 0x00, 0x00, 0x00, 0x00, 0x00, 0x00, 0x00, 0x00, 0x00, 0x00, 0x00, 0x00, 0x00, 0x00, 0x00, 0x00, 0x00, 0x00, 0x00, 0x00, 0x00, 0x00, 0x00, 0x00, 0x00, 0x00, 0x00, 0x00, 0x00, 0x00,
  0x00, 0x00, 0x00, 0x00, 0x00, 0x00, 0x00, 0x00, 0x00, 0x00, 0x00, 0x00, 0x00, 0x00, 0x00, 0x00, 0x00, 0x00, 0x00, 0x00, 0x00, 0x00, 0x00, 0x00, 0x00, 0x00, 0x00, 0x00, 0x08, 0x20, 0x08, 0x20,
  0x08, 0x00, 0x08, 0x20, 0x08, 0x20, 0x08, 0x20, 0x08, 0x20, 0x08, 0x20, 0x08, 0x20, 0x08, 0x20, 0x10, 0x20, 0x10, 0x40, 0x10, 0x40, 0x10, 0x40, 0x10, 0x40, 0x10, 0x40, 0x10, 0x40, 0x10, 0x40,
  0x10, 0x40, 0x18, 0x40, 0x18, 0x40, 0x18, 0x40, 0x18, 0x40, 0x18, 0x40, 0x18, 0x40, 0x18, 0x40, 0x18, 0x40, 0x18, 0x40, 0x18, 0x40, 0x18, 0x40, 0x18, 0x40, 0x18, 0x40, 0x18, 0x40, 0x10, 0x40,
  0x10, 0x40, 0x10, 0x40, 0x10, 0x40, 0x10, 0x40, 0x10, 0x40, 0x10, 0x20, 0x10, 0x20, 0x10, 0x20, 0x10, 0x20, 0x08, 0x20, 0x08, 0x20, 0x08, 0x20, 0x08, 0x20, 0x08, 0x20, 0x08, 0x20, 0x08, 0x00,
  0x08, 0x00, 0x08, 0x00, 0x00, 0x00, 0x00, 0x00, 0x00, 0x00, 0x00, 0x00, 0x00, 0x00, 0x00, 0x00, 0x00, 0x00, 0x00, 0x00, 0x00, 0x00, 0x00, 0x00, 0x00, 0x00, 0x00, 0x00, 0x00, 0x00, 0x00, 0x00,
  0x00, 0x00, 0x00, 0x00, 0x00, 0x00, 0x00, 0x00, 0x00, 0x00, 0x00, 0x00, 0x00, 0x00, 0x00, 0x00, 0x00, 0x00, 0x00, 0x00, 0x00, 0x00, 0x00, 0x00, 0x00, 0x00, 0x00, 0x00, 0x00, 0x00, 0x00, 0x00,
  0x00, 0x00, 0x00, 0x00, 0x00, 0x00, 0x00, 0x00, 0x00, 0x00, 0x00, 0x00, 0x00, 0x00, 0x00, 0x00, 0x00, 0x00, 0x00, 0x00, 0x00, 0x00, 0x00, 0x00, 0x00, 0x00, 0x00, 0x00, 0x00, 0x00, 0x00, 0x00,
  0x00, 0x00, 0x00, 0x00, 0x00, 0x00, 0x00, 0x00, 0x00, 0x00, 0x00, 0x00, 0x00, 0x00, 0x00, 0x00, 0x00, 0x00, 0x00, 0x00, 0x00, 0x00, 0x00, 0x00, 0x00, 0x00, 0x00, 0x00, 0x00, 0x00, 0x00, 0x00,
  0x00, 0x00, 0x00, 0x00, 0x00, 0x00, 0x00, 0x00, 0x00, 0x00, 0x00, 0x00, 0x00, 0x00, 0x00, 0x00, 0x00, 0x00, 0x00, 0x00, 0x00, 0x00, 0x00, 0x00, 0x00, 0x00, 0x00, 0x00, 0x00, 0x00, 0x00, 0x00,
  0x00, 0x00, 0x00, 0x00, 0x00, 0x00, 0x00, 0x00, 0x00, 0x00, 0x00, 0x00, 0x00, 0x00, 0x00, 0x00, 0x00, 0x00, 0x00, 0x00, 0x00, 0x00, 0x00, 0x00, 0x00, 0x00, 0x00, 0x00, 0x00, 0x00, 0x00, 0x00,
  0x00, 0x00, 0x00, 0x00, 0x00, 0x00, 0x00, 0x00, 0x00, 0x00, 0x00, 0x00, 0x00, 0x00, 0x00, 0x00, 0x00, 0x00, 0x00, 0x00, 0x00, 0x00, 0x00, 0x00, 0x00, 0x00, 0x00, 0x00, 0x00, 0x00, 0x00, 0x00,
  0x00, 0x00, 0x00, 0x00, 0x00, 0x00, 0x00, 0x00, 0x00, 0x00, 0x00, 0x00, 0x00, 0x00, 0x00, 0x00, 0x00, 0x00, 0x00, 0x00, 0x00, 0x00, 0x00, 0x00, 0x00, 0x00, 0x00, 0x00, 0x00, 0x00, 0x00, 0x00,
  0x00, 0x00, 0x00, 0x00, 0x00, 0x00, 0x00, 0x00, 0x00, 0x00, 0x00, 0x00, 0x00, 0x00, 0x00, 0x00, 0x00, 0x00, 0x00, 0x00, 0x00, 0x00, 0x00, 0x00, 0x00, 0x00, 0x00, 0x00, 0x00, 0x00, 0x00, 0x00,
  0x00, 0x00, 0x00, 0x00, 0x00, 0x00, 0x00, 0x00, 0x00, 0x00, 0x00, 0x00, 0x00, 0x00, 0x00, 0x00, 0x00, 0x00, 0x00, 0x00, 0x00, 0x00, 0x00, 0x00, 0x00, 0x00, 0x00, 0x00, 0x00, 0x00, 0x00, 0x00,
  0x00, 0x00, 0x00, 0x00, 0x00, 0x00, 0x00, 0x00, 0x00, 0x00, 0x00, 0x00, 0x00, 0x00, 0x00, 0x00, 0x00, 0x00, 0x00, 0x00, 0x00, 0x00, 0x00, 0x00, 0x00, 0x00, 0x00, 0x00, 0x00, 0x00, 0x00, 0x00,
  0x00, 0x00, 0x00, 0x00, 0x00, 0x00, 0x00, 0x00, 0x00, 0x00, 0x00, 0x00, 0x00, 0x00, 0x00, 0x00, 0x00, 0x00, 0x00, 0x00, 0x00, 0x00, 0x00, 0x00, 0x00, 0x00, 0x00, 0x00, 0x00, 0x00, 0x00, 0x00,
  0x00, 0x00, 0x00, 0x00, 0x00, 0x00, 0x08, 0x00, 0x08, 0x00, 0x08, 0x00, 0x08, 0x20, 0x08, 0x20, 0x08, 0x20, 0x08, 0x20, 0x08, 0x20, 0x08, 0x20, 0x08, 0x20, 0x08, 0x20, 0x08, 0x20, 0x08, 0x20,
  0x10, 0x20, 0x10, 0x20, 0x10, 0x20, 0x10, 0x20, 0x10, 0x20, 0x10, 0x20, 0x10, 0x20, 0x10, 0x20, 0x10, 0x20, 0x10, 0x20, 0x10, 0x20, 0x10, 0x20, 0x10, 0x20, 0x10, 0x20, 0x10, 0x20, 0x10, 0x20,
  0x10, 0x20, 0x08, 0x20, 0x08, 0x20, 0x08, 0x20, 0x08, 0x20, 0x08, 0x20, 0x08, 0x20, 0x08, 0x20, 0x08, 0x20, 0x08, 0x20, 0x08, 0x00, 0x08, 0x00, 0x08, 0x00, 0x00, 0x00, 0x00, 0x00, 0x00, 0x00,
  0x00, 0x00, 0x00, 0x00, 0x00, 0x00, 0x00, 0x00, 0x00, 0x00, 0x00, 0x00, 0x00, 0x00, 0x00, 0x00, 0x00, 0x00, 0x00, 0x00, 0x00, 0x00, 0x00, 0x00, 0x00, 0x00, 0x00, 0x00, 0x00, 0x00, 0x00, 0x00,
  0x00, 0x00, 0x00, 0x00, 0x00, 0x00, 0x00, 0x00, 0x00, 0x00, 0x00, 0x00, 0x00, 0x00, 0x00, 0x00, 0x00, 0x00, 0x00, 0x00, 0x00, 0x00, 0x00, 0x00, 0x00, 0x00, 0x00, 0x00, 0x00, 0x00, 0x00, 0x00,
  0x00, 0x00, 0x00, 0x00, 0x00, 0x00, 0x00, 0x00, 0x00, 0x00, 0x00, 0x00, 0x00, 0x00, 0x00, 0x00, 0x00, 0x00, 0x00, 0x00, 0x00, 0x00, 0x00, 0x00, 0x00, 0x00, 0x00, 0x00, 0x00, 0x00, 0x00, 0x00,
  0x00, 0x00, 0x00, 0x00, 0x00, 0x00, 0x00, 0x00, 0x00, 0x00, 0x00, 0x00, 0x00, 0x00, 0x00, 0x00, 0x00, 0x00, 0x00, 0x00, 0x00, 0x00, 0x00, 0x00, 0x00, 0x00, 0x00, 0x00, 0x00, 0x00, 0x00, 0x00,
  0x00, 0x00, 0x00, 0x00, 0x00, 0x00, 0x00, 0x00, 0x00, 0x00, 0x00, 0x00, 0x00, 0x00, 0x00, 0x00, 0x00, 0x00, 0x00, 0x00, 0x00, 0x00, 0x00, 0x00, 0x00, 0x00, 0x00, 0x00, 0x00, 0x00, 0x00, 0x00,
  0x00, 0x00, 0x00, 0x00, 0x00, 0x00, 0x00, 0x00, 0x00, 0x00, 0x00, 0x00, 0x00, 0x00, 0x00, 0x00, 0x00, 0x00, 0x00, 0x00, 0x00, 0x00, 0x00, 0x00, 0x00, 0x00, 0x00, 0x00, 0x00, 0x00, 0x00, 0x00,
  0x00, 0x00, 0x00, 0x00, 0x00, 0x00, 0x00, 0x00, 0x00, 0x00, 0x00, 0x00, 0x00, 0x00, 0x00, 0x00, 0x00, 0x00, 0x00, 0x00, 0x00, 0x00, 0x00, 0x00, 0x00, 0x00, 0x00, 0x00, 0x00, 0x00, 0x00, 0x00,
  0x00, 0x00, 0x00, 0x00, 0x00, 0x00, 0x00, 0x00, 0x00, 0x00, 0x00, 0x00, 0x00, 0x00, 0x00, 0x00, 0x00, 0x00, 0x00, 0x00, 0x00, 0x00, 0x00, 0x00, 0x00, 0x00, 0x00, 0x00, 0x00, 0x00, 0x00, 0x00,
  0x00, 0x00, 0x00, 0x00, 0x00, 0x00, 0x00, 0x00, 0x00, 0x00, 0x00, 0x00, 0x00, 0x00, 0x00, 0x00, 0x00, 0x00, 0x00, 0x00, 0x00, 0x00, 0x00, 0x00, 0x00, 0x00, 0x00, 0x00, 0x00, 0x00, 0x00, 0x00,
  0x00, 0x00, 0x00, 0x00, 0x00, 0x00, 0x00, 0x00, 0x00, 0x00, 0x00, 0x00, 0x00, 0x00, 0x00, 0x00, 0x00, 0x00, 0x00, 0x00, 0x00, 0x00, 0x00, 0x00, 0x00, 0x00, 0x00, 0x00, 0x00, 0x00, 0x00, 0x00,
  0x00, 0x00, 0x00, 0x00, 0x00, 0x00, 0x00, 0x00, 0x00, 0x00, 0x00, 0x00, 0x00, 0x00, 0x00, 0x00, 0x00, 0x00, 0x00, 0x00, 0x00, 0x00, 0x00, 0x00, 0x00, 0x00, 0x00, 0x00, 0x00, 0x00, 0x00, 0x00,
  0x00, 0x00, 0x00, 0x00, 0x00, 0x00, 0x00, 0x00, 0x00, 0x00, 0x00, 0x00, 0x00, 0x00, 0x00, 0x00, 0x00, 0x00, 0x00, 0x00, 0x00, 0x00, 0x00, 0x00, 0x00, 0x00, 0x00, 0x00, 0x00, 0x00, 0x00, 0x00,
  0x00, 0x00, 0x00, 0x00, 0x00, 0x00, 0x00, 0x00, 0x00, 0x00, 0x00, 0x00, 0x00, 0x00, 0x08, 0x00, 0x08, 0x00, 0x08, 0x00, 0x08, 0x00, 0x08, 0x00, 0x08, 0x20, 0x08, 0x20, 0x08, 0x20, 0x08, 0x20,
  0x08, 0x20, 0x08, 0x20, 0x08, 0x20, 0x08, 0x20, 0x08, 0x20, 0x08, 0x20, 0x08, 0x20, 0x08, 0x20, 0x08, 0x20, 0x08, 0x20, 0x08, 0x20, 0x08, 0x20, 0x08, 0x20, 0x08, 0x20, 0x08, 0x20, 0x08, 0x20,
  0x08, 0x20, 0x08, 0x00, 0x08, 0x20, 0x08, 0x00, 0x08, 0x00, 0x08, 0x00, 0x08, 0x00, 0x08, 0x00, 0x00, 0x00, 0x00, 0x00, 0x00, 0x00, 0x00, 0x00, 0x00, 0x00, 0x00, 0x00, 0x00, 0x00, 0x00, 0x00,
  0x00, 0x00, 0x00, 0x00, 0x00, 0x00, 0x00, 0x00, 0x00, 0x00, 0x00, 0x00, 0x00, 0x00, 0x00, 0x00, 0x00, 0x00, 0x00, 0x00, 0x00, 0x00, 0x00, 0x00, 0x00, 0x00, 0x00, 0x00, 0x00, 0x00, 0x00, 0x00,
  0x00, 0x00, 0x00, 0x00, 0x00, 0x00, 0x00, 0x00, 0x00, 0x00, 0x00, 0x00, 0x00, 0x00, 0x00, 0x00, 0x00, 0x00, 0x00, 0x00, 0x00, 0x00, 0x00, 0x00, 0x00, 0x00, 0x00, 0x00, 0x00, 0x00, 0x00, 0x00,
  0x00, 0x00, 0x00, 0x00, 0x00, 0x00, 0x00, 0x00, 0x00, 0x00, 0x00, 0x00, 0x00, 0x00, 0x00, 0x00, 0x00, 0x00, 0x00, 0x00, 0x00, 0x00, 0x00, 0x00, 0x00, 0x00, 0x00, 0x00, 0x00, 0x00, 0x00, 0x00,
  0x00, 0x00, 0x00, 0x00, 0x00, 0x00, 0x00, 0x00, 0x00, 0x00, 0x00, 0x00, 0x00, 0x00, 0x00, 0x00, 0x00, 0x00, 0x00, 0x00, 0x00, 0x00, 0x00, 0x00, 0x00, 0x00, 0x00, 0x00, 0x00, 0x00, 0x00, 0x00,
  0x00, 0x00, 0x00, 0x00, 0x00, 0x00, 0x00, 0x00, 0x00, 0x00, 0x00, 0x00, 0x00, 0x00, 0x00, 0x00, 0x00, 0x00, 0x00, 0x00, 0x00, 0x00, 0x00, 0x00, 0x00, 0x00, 0x00, 0x00, 0x00, 0x00, 0x00, 0x00,
  0x00, 0x00, 0x00, 0x00, 0x00, 0x00, 0x00, 0x00, 0x00, 0x00, 0x00, 0x00, 0x00, 0x00, 0x00, 0x00, 0x00, 0x00, 0x00, 0x00, 0x00, 0x00, 0x00, 0x00, 0x00, 0x00, 0x00, 0x00, 0x00, 0x00, 0x00, 0x00,
  0x00, 0x00, 0x00, 0x00, 0x00, 0x00, 0x00, 0x00, 0x00, 0x00, 0x00, 0x00, 0x00, 0x00, 0x00, 0x00, 0x00, 0x00, 0x00, 0x00, 0x00, 0x00, 0x00, 0x00, 0x00, 0x00, 0x00, 0x00, 0x00, 0x00, 0x00, 0x00,
  0x00, 0x00, 0x00, 0x00, 0x00, 0x00, 0x00, 0x00, 0x00, 0x00, 0x00, 0x00, 0x00, 0x00, 0x00, 0x00, 0x00, 0x00, 0x00, 0x00, 0x00, 0x00, 0x00, 0x00, 0x00, 0x00, 0x00, 0x00, 0x00, 0x00, 0x00, 0x00,
  0x00, 0x00, 0x00, 0x00, 0x00, 0x00, 0x00, 0x00, 0x00, 0x00, 0x00, 0x00, 0x00, 0x00, 0x00, 0x00, 0x00, 0x00, 0x00, 0x00, 0x00, 0x00, 0x00, 0x00, 0x00, 0x00, 0x00, 0x00, 0x00, 0x00, 0x00, 0x00,
  0x00, 0x00, 0x00, 0x00, 0x00, 0x00, 0x00, 0x00, 0x00, 0x00, 0x00, 0x00, 0x00, 0x00, 0x00, 0x00, 0x00, 0x00, 0x00, 0x00, 0x00, 0x00, 0x00, 0x00, 0x00, 0x00, 0x00, 0x00, 0x00, 0x00, 0x00, 0x00,
  0x00, 0x00, 0x00, 0x00, 0x00, 0x00, 0x00, 0x00, 0x00, 0x00, 0x00, 0x00, 0x00, 0x00, 0x00, 0x00, 0x00, 0x00, 0x00, 0x00, 0x00, 0x00, 0x00, 0x00, 0x00, 0x00, 0x00, 0x00, 0x00, 0x00, 0x00, 0x00,
  0x00, 0x00, 0x00, 0x00, 0x00, 0x00, 0x00, 0x00, 0x00, 0x00, 0x00, 0x00, 0x00, 0x00, 0x00, 0x00, 0x00, 0x00, 0x00, 0x00, 0x00, 0x00, 0x00, 0x00, 0x00, 0x00, 0x00, 0x00, 0x00, 0x00, 0x00, 0x00,
  0x00, 0x00, 0x00, 0x00, 0x00, 0x00, 0x00, 0x00, 0x00, 0x00, 0x00, 0x00, 0x00, 0x00, 0x00, 0x00, 0x00, 0x00, 0x00, 0x00, 0x00, 0x00, 0x00, 0x00, 0x00, 0x00, 0x00, 0x00, 0x00, 0x00, 0x08, 0x00,
  0x00, 0x00, 0x00, 0x00, 0x08, 0x00, 0x08, 0x00, 0x08, 0x00, 0x08, 0x00, 0x08, 0x00, 0x08, 0x00, 0x08, 0x00, 0x08, 0x00, 0x08, 0x00, 0x08, 0x00, 0x00, 0x20, 0x00, 0x00, 0x00, 0x00, 0x08, 0x00,
  0x08, 0x00, 0x08, 0x00, 0x00, 0x00, 0x00, 0x00, 0x00, 0x00, 0x00, 0x00, 0x00, 0x00, 0x00, 0x00, 0x00, 0x00, 0x00, 0x00, 0x00, 0x00, 0x00, 0x00, 0x00, 0x00, 0x00, 0x00, 0x00, 0x00, 0x00, 0x00,
  0x00, 0x00, 0x00, 0x00, 0x00, 0x00, 0x00, 0x00, 0x00, 0x00, 0x00, 0x00, 0x00, 0x00, 0x00, 0x00, 0x00, 0x00, 0x00, 0x00, 0x00, 0x00, 0x00, 0x00, 0x00, 0x00, 0x00, 0x00, 0x00, 0x00, 0x00, 0x00,
  0x00, 0x00, 0x00, 0x00, 0x00, 0x00, 0x00, 0x00, 0x00, 0x00, 0x00, 0x00, 0x00, 0x00, 0x00, 0x00, 0x00, 0x00, 0x00, 0x00, 0x00, 0x00, 0x00, 0x00, 0x00, 0x00, 0x00, 0x00, 0x00, 0x00, 0x00, 0x00,
  0x00, 0x00, 0x00, 0x00, 0x00, 0x00, 0x00, 0x00, 0x00, 0x00, 0x00, 0x00, 0x00, 0x00, 0x00, 0x00, 0x00, 0x00, 0x00, 0x00, 0x00, 0x00, 0x00, 0x00, 0x00, 0x00, 0x00, 0x00, 0x00, 0x00, 0x00, 0x00,
  0x00, 0x00, 0x00, 0x00, 0x00, 0x00, 0x00, 0x00, 0x00, 0x00, 0x00, 0x00, 0x00, 0x00, 0x00, 0x00, 0x00, 0x00, 0x00, 0x00, 0x00, 0x00, 0x00, 0x00, 0x00, 0x00, 0x00, 0x00, 0x00, 0x00, 0x00, 0x00,
  0x00, 0x00, 0x00, 0x00, 0x00, 0x00, 0x00, 0x00, 0x00, 0x00, 0x00, 0x00, 0x00, 0x00, 0x00, 0x00, 0x00, 0x00, 0x00, 0x00, 0x00, 0x00, 0x00, 0x00, 0x00, 0x00, 0x00, 0x00, 0x00, 0x00, 0x00, 0x00,
  0x00, 0x00, 0x00, 0x00, 0x00, 0x00, 0x00, 0x00, 0x00, 0x00, 0x00, 0x00, 0x00, 0x00, 0x00, 0x00, 0x00, 0x00, 0x00, 0x00, 0x00, 0x00, 0x00, 0x00, 0x00, 0x00, 0x00, 0x00, 0x00, 0x00, 0x00, 0x00,
};

const lv_img_dsc_t splash_img = {
  .header = {
    .cf = LV_IMG_CF_TRUE_COLOR,
    .always_zero = 0,
    .reserved = 0,
    .w = 240,
    .h = 240,
  },
  .data_size = sizeof(splash_img_map),
  .data = splash_img_map,
};

#endif // SPLASH_IMG_H
