ISO-10303-21;
HEADER;
/* Generated by software containing ST-Developer
 * from STEP Tools, Inc. (www.steptools.com) 
 */

FILE_DESCRIPTION(
/* description */ (''),
/* implementation_level */ '2;1');

FILE_NAME(
/* name */ 'Klipper_dial.step',
/* time_stamp */ '2026-10-02T16:13:15+02:00',
/* author */ (''),
/* organization */ (''),
/* preprocessor_version */ 'ST-DEVELOPER v20.2',
/* originating_system */ 'Autodesk Translation Framework v15.15.0.0',
/* authorisation */ '');

FILE_SCHEMA (('AUTOMOTIVE_DESIGN { 1 0 10303 214 3 1 1 }'));
ENDSEC;

DATA;
#10=MECHANICAL_DESIGN_GEOMETRIC_PRESENTATION_REPRESENTATION('',(#13),#4458);
#11=SHAPE_REPRESENTATION_RELATIONSHIP('SRR','None',#4465,#12);
#12=ADVANCED_BREP_SHAPE_REPRESENTATION('',(#14),#4457);
#13=STYLED_ITEM('',(#4475),#14);
#14=MANIFOLD_SOLID_BREP('Corpo3',#2029);
#15=FACE_BOUND('',#513,.T.);
#16=FACE_BOUND('',#520,.T.);
#17=FACE_BOUND('',#521,.T.);
#18=FACE_BOUND('',#522,.T.);
#19=FACE_BOUND('',#523,.T.);
#20=FACE_BOUND('',#524,.T.);
#21=FACE_BOUND('',#525,.T.);
#22=FACE_BOUND('',#526,.T.);
#23=FACE_BOUND('',#527,.T.);
#24=FACE_BOUND('',#544,.T.);
#25=FACE_BOUND('',#546,.T.);
#26=FACE_BOUND('',#555,.T.);
#27=CONICAL_SURFACE('',#2115,22.5,0.785398163397448);
#28=CONICAL_SURFACE('',#2124,20.75,0.785398163397448);
#29=CONICAL_SURFACE('',#2126,1.5,0.785398163397448);
#30=CONICAL_SURFACE('',#2155,1.5,0.785398163397448);
#31=ELLIPSE('',#2097,5.56907350582993,1.8);
#32=PLANE('',#2066);
#33=PLANE('',#2073);
#34=PLANE('',#2092);
#35=PLANE('',#2094);
#36=PLANE('',#2098);
#37=PLANE('',#2104);
#38=PLANE('',#2109);
#39=PLANE('',#2116);
#40=PLANE('',#2117);
#41=PLANE('',#2129);
#42=PLANE('',#2175);
#43=PLANE('',#2191);
#44=PLANE('',#2193);
#45=PLANE('',#2198);
#46=PLANE('',#2204);
#47=PLANE('',#2246);
#48=PLANE('',#2247);
#49=PLANE('',#2248);
#50=PLANE('',#2249);
#51=PLANE('',#2250);
#52=PLANE('',#2251);
#53=PLANE('',#2252);
#54=PLANE('',#2253);
#55=PLANE('',#2254);
#56=PLANE('',#2255);
#57=PLANE('',#2256);
#58=PLANE('',#2257);
#59=PLANE('',#2258);
#60=PLANE('',#2259);
#61=PLANE('',#2260);
#62=PLANE('',#2261);
#63=PLANE('',#2263);
#64=PLANE('',#2264);
#65=PLANE('',#2265);
#66=PLANE('',#2266);
#67=PLANE('',#2267);
#68=PLANE('',#2268);
#69=PLANE('',#2269);
#70=PLANE('',#2270);
#71=PLANE('',#2271);
#72=LINE('',#3298,#187);
#73=LINE('',#3302,#188);
#74=LINE('',#3305,#189);
#75=LINE('',#3399,#190);
#76=LINE('',#3433,#191);
#77=LINE('',#3437,#192);
#78=LINE('',#3441,#193);
#79=LINE('',#3453,#194);
#80=LINE('',#3458,#195);
#81=LINE('',#3460,#196);
#82=LINE('',#3484,#197);
#83=LINE('',#3487,#198);
#84=LINE('',#3490,#199);
#85=LINE('',#3493,#200);
#86=LINE('',#3496,#201);
#87=LINE('',#3499,#202);
#88=LINE('',#3521,#203);
#89=LINE('',#3582,#204);
#90=LINE('',#3583,#205);
#91=LINE('',#3585,#206);
#92=LINE('',#3586,#207);
#93=LINE('',#3591,#208);
#94=LINE('',#3595,#209);
#95=LINE('',#3598,#210);
#96=LINE('',#3599,#211);
#97=LINE('',#3609,#212);
#98=LINE('',#3620,#213);
#99=LINE('',#3625,#214);
#100=LINE('',#3630,#215);
#101=LINE('',#3641,#216);
#102=LINE('',#3645,#217);
#103=LINE('',#3649,#218);
#104=LINE('',#3652,#219);
#105=LINE('',#3657,#220);
#106=LINE('',#3661,#221);
#107=LINE('',#3665,#222);
#108=LINE('',#3668,#223);
#109=LINE('',#3673,#224);
#110=LINE('',#3677,#225);
#111=LINE('',#3681,#226);
#112=LINE('',#3684,#227);
#113=LINE('',#3689,#228);
#114=LINE('',#3693,#229);
#115=LINE('',#3697,#230);
#116=LINE('',#3700,#231);
#117=LINE('',#3705,#232);
#118=LINE('',#3709,#233);
#119=LINE('',#3713,#234);
#120=LINE('',#3716,#235);
#121=LINE('',#3721,#236);
#122=LINE('',#3726,#237);
#123=LINE('',#3729,#238);
#124=LINE('',#4280,#239);
#125=LINE('',#4282,#240);
#126=LINE('',#4290,#241);
#127=LINE('',#4293,#242);
#128=LINE('',#4296,#243);
#129=LINE('',#4299,#244);
#130=LINE('',#4302,#245);
#131=LINE('',#4305,#246);
#132=LINE('',#4308,#247);
#133=LINE('',#4311,#248);
#134=LINE('',#4314,#249);
#135=LINE('',#4317,#250);
#136=LINE('',#4320,#251);
#137=LINE('',#4322,#252);
#138=LINE('',#4326,#253);
#139=LINE('',#4329,#254);
#140=LINE('',#4332,#255);
#141=LINE('',#4335,#256);
#142=LINE('',#4338,#257);
#143=LINE('',#4341,#258);
#144=LINE('',#4344,#259);
#145=LINE('',#4347,#260);
#146=LINE('',#4350,#261);
#147=LINE('',#4353,#262);
#148=LINE('',#4356,#263);
#149=LINE('',#4359,#264);
#150=LINE('',#4362,#265);
#151=LINE('',#4365,#266);
#152=LINE('',#4368,#267);
#153=LINE('',#4371,#268);
#154=LINE('',#4374,#269);
#155=LINE('',#4377,#270);
#156=LINE('',#4380,#271);
#157=LINE('',#4382,#272);
#158=LINE('',#4386,#273);
#159=LINE('',#4389,#274);
#160=LINE('',#4392,#275);
#161=LINE('',#4395,#276);
#162=LINE('',#4398,#277);
#163=LINE('',#4401,#278);
#164=LINE('',#4404,#279);
#165=LINE('',#4407,#280);
#166=LINE('',#4409,#281);
#167=LINE('',#4411,#282);
#168=LINE('',#4413,#283);
#169=LINE('',#4415,#284);
#170=LINE('',#4417,#285);
#171=LINE('',#4419,#286);
#172=LINE('',#4421,#287);
#173=LINE('',#4423,#288);
#174=LINE('',#4425,#289);
#175=LINE('',#4427,#290);
#176=LINE('',#4429,#291);
#177=LINE('',#4431,#292);
#178=LINE('',#4433,#293);
#179=LINE('',#4435,#294);
#180=LINE('',#4437,#295);
#181=LINE('',#4439,#296);
#182=LINE('',#4441,#297);
#183=LINE('',#4443,#298);
#184=LINE('',#4445,#299);
#185=LINE('',#4451,#300);
#186=LINE('',#4453,#301);
#187=VECTOR('',#2316,10.);
#188=VECTOR('',#2319,10.);
#189=VECTOR('',#2324,10.);
#190=VECTOR('',#2337,10.);
#191=VECTOR('',#2340,10.);
#192=VECTOR('',#2345,10.);
#193=VECTOR('',#2350,10.);
#194=VECTOR('',#2367,10.);
#195=VECTOR('',#2376,10.);
#196=VECTOR('',#2377,10.);
#197=VECTOR('',#2382,10.);
#198=VECTOR('',#2385,10.);
#199=VECTOR('',#2388,10.);
#200=VECTOR('',#2391,10.);
#201=VECTOR('',#2394,10.);
#202=VECTOR('',#2397,10.);
#203=VECTOR('',#2402,10.);
#204=VECTOR('',#2415,10.);
#205=VECTOR('',#2416,10.);
#206=VECTOR('',#2417,10.);
#207=VECTOR('',#2418,10.);
#208=VECTOR('',#2423,21.625);
#209=VECTOR('',#2428,10.);
#210=VECTOR('',#2431,10.);
#211=VECTOR('',#2432,10.);
#212=VECTOR('',#2445,22.5);
#213=VECTOR('',#2460,10.);
#214=VECTOR('',#2467,20.75);
#215=VECTOR('',#2472,1.5);
#216=VECTOR('',#2483,10.);
#217=VECTOR('',#2486,10.);
#218=VECTOR('',#2489,10.);
#219=VECTOR('',#2492,10.);
#220=VECTOR('',#2495,10.);
#221=VECTOR('',#2498,10.);
#222=VECTOR('',#2501,10.);
#223=VECTOR('',#2504,10.);
#224=VECTOR('',#2507,10.);
#225=VECTOR('',#2510,10.);
#226=VECTOR('',#2513,10.);
#227=VECTOR('',#2516,10.);
#228=VECTOR('',#2519,10.);
#229=VECTOR('',#2522,10.);
#230=VECTOR('',#2525,10.);
#231=VECTOR('',#2528,10.);
#232=VECTOR('',#2531,10.);
#233=VECTOR('',#2534,10.);
#234=VECTOR('',#2537,10.);
#235=VECTOR('',#2540,10.);
#236=VECTOR('',#2545,1.25);
#237=VECTOR('',#2552,1.5);
#238=VECTOR('',#2555,1.25);
#239=VECTOR('',#2642,10.);
#240=VECTOR('',#2645,19.25);
#241=VECTOR('',#2656,10.);
#242=VECTOR('',#2659,10.);
#243=VECTOR('',#2662,10.);
#244=VECTOR('',#2665,10.);
#245=VECTOR('',#2668,10.);
#246=VECTOR('',#2671,10.);
#247=VECTOR('',#2674,10.);
#248=VECTOR('',#2677,10.);
#249=VECTOR('',#2680,10.);
#250=VECTOR('',#2683,10.);
#251=VECTOR('',#2686,10.);
#252=VECTOR('',#2687,10.);
#253=VECTOR('',#2692,10.);
#254=VECTOR('',#2695,10.);
#255=VECTOR('',#2698,10.);
#256=VECTOR('',#2701,10.);
#257=VECTOR('',#2704,10.);
#258=VECTOR('',#2707,10.);
#259=VECTOR('',#2710,10.);
#260=VECTOR('',#2713,10.);
#261=VECTOR('',#2716,10.);
#262=VECTOR('',#2719,10.);
#263=VECTOR('',#2722,10.);
#264=VECTOR('',#2725,10.);
#265=VECTOR('',#2728,10.);
#266=VECTOR('',#2731,10.);
#267=VECTOR('',#2734,10.);
#268=VECTOR('',#2737,10.);
#269=VECTOR('',#2740,10.);
#270=VECTOR('',#2743,10.);
#271=VECTOR('',#2746,10.);
#272=VECTOR('',#2747,10.);
#273=VECTOR('',#2752,10.);
#274=VECTOR('',#2755,10.);
#275=VECTOR('',#2758,10.);
#276=VECTOR('',#2761,10.);
#277=VECTOR('',#2764,10.);
#278=VECTOR('',#2767,10.);
#279=VECTOR('',#2770,10.);
#280=VECTOR('',#2773,10.);
#281=VECTOR('',#2776,10.);
#282=VECTOR('',#2779,10.);
#283=VECTOR('',#2782,10.);
#284=VECTOR('',#2785,10.);
#285=VECTOR('',#2788,10.);
#286=VECTOR('',#2791,10.);
#287=VECTOR('',#2794,10.);
#288=VECTOR('',#2797,10.);
#289=VECTOR('',#2800,10.);
#290=VECTOR('',#2803,10.);
#291=VECTOR('',#2806,10.);
#292=VECTOR('',#2809,10.);
#293=VECTOR('',#2812,10.);
#294=VECTOR('',#2815,10.);
#295=VECTOR('',#2818,10.);
#296=VECTOR('',#2821,10.);
#297=VECTOR('',#2824,2.35);
#298=VECTOR('',#2827,10.);
#299=VECTOR('',#2830,10.);
#300=VECTOR('',#2841,10.);
#301=VECTOR('',#2844,10.);
#302=CYLINDRICAL_SURFACE('',#2063,1.);
#303=CYLINDRICAL_SURFACE('',#2074,1.);
#304=CYLINDRICAL_SURFACE('',#2076,1.);
#305=CYLINDRICAL_SURFACE('',#2085,1.);
#306=CYLINDRICAL_SURFACE('',#2089,10.);
#307=CYLINDRICAL_SURFACE('',#2096,1.8);
#308=CYLINDRICAL_SURFACE('',#2100,1.8);
#309=CYLINDRICAL_SURFACE('',#2105,21.125);
#310=CYLINDRICAL_SURFACE('',#2122,4.);
#311=CYLINDRICAL_SURFACE('',#2123,23.25);
#312=CYLINDRICAL_SURFACE('',#2153,1.25);
#313=CYLINDRICAL_SURFACE('',#2157,1.25);
#314=CYLINDRICAL_SURFACE('',#2195,2.25);
#315=CYLINDRICAL_SURFACE('',#2199,2.25);
#316=CYLINDRICAL_SURFACE('',#2200,4.);
#317=CYLINDRICAL_SURFACE('',#2201,19.);
#318=CYLINDRICAL_SURFACE('',#2206,0.149999999999999);
#319=CYLINDRICAL_SURFACE('',#2208,0.15);
#320=CYLINDRICAL_SURFACE('',#2210,0.15);
#321=CYLINDRICAL_SURFACE('',#2212,0.149999999999999);
#322=CYLINDRICAL_SURFACE('',#2214,0.15);
#323=CYLINDRICAL_SURFACE('',#2216,0.15);
#324=CYLINDRICAL_SURFACE('',#2218,0.15);
#325=CYLINDRICAL_SURFACE('',#2220,0.15);
#326=CYLINDRICAL_SURFACE('',#2222,0.15);
#327=CYLINDRICAL_SURFACE('',#2224,0.15);
#328=CYLINDRICAL_SURFACE('',#2226,0.15);
#329=CYLINDRICAL_SURFACE('',#2228,0.15);
#330=CYLINDRICAL_SURFACE('',#2230,0.15);
#331=CYLINDRICAL_SURFACE('',#2232,0.149999999999999);
#332=CYLINDRICAL_SURFACE('',#2234,0.149999999999999);
#333=CYLINDRICAL_SURFACE('',#2236,0.15);
#334=CYLINDRICAL_SURFACE('',#2238,0.15);
#335=CYLINDRICAL_SURFACE('',#2240,0.15);
#336=CYLINDRICAL_SURFACE('',#2242,0.149999999999999);
#337=CYLINDRICAL_SURFACE('',#2244,0.15);
#338=CYLINDRICAL_SURFACE('',#2262,2.35);
#339=TOROIDAL_SURFACE('',#2048,22.749730608669,0.5);
#340=TOROIDAL_SURFACE('',#2056,22.7325049911148,0.5);
#341=TOROIDAL_SURFACE('',#2067,21.25,2.);
#342=TOROIDAL_SURFACE('',#2078,21.25,2.);
#343=TOROIDAL_SURFACE('',#2083,11.,1.);
#344=TOROIDAL_SURFACE('',#2087,11.,1.);
#345=TOROIDAL_SURFACE('',#2101,22.,3.);
#346=TOROIDAL_SURFACE('',#2110,21.4393398282202,0.75);
#347=TOROIDAL_SURFACE('',#2161,3.25,1.);
#348=TOROIDAL_SURFACE('',#2167,10.742125236074,1.);
#349=TOROIDAL_SURFACE('',#2173,16.3989794855664,5.);
#350=TOROIDAL_SURFACE('',#2179,18.,1.);
#351=TOROIDAL_SURFACE('',#2186,3.25,1.);
#352=TOROIDAL_SURFACE('',#2196,16.3989794855664,5.);
#353=TOROIDAL_SURFACE('',#2202,17.8357864376269,1.);
#354=FACE_OUTER_BOUND('',#472,.T.);
#355=FACE_OUTER_BOUND('',#473,.T.);
#356=FACE_OUTER_BOUND('',#474,.T.);
#357=FACE_OUTER_BOUND('',#475,.T.);
#358=FACE_OUTER_BOUND('',#476,.T.);
#359=FACE_OUTER_BOUND('',#477,.T.);
#360=FACE_OUTER_BOUND('',#478,.T.);
#361=FACE_OUTER_BOUND('',#479,.T.);
#362=FACE_OUTER_BOUND('',#480,.T.);
#363=FACE_OUTER_BOUND('',#481,.T.);
#364=FACE_OUTER_BOUND('',#482,.T.);
#365=FACE_OUTER_BOUND('',#483,.T.);
#366=FACE_OUTER_BOUND('',#484,.T.);
#367=FACE_OUTER_BOUND('',#485,.T.);
#368=FACE_OUTER_BOUND('',#486,.T.);
#369=FACE_OUTER_BOUND('',#487,.T.);
#370=FACE_OUTER_BOUND('',#488,.T.);
#371=FACE_OUTER_BOUND('',#489,.T.);
#372=FACE_OUTER_BOUND('',#490,.T.);
#373=FACE_OUTER_BOUND('',#491,.T.);
#374=FACE_OUTER_BOUND('',#492,.T.);
#375=FACE_OUTER_BOUND('',#493,.T.);
#376=FACE_OUTER_BOUND('',#494,.T.);
#377=FACE_OUTER_BOUND('',#495,.T.);
#378=FACE_OUTER_BOUND('',#496,.T.);
#379=FACE_OUTER_BOUND('',#497,.T.);
#380=FACE_OUTER_BOUND('',#498,.T.);
#381=FACE_OUTER_BOUND('',#499,.T.);
#382=FACE_OUTER_BOUND('',#500,.T.);
#383=FACE_OUTER_BOUND('',#501,.T.);
#384=FACE_OUTER_BOUND('',#502,.T.);
#385=FACE_OUTER_BOUND('',#503,.T.);
#386=FACE_OUTER_BOUND('',#504,.T.);
#387=FACE_OUTER_BOUND('',#505,.T.);
#388=FACE_OUTER_BOUND('',#506,.T.);
#389=FACE_OUTER_BOUND('',#507,.T.);
#390=FACE_OUTER_BOUND('',#508,.T.);
#391=FACE_OUTER_BOUND('',#509,.T.);
#392=FACE_OUTER_BOUND('',#510,.T.);
#393=FACE_OUTER_BOUND('',#511,.T.);
#394=FACE_OUTER_BOUND('',#512,.T.);
#395=FACE_OUTER_BOUND('',#514,.T.);
#396=FACE_OUTER_BOUND('',#515,.T.);
#397=FACE_OUTER_BOUND('',#516,.T.);
#398=FACE_OUTER_BOUND('',#517,.T.);
#399=FACE_OUTER_BOUND('',#518,.T.);
#400=FACE_OUTER_BOUND('',#519,.T.);
#401=FACE_OUTER_BOUND('',#528,.T.);
#402=FACE_OUTER_BOUND('',#529,.T.);
#403=FACE_OUTER_BOUND('',#530,.T.);
#404=FACE_OUTER_BOUND('',#531,.T.);
#405=FACE_OUTER_BOUND('',#532,.T.);
#406=FACE_OUTER_BOUND('',#533,.T.);
#407=FACE_OUTER_BOUND('',#534,.T.);
#408=FACE_OUTER_BOUND('',#535,.T.);
#409=FACE_OUTER_BOUND('',#536,.T.);
#410=FACE_OUTER_BOUND('',#537,.T.);
#411=FACE_OUTER_BOUND('',#538,.T.);
#412=FACE_OUTER_BOUND('',#539,.T.);
#413=FACE_OUTER_BOUND('',#540,.T.);
#414=FACE_OUTER_BOUND('',#541,.T.);
#415=FACE_OUTER_BOUND('',#542,.T.);
#416=FACE_OUTER_BOUND('',#543,.T.);
#417=FACE_OUTER_BOUND('',#545,.T.);
#418=FACE_OUTER_BOUND('',#547,.T.);
#419=FACE_OUTER_BOUND('',#548,.T.);
#420=FACE_OUTER_BOUND('',#549,.T.);
#421=FACE_OUTER_BOUND('',#550,.T.);
#422=FACE_OUTER_BOUND('',#551,.T.);
#423=FACE_OUTER_BOUND('',#552,.T.);
#424=FACE_OUTER_BOUND('',#553,.T.);
#425=FACE_OUTER_BOUND('',#554,.T.);
#426=FACE_OUTER_BOUND('',#556,.T.);
#427=FACE_OUTER_BOUND('',#557,.T.);
#428=FACE_OUTER_BOUND('',#558,.T.);
#429=FACE_OUTER_BOUND('',#559,.T.);
#430=FACE_OUTER_BOUND('',#560,.T.);
#431=FACE_OUTER_BOUND('',#561,.T.);
#432=FACE_OUTER_BOUND('',#562,.T.);
#433=FACE_OUTER_BOUND('',#563,.T.);
#434=FACE_OUTER_BOUND('',#564,.T.);
#435=FACE_OUTER_BOUND('',#565,.T.);
#436=FACE_OUTER_BOUND('',#566,.T.);
#437=FACE_OUTER_BOUND('',#567,.T.);
#438=FACE_OUTER_BOUND('',#568,.T.);
#439=FACE_OUTER_BOUND('',#569,.T.);
#440=FACE_OUTER_BOUND('',#570,.T.);
#441=FACE_OUTER_BOUND('',#571,.T.);
#442=FACE_OUTER_BOUND('',#572,.T.);
#443=FACE_OUTER_BOUND('',#573,.T.);
#444=FACE_OUTER_BOUND('',#574,.T.);
#445=FACE_OUTER_BOUND('',#575,.T.);
#446=FACE_OUTER_BOUND('',#576,.T.);
#447=FACE_OUTER_BOUND('',#577,.T.);
#448=FACE_OUTER_BOUND('',#578,.T.);
#449=FACE_OUTER_BOUND('',#579,.T.);
#450=FACE_OUTER_BOUND('',#580,.T.);
#451=FACE_OUTER_BOUND('',#581,.T.);
#452=FACE_OUTER_BOUND('',#582,.T.);
#453=FACE_OUTER_BOUND('',#583,.T.);
#454=FACE_OUTER_BOUND('',#584,.T.);
#455=FACE_OUTER_BOUND('',#585,.T.);
#456=FACE_OUTER_BOUND('',#586,.T.);
#457=FACE_OUTER_BOUND('',#587,.T.);
#458=FACE_OUTER_BOUND('',#588,.T.);
#459=FACE_OUTER_BOUND('',#589,.T.);
#460=FACE_OUTER_BOUND('',#590,.T.);
#461=FACE_OUTER_BOUND('',#591,.T.);
#462=FACE_OUTER_BOUND('',#592,.T.);
#463=FACE_OUTER_BOUND('',#593,.T.);
#464=FACE_OUTER_BOUND('',#594,.T.);
#465=FACE_OUTER_BOUND('',#595,.T.);
#466=FACE_OUTER_BOUND('',#596,.T.);
#467=FACE_OUTER_BOUND('',#597,.T.);
#468=FACE_OUTER_BOUND('',#598,.T.);
#469=FACE_OUTER_BOUND('',#599,.T.);
#470=FACE_OUTER_BOUND('',#600,.T.);
#471=FACE_OUTER_BOUND('',#601,.T.);
#472=EDGE_LOOP('',(#1283,#1284,#1285,#1286));
#473=EDGE_LOOP('',(#1287,#1288,#1289,#1290));
#474=EDGE_LOOP('',(#1291,#1292,#1293,#1294));
#475=EDGE_LOOP('',(#1295,#1296,#1297,#1298));
#476=EDGE_LOOP('',(#1299,#1300,#1301,#1302));
#477=EDGE_LOOP('',(#1303,#1304,#1305));
#478=EDGE_LOOP('',(#1306,#1307,#1308,#1309));
#479=EDGE_LOOP('',(#1310,#1311,#1312,#1313));
#480=EDGE_LOOP('',(#1314,#1315,#1316,#1317));
#481=EDGE_LOOP('',(#1318,#1319,#1320,#1321));
#482=EDGE_LOOP('',(#1322,#1323,#1324,#1325));
#483=EDGE_LOOP('',(#1326,#1327,#1328,#1329));
#484=EDGE_LOOP('',(#1330,#1331,#1332));
#485=EDGE_LOOP('',(#1333,#1334,#1335,#1336));
#486=EDGE_LOOP('',(#1337,#1338,#1339,#1340));
#487=EDGE_LOOP('',(#1341,#1342,#1343,#1344,#1345,#1346));
#488=EDGE_LOOP('',(#1347,#1348,#1349));
#489=EDGE_LOOP('',(#1350,#1351,#1352,#1353,#1354,#1355,#1356,#1357));
#490=EDGE_LOOP('',(#1358,#1359,#1360,#1361,#1362,#1363));
#491=EDGE_LOOP('',(#1364,#1365,#1366,#1367));
#492=EDGE_LOOP('',(#1368,#1369,#1370,#1371));
#493=EDGE_LOOP('',(#1372,#1373,#1374));
#494=EDGE_LOOP('',(#1375,#1376,#1377,#1378,#1379));
#495=EDGE_LOOP('',(#1380,#1381,#1382,#1383,#1384));
#496=EDGE_LOOP('',(#1385,#1386,#1387,#1388,#1389,#1390,#1391,#1392,#1393));
#497=EDGE_LOOP('',(#1394,#1395,#1396));
#498=EDGE_LOOP('',(#1397,#1398,#1399,#1400));
#499=EDGE_LOOP('',(#1401,#1402,#1403));
#500=EDGE_LOOP('',(#1404,#1405,#1406,#1407,#1408,#1409,#1410,#1411));
#501=EDGE_LOOP('',(#1412,#1413,#1414,#1415,#1416,#1417,#1418,#1419,#1420,
#1421));
#502=EDGE_LOOP('',(#1422,#1423,#1424,#1425,#1426));
#503=EDGE_LOOP('',(#1427,#1428,#1429,#1430,#1431,#1432));
#504=EDGE_LOOP('',(#1433,#1434,#1435,#1436,#1437));
#505=EDGE_LOOP('',(#1438,#1439,#1440,#1441));
#506=EDGE_LOOP('',(#1442,#1443,#1444,#1445,#1446,#1447));
#507=EDGE_LOOP('',(#1448,#1449,#1450,#1451,#1452,#1453));
#508=EDGE_LOOP('',(#1454,#1455,#1456,#1457,#1458,#1459,#1460,#1461,#1462,
#1463,#1464,#1465,#1466,#1467));
#509=EDGE_LOOP('',(#1468,#1469,#1470,#1471));
#510=EDGE_LOOP('',(#1472,#1473,#1474,#1475,#1476));
#511=EDGE_LOOP('',(#1477,#1478,#1479,#1480,#1481));
#512=EDGE_LOOP('',(#1482));
#513=EDGE_LOOP('',(#1483));
#514=EDGE_LOOP('',(#1484,#1485,#1486,#1487,#1488,#1489,#1490,#1491));
#515=EDGE_LOOP('',(#1492,#1493,#1494,#1495));
#516=EDGE_LOOP('',(#1496,#1497,#1498,#1499,#1500,#1501,#1502,#1503,#1504,
#1505,#1506,#1507,#1508));
#517=EDGE_LOOP('',(#1509,#1510,#1511,#1512));
#518=EDGE_LOOP('',(#1513,#1514,#1515,#1516));
#519=EDGE_LOOP('',(#1517));
#520=EDGE_LOOP('',(#1518));
#521=EDGE_LOOP('',(#1519,#1520,#1521,#1522,#1523,#1524,#1525,#1526));
#522=EDGE_LOOP('',(#1527,#1528,#1529,#1530,#1531,#1532,#1533,#1534));
#523=EDGE_LOOP('',(#1535,#1536,#1537,#1538,#1539,#1540,#1541,#1542));
#524=EDGE_LOOP('',(#1543,#1544,#1545,#1546,#1547,#1548,#1549,#1550));
#525=EDGE_LOOP('',(#1551,#1552,#1553,#1554,#1555,#1556,#1557,#1558));
#526=EDGE_LOOP('',(#1559));
#527=EDGE_LOOP('',(#1560));
#528=EDGE_LOOP('',(#1561,#1562,#1563,#1564));
#529=EDGE_LOOP('',(#1565,#1566,#1567,#1568));
#530=EDGE_LOOP('',(#1569,#1570,#1571,#1572));
#531=EDGE_LOOP('',(#1573,#1574,#1575,#1576));
#532=EDGE_LOOP('',(#1577,#1578,#1579,#1580,#1581,#1582));
#533=EDGE_LOOP('',(#1583,#1584,#1585,#1586,#1587,#1588));
#534=EDGE_LOOP('',(#1589,#1590,#1591,#1592));
#535=EDGE_LOOP('',(#1593,#1594,#1595,#1596,#1597,#1598,#1599,#1600));
#536=EDGE_LOOP('',(#1601,#1602,#1603,#1604,#1605));
#537=EDGE_LOOP('',(#1606,#1607,#1608,#1609,#1610));
#538=EDGE_LOOP('',(#1611,#1612,#1613,#1614,#1615,#1616,#1617,#1618,#1619));
#539=EDGE_LOOP('',(#1620,#1621,#1622,#1623));
#540=EDGE_LOOP('',(#1624,#1625,#1626,#1627,#1628,#1629));
#541=EDGE_LOOP('',(#1630,#1631,#1632,#1633,#1634,#1635));
#542=EDGE_LOOP('',(#1636,#1637,#1638,#1639));
#543=EDGE_LOOP('',(#1640,#1641));
#544=EDGE_LOOP('',(#1642));
#545=EDGE_LOOP('',(#1643,#1644));
#546=EDGE_LOOP('',(#1645));
#547=EDGE_LOOP('',(#1646,#1647,#1648,#1649,#1650,#1651));
#548=EDGE_LOOP('',(#1652,#1653,#1654,#1655));
#549=EDGE_LOOP('',(#1656,#1657,#1658,#1659));
#550=EDGE_LOOP('',(#1660,#1661,#1662,#1663,#1664,#1665));
#551=EDGE_LOOP('',(#1666,#1667,#1668,#1669));
#552=EDGE_LOOP('',(#1670,#1671,#1672,#1673,#1674,#1675,#1676,#1677,#1678));
#553=EDGE_LOOP('',(#1679,#1680,#1681,#1682));
#554=EDGE_LOOP('',(#1683));
#555=EDGE_LOOP('',(#1684));
#556=EDGE_LOOP('',(#1685,#1686,#1687,#1688));
#557=EDGE_LOOP('',(#1689,#1690,#1691,#1692));
#558=EDGE_LOOP('',(#1693,#1694,#1695,#1696));
#559=EDGE_LOOP('',(#1697,#1698,#1699,#1700));
#560=EDGE_LOOP('',(#1701,#1702,#1703,#1704));
#561=EDGE_LOOP('',(#1705,#1706,#1707,#1708));
#562=EDGE_LOOP('',(#1709,#1710,#1711,#1712));
#563=EDGE_LOOP('',(#1713,#1714,#1715,#1716));
#564=EDGE_LOOP('',(#1717,#1718,#1719,#1720));
#565=EDGE_LOOP('',(#1721,#1722,#1723,#1724));
#566=EDGE_LOOP('',(#1725,#1726,#1727,#1728));
#567=EDGE_LOOP('',(#1729,#1730,#1731,#1732));
#568=EDGE_LOOP('',(#1733,#1734,#1735,#1736));
#569=EDGE_LOOP('',(#1737,#1738,#1739,#1740));
#570=EDGE_LOOP('',(#1741,#1742,#1743,#1744));
#571=EDGE_LOOP('',(#1745,#1746,#1747,#1748));
#572=EDGE_LOOP('',(#1749,#1750,#1751,#1752));
#573=EDGE_LOOP('',(#1753,#1754,#1755,#1756));
#574=EDGE_LOOP('',(#1757,#1758,#1759,#1760));
#575=EDGE_LOOP('',(#1761,#1762,#1763,#1764));
#576=EDGE_LOOP('',(#1765,#1766,#1767,#1768));
#577=EDGE_LOOP('',(#1769,#1770,#1771,#1772));
#578=EDGE_LOOP('',(#1773,#1774,#1775,#1776));
#579=EDGE_LOOP('',(#1777,#1778,#1779,#1780));
#580=EDGE_LOOP('',(#1781,#1782,#1783,#1784));
#581=EDGE_LOOP('',(#1785,#1786,#1787,#1788));
#582=EDGE_LOOP('',(#1789,#1790,#1791,#1792));
#583=EDGE_LOOP('',(#1793,#1794,#1795,#1796));
#584=EDGE_LOOP('',(#1797,#1798,#1799,#1800));
#585=EDGE_LOOP('',(#1801,#1802,#1803,#1804));
#586=EDGE_LOOP('',(#1805,#1806,#1807,#1808));
#587=EDGE_LOOP('',(#1809,#1810,#1811,#1812));
#588=EDGE_LOOP('',(#1813,#1814,#1815,#1816));
#589=EDGE_LOOP('',(#1817,#1818,#1819,#1820));
#590=EDGE_LOOP('',(#1821,#1822,#1823,#1824));
#591=EDGE_LOOP('',(#1825,#1826,#1827,#1828));
#592=EDGE_LOOP('',(#1829,#1830,#1831,#1832));
#593=EDGE_LOOP('',(#1833,#1834,#1835,#1836));
#594=EDGE_LOOP('',(#1837,#1838,#1839,#1840));
#595=EDGE_LOOP('',(#1841,#1842,#1843,#1844,#1845,#1846,#1847,#1848));
#596=EDGE_LOOP('',(#1849,#1850,#1851,#1852,#1853,#1854,#1855,#1856));
#597=EDGE_LOOP('',(#1857,#1858,#1859,#1860,#1861,#1862,#1863,#1864));
#598=EDGE_LOOP('',(#1865,#1866,#1867,#1868,#1869,#1870,#1871,#1872));
#599=EDGE_LOOP('',(#1873,#1874,#1875,#1876));
#600=EDGE_LOOP('',(#1877,#1878,#1879,#1880));
#601=EDGE_LOOP('',(#1881,#1882,#1883,#1884,#1885,#1886,#1887,#1888));
#602=B_SPLINE_CURVE_WITH_KNOTS('',3,(#2872,#2873,#2874,#2875),
 .UNSPECIFIED.,.F.,.F.,(4,4),(-0.228743009329724,-0.132441564553504),
 .UNSPECIFIED.);
#603=B_SPLINE_CURVE_WITH_KNOTS('',3,(#2878,#2879,#2880,#2881),
 .UNSPECIFIED.,.F.,.F.,(4,4),(0.132441564553504,0.228743009329724),
 .UNSPECIFIED.);
#604=B_SPLINE_CURVE_WITH_KNOTS('',3,(#2915,#2916,#2917,#2918,#2919,#2920),
 .UNSPECIFIED.,.F.,.F.,(4,1,1,4),(-0.736524564681164,-0.420871179817808,
-0.210435589908904,-7.46432989970655E-17),.UNSPECIFIED.);
#605=B_SPLINE_CURVE_WITH_KNOTS('',3,(#2921,#2922,#2923,#2924,#2925,#2926),
 .UNSPECIFIED.,.F.,.F.,(4,1,1,4),(7.46432989970655E-17,0.210435589908904,
0.420871179817808,0.736524564681164),.UNSPECIFIED.);
#606=B_SPLINE_CURVE_WITH_KNOTS('',3,(#2948,#2949,#2950,#2951),
 .UNSPECIFIED.,.F.,.F.,(4,4),(0.966145572393052,1.14837577729492),
 .UNSPECIFIED.);
#607=B_SPLINE_CURVE_WITH_KNOTS('',3,(#2954,#2955,#2956,#2957),
 .UNSPECIFIED.,.F.,.F.,(4,4),(-1.14837577729492,-0.966145572393052),
 .UNSPECIFIED.);
#608=B_SPLINE_CURVE_WITH_KNOTS('',3,(#2979,#2980,#2981,#2982),
 .UNSPECIFIED.,.F.,.F.,(4,4),(-0.0465186485390768,0.),.UNSPECIFIED.);
#609=B_SPLINE_CURVE_WITH_KNOTS('',3,(#2985,#2986,#2987,#2988),
 .UNSPECIFIED.,.F.,.F.,(4,4),(0.,0.0465186485390768),.UNSPECIFIED.);
#610=B_SPLINE_CURVE_WITH_KNOTS('',3,(#3023,#3024,#3025,#3026,#3027,#3028),
 .UNSPECIFIED.,.F.,.F.,(4,2,4),(-0.495176426420932,0.,0.0016740666310267),
 .UNSPECIFIED.);
#611=B_SPLINE_CURVE_WITH_KNOTS('',3,(#3029,#3030,#3031,#3032,#3033,#3034),
 .UNSPECIFIED.,.F.,.F.,(4,2,4),(-0.0016740666310267,0.,0.495176426420932),
 .UNSPECIFIED.);
#612=B_SPLINE_CURVE_WITH_KNOTS('',3,(#3058,#3059,#3060,#3061),
 .UNSPECIFIED.,.F.,.F.,(4,4),(-0.123964298963529,-4.90002475071918E-16),
 .UNSPECIFIED.);
#613=B_SPLINE_CURVE_WITH_KNOTS('',3,(#3062,#3063,#3064,#3065),
 .UNSPECIFIED.,.F.,.F.,(4,4),(4.90002475071918E-16,0.123964298963529),
 .UNSPECIFIED.);
#614=B_SPLINE_CURVE_WITH_KNOTS('',3,(#3089,#3090,#3091,#3092),
 .UNSPECIFIED.,.F.,.F.,(4,4),(-0.112901964876661,-5.85222081872879E-14),
 .UNSPECIFIED.);
#615=B_SPLINE_CURVE_WITH_KNOTS('',3,(#3093,#3094,#3095,#3096),
 .UNSPECIFIED.,.F.,.F.,(4,4),(5.85222081872879E-14,0.112901964876661),
 .UNSPECIFIED.);
#616=B_SPLINE_CURVE_WITH_KNOTS('',3,(#3117,#3118,#3119,#3120),
 .UNSPECIFIED.,.F.,.F.,(4,4),(-0.243759858543402,0.),.UNSPECIFIED.);
#617=B_SPLINE_CURVE_WITH_KNOTS('',3,(#3121,#3122,#3123,#3124),
 .UNSPECIFIED.,.F.,.F.,(4,4),(0.,0.243759858543402),.UNSPECIFIED.);
#618=B_SPLINE_CURVE_WITH_KNOTS('',3,(#3152,#3153,#3154,#3155),
 .UNSPECIFIED.,.F.,.F.,(4,4),(-0.132456128822999,-2.63531923942635E-13),
 .UNSPECIFIED.);
#619=B_SPLINE_CURVE_WITH_KNOTS('',3,(#3156,#3157,#3158,#3159),
 .UNSPECIFIED.,.F.,.F.,(4,4),(2.63531923942635E-13,0.132456128822999),
 .UNSPECIFIED.);
#620=B_SPLINE_CURVE_WITH_KNOTS('',3,(#3186,#3187,#3188,#3189),
 .UNSPECIFIED.,.F.,.F.,(4,4),(0.116208081705628,0.12396429896353),
 .UNSPECIFIED.);
#621=B_SPLINE_CURVE_WITH_KNOTS('',3,(#3192,#3193,#3194,#3195),
 .UNSPECIFIED.,.F.,.F.,(4,4),(-0.12396429896353,-0.116208081705628),
 .UNSPECIFIED.);
#622=B_SPLINE_CURVE_WITH_KNOTS('',3,(#3221,#3222,#3223,#3224,#3225,#3226),
 .UNSPECIFIED.,.F.,.F.,(4,2,4),(1.69500280561512E-15,0.495176426420932,
0.496850493051959),.UNSPECIFIED.);
#623=B_SPLINE_CURVE_WITH_KNOTS('',3,(#3227,#3228,#3229,#3230,#3231,#3232),
 .UNSPECIFIED.,.F.,.F.,(4,2,4),(-0.496850493051959,-0.495176426420932,-1.69500280561512E-15),
 .UNSPECIFIED.);
#624=B_SPLINE_CURVE_WITH_KNOTS('',3,(#3256,#3257,#3258,#3259),
 .UNSPECIFIED.,.F.,.F.,(4,4),(0.254212433888925,0.370256656987647),
 .UNSPECIFIED.);
#625=B_SPLINE_CURVE_WITH_KNOTS('',3,(#3260,#3261,#3262,#3263),
 .UNSPECIFIED.,.F.,.F.,(4,4),(-0.370256656987647,-0.254212433888925),
 .UNSPECIFIED.);
#626=B_SPLINE_CURVE_WITH_KNOTS('',3,(#3288,#3289,#3290,#3291),
 .UNSPECIFIED.,.F.,.F.,(4,4),(-0.385361885239445,-2.12058556547534E-16),
 .UNSPECIFIED.);
#627=B_SPLINE_CURVE_WITH_KNOTS('',3,(#3292,#3293,#3294,#3295),
 .UNSPECIFIED.,.F.,.F.,(4,4),(2.12058556547534E-16,0.385361885239445),
 .UNSPECIFIED.);
#628=B_SPLINE_CURVE_WITH_KNOTS('',3,(#3349,#3350,#3351,#3352),
 .UNSPECIFIED.,.F.,.F.,(4,4),(0.584441055111156,0.722535642943756),
 .UNSPECIFIED.);
#629=B_SPLINE_CURVE_WITH_KNOTS('',3,(#3355,#3356,#3357,#3358,#3359,#3360,
#3361),.UNSPECIFIED.,.F.,.F.,(4,1,1,1,4),(-0.722535642943756,-0.516096887816968,
-0.309658132690181,-0.103219377563394,-7.73791805041668E-18),
 .UNSPECIFIED.);
#630=B_SPLINE_CURVE_WITH_KNOTS('',3,(#3362,#3363,#3364,#3365,#3366),
 .UNSPECIFIED.,.F.,.F.,(4,1,4),(7.73791805041668E-18,0.103219377563394,
0.138450410334938),.UNSPECIFIED.);
#631=B_SPLINE_CURVE_WITH_KNOTS('',3,(#3464,#3465,#3466,#3467,#3468,#3469,
#3470,#3471,#3472,#3473,#3474,#3475,#3476,#3477,#3478,#3479,#3480,#3481),
 .UNSPECIFIED.,.F.,.F.,(4,2,2,2,2,2,2,2,4),(0.271647565926134,0.339735949512932,
0.407824333099729,0.475800417762026,0.543776502424323,0.611752587086619,
0.679728671748916,0.747817055335714,0.815905438922511),.UNSPECIFIED.);
#632=B_SPLINE_CURVE_WITH_KNOTS('',3,(#3501,#3502,#3503,#3504,#3505,#3506,
#3507,#3508),.UNSPECIFIED.,.F.,.F.,(4,2,2,4),(0.276477319240589,0.348726211673435,
0.420975104106281,0.473918678828046),.UNSPECIFIED.);
#633=B_SPLINE_CURVE_WITH_KNOTS('',3,(#3511,#3512,#3513,#3514,#3515,#3516,
#3517,#3518),.UNSPECIFIED.,.F.,.F.,(4,2,2,4),(0.639238343593889,0.694429097188491,
0.765512382624079,0.836595668059666),.UNSPECIFIED.);
#634=B_SPLINE_CURVE_WITH_KNOTS('',3,(#3524,#3525,#3526,#3527,#3528,#3529,
#3530,#3531,#3532,#3533,#3534,#3535,#3536,#3537,#3538,#3539,#3540,#3541,
#3542),.UNSPECIFIED.,.F.,.F.,(4,2,2,2,3,2,2,2,4),(0.81440904430148,0.882227414579822,
0.950045784858164,1.01786136360338,1.0856769423486,1.1535073271518,1.22133771195499,
1.28914127498068,1.35694483800637),.UNSPECIFIED.);
#635=B_SPLINE_CURVE_WITH_KNOTS('',3,(#3546,#3547,#3548,#3549,#3550,#3551,
#3552,#3553),.UNSPECIFIED.,.F.,.F.,(4,2,2,4),(0.782659749747403,0.898615431774749,
1.13024862796995,1.13126461591027),.UNSPECIFIED.);
#636=B_SPLINE_CURVE_WITH_KNOTS('',3,(#3555,#3556,#3557,#3558,#3559,#3560),
 .UNSPECIFIED.,.F.,.F.,(4,2,4),(0.609174714406603,0.659902664145789,0.759686363630052),
 .UNSPECIFIED.);
#637=B_SPLINE_CURVE_WITH_KNOTS('',3,(#3564,#3565,#3566,#3567,#3568,#3569),
 .UNSPECIFIED.,.F.,.F.,(4,2,4),(0.609174714406604,0.659902664145791,0.759686363630054),
 .UNSPECIFIED.);
#638=B_SPLINE_CURVE_WITH_KNOTS('',3,(#3571,#3572,#3573,#3574,#3575,#3576,
#3577,#3578),.UNSPECIFIED.,.F.,.F.,(4,2,2,4),(-0.00102798042565265,0.,0.234435796181908,
0.351773007903694),.UNSPECIFIED.);
#639=B_SPLINE_CURVE_WITH_KNOTS('',3,(#3777,#3778,#3779,#3780,#3781,#3782),
 .UNSPECIFIED.,.F.,.F.,(4,1,1,4),(-0.52375415772418,-0.299288090128103,
-0.149644045064051,0.),.UNSPECIFIED.);
#640=B_SPLINE_CURVE_WITH_KNOTS('',3,(#3785,#3786,#3787,#3788,#3789,#3790),
 .UNSPECIFIED.,.F.,.F.,(4,1,1,4),(0.,0.149644045064051,0.299288090128103,
0.52375415772418),.UNSPECIFIED.);
#641=B_SPLINE_CURVE_WITH_KNOTS('',3,(#3794,#3795,#3796,#3797,#3798,#3799,
#3800,#3801,#3802,#3803,#3804,#3805,#3806,#3807,#3808,#3809,#3810,#3811),
 .UNSPECIFIED.,.F.,.F.,(4,2,2,2,2,2,2,2,4),(-0.00134425543682352,0.,0.112171775897602,
0.179896972977886,0.226415669369295,0.272934365760709,0.340659562841006,
0.452831338740579,0.454175594177236),.UNSPECIFIED.);
#642=B_SPLINE_CURVE_WITH_KNOTS('',3,(#3890,#3891,#3892,#3893,#3894,#3895,
#3896,#3897,#3898,#3899,#3900,#3901,#3902,#3903,#3904,#3905),
 .UNSPECIFIED.,.F.,.F.,(4,2,2,2,2,2,2,4),(0.,0.0426661859868613,0.06488846865076,
0.0803043662018972,0.0952210500701892,0.115270566261564,0.153161490270394,
0.164206737161182),.UNSPECIFIED.);
#643=B_SPLINE_CURVE_WITH_KNOTS('',3,(#3907,#3908,#3909,#3910),
 .UNSPECIFIED.,.F.,.F.,(4,4),(0.286100517664509,0.332688452973157),
 .UNSPECIFIED.);
#644=B_SPLINE_CURVE_WITH_KNOTS('',3,(#3913,#3914,#3915,#3916,#3917,#3918,
#3919,#3920,#3921,#3922),.UNSPECIFIED.,.F.,.F.,(4,1,1,1,1,1,1,4),(-0.332688452973157,
-0.285161531117813,-0.237634609262469,-0.190107687407125,-0.142580765551782,
-0.0950538436964378,-0.0475269218410939,1.42499345656688E-11),
 .UNSPECIFIED.);
#645=B_SPLINE_CURVE_WITH_KNOTS('',3,(#3923,#3924,#3925,#3926),
 .UNSPECIFIED.,.F.,.F.,(4,4),(-1.42499345656688E-11,0.0465887806060803),
 .UNSPECIFIED.);
#646=B_SPLINE_CURVE_WITH_KNOTS('',3,(#3976,#3977,#3978,#3979,#3980,#3981,
#3982),.UNSPECIFIED.,.F.,.F.,(4,1,1,1,4),(-0.523758808264226,-0.374113434474447,
-0.224468060684668,-0.112234030342334,0.),.UNSPECIFIED.);
#647=B_SPLINE_CURVE_WITH_KNOTS('',3,(#3983,#3984,#3985,#3986,#3987,#3988,
#3989),.UNSPECIFIED.,.F.,.F.,(4,1,1,1,4),(1.26568418156489E-10,0.112234030342334,
0.224468060684668,0.374113434474447,0.523758808264226),.UNSPECIFIED.);
#648=B_SPLINE_CURVE_WITH_KNOTS('',3,(#3998,#3999,#4000,#4001,#4002,#4003,
#4004,#4005,#4006,#4007),.UNSPECIFIED.,.F.,.F.,(4,1,1,1,1,1,1,4),(-1.28098482353669,
-1.23345790161317,-1.18593097968966,-1.13840405776615,-1.09087713584264,
-1.04335021391913,-0.99582329199562,-0.948296370072109),.UNSPECIFIED.);
#649=B_SPLINE_CURVE_WITH_KNOTS('',3,(#4013,#4014,#4015,#4016,#4017,#4018),
 .UNSPECIFIED.,.F.,.F.,(4,1,1,4),(-0.523754114727992,-0.299288065558853,
-0.149644032779426,0.),.UNSPECIFIED.);
#650=B_SPLINE_CURVE_WITH_KNOTS('',3,(#4028,#4029,#4030,#4031,#4032,#4033,
#4034,#4035,#4036,#4037,#4038,#4039,#4040,#4041,#4042,#4043,#4044,#4045),
 .UNSPECIFIED.,.F.,.F.,(4,2,2,2,2,2,2,2,4),(-0.00134425543703905,0.,0.112171775902888,
0.179896972989292,0.226415669384909,0.272934365780533,0.340659562866952,
0.452831338773747,0.454175594210504),.UNSPECIFIED.);
#651=B_SPLINE_CURVE_WITH_KNOTS('',3,(#4097,#4098,#4099,#4100,#4101,#4102),
 .UNSPECIFIED.,.F.,.F.,(4,1,1,4),(0.,0.149644032779426,0.299288065558853,
0.523754114727992),.UNSPECIFIED.);
#652=B_SPLINE_CURVE_WITH_KNOTS('',3,(#4181,#4182,#4183,#4184,#4185,#4186,
#4187,#4188,#4189,#4190,#4191,#4192,#4193,#4194,#4195,#4196),
 .UNSPECIFIED.,.F.,.F.,(4,2,2,2,2,2,2,4),(0.,0.042666185660378,0.0648884683249425,
0.0803043659552383,0.0952210499781945,0.115270565160049,0.153161490085015,
0.164206737490346),.UNSPECIFIED.);
#653=B_SPLINE_CURVE_WITH_KNOTS('',3,(#4198,#4199,#4200,#4201),
 .UNSPECIFIED.,.F.,.F.,(4,4),(1.23439688796413,1.28098482353669),
 .UNSPECIFIED.);
#654=B_SPLINE_CURVE_WITH_KNOTS('',3,(#4203,#4204,#4205,#4206),
 .UNSPECIFIED.,.F.,.F.,(4,4),(0.948296370072109,0.99488515048143),
 .UNSPECIFIED.);
#655=B_SPLINE_CURVE_WITH_KNOTS('',3,(#4256,#4257,#4258,#4259,#4260,#4261,
#4262),.UNSPECIFIED.,.F.,.F.,(4,1,1,1,4),(-0.523758805856008,-0.374113432754292,
-0.224468059652575,-0.112234029826287,0.),.UNSPECIFIED.);
#656=B_SPLINE_CURVE_WITH_KNOTS('',3,(#4263,#4264,#4265,#4266,#4267,#4268,
#4269),.UNSPECIFIED.,.F.,.F.,(4,1,1,1,4),(1.24750296386757E-10,0.112234029826287,
0.224468059652575,0.374113432754292,0.523758805856008),.UNSPECIFIED.);
#657=CIRCLE('',#2043,0.5);
#658=CIRCLE('',#2044,0.499999999999998);
#659=CIRCLE('',#2045,0.5);
#660=CIRCLE('',#2046,0.5);
#661=CIRCLE('',#2047,0.5);
#662=CIRCLE('',#2049,0.5);
#663=CIRCLE('',#2050,23.2496408115587);
#664=CIRCLE('',#2051,22.749730608669);
#665=CIRCLE('',#2052,0.500000000000002);
#666=CIRCLE('',#2053,0.5);
#667=CIRCLE('',#2054,0.500000000000004);
#668=CIRCLE('',#2055,0.499999999999994);
#669=CIRCLE('',#2057,0.499999999999999);
#670=CIRCLE('',#2058,22.7325049911148);
#671=CIRCLE('',#2059,23.2266733214864);
#672=CIRCLE('',#2060,0.5);
#673=CIRCLE('',#2061,0.500000000000002);
#674=CIRCLE('',#2062,0.5);
#675=CIRCLE('',#2064,1.);
#676=CIRCLE('',#2065,1.);
#677=CIRCLE('',#2068,23.25);
#678=CIRCLE('',#2069,2.);
#679=CIRCLE('',#2070,22.6642135623731);
#680=CIRCLE('',#2071,23.25);
#681=CIRCLE('',#2072,1.);
#682=CIRCLE('',#2075,1.);
#683=CIRCLE('',#2077,1.);
#684=CIRCLE('',#2079,22.6642135623731);
#685=CIRCLE('',#2080,2.);
#686=CIRCLE('',#2081,23.25);
#687=CIRCLE('',#2082,23.25);
#688=CIRCLE('',#2084,10.);
#689=CIRCLE('',#2086,1.);
#690=CIRCLE('',#2088,10.);
#691=CIRCLE('',#2090,10.);
#692=CIRCLE('',#2091,10.);
#693=CIRCLE('',#2093,1.8);
#694=CIRCLE('',#2095,21.125);
#695=CIRCLE('',#2099,21.125);
#696=CIRCLE('',#2102,21.125);
#697=CIRCLE('',#2103,19.);
#698=CIRCLE('',#2106,21.125);
#699=CIRCLE('',#2107,21.125);
#700=CIRCLE('',#2108,21.125);
#701=CIRCLE('',#2111,21.9696699141101);
#702=CIRCLE('',#2112,0.75);
#703=CIRCLE('',#2113,21.4393398282202);
#704=CIRCLE('',#2114,21.9696699141101);
#705=CIRCLE('',#2118,4.);
#706=CIRCLE('',#2119,4.);
#707=CIRCLE('',#2120,19.);
#708=CIRCLE('',#2121,19.);
#709=CIRCLE('',#2125,18.5428932188135);
#710=CIRCLE('',#2127,1.25);
#711=CIRCLE('',#2128,1.75);
#712=CIRCLE('',#2130,17.8357864376269);
#713=CIRCLE('',#2131,1.75);
#714=CIRCLE('',#2132,0.149999999999999);
#715=CIRCLE('',#2133,0.15);
#716=CIRCLE('',#2134,0.15);
#717=CIRCLE('',#2135,0.15);
#718=CIRCLE('',#2136,0.15);
#719=CIRCLE('',#2137,0.15);
#720=CIRCLE('',#2138,0.149999999999999);
#721=CIRCLE('',#2139,0.15);
#722=CIRCLE('',#2140,0.15);
#723=CIRCLE('',#2141,0.15);
#724=CIRCLE('',#2142,0.15);
#725=CIRCLE('',#2143,0.15);
#726=CIRCLE('',#2144,0.149999999999999);
#727=CIRCLE('',#2145,0.15);
#728=CIRCLE('',#2146,0.15);
#729=CIRCLE('',#2147,0.149999999999999);
#730=CIRCLE('',#2148,0.15);
#731=CIRCLE('',#2149,0.149999999999999);
#732=CIRCLE('',#2150,0.15);
#733=CIRCLE('',#2151,0.15);
#734=CIRCLE('',#2152,2.35);
#735=CIRCLE('',#2154,1.25);
#736=CIRCLE('',#2156,1.25);
#737=CIRCLE('',#2158,1.25);
#738=CIRCLE('',#2159,1.);
#739=CIRCLE('',#2160,1.);
#740=CIRCLE('',#2162,3.25);
#741=CIRCLE('',#2163,1.);
#742=CIRCLE('',#2164,2.25);
#743=CIRCLE('',#2165,3.25);
#744=CIRCLE('',#2166,1.);
#745=CIRCLE('',#2168,10.742125236074);
#746=CIRCLE('',#2169,1.);
#747=CIRCLE('',#2170,11.684934277656);
#748=CIRCLE('',#2171,11.684934277656);
#749=CIRCLE('',#2172,11.684934277656);
#750=CIRCLE('',#2174,16.3989794855664);
#751=CIRCLE('',#2176,18.);
#752=CIRCLE('',#2177,18.);
#753=CIRCLE('',#2178,3.25);
#754=CIRCLE('',#2180,18.);
#755=CIRCLE('',#2181,1.);
#756=CIRCLE('',#2182,19.);
#757=CIRCLE('',#2183,19.);
#758=CIRCLE('',#2184,1.);
#759=CIRCLE('',#2185,1.);
#760=CIRCLE('',#2187,3.25);
#761=CIRCLE('',#2188,1.);
#762=CIRCLE('',#2189,2.25);
#763=CIRCLE('',#2190,0.999999999999998);
#764=CIRCLE('',#2192,2.25);
#765=CIRCLE('',#2194,2.25);
#766=CIRCLE('',#2197,16.3989794855664);
#767=CIRCLE('',#2203,1.);
#768=CIRCLE('',#2205,2.35);
#769=CIRCLE('',#2207,0.149999999999999);
#770=CIRCLE('',#2209,0.15);
#771=CIRCLE('',#2211,0.15);
#772=CIRCLE('',#2213,0.149999999999999);
#773=CIRCLE('',#2215,0.15);
#774=CIRCLE('',#2217,0.15);
#775=CIRCLE('',#2219,0.15);
#776=CIRCLE('',#2221,0.15);
#777=CIRCLE('',#2223,0.15);
#778=CIRCLE('',#2225,0.15);
#779=CIRCLE('',#2227,0.15);
#780=CIRCLE('',#2229,0.15);
#781=CIRCLE('',#2231,0.15);
#782=CIRCLE('',#2233,0.149999999999999);
#783=CIRCLE('',#2235,0.149999999999999);
#784=CIRCLE('',#2237,0.15);
#785=CIRCLE('',#2239,0.15);
#786=CIRCLE('',#2241,0.15);
#787=CIRCLE('',#2243,0.149999999999999);
#788=CIRCLE('',#2245,0.15);
#789=VERTEX_POINT('',#2868);
#790=VERTEX_POINT('',#2869);
#791=VERTEX_POINT('',#2871);
#792=VERTEX_POINT('',#2876);
#793=VERTEX_POINT('',#2912);
#794=VERTEX_POINT('',#2913);
#795=VERTEX_POINT('',#2947);
#796=VERTEX_POINT('',#2952);
#797=VERTEX_POINT('',#2978);
#798=VERTEX_POINT('',#2983);
#799=VERTEX_POINT('',#2990);
#800=VERTEX_POINT('',#2991);
#801=VERTEX_POINT('',#3019);
#802=VERTEX_POINT('',#3020);
#803=VERTEX_POINT('',#3022);
#804=VERTEX_POINT('',#3055);
#805=VERTEX_POINT('',#3056);
#806=VERTEX_POINT('',#3086);
#807=VERTEX_POINT('',#3087);
#808=VERTEX_POINT('',#3149);
#809=VERTEX_POINT('',#3150);
#810=VERTEX_POINT('',#3161);
#811=VERTEX_POINT('',#3162);
#812=VERTEX_POINT('',#3182);
#813=VERTEX_POINT('',#3183);
#814=VERTEX_POINT('',#3185);
#815=VERTEX_POINT('',#3190);
#816=VERTEX_POINT('',#3220);
#817=VERTEX_POINT('',#3253);
#818=VERTEX_POINT('',#3254);
#819=VERTEX_POINT('',#3297);
#820=VERTEX_POINT('',#3299);
#821=VERTEX_POINT('',#3301);
#822=VERTEX_POINT('',#3307);
#823=VERTEX_POINT('',#3309);
#824=VERTEX_POINT('',#3348);
#825=VERTEX_POINT('',#3353);
#826=VERTEX_POINT('',#3435);
#827=VERTEX_POINT('',#3439);
#828=VERTEX_POINT('',#3443);
#829=VERTEX_POINT('',#3445);
#830=VERTEX_POINT('',#3452);
#831=VERTEX_POINT('',#3459);
#832=VERTEX_POINT('',#3461);
#833=VERTEX_POINT('',#3463);
#834=VERTEX_POINT('',#3482);
#835=VERTEX_POINT('',#3486);
#836=VERTEX_POINT('',#3488);
#837=VERTEX_POINT('',#3492);
#838=VERTEX_POINT('',#3494);
#839=VERTEX_POINT('',#3498);
#840=VERTEX_POINT('',#3500);
#841=VERTEX_POINT('',#3509);
#842=VERTEX_POINT('',#3520);
#843=VERTEX_POINT('',#3544);
#844=VERTEX_POINT('',#3545);
#845=VERTEX_POINT('',#3554);
#846=VERTEX_POINT('',#3561);
#847=VERTEX_POINT('',#3563);
#848=VERTEX_POINT('',#3570);
#849=VERTEX_POINT('',#3581);
#850=VERTEX_POINT('',#3584);
#851=VERTEX_POINT('',#3588);
#852=VERTEX_POINT('',#3590);
#853=VERTEX_POINT('',#3593);
#854=VERTEX_POINT('',#3597);
#855=VERTEX_POINT('',#3601);
#856=VERTEX_POINT('',#3602);
#857=VERTEX_POINT('',#3604);
#858=VERTEX_POINT('',#3612);
#859=VERTEX_POINT('',#3614);
#860=VERTEX_POINT('',#3616);
#861=VERTEX_POINT('',#3623);
#862=VERTEX_POINT('',#3627);
#863=VERTEX_POINT('',#3629);
#864=VERTEX_POINT('',#3633);
#865=VERTEX_POINT('',#3635);
#866=VERTEX_POINT('',#3637);
#867=VERTEX_POINT('',#3638);
#868=VERTEX_POINT('',#3640);
#869=VERTEX_POINT('',#3642);
#870=VERTEX_POINT('',#3644);
#871=VERTEX_POINT('',#3646);
#872=VERTEX_POINT('',#3648);
#873=VERTEX_POINT('',#3650);
#874=VERTEX_POINT('',#3653);
#875=VERTEX_POINT('',#3654);
#876=VERTEX_POINT('',#3656);
#877=VERTEX_POINT('',#3658);
#878=VERTEX_POINT('',#3660);
#879=VERTEX_POINT('',#3662);
#880=VERTEX_POINT('',#3664);
#881=VERTEX_POINT('',#3666);
#882=VERTEX_POINT('',#3669);
#883=VERTEX_POINT('',#3670);
#884=VERTEX_POINT('',#3672);
#885=VERTEX_POINT('',#3674);
#886=VERTEX_POINT('',#3676);
#887=VERTEX_POINT('',#3678);
#888=VERTEX_POINT('',#3680);
#889=VERTEX_POINT('',#3682);
#890=VERTEX_POINT('',#3685);
#891=VERTEX_POINT('',#3686);
#892=VERTEX_POINT('',#3688);
#893=VERTEX_POINT('',#3690);
#894=VERTEX_POINT('',#3692);
#895=VERTEX_POINT('',#3694);
#896=VERTEX_POINT('',#3696);
#897=VERTEX_POINT('',#3698);
#898=VERTEX_POINT('',#3701);
#899=VERTEX_POINT('',#3702);
#900=VERTEX_POINT('',#3704);
#901=VERTEX_POINT('',#3706);
#902=VERTEX_POINT('',#3708);
#903=VERTEX_POINT('',#3710);
#904=VERTEX_POINT('',#3712);
#905=VERTEX_POINT('',#3714);
#906=VERTEX_POINT('',#3717);
#907=VERTEX_POINT('',#3720);
#908=VERTEX_POINT('',#3724);
#909=VERTEX_POINT('',#3728);
#910=VERTEX_POINT('',#3773);
#911=VERTEX_POINT('',#3774);
#912=VERTEX_POINT('',#3776);
#913=VERTEX_POINT('',#3783);
#914=VERTEX_POINT('',#3792);
#915=VERTEX_POINT('',#3793);
#916=VERTEX_POINT('',#3812);
#917=VERTEX_POINT('',#3814);
#918=VERTEX_POINT('',#3888);
#919=VERTEX_POINT('',#3889);
#920=VERTEX_POINT('',#3906);
#921=VERTEX_POINT('',#3911);
#922=VERTEX_POINT('',#3991);
#923=VERTEX_POINT('',#3993);
#924=VERTEX_POINT('',#3995);
#925=VERTEX_POINT('',#3997);
#926=VERTEX_POINT('',#4011);
#927=VERTEX_POINT('',#4020);
#928=VERTEX_POINT('',#4022);
#929=VERTEX_POINT('',#4026);
#930=VERTEX_POINT('',#4046);
#931=VERTEX_POINT('',#4048);
#932=VERTEX_POINT('',#4093);
#933=VERTEX_POINT('',#4095);
#934=VERTEX_POINT('',#4104);
#935=VERTEX_POINT('',#4106);
#936=VERTEX_POINT('',#4179);
#937=VERTEX_POINT('',#4180);
#938=VERTEX_POINT('',#4197);
#939=VERTEX_POINT('',#4286);
#940=VERTEX_POINT('',#4289);
#941=VERTEX_POINT('',#4291);
#942=VERTEX_POINT('',#4295);
#943=VERTEX_POINT('',#4297);
#944=VERTEX_POINT('',#4301);
#945=VERTEX_POINT('',#4303);
#946=VERTEX_POINT('',#4307);
#947=VERTEX_POINT('',#4309);
#948=VERTEX_POINT('',#4313);
#949=VERTEX_POINT('',#4315);
#950=VERTEX_POINT('',#4319);
#951=VERTEX_POINT('',#4321);
#952=VERTEX_POINT('',#4325);
#953=VERTEX_POINT('',#4327);
#954=VERTEX_POINT('',#4331);
#955=VERTEX_POINT('',#4333);
#956=VERTEX_POINT('',#4337);
#957=VERTEX_POINT('',#4339);
#958=VERTEX_POINT('',#4343);
#959=VERTEX_POINT('',#4345);
#960=VERTEX_POINT('',#4349);
#961=VERTEX_POINT('',#4351);
#962=VERTEX_POINT('',#4355);
#963=VERTEX_POINT('',#4357);
#964=VERTEX_POINT('',#4361);
#965=VERTEX_POINT('',#4363);
#966=VERTEX_POINT('',#4367);
#967=VERTEX_POINT('',#4369);
#968=VERTEX_POINT('',#4373);
#969=VERTEX_POINT('',#4375);
#970=VERTEX_POINT('',#4379);
#971=VERTEX_POINT('',#4381);
#972=VERTEX_POINT('',#4385);
#973=VERTEX_POINT('',#4387);
#974=VERTEX_POINT('',#4391);
#975=VERTEX_POINT('',#4393);
#976=VERTEX_POINT('',#4397);
#977=VERTEX_POINT('',#4399);
#978=VERTEX_POINT('',#4403);
#979=VERTEX_POINT('',#4405);
#980=EDGE_CURVE('',#789,#790,#657,.T.);
#981=EDGE_CURVE('',#790,#791,#602,.T.);
#982=EDGE_CURVE('',#791,#792,#658,.T.);
#983=EDGE_CURVE('',#792,#789,#603,.T.);
#984=EDGE_CURVE('',#793,#794,#659,.T.);
#985=EDGE_CURVE('',#794,#790,#604,.T.);
#986=EDGE_CURVE('',#789,#793,#605,.T.);
#987=EDGE_CURVE('',#793,#795,#606,.T.);
#988=EDGE_CURVE('',#795,#796,#660,.T.);
#989=EDGE_CURVE('',#796,#794,#607,.T.);
#990=EDGE_CURVE('',#795,#797,#608,.T.);
#991=EDGE_CURVE('',#797,#798,#661,.T.);
#992=EDGE_CURVE('',#798,#796,#609,.T.);
#993=EDGE_CURVE('',#799,#800,#662,.T.);
#994=EDGE_CURVE('',#800,#798,#663,.T.);
#995=EDGE_CURVE('',#797,#799,#664,.T.);
#996=EDGE_CURVE('',#801,#802,#665,.T.);
#997=EDGE_CURVE('',#802,#803,#610,.T.);
#998=EDGE_CURVE('',#803,#801,#611,.T.);
#999=EDGE_CURVE('',#804,#805,#666,.T.);
#1000=EDGE_CURVE('',#805,#802,#612,.T.);
#1001=EDGE_CURVE('',#801,#804,#613,.T.);
#1002=EDGE_CURVE('',#806,#807,#667,.T.);
#1003=EDGE_CURVE('',#807,#805,#614,.T.);
#1004=EDGE_CURVE('',#804,#806,#615,.T.);
#1005=EDGE_CURVE('',#806,#800,#616,.T.);
#1006=EDGE_CURVE('',#799,#807,#617,.T.);
#1007=EDGE_CURVE('',#808,#809,#668,.T.);
#1008=EDGE_CURVE('',#809,#792,#618,.T.);
#1009=EDGE_CURVE('',#791,#808,#619,.T.);
#1010=EDGE_CURVE('',#810,#811,#669,.T.);
#1011=EDGE_CURVE('',#811,#809,#670,.T.);
#1012=EDGE_CURVE('',#808,#810,#671,.T.);
#1013=EDGE_CURVE('',#812,#813,#672,.T.);
#1014=EDGE_CURVE('',#813,#814,#620,.T.);
#1015=EDGE_CURVE('',#814,#815,#673,.T.);
#1016=EDGE_CURVE('',#815,#812,#621,.T.);
#1017=EDGE_CURVE('',#814,#816,#622,.T.);
#1018=EDGE_CURVE('',#816,#815,#623,.T.);
#1019=EDGE_CURVE('',#817,#818,#674,.T.);
#1020=EDGE_CURVE('',#818,#813,#624,.T.);
#1021=EDGE_CURVE('',#812,#817,#625,.T.);
#1022=EDGE_CURVE('',#817,#811,#626,.T.);
#1023=EDGE_CURVE('',#810,#818,#627,.T.);
#1024=EDGE_CURVE('',#799,#819,#72,.T.);
#1025=EDGE_CURVE('',#819,#820,#675,.T.);
#1026=EDGE_CURVE('',#820,#821,#73,.T.);
#1027=EDGE_CURVE('',#821,#805,#676,.T.);
#1028=EDGE_CURVE('',#819,#797,#74,.T.);
#1029=EDGE_CURVE('',#806,#822,#677,.T.);
#1030=EDGE_CURVE('',#822,#823,#678,.T.);
#1031=EDGE_CURVE('',#823,#823,#679,.T.);
#1032=EDGE_CURVE('',#822,#796,#680,.T.);
#1033=EDGE_CURVE('',#789,#824,#628,.T.);
#1034=EDGE_CURVE('',#824,#825,#681,.T.);
#1035=EDGE_CURVE('',#825,#820,#629,.T.);
#1036=EDGE_CURVE('',#819,#793,#630,.T.);
#1037=EDGE_CURVE('',#824,#809,#75,.T.);
#1038=EDGE_CURVE('',#824,#811,#76,.T.);
#1039=EDGE_CURVE('',#817,#826,#682,.T.);
#1040=EDGE_CURVE('',#826,#825,#77,.T.);
#1041=EDGE_CURVE('',#815,#827,#683,.T.);
#1042=EDGE_CURVE('',#827,#826,#78,.T.);
#1043=EDGE_CURVE('',#828,#828,#684,.T.);
#1044=EDGE_CURVE('',#828,#829,#685,.T.);
#1045=EDGE_CURVE('',#829,#813,#686,.T.);
#1046=EDGE_CURVE('',#791,#829,#687,.T.);
#1047=EDGE_CURVE('',#816,#827,#688,.T.);
#1048=EDGE_CURVE('',#821,#830,#79,.T.);
#1049=EDGE_CURVE('',#830,#802,#689,.T.);
#1050=EDGE_CURVE('',#830,#803,#690,.T.);
#1051=EDGE_CURVE('',#816,#803,#80,.T.);
#1052=EDGE_CURVE('',#830,#831,#81,.T.);
#1053=EDGE_CURVE('',#831,#832,#691,.T.);
#1054=EDGE_CURVE('',#832,#833,#631,.T.);
#1055=EDGE_CURVE('',#833,#834,#692,.T.);
#1056=EDGE_CURVE('',#834,#827,#82,.T.);
#1057=EDGE_CURVE('',#835,#834,#83,.F.);
#1058=EDGE_CURVE('',#836,#835,#693,.T.);
#1059=EDGE_CURVE('',#831,#836,#84,.F.);
#1060=EDGE_CURVE('',#837,#833,#85,.T.);
#1061=EDGE_CURVE('',#837,#838,#694,.F.);
#1062=EDGE_CURVE('',#835,#838,#86,.T.);
#1063=EDGE_CURVE('',#832,#839,#87,.T.);
#1064=EDGE_CURVE('',#840,#839,#632,.F.);
#1065=EDGE_CURVE('',#841,#840,#31,.F.);
#1066=EDGE_CURVE('',#841,#837,#633,.T.);
#1067=EDGE_CURVE('',#842,#836,#88,.T.);
#1068=EDGE_CURVE('',#842,#839,#695,.F.);
#1069=EDGE_CURVE('',#838,#842,#634,.T.);
#1070=EDGE_CURVE('',#843,#844,#635,.T.);
#1071=EDGE_CURVE('',#845,#843,#636,.T.);
#1072=EDGE_CURVE('',#846,#845,#696,.T.);
#1073=EDGE_CURVE('',#846,#847,#637,.T.);
#1074=EDGE_CURVE('',#848,#847,#638,.T.);
#1075=EDGE_CURVE('',#848,#844,#697,.T.);
#1076=EDGE_CURVE('',#841,#849,#89,.F.);
#1077=EDGE_CURVE('',#840,#845,#90,.T.);
#1078=EDGE_CURVE('',#850,#843,#91,.T.);
#1079=EDGE_CURVE('',#850,#849,#92,.T.);
#1080=EDGE_CURVE('',#849,#851,#698,.T.);
#1081=EDGE_CURVE('',#851,#852,#93,.T.);
#1082=EDGE_CURVE('',#852,#852,#699,.F.);
#1083=EDGE_CURVE('',#851,#853,#700,.T.);
#1084=EDGE_CURVE('',#853,#846,#94,.F.);
#1085=EDGE_CURVE('',#853,#854,#95,.T.);
#1086=EDGE_CURVE('',#847,#854,#96,.T.);
#1087=EDGE_CURVE('',#855,#856,#701,.T.);
#1088=EDGE_CURVE('',#856,#857,#702,.T.);
#1089=EDGE_CURVE('',#857,#857,#703,.T.);
#1090=EDGE_CURVE('',#856,#855,#704,.T.);
#1091=EDGE_CURVE('',#828,#855,#97,.T.);
#1092=EDGE_CURVE('',#854,#858,#705,.T.);
#1093=EDGE_CURVE('',#859,#850,#706,.T.);
#1094=EDGE_CURVE('',#860,#859,#707,.T.);
#1095=EDGE_CURVE('',#858,#860,#708,.T.);
#1096=EDGE_CURVE('',#858,#848,#98,.T.);
#1097=EDGE_CURVE('',#861,#861,#709,.T.);
#1098=EDGE_CURVE('',#861,#823,#99,.T.);
#1099=EDGE_CURVE('',#862,#862,#710,.T.);
#1100=EDGE_CURVE('',#862,#863,#100,.T.);
#1101=EDGE_CURVE('',#863,#863,#711,.T.);
#1102=EDGE_CURVE('',#864,#864,#712,.T.);
#1103=EDGE_CURVE('',#865,#865,#713,.T.);
#1104=EDGE_CURVE('',#866,#867,#714,.T.);
#1105=EDGE_CURVE('',#868,#867,#101,.T.);
#1106=EDGE_CURVE('',#868,#869,#715,.T.);
#1107=EDGE_CURVE('',#870,#869,#102,.T.);
#1108=EDGE_CURVE('',#870,#871,#716,.T.);
#1109=EDGE_CURVE('',#872,#871,#103,.T.);
#1110=EDGE_CURVE('',#872,#873,#717,.T.);
#1111=EDGE_CURVE('',#866,#873,#104,.T.);
#1112=EDGE_CURVE('',#874,#875,#718,.T.);
#1113=EDGE_CURVE('',#876,#875,#105,.T.);
#1114=EDGE_CURVE('',#876,#877,#719,.T.);
#1115=EDGE_CURVE('',#878,#877,#106,.T.);
#1116=EDGE_CURVE('',#878,#879,#720,.T.);
#1117=EDGE_CURVE('',#880,#879,#107,.T.);
#1118=EDGE_CURVE('',#880,#881,#721,.T.);
#1119=EDGE_CURVE('',#874,#881,#108,.T.);
#1120=EDGE_CURVE('',#882,#883,#722,.T.);
#1121=EDGE_CURVE('',#884,#883,#109,.T.);
#1122=EDGE_CURVE('',#884,#885,#723,.T.);
#1123=EDGE_CURVE('',#886,#885,#110,.T.);
#1124=EDGE_CURVE('',#886,#887,#724,.T.);
#1125=EDGE_CURVE('',#888,#887,#111,.T.);
#1126=EDGE_CURVE('',#888,#889,#725,.T.);
#1127=EDGE_CURVE('',#882,#889,#112,.T.);
#1128=EDGE_CURVE('',#890,#891,#726,.T.);
#1129=EDGE_CURVE('',#892,#891,#113,.T.);
#1130=EDGE_CURVE('',#892,#893,#727,.T.);
#1131=EDGE_CURVE('',#894,#893,#114,.T.);
#1132=EDGE_CURVE('',#894,#895,#728,.T.);
#1133=EDGE_CURVE('',#896,#895,#115,.T.);
#1134=EDGE_CURVE('',#896,#897,#729,.T.);
#1135=EDGE_CURVE('',#890,#897,#116,.T.);
#1136=EDGE_CURVE('',#898,#899,#730,.T.);
#1137=EDGE_CURVE('',#900,#899,#117,.T.);
#1138=EDGE_CURVE('',#900,#901,#731,.T.);
#1139=EDGE_CURVE('',#902,#901,#118,.T.);
#1140=EDGE_CURVE('',#902,#903,#732,.T.);
#1141=EDGE_CURVE('',#904,#903,#119,.T.);
#1142=EDGE_CURVE('',#904,#905,#733,.T.);
#1143=EDGE_CURVE('',#898,#905,#120,.T.);
#1144=EDGE_CURVE('',#906,#906,#734,.T.);
#1145=EDGE_CURVE('',#862,#907,#121,.T.);
#1146=EDGE_CURVE('',#907,#907,#735,.T.);
#1147=EDGE_CURVE('',#908,#908,#736,.T.);
#1148=EDGE_CURVE('',#908,#865,#122,.T.);
#1149=EDGE_CURVE('',#908,#909,#123,.T.);
#1150=EDGE_CURVE('',#909,#909,#737,.T.);
#1151=EDGE_CURVE('',#910,#911,#738,.T.);
#1152=EDGE_CURVE('',#911,#912,#639,.T.);
#1153=EDGE_CURVE('',#912,#913,#739,.T.);
#1154=EDGE_CURVE('',#913,#910,#640,.T.);
#1155=EDGE_CURVE('',#914,#915,#641,.T.);
#1156=EDGE_CURVE('',#914,#916,#740,.T.);
#1157=EDGE_CURVE('',#916,#917,#741,.T.);
#1158=EDGE_CURVE('',#917,#913,#742,.T.);
#1159=EDGE_CURVE('',#912,#915,#743,.T.);
#1160=EDGE_CURVE('',#918,#919,#642,.F.);
#1161=EDGE_CURVE('',#918,#920,#643,.T.);
#1162=EDGE_CURVE('',#920,#921,#744,.T.);
#1163=EDGE_CURVE('',#921,#911,#644,.T.);
#1164=EDGE_CURVE('',#910,#919,#645,.T.);
#1165=EDGE_CURVE('',#916,#921,#646,.T.);
#1166=EDGE_CURVE('',#920,#917,#647,.T.);
#1167=EDGE_CURVE('',#922,#922,#745,.T.);
#1168=EDGE_CURVE('',#922,#923,#746,.T.);
#1169=EDGE_CURVE('',#923,#924,#747,.T.);
#1170=EDGE_CURVE('',#925,#924,#648,.T.);
#1171=EDGE_CURVE('',#925,#911,#748,.T.);
#1172=EDGE_CURVE('',#921,#923,#749,.T.);
#1173=EDGE_CURVE('',#916,#926,#750,.T.);
#1174=EDGE_CURVE('',#924,#926,#649,.T.);
#1175=EDGE_CURVE('',#927,#914,#751,.T.);
#1176=EDGE_CURVE('',#928,#927,#752,.T.);
#1177=EDGE_CURVE('',#926,#928,#753,.T.);
#1178=EDGE_CURVE('',#915,#929,#754,.T.);
#1179=EDGE_CURVE('',#929,#928,#650,.T.);
#1180=EDGE_CURVE('',#927,#930,#755,.T.);
#1181=EDGE_CURVE('',#930,#931,#756,.T.);
#1182=EDGE_CURVE('',#931,#930,#757,.T.);
#1183=EDGE_CURVE('',#932,#924,#758,.T.);
#1184=EDGE_CURVE('',#926,#933,#759,.T.);
#1185=EDGE_CURVE('',#933,#932,#651,.T.);
#1186=EDGE_CURVE('',#929,#934,#760,.T.);
#1187=EDGE_CURVE('',#934,#935,#761,.T.);
#1188=EDGE_CURVE('',#935,#933,#762,.T.);
#1189=EDGE_CURVE('',#936,#937,#652,.F.);
#1190=EDGE_CURVE('',#936,#938,#653,.T.);
#1191=EDGE_CURVE('',#938,#925,#763,.T.);
#1192=EDGE_CURVE('',#932,#937,#654,.T.);
#1193=EDGE_CURVE('',#934,#925,#655,.T.);
#1194=EDGE_CURVE('',#938,#935,#656,.T.);
#1195=EDGE_CURVE('',#918,#919,#764,.T.);
#1196=EDGE_CURVE('',#936,#937,#765,.T.);
#1197=EDGE_CURVE('',#934,#912,#766,.T.);
#1198=EDGE_CURVE('',#844,#859,#124,.T.);
#1199=EDGE_CURVE('',#860,#931,#125,.T.);
#1200=EDGE_CURVE('',#861,#864,#767,.T.);
#1201=EDGE_CURVE('',#939,#939,#768,.T.);
#1202=EDGE_CURVE('',#940,#866,#126,.T.);
#1203=EDGE_CURVE('',#940,#941,#769,.T.);
#1204=EDGE_CURVE('',#867,#941,#127,.T.);
#1205=EDGE_CURVE('',#942,#874,#128,.T.);
#1206=EDGE_CURVE('',#942,#943,#770,.T.);
#1207=EDGE_CURVE('',#875,#943,#129,.T.);
#1208=EDGE_CURVE('',#944,#882,#130,.T.);
#1209=EDGE_CURVE('',#944,#945,#771,.T.);
#1210=EDGE_CURVE('',#883,#945,#131,.T.);
#1211=EDGE_CURVE('',#946,#890,#132,.T.);
#1212=EDGE_CURVE('',#946,#947,#772,.T.);
#1213=EDGE_CURVE('',#891,#947,#133,.T.);
#1214=EDGE_CURVE('',#948,#898,#134,.T.);
#1215=EDGE_CURVE('',#948,#949,#773,.T.);
#1216=EDGE_CURVE('',#899,#949,#135,.T.);
#1217=EDGE_CURVE('',#905,#950,#136,.T.);
#1218=EDGE_CURVE('',#951,#904,#137,.T.);
#1219=EDGE_CURVE('',#951,#950,#774,.T.);
#1220=EDGE_CURVE('',#952,#892,#138,.T.);
#1221=EDGE_CURVE('',#952,#953,#775,.T.);
#1222=EDGE_CURVE('',#893,#953,#139,.T.);
#1223=EDGE_CURVE('',#954,#884,#140,.T.);
#1224=EDGE_CURVE('',#954,#955,#776,.T.);
#1225=EDGE_CURVE('',#885,#955,#141,.T.);
#1226=EDGE_CURVE('',#956,#880,#142,.T.);
#1227=EDGE_CURVE('',#956,#957,#777,.T.);
#1228=EDGE_CURVE('',#881,#957,#143,.T.);
#1229=EDGE_CURVE('',#958,#886,#144,.T.);
#1230=EDGE_CURVE('',#958,#959,#778,.T.);
#1231=EDGE_CURVE('',#887,#959,#145,.T.);
#1232=EDGE_CURVE('',#960,#868,#146,.T.);
#1233=EDGE_CURVE('',#960,#961,#779,.T.);
#1234=EDGE_CURVE('',#869,#961,#147,.T.);
#1235=EDGE_CURVE('',#962,#870,#148,.T.);
#1236=EDGE_CURVE('',#962,#963,#780,.T.);
#1237=EDGE_CURVE('',#871,#963,#149,.T.);
#1238=EDGE_CURVE('',#964,#872,#150,.T.);
#1239=EDGE_CURVE('',#964,#965,#781,.T.);
#1240=EDGE_CURVE('',#873,#965,#151,.T.);
#1241=EDGE_CURVE('',#966,#896,#152,.T.);
#1242=EDGE_CURVE('',#966,#967,#782,.T.);
#1243=EDGE_CURVE('',#897,#967,#153,.T.);
#1244=EDGE_CURVE('',#968,#900,#154,.T.);
#1245=EDGE_CURVE('',#968,#969,#783,.T.);
#1246=EDGE_CURVE('',#901,#969,#155,.T.);
#1247=EDGE_CURVE('',#903,#970,#156,.T.);
#1248=EDGE_CURVE('',#971,#902,#157,.T.);
#1249=EDGE_CURVE('',#971,#970,#784,.T.);
#1250=EDGE_CURVE('',#972,#894,#158,.T.);
#1251=EDGE_CURVE('',#972,#973,#785,.T.);
#1252=EDGE_CURVE('',#895,#973,#159,.T.);
#1253=EDGE_CURVE('',#974,#876,#160,.T.);
#1254=EDGE_CURVE('',#974,#975,#786,.T.);
#1255=EDGE_CURVE('',#877,#975,#161,.T.);
#1256=EDGE_CURVE('',#976,#878,#162,.T.);
#1257=EDGE_CURVE('',#976,#977,#787,.T.);
#1258=EDGE_CURVE('',#879,#977,#163,.T.);
#1259=EDGE_CURVE('',#978,#888,#164,.T.);
#1260=EDGE_CURVE('',#978,#979,#788,.T.);
#1261=EDGE_CURVE('',#889,#979,#165,.T.);
#1262=EDGE_CURVE('',#947,#952,#166,.F.);
#1263=EDGE_CURVE('',#945,#954,#167,.F.);
#1264=EDGE_CURVE('',#957,#942,#168,.F.);
#1265=EDGE_CURVE('',#955,#958,#169,.F.);
#1266=EDGE_CURVE('',#941,#960,#170,.F.);
#1267=EDGE_CURVE('',#961,#962,#171,.F.);
#1268=EDGE_CURVE('',#965,#940,#172,.F.);
#1269=EDGE_CURVE('',#963,#964,#173,.F.);
#1270=EDGE_CURVE('',#967,#946,#174,.F.);
#1271=EDGE_CURVE('',#973,#966,#175,.F.);
#1272=EDGE_CURVE('',#953,#972,#176,.F.);
#1273=EDGE_CURVE('',#943,#974,#177,.F.);
#1274=EDGE_CURVE('',#977,#956,#178,.F.);
#1275=EDGE_CURVE('',#975,#976,#179,.F.);
#1276=EDGE_CURVE('',#979,#944,#180,.F.);
#1277=EDGE_CURVE('',#959,#978,#181,.F.);
#1278=EDGE_CURVE('',#939,#906,#182,.T.);
#1279=EDGE_CURVE('',#950,#948,#183,.F.);
#1280=EDGE_CURVE('',#949,#968,#184,.F.);
#1281=EDGE_CURVE('',#970,#951,#185,.F.);
#1282=EDGE_CURVE('',#969,#971,#186,.F.);
#1283=ORIENTED_EDGE('',*,*,#980,.T.);
#1284=ORIENTED_EDGE('',*,*,#981,.T.);
#1285=ORIENTED_EDGE('',*,*,#982,.T.);
#1286=ORIENTED_EDGE('',*,*,#983,.T.);
#1287=ORIENTED_EDGE('',*,*,#984,.T.);
#1288=ORIENTED_EDGE('',*,*,#985,.T.);
#1289=ORIENTED_EDGE('',*,*,#980,.F.);
#1290=ORIENTED_EDGE('',*,*,#986,.T.);
#1291=ORIENTED_EDGE('',*,*,#984,.F.);
#1292=ORIENTED_EDGE('',*,*,#987,.T.);
#1293=ORIENTED_EDGE('',*,*,#988,.T.);
#1294=ORIENTED_EDGE('',*,*,#989,.T.);
#1295=ORIENTED_EDGE('',*,*,#988,.F.);
#1296=ORIENTED_EDGE('',*,*,#990,.T.);
#1297=ORIENTED_EDGE('',*,*,#991,.T.);
#1298=ORIENTED_EDGE('',*,*,#992,.T.);
#1299=ORIENTED_EDGE('',*,*,#993,.T.);
#1300=ORIENTED_EDGE('',*,*,#994,.T.);
#1301=ORIENTED_EDGE('',*,*,#991,.F.);
#1302=ORIENTED_EDGE('',*,*,#995,.T.);
#1303=ORIENTED_EDGE('',*,*,#996,.T.);
#1304=ORIENTED_EDGE('',*,*,#997,.T.);
#1305=ORIENTED_EDGE('',*,*,#998,.T.);
#1306=ORIENTED_EDGE('',*,*,#999,.T.);
#1307=ORIENTED_EDGE('',*,*,#1000,.T.);
#1308=ORIENTED_EDGE('',*,*,#996,.F.);
#1309=ORIENTED_EDGE('',*,*,#1001,.T.);
#1310=ORIENTED_EDGE('',*,*,#1002,.T.);
#1311=ORIENTED_EDGE('',*,*,#1003,.T.);
#1312=ORIENTED_EDGE('',*,*,#999,.F.);
#1313=ORIENTED_EDGE('',*,*,#1004,.T.);
#1314=ORIENTED_EDGE('',*,*,#1002,.F.);
#1315=ORIENTED_EDGE('',*,*,#1005,.T.);
#1316=ORIENTED_EDGE('',*,*,#993,.F.);
#1317=ORIENTED_EDGE('',*,*,#1006,.T.);
#1318=ORIENTED_EDGE('',*,*,#1007,.T.);
#1319=ORIENTED_EDGE('',*,*,#1008,.T.);
#1320=ORIENTED_EDGE('',*,*,#982,.F.);
#1321=ORIENTED_EDGE('',*,*,#1009,.T.);
#1322=ORIENTED_EDGE('',*,*,#1010,.T.);
#1323=ORIENTED_EDGE('',*,*,#1011,.T.);
#1324=ORIENTED_EDGE('',*,*,#1007,.F.);
#1325=ORIENTED_EDGE('',*,*,#1012,.T.);
#1326=ORIENTED_EDGE('',*,*,#1013,.T.);
#1327=ORIENTED_EDGE('',*,*,#1014,.T.);
#1328=ORIENTED_EDGE('',*,*,#1015,.T.);
#1329=ORIENTED_EDGE('',*,*,#1016,.T.);
#1330=ORIENTED_EDGE('',*,*,#1017,.T.);
#1331=ORIENTED_EDGE('',*,*,#1018,.T.);
#1332=ORIENTED_EDGE('',*,*,#1015,.F.);
#1333=ORIENTED_EDGE('',*,*,#1019,.T.);
#1334=ORIENTED_EDGE('',*,*,#1020,.T.);
#1335=ORIENTED_EDGE('',*,*,#1013,.F.);
#1336=ORIENTED_EDGE('',*,*,#1021,.T.);
#1337=ORIENTED_EDGE('',*,*,#1019,.F.);
#1338=ORIENTED_EDGE('',*,*,#1022,.T.);
#1339=ORIENTED_EDGE('',*,*,#1010,.F.);
#1340=ORIENTED_EDGE('',*,*,#1023,.T.);
#1341=ORIENTED_EDGE('',*,*,#1003,.F.);
#1342=ORIENTED_EDGE('',*,*,#1006,.F.);
#1343=ORIENTED_EDGE('',*,*,#1024,.T.);
#1344=ORIENTED_EDGE('',*,*,#1025,.T.);
#1345=ORIENTED_EDGE('',*,*,#1026,.T.);
#1346=ORIENTED_EDGE('',*,*,#1027,.T.);
#1347=ORIENTED_EDGE('',*,*,#995,.F.);
#1348=ORIENTED_EDGE('',*,*,#1028,.F.);
#1349=ORIENTED_EDGE('',*,*,#1024,.F.);
#1350=ORIENTED_EDGE('',*,*,#1005,.F.);
#1351=ORIENTED_EDGE('',*,*,#1029,.T.);
#1352=ORIENTED_EDGE('',*,*,#1030,.T.);
#1353=ORIENTED_EDGE('',*,*,#1031,.T.);
#1354=ORIENTED_EDGE('',*,*,#1030,.F.);
#1355=ORIENTED_EDGE('',*,*,#1032,.T.);
#1356=ORIENTED_EDGE('',*,*,#992,.F.);
#1357=ORIENTED_EDGE('',*,*,#994,.F.);
#1358=ORIENTED_EDGE('',*,*,#986,.F.);
#1359=ORIENTED_EDGE('',*,*,#1033,.T.);
#1360=ORIENTED_EDGE('',*,*,#1034,.T.);
#1361=ORIENTED_EDGE('',*,*,#1035,.T.);
#1362=ORIENTED_EDGE('',*,*,#1025,.F.);
#1363=ORIENTED_EDGE('',*,*,#1036,.T.);
#1364=ORIENTED_EDGE('',*,*,#983,.F.);
#1365=ORIENTED_EDGE('',*,*,#1008,.F.);
#1366=ORIENTED_EDGE('',*,*,#1037,.F.);
#1367=ORIENTED_EDGE('',*,*,#1033,.F.);
#1368=ORIENTED_EDGE('',*,*,#990,.F.);
#1369=ORIENTED_EDGE('',*,*,#987,.F.);
#1370=ORIENTED_EDGE('',*,*,#1036,.F.);
#1371=ORIENTED_EDGE('',*,*,#1028,.T.);
#1372=ORIENTED_EDGE('',*,*,#1011,.F.);
#1373=ORIENTED_EDGE('',*,*,#1038,.F.);
#1374=ORIENTED_EDGE('',*,*,#1037,.T.);
#1375=ORIENTED_EDGE('',*,*,#1022,.F.);
#1376=ORIENTED_EDGE('',*,*,#1039,.T.);
#1377=ORIENTED_EDGE('',*,*,#1040,.T.);
#1378=ORIENTED_EDGE('',*,*,#1034,.F.);
#1379=ORIENTED_EDGE('',*,*,#1038,.T.);
#1380=ORIENTED_EDGE('',*,*,#1021,.F.);
#1381=ORIENTED_EDGE('',*,*,#1016,.F.);
#1382=ORIENTED_EDGE('',*,*,#1041,.T.);
#1383=ORIENTED_EDGE('',*,*,#1042,.T.);
#1384=ORIENTED_EDGE('',*,*,#1039,.F.);
#1385=ORIENTED_EDGE('',*,*,#1043,.T.);
#1386=ORIENTED_EDGE('',*,*,#1044,.T.);
#1387=ORIENTED_EDGE('',*,*,#1045,.T.);
#1388=ORIENTED_EDGE('',*,*,#1020,.F.);
#1389=ORIENTED_EDGE('',*,*,#1023,.F.);
#1390=ORIENTED_EDGE('',*,*,#1012,.F.);
#1391=ORIENTED_EDGE('',*,*,#1009,.F.);
#1392=ORIENTED_EDGE('',*,*,#1046,.T.);
#1393=ORIENTED_EDGE('',*,*,#1044,.F.);
#1394=ORIENTED_EDGE('',*,*,#1018,.F.);
#1395=ORIENTED_EDGE('',*,*,#1047,.T.);
#1396=ORIENTED_EDGE('',*,*,#1041,.F.);
#1397=ORIENTED_EDGE('',*,*,#1000,.F.);
#1398=ORIENTED_EDGE('',*,*,#1027,.F.);
#1399=ORIENTED_EDGE('',*,*,#1048,.T.);
#1400=ORIENTED_EDGE('',*,*,#1049,.T.);
#1401=ORIENTED_EDGE('',*,*,#997,.F.);
#1402=ORIENTED_EDGE('',*,*,#1049,.F.);
#1403=ORIENTED_EDGE('',*,*,#1050,.T.);
#1404=ORIENTED_EDGE('',*,*,#1047,.F.);
#1405=ORIENTED_EDGE('',*,*,#1051,.T.);
#1406=ORIENTED_EDGE('',*,*,#1050,.F.);
#1407=ORIENTED_EDGE('',*,*,#1052,.T.);
#1408=ORIENTED_EDGE('',*,*,#1053,.T.);
#1409=ORIENTED_EDGE('',*,*,#1054,.T.);
#1410=ORIENTED_EDGE('',*,*,#1055,.T.);
#1411=ORIENTED_EDGE('',*,*,#1056,.T.);
#1412=ORIENTED_EDGE('',*,*,#1042,.F.);
#1413=ORIENTED_EDGE('',*,*,#1056,.F.);
#1414=ORIENTED_EDGE('',*,*,#1057,.F.);
#1415=ORIENTED_EDGE('',*,*,#1058,.F.);
#1416=ORIENTED_EDGE('',*,*,#1059,.F.);
#1417=ORIENTED_EDGE('',*,*,#1052,.F.);
#1418=ORIENTED_EDGE('',*,*,#1048,.F.);
#1419=ORIENTED_EDGE('',*,*,#1026,.F.);
#1420=ORIENTED_EDGE('',*,*,#1035,.F.);
#1421=ORIENTED_EDGE('',*,*,#1040,.F.);
#1422=ORIENTED_EDGE('',*,*,#1055,.F.);
#1423=ORIENTED_EDGE('',*,*,#1060,.F.);
#1424=ORIENTED_EDGE('',*,*,#1061,.T.);
#1425=ORIENTED_EDGE('',*,*,#1062,.F.);
#1426=ORIENTED_EDGE('',*,*,#1057,.T.);
#1427=ORIENTED_EDGE('',*,*,#1054,.F.);
#1428=ORIENTED_EDGE('',*,*,#1063,.T.);
#1429=ORIENTED_EDGE('',*,*,#1064,.F.);
#1430=ORIENTED_EDGE('',*,*,#1065,.F.);
#1431=ORIENTED_EDGE('',*,*,#1066,.T.);
#1432=ORIENTED_EDGE('',*,*,#1060,.T.);
#1433=ORIENTED_EDGE('',*,*,#1053,.F.);
#1434=ORIENTED_EDGE('',*,*,#1059,.T.);
#1435=ORIENTED_EDGE('',*,*,#1067,.F.);
#1436=ORIENTED_EDGE('',*,*,#1068,.T.);
#1437=ORIENTED_EDGE('',*,*,#1063,.F.);
#1438=ORIENTED_EDGE('',*,*,#1058,.T.);
#1439=ORIENTED_EDGE('',*,*,#1062,.T.);
#1440=ORIENTED_EDGE('',*,*,#1069,.T.);
#1441=ORIENTED_EDGE('',*,*,#1067,.T.);
#1442=ORIENTED_EDGE('',*,*,#1070,.F.);
#1443=ORIENTED_EDGE('',*,*,#1071,.F.);
#1444=ORIENTED_EDGE('',*,*,#1072,.F.);
#1445=ORIENTED_EDGE('',*,*,#1073,.T.);
#1446=ORIENTED_EDGE('',*,*,#1074,.F.);
#1447=ORIENTED_EDGE('',*,*,#1075,.T.);
#1448=ORIENTED_EDGE('',*,*,#1076,.F.);
#1449=ORIENTED_EDGE('',*,*,#1065,.T.);
#1450=ORIENTED_EDGE('',*,*,#1077,.T.);
#1451=ORIENTED_EDGE('',*,*,#1071,.T.);
#1452=ORIENTED_EDGE('',*,*,#1078,.F.);
#1453=ORIENTED_EDGE('',*,*,#1079,.T.);
#1454=ORIENTED_EDGE('',*,*,#1077,.F.);
#1455=ORIENTED_EDGE('',*,*,#1064,.T.);
#1456=ORIENTED_EDGE('',*,*,#1068,.F.);
#1457=ORIENTED_EDGE('',*,*,#1069,.F.);
#1458=ORIENTED_EDGE('',*,*,#1061,.F.);
#1459=ORIENTED_EDGE('',*,*,#1066,.F.);
#1460=ORIENTED_EDGE('',*,*,#1076,.T.);
#1461=ORIENTED_EDGE('',*,*,#1080,.T.);
#1462=ORIENTED_EDGE('',*,*,#1081,.T.);
#1463=ORIENTED_EDGE('',*,*,#1082,.F.);
#1464=ORIENTED_EDGE('',*,*,#1081,.F.);
#1465=ORIENTED_EDGE('',*,*,#1083,.T.);
#1466=ORIENTED_EDGE('',*,*,#1084,.T.);
#1467=ORIENTED_EDGE('',*,*,#1072,.T.);
#1468=ORIENTED_EDGE('',*,*,#1085,.T.);
#1469=ORIENTED_EDGE('',*,*,#1086,.F.);
#1470=ORIENTED_EDGE('',*,*,#1073,.F.);
#1471=ORIENTED_EDGE('',*,*,#1084,.F.);
#1472=ORIENTED_EDGE('',*,*,#1087,.T.);
#1473=ORIENTED_EDGE('',*,*,#1088,.T.);
#1474=ORIENTED_EDGE('',*,*,#1089,.T.);
#1475=ORIENTED_EDGE('',*,*,#1088,.F.);
#1476=ORIENTED_EDGE('',*,*,#1090,.T.);
#1477=ORIENTED_EDGE('',*,*,#1043,.F.);
#1478=ORIENTED_EDGE('',*,*,#1091,.T.);
#1479=ORIENTED_EDGE('',*,*,#1090,.F.);
#1480=ORIENTED_EDGE('',*,*,#1087,.F.);
#1481=ORIENTED_EDGE('',*,*,#1091,.F.);
#1482=ORIENTED_EDGE('',*,*,#1089,.F.);
#1483=ORIENTED_EDGE('',*,*,#1082,.T.);
#1484=ORIENTED_EDGE('',*,*,#1092,.F.);
#1485=ORIENTED_EDGE('',*,*,#1085,.F.);
#1486=ORIENTED_EDGE('',*,*,#1083,.F.);
#1487=ORIENTED_EDGE('',*,*,#1080,.F.);
#1488=ORIENTED_EDGE('',*,*,#1079,.F.);
#1489=ORIENTED_EDGE('',*,*,#1093,.F.);
#1490=ORIENTED_EDGE('',*,*,#1094,.F.);
#1491=ORIENTED_EDGE('',*,*,#1095,.F.);
#1492=ORIENTED_EDGE('',*,*,#1074,.T.);
#1493=ORIENTED_EDGE('',*,*,#1086,.T.);
#1494=ORIENTED_EDGE('',*,*,#1092,.T.);
#1495=ORIENTED_EDGE('',*,*,#1096,.T.);
#1496=ORIENTED_EDGE('',*,*,#998,.F.);
#1497=ORIENTED_EDGE('',*,*,#1051,.F.);
#1498=ORIENTED_EDGE('',*,*,#1017,.F.);
#1499=ORIENTED_EDGE('',*,*,#1014,.F.);
#1500=ORIENTED_EDGE('',*,*,#1045,.F.);
#1501=ORIENTED_EDGE('',*,*,#1046,.F.);
#1502=ORIENTED_EDGE('',*,*,#981,.F.);
#1503=ORIENTED_EDGE('',*,*,#985,.F.);
#1504=ORIENTED_EDGE('',*,*,#989,.F.);
#1505=ORIENTED_EDGE('',*,*,#1032,.F.);
#1506=ORIENTED_EDGE('',*,*,#1029,.F.);
#1507=ORIENTED_EDGE('',*,*,#1004,.F.);
#1508=ORIENTED_EDGE('',*,*,#1001,.F.);
#1509=ORIENTED_EDGE('',*,*,#1097,.F.);
#1510=ORIENTED_EDGE('',*,*,#1098,.T.);
#1511=ORIENTED_EDGE('',*,*,#1031,.F.);
#1512=ORIENTED_EDGE('',*,*,#1098,.F.);
#1513=ORIENTED_EDGE('',*,*,#1099,.T.);
#1514=ORIENTED_EDGE('',*,*,#1100,.T.);
#1515=ORIENTED_EDGE('',*,*,#1101,.T.);
#1516=ORIENTED_EDGE('',*,*,#1100,.F.);
#1517=ORIENTED_EDGE('',*,*,#1102,.F.);
#1518=ORIENTED_EDGE('',*,*,#1103,.F.);
#1519=ORIENTED_EDGE('',*,*,#1104,.T.);
#1520=ORIENTED_EDGE('',*,*,#1105,.F.);
#1521=ORIENTED_EDGE('',*,*,#1106,.T.);
#1522=ORIENTED_EDGE('',*,*,#1107,.F.);
#1523=ORIENTED_EDGE('',*,*,#1108,.T.);
#1524=ORIENTED_EDGE('',*,*,#1109,.F.);
#1525=ORIENTED_EDGE('',*,*,#1110,.T.);
#1526=ORIENTED_EDGE('',*,*,#1111,.F.);
#1527=ORIENTED_EDGE('',*,*,#1112,.T.);
#1528=ORIENTED_EDGE('',*,*,#1113,.F.);
#1529=ORIENTED_EDGE('',*,*,#1114,.T.);
#1530=ORIENTED_EDGE('',*,*,#1115,.F.);
#1531=ORIENTED_EDGE('',*,*,#1116,.T.);
#1532=ORIENTED_EDGE('',*,*,#1117,.F.);
#1533=ORIENTED_EDGE('',*,*,#1118,.T.);
#1534=ORIENTED_EDGE('',*,*,#1119,.F.);
#1535=ORIENTED_EDGE('',*,*,#1120,.T.);
#1536=ORIENTED_EDGE('',*,*,#1121,.F.);
#1537=ORIENTED_EDGE('',*,*,#1122,.T.);
#1538=ORIENTED_EDGE('',*,*,#1123,.F.);
#1539=ORIENTED_EDGE('',*,*,#1124,.T.);
#1540=ORIENTED_EDGE('',*,*,#1125,.F.);
#1541=ORIENTED_EDGE('',*,*,#1126,.T.);
#1542=ORIENTED_EDGE('',*,*,#1127,.F.);
#1543=ORIENTED_EDGE('',*,*,#1128,.T.);
#1544=ORIENTED_EDGE('',*,*,#1129,.F.);
#1545=ORIENTED_EDGE('',*,*,#1130,.T.);
#1546=ORIENTED_EDGE('',*,*,#1131,.F.);
#1547=ORIENTED_EDGE('',*,*,#1132,.T.);
#1548=ORIENTED_EDGE('',*,*,#1133,.F.);
#1549=ORIENTED_EDGE('',*,*,#1134,.T.);
#1550=ORIENTED_EDGE('',*,*,#1135,.F.);
#1551=ORIENTED_EDGE('',*,*,#1136,.T.);
#1552=ORIENTED_EDGE('',*,*,#1137,.F.);
#1553=ORIENTED_EDGE('',*,*,#1138,.T.);
#1554=ORIENTED_EDGE('',*,*,#1139,.F.);
#1555=ORIENTED_EDGE('',*,*,#1140,.T.);
#1556=ORIENTED_EDGE('',*,*,#1141,.F.);
#1557=ORIENTED_EDGE('',*,*,#1142,.T.);
#1558=ORIENTED_EDGE('',*,*,#1143,.F.);
#1559=ORIENTED_EDGE('',*,*,#1144,.T.);
#1560=ORIENTED_EDGE('',*,*,#1101,.F.);
#1561=ORIENTED_EDGE('',*,*,#1099,.F.);
#1562=ORIENTED_EDGE('',*,*,#1145,.T.);
#1563=ORIENTED_EDGE('',*,*,#1146,.T.);
#1564=ORIENTED_EDGE('',*,*,#1145,.F.);
#1565=ORIENTED_EDGE('',*,*,#1147,.T.);
#1566=ORIENTED_EDGE('',*,*,#1148,.T.);
#1567=ORIENTED_EDGE('',*,*,#1103,.T.);
#1568=ORIENTED_EDGE('',*,*,#1148,.F.);
#1569=ORIENTED_EDGE('',*,*,#1147,.F.);
#1570=ORIENTED_EDGE('',*,*,#1149,.T.);
#1571=ORIENTED_EDGE('',*,*,#1150,.T.);
#1572=ORIENTED_EDGE('',*,*,#1149,.F.);
#1573=ORIENTED_EDGE('',*,*,#1151,.T.);
#1574=ORIENTED_EDGE('',*,*,#1152,.T.);
#1575=ORIENTED_EDGE('',*,*,#1153,.T.);
#1576=ORIENTED_EDGE('',*,*,#1154,.T.);
#1577=ORIENTED_EDGE('',*,*,#1155,.F.);
#1578=ORIENTED_EDGE('',*,*,#1156,.T.);
#1579=ORIENTED_EDGE('',*,*,#1157,.T.);
#1580=ORIENTED_EDGE('',*,*,#1158,.T.);
#1581=ORIENTED_EDGE('',*,*,#1153,.F.);
#1582=ORIENTED_EDGE('',*,*,#1159,.T.);
#1583=ORIENTED_EDGE('',*,*,#1160,.F.);
#1584=ORIENTED_EDGE('',*,*,#1161,.T.);
#1585=ORIENTED_EDGE('',*,*,#1162,.T.);
#1586=ORIENTED_EDGE('',*,*,#1163,.T.);
#1587=ORIENTED_EDGE('',*,*,#1151,.F.);
#1588=ORIENTED_EDGE('',*,*,#1164,.T.);
#1589=ORIENTED_EDGE('',*,*,#1157,.F.);
#1590=ORIENTED_EDGE('',*,*,#1165,.T.);
#1591=ORIENTED_EDGE('',*,*,#1162,.F.);
#1592=ORIENTED_EDGE('',*,*,#1166,.T.);
#1593=ORIENTED_EDGE('',*,*,#1167,.T.);
#1594=ORIENTED_EDGE('',*,*,#1168,.T.);
#1595=ORIENTED_EDGE('',*,*,#1169,.T.);
#1596=ORIENTED_EDGE('',*,*,#1170,.F.);
#1597=ORIENTED_EDGE('',*,*,#1171,.T.);
#1598=ORIENTED_EDGE('',*,*,#1163,.F.);
#1599=ORIENTED_EDGE('',*,*,#1172,.T.);
#1600=ORIENTED_EDGE('',*,*,#1168,.F.);
#1601=ORIENTED_EDGE('',*,*,#1165,.F.);
#1602=ORIENTED_EDGE('',*,*,#1173,.T.);
#1603=ORIENTED_EDGE('',*,*,#1174,.F.);
#1604=ORIENTED_EDGE('',*,*,#1169,.F.);
#1605=ORIENTED_EDGE('',*,*,#1172,.F.);
#1606=ORIENTED_EDGE('',*,*,#1156,.F.);
#1607=ORIENTED_EDGE('',*,*,#1175,.F.);
#1608=ORIENTED_EDGE('',*,*,#1176,.F.);
#1609=ORIENTED_EDGE('',*,*,#1177,.F.);
#1610=ORIENTED_EDGE('',*,*,#1173,.F.);
#1611=ORIENTED_EDGE('',*,*,#1155,.T.);
#1612=ORIENTED_EDGE('',*,*,#1178,.T.);
#1613=ORIENTED_EDGE('',*,*,#1179,.T.);
#1614=ORIENTED_EDGE('',*,*,#1176,.T.);
#1615=ORIENTED_EDGE('',*,*,#1180,.T.);
#1616=ORIENTED_EDGE('',*,*,#1181,.T.);
#1617=ORIENTED_EDGE('',*,*,#1182,.T.);
#1618=ORIENTED_EDGE('',*,*,#1180,.F.);
#1619=ORIENTED_EDGE('',*,*,#1175,.T.);
#1620=ORIENTED_EDGE('',*,*,#1183,.T.);
#1621=ORIENTED_EDGE('',*,*,#1174,.T.);
#1622=ORIENTED_EDGE('',*,*,#1184,.T.);
#1623=ORIENTED_EDGE('',*,*,#1185,.T.);
#1624=ORIENTED_EDGE('',*,*,#1179,.F.);
#1625=ORIENTED_EDGE('',*,*,#1186,.T.);
#1626=ORIENTED_EDGE('',*,*,#1187,.T.);
#1627=ORIENTED_EDGE('',*,*,#1188,.T.);
#1628=ORIENTED_EDGE('',*,*,#1184,.F.);
#1629=ORIENTED_EDGE('',*,*,#1177,.T.);
#1630=ORIENTED_EDGE('',*,*,#1189,.F.);
#1631=ORIENTED_EDGE('',*,*,#1190,.T.);
#1632=ORIENTED_EDGE('',*,*,#1191,.T.);
#1633=ORIENTED_EDGE('',*,*,#1170,.T.);
#1634=ORIENTED_EDGE('',*,*,#1183,.F.);
#1635=ORIENTED_EDGE('',*,*,#1192,.T.);
#1636=ORIENTED_EDGE('',*,*,#1187,.F.);
#1637=ORIENTED_EDGE('',*,*,#1193,.T.);
#1638=ORIENTED_EDGE('',*,*,#1191,.F.);
#1639=ORIENTED_EDGE('',*,*,#1194,.T.);
#1640=ORIENTED_EDGE('',*,*,#1195,.F.);
#1641=ORIENTED_EDGE('',*,*,#1160,.T.);
#1642=ORIENTED_EDGE('',*,*,#1146,.F.);
#1643=ORIENTED_EDGE('',*,*,#1196,.F.);
#1644=ORIENTED_EDGE('',*,*,#1189,.T.);
#1645=ORIENTED_EDGE('',*,*,#1150,.F.);
#1646=ORIENTED_EDGE('',*,*,#1190,.F.);
#1647=ORIENTED_EDGE('',*,*,#1196,.T.);
#1648=ORIENTED_EDGE('',*,*,#1192,.F.);
#1649=ORIENTED_EDGE('',*,*,#1185,.F.);
#1650=ORIENTED_EDGE('',*,*,#1188,.F.);
#1651=ORIENTED_EDGE('',*,*,#1194,.F.);
#1652=ORIENTED_EDGE('',*,*,#1152,.F.);
#1653=ORIENTED_EDGE('',*,*,#1171,.F.);
#1654=ORIENTED_EDGE('',*,*,#1193,.F.);
#1655=ORIENTED_EDGE('',*,*,#1197,.T.);
#1656=ORIENTED_EDGE('',*,*,#1159,.F.);
#1657=ORIENTED_EDGE('',*,*,#1197,.F.);
#1658=ORIENTED_EDGE('',*,*,#1186,.F.);
#1659=ORIENTED_EDGE('',*,*,#1178,.F.);
#1660=ORIENTED_EDGE('',*,*,#1161,.F.);
#1661=ORIENTED_EDGE('',*,*,#1195,.T.);
#1662=ORIENTED_EDGE('',*,*,#1164,.F.);
#1663=ORIENTED_EDGE('',*,*,#1154,.F.);
#1664=ORIENTED_EDGE('',*,*,#1158,.F.);
#1665=ORIENTED_EDGE('',*,*,#1166,.F.);
#1666=ORIENTED_EDGE('',*,*,#1070,.T.);
#1667=ORIENTED_EDGE('',*,*,#1198,.T.);
#1668=ORIENTED_EDGE('',*,*,#1093,.T.);
#1669=ORIENTED_EDGE('',*,*,#1078,.T.);
#1670=ORIENTED_EDGE('',*,*,#1095,.T.);
#1671=ORIENTED_EDGE('',*,*,#1199,.T.);
#1672=ORIENTED_EDGE('',*,*,#1181,.F.);
#1673=ORIENTED_EDGE('',*,*,#1182,.F.);
#1674=ORIENTED_EDGE('',*,*,#1199,.F.);
#1675=ORIENTED_EDGE('',*,*,#1094,.T.);
#1676=ORIENTED_EDGE('',*,*,#1198,.F.);
#1677=ORIENTED_EDGE('',*,*,#1075,.F.);
#1678=ORIENTED_EDGE('',*,*,#1096,.F.);
#1679=ORIENTED_EDGE('',*,*,#1097,.T.);
#1680=ORIENTED_EDGE('',*,*,#1200,.T.);
#1681=ORIENTED_EDGE('',*,*,#1102,.T.);
#1682=ORIENTED_EDGE('',*,*,#1200,.F.);
#1683=ORIENTED_EDGE('',*,*,#1167,.F.);
#1684=ORIENTED_EDGE('',*,*,#1201,.T.);
#1685=ORIENTED_EDGE('',*,*,#1104,.F.);
#1686=ORIENTED_EDGE('',*,*,#1202,.F.);
#1687=ORIENTED_EDGE('',*,*,#1203,.T.);
#1688=ORIENTED_EDGE('',*,*,#1204,.F.);
#1689=ORIENTED_EDGE('',*,*,#1112,.F.);
#1690=ORIENTED_EDGE('',*,*,#1205,.F.);
#1691=ORIENTED_EDGE('',*,*,#1206,.T.);
#1692=ORIENTED_EDGE('',*,*,#1207,.F.);
#1693=ORIENTED_EDGE('',*,*,#1120,.F.);
#1694=ORIENTED_EDGE('',*,*,#1208,.F.);
#1695=ORIENTED_EDGE('',*,*,#1209,.T.);
#1696=ORIENTED_EDGE('',*,*,#1210,.F.);
#1697=ORIENTED_EDGE('',*,*,#1128,.F.);
#1698=ORIENTED_EDGE('',*,*,#1211,.F.);
#1699=ORIENTED_EDGE('',*,*,#1212,.T.);
#1700=ORIENTED_EDGE('',*,*,#1213,.F.);
#1701=ORIENTED_EDGE('',*,*,#1214,.F.);
#1702=ORIENTED_EDGE('',*,*,#1215,.T.);
#1703=ORIENTED_EDGE('',*,*,#1216,.F.);
#1704=ORIENTED_EDGE('',*,*,#1136,.F.);
#1705=ORIENTED_EDGE('',*,*,#1217,.F.);
#1706=ORIENTED_EDGE('',*,*,#1142,.F.);
#1707=ORIENTED_EDGE('',*,*,#1218,.F.);
#1708=ORIENTED_EDGE('',*,*,#1219,.T.);
#1709=ORIENTED_EDGE('',*,*,#1130,.F.);
#1710=ORIENTED_EDGE('',*,*,#1220,.F.);
#1711=ORIENTED_EDGE('',*,*,#1221,.T.);
#1712=ORIENTED_EDGE('',*,*,#1222,.F.);
#1713=ORIENTED_EDGE('',*,*,#1122,.F.);
#1714=ORIENTED_EDGE('',*,*,#1223,.F.);
#1715=ORIENTED_EDGE('',*,*,#1224,.T.);
#1716=ORIENTED_EDGE('',*,*,#1225,.F.);
#1717=ORIENTED_EDGE('',*,*,#1118,.F.);
#1718=ORIENTED_EDGE('',*,*,#1226,.F.);
#1719=ORIENTED_EDGE('',*,*,#1227,.T.);
#1720=ORIENTED_EDGE('',*,*,#1228,.F.);
#1721=ORIENTED_EDGE('',*,*,#1124,.F.);
#1722=ORIENTED_EDGE('',*,*,#1229,.F.);
#1723=ORIENTED_EDGE('',*,*,#1230,.T.);
#1724=ORIENTED_EDGE('',*,*,#1231,.F.);
#1725=ORIENTED_EDGE('',*,*,#1106,.F.);
#1726=ORIENTED_EDGE('',*,*,#1232,.F.);
#1727=ORIENTED_EDGE('',*,*,#1233,.T.);
#1728=ORIENTED_EDGE('',*,*,#1234,.F.);
#1729=ORIENTED_EDGE('',*,*,#1108,.F.);
#1730=ORIENTED_EDGE('',*,*,#1235,.F.);
#1731=ORIENTED_EDGE('',*,*,#1236,.T.);
#1732=ORIENTED_EDGE('',*,*,#1237,.F.);
#1733=ORIENTED_EDGE('',*,*,#1110,.F.);
#1734=ORIENTED_EDGE('',*,*,#1238,.F.);
#1735=ORIENTED_EDGE('',*,*,#1239,.T.);
#1736=ORIENTED_EDGE('',*,*,#1240,.F.);
#1737=ORIENTED_EDGE('',*,*,#1134,.F.);
#1738=ORIENTED_EDGE('',*,*,#1241,.F.);
#1739=ORIENTED_EDGE('',*,*,#1242,.T.);
#1740=ORIENTED_EDGE('',*,*,#1243,.F.);
#1741=ORIENTED_EDGE('',*,*,#1244,.F.);
#1742=ORIENTED_EDGE('',*,*,#1245,.T.);
#1743=ORIENTED_EDGE('',*,*,#1246,.F.);
#1744=ORIENTED_EDGE('',*,*,#1138,.F.);
#1745=ORIENTED_EDGE('',*,*,#1247,.F.);
#1746=ORIENTED_EDGE('',*,*,#1140,.F.);
#1747=ORIENTED_EDGE('',*,*,#1248,.F.);
#1748=ORIENTED_EDGE('',*,*,#1249,.T.);
#1749=ORIENTED_EDGE('',*,*,#1132,.F.);
#1750=ORIENTED_EDGE('',*,*,#1250,.F.);
#1751=ORIENTED_EDGE('',*,*,#1251,.T.);
#1752=ORIENTED_EDGE('',*,*,#1252,.F.);
#1753=ORIENTED_EDGE('',*,*,#1114,.F.);
#1754=ORIENTED_EDGE('',*,*,#1253,.F.);
#1755=ORIENTED_EDGE('',*,*,#1254,.T.);
#1756=ORIENTED_EDGE('',*,*,#1255,.F.);
#1757=ORIENTED_EDGE('',*,*,#1116,.F.);
#1758=ORIENTED_EDGE('',*,*,#1256,.F.);
#1759=ORIENTED_EDGE('',*,*,#1257,.T.);
#1760=ORIENTED_EDGE('',*,*,#1258,.F.);
#1761=ORIENTED_EDGE('',*,*,#1126,.F.);
#1762=ORIENTED_EDGE('',*,*,#1259,.F.);
#1763=ORIENTED_EDGE('',*,*,#1260,.T.);
#1764=ORIENTED_EDGE('',*,*,#1261,.F.);
#1765=ORIENTED_EDGE('',*,*,#1213,.T.);
#1766=ORIENTED_EDGE('',*,*,#1262,.T.);
#1767=ORIENTED_EDGE('',*,*,#1220,.T.);
#1768=ORIENTED_EDGE('',*,*,#1129,.T.);
#1769=ORIENTED_EDGE('',*,*,#1210,.T.);
#1770=ORIENTED_EDGE('',*,*,#1263,.T.);
#1771=ORIENTED_EDGE('',*,*,#1223,.T.);
#1772=ORIENTED_EDGE('',*,*,#1121,.T.);
#1773=ORIENTED_EDGE('',*,*,#1205,.T.);
#1774=ORIENTED_EDGE('',*,*,#1119,.T.);
#1775=ORIENTED_EDGE('',*,*,#1228,.T.);
#1776=ORIENTED_EDGE('',*,*,#1264,.T.);
#1777=ORIENTED_EDGE('',*,*,#1225,.T.);
#1778=ORIENTED_EDGE('',*,*,#1265,.T.);
#1779=ORIENTED_EDGE('',*,*,#1229,.T.);
#1780=ORIENTED_EDGE('',*,*,#1123,.T.);
#1781=ORIENTED_EDGE('',*,*,#1204,.T.);
#1782=ORIENTED_EDGE('',*,*,#1266,.T.);
#1783=ORIENTED_EDGE('',*,*,#1232,.T.);
#1784=ORIENTED_EDGE('',*,*,#1105,.T.);
#1785=ORIENTED_EDGE('',*,*,#1234,.T.);
#1786=ORIENTED_EDGE('',*,*,#1267,.T.);
#1787=ORIENTED_EDGE('',*,*,#1235,.T.);
#1788=ORIENTED_EDGE('',*,*,#1107,.T.);
#1789=ORIENTED_EDGE('',*,*,#1202,.T.);
#1790=ORIENTED_EDGE('',*,*,#1111,.T.);
#1791=ORIENTED_EDGE('',*,*,#1240,.T.);
#1792=ORIENTED_EDGE('',*,*,#1268,.T.);
#1793=ORIENTED_EDGE('',*,*,#1237,.T.);
#1794=ORIENTED_EDGE('',*,*,#1269,.T.);
#1795=ORIENTED_EDGE('',*,*,#1238,.T.);
#1796=ORIENTED_EDGE('',*,*,#1109,.T.);
#1797=ORIENTED_EDGE('',*,*,#1211,.T.);
#1798=ORIENTED_EDGE('',*,*,#1135,.T.);
#1799=ORIENTED_EDGE('',*,*,#1243,.T.);
#1800=ORIENTED_EDGE('',*,*,#1270,.T.);
#1801=ORIENTED_EDGE('',*,*,#1241,.T.);
#1802=ORIENTED_EDGE('',*,*,#1133,.T.);
#1803=ORIENTED_EDGE('',*,*,#1252,.T.);
#1804=ORIENTED_EDGE('',*,*,#1271,.T.);
#1805=ORIENTED_EDGE('',*,*,#1222,.T.);
#1806=ORIENTED_EDGE('',*,*,#1272,.T.);
#1807=ORIENTED_EDGE('',*,*,#1250,.T.);
#1808=ORIENTED_EDGE('',*,*,#1131,.T.);
#1809=ORIENTED_EDGE('',*,*,#1207,.T.);
#1810=ORIENTED_EDGE('',*,*,#1273,.T.);
#1811=ORIENTED_EDGE('',*,*,#1253,.T.);
#1812=ORIENTED_EDGE('',*,*,#1113,.T.);
#1813=ORIENTED_EDGE('',*,*,#1226,.T.);
#1814=ORIENTED_EDGE('',*,*,#1117,.T.);
#1815=ORIENTED_EDGE('',*,*,#1258,.T.);
#1816=ORIENTED_EDGE('',*,*,#1274,.T.);
#1817=ORIENTED_EDGE('',*,*,#1255,.T.);
#1818=ORIENTED_EDGE('',*,*,#1275,.T.);
#1819=ORIENTED_EDGE('',*,*,#1256,.T.);
#1820=ORIENTED_EDGE('',*,*,#1115,.T.);
#1821=ORIENTED_EDGE('',*,*,#1208,.T.);
#1822=ORIENTED_EDGE('',*,*,#1127,.T.);
#1823=ORIENTED_EDGE('',*,*,#1261,.T.);
#1824=ORIENTED_EDGE('',*,*,#1276,.T.);
#1825=ORIENTED_EDGE('',*,*,#1231,.T.);
#1826=ORIENTED_EDGE('',*,*,#1277,.T.);
#1827=ORIENTED_EDGE('',*,*,#1259,.T.);
#1828=ORIENTED_EDGE('',*,*,#1125,.T.);
#1829=ORIENTED_EDGE('',*,*,#1201,.F.);
#1830=ORIENTED_EDGE('',*,*,#1278,.T.);
#1831=ORIENTED_EDGE('',*,*,#1144,.F.);
#1832=ORIENTED_EDGE('',*,*,#1278,.F.);
#1833=ORIENTED_EDGE('',*,*,#1214,.T.);
#1834=ORIENTED_EDGE('',*,*,#1143,.T.);
#1835=ORIENTED_EDGE('',*,*,#1217,.T.);
#1836=ORIENTED_EDGE('',*,*,#1279,.T.);
#1837=ORIENTED_EDGE('',*,*,#1216,.T.);
#1838=ORIENTED_EDGE('',*,*,#1280,.T.);
#1839=ORIENTED_EDGE('',*,*,#1244,.T.);
#1840=ORIENTED_EDGE('',*,*,#1137,.T.);
#1841=ORIENTED_EDGE('',*,*,#1263,.F.);
#1842=ORIENTED_EDGE('',*,*,#1209,.F.);
#1843=ORIENTED_EDGE('',*,*,#1276,.F.);
#1844=ORIENTED_EDGE('',*,*,#1260,.F.);
#1845=ORIENTED_EDGE('',*,*,#1277,.F.);
#1846=ORIENTED_EDGE('',*,*,#1230,.F.);
#1847=ORIENTED_EDGE('',*,*,#1265,.F.);
#1848=ORIENTED_EDGE('',*,*,#1224,.F.);
#1849=ORIENTED_EDGE('',*,*,#1269,.F.);
#1850=ORIENTED_EDGE('',*,*,#1236,.F.);
#1851=ORIENTED_EDGE('',*,*,#1267,.F.);
#1852=ORIENTED_EDGE('',*,*,#1233,.F.);
#1853=ORIENTED_EDGE('',*,*,#1266,.F.);
#1854=ORIENTED_EDGE('',*,*,#1203,.F.);
#1855=ORIENTED_EDGE('',*,*,#1268,.F.);
#1856=ORIENTED_EDGE('',*,*,#1239,.F.);
#1857=ORIENTED_EDGE('',*,*,#1272,.F.);
#1858=ORIENTED_EDGE('',*,*,#1221,.F.);
#1859=ORIENTED_EDGE('',*,*,#1262,.F.);
#1860=ORIENTED_EDGE('',*,*,#1212,.F.);
#1861=ORIENTED_EDGE('',*,*,#1270,.F.);
#1862=ORIENTED_EDGE('',*,*,#1242,.F.);
#1863=ORIENTED_EDGE('',*,*,#1271,.F.);
#1864=ORIENTED_EDGE('',*,*,#1251,.F.);
#1865=ORIENTED_EDGE('',*,*,#1275,.F.);
#1866=ORIENTED_EDGE('',*,*,#1254,.F.);
#1867=ORIENTED_EDGE('',*,*,#1273,.F.);
#1868=ORIENTED_EDGE('',*,*,#1206,.F.);
#1869=ORIENTED_EDGE('',*,*,#1264,.F.);
#1870=ORIENTED_EDGE('',*,*,#1227,.F.);
#1871=ORIENTED_EDGE('',*,*,#1274,.F.);
#1872=ORIENTED_EDGE('',*,*,#1257,.F.);
#1873=ORIENTED_EDGE('',*,*,#1218,.T.);
#1874=ORIENTED_EDGE('',*,*,#1141,.T.);
#1875=ORIENTED_EDGE('',*,*,#1247,.T.);
#1876=ORIENTED_EDGE('',*,*,#1281,.T.);
#1877=ORIENTED_EDGE('',*,*,#1246,.T.);
#1878=ORIENTED_EDGE('',*,*,#1282,.T.);
#1879=ORIENTED_EDGE('',*,*,#1248,.T.);
#1880=ORIENTED_EDGE('',*,*,#1139,.T.);
#1881=ORIENTED_EDGE('',*,*,#1279,.F.);
#1882=ORIENTED_EDGE('',*,*,#1219,.F.);
#1883=ORIENTED_EDGE('',*,*,#1281,.F.);
#1884=ORIENTED_EDGE('',*,*,#1249,.F.);
#1885=ORIENTED_EDGE('',*,*,#1282,.F.);
#1886=ORIENTED_EDGE('',*,*,#1245,.F.);
#1887=ORIENTED_EDGE('',*,*,#1280,.F.);
#1888=ORIENTED_EDGE('',*,*,#1215,.F.);
#1889=B_SPLINE_SURFACE_WITH_KNOTS('',3,3,((#2848,#2849,#2850,#2851),(#2852,
#2853,#2854,#2855),(#2856,#2857,#2858,#2859),(#2860,#2861,#2862,#2863),
(#2864,#2865,#2866,#2867)),.UNSPECIFIED.,.F.,.F.,.F.,(4,1,4),(4,4),(0.,
0.5,1.),(0.132441564553504,0.228743009329724),.UNSPECIFIED.);
#1890=B_SPLINE_SURFACE_WITH_KNOTS('',3,3,((#2882,#2883,#2884,#2885,#2886,
#2887),(#2888,#2889,#2890,#2891,#2892,#2893),(#2894,#2895,#2896,#2897,#2898,
#2899),(#2900,#2901,#2902,#2903,#2904,#2905),(#2906,#2907,#2908,#2909,#2910,
#2911)),.UNSPECIFIED.,.F.,.F.,.F.,(4,1,4),(4,1,1,4),(0.,0.5,1.),(7.46432989970655E-17,
0.210435589908904,0.420871179817808,0.736524564681164),.UNSPECIFIED.);
#1891=B_SPLINE_SURFACE_WITH_KNOTS('',3,3,((#2927,#2928,#2929,#2930),(#2931,
#2932,#2933,#2934),(#2935,#2936,#2937,#2938),(#2939,#2940,#2941,#2942),
(#2943,#2944,#2945,#2946)),.UNSPECIFIED.,.F.,.F.,.F.,(4,1,4),(4,4),(0.,
0.5,1.),(0.966145572393052,1.14837577729492),.UNSPECIFIED.);
#1892=B_SPLINE_SURFACE_WITH_KNOTS('',3,3,((#2958,#2959,#2960,#2961),(#2962,
#2963,#2964,#2965),(#2966,#2967,#2968,#2969),(#2970,#2971,#2972,#2973),
(#2974,#2975,#2976,#2977)),.UNSPECIFIED.,.F.,.F.,.F.,(4,1,4),(4,4),(0.,
0.5,1.),(0.,0.0465186485390768),.UNSPECIFIED.);
#1893=B_SPLINE_SURFACE_WITH_KNOTS('',3,3,((#2995,#2996,#2997,#2998,#2999,
#3000),(#3001,#3002,#3003,#3004,#3005,#3006),(#3007,#3008,#3009,#3010,#3011,
#3012),(#3013,#3014,#3015,#3016,#3017,#3018)),.UNSPECIFIED.,.F.,.F.,.F.,
(4,4),(4,2,4),(0.,1.),(-0.0016740666310267,0.,0.495176426420932),
 .UNSPECIFIED.);
#1894=B_SPLINE_SURFACE_WITH_KNOTS('',3,3,((#3035,#3036,#3037,#3038),(#3039,
#3040,#3041,#3042),(#3043,#3044,#3045,#3046),(#3047,#3048,#3049,#3050),
(#3051,#3052,#3053,#3054)),.UNSPECIFIED.,.F.,.F.,.F.,(4,1,4),(4,4),(0.,
0.571428571428571,1.),(4.90002475071918E-16,0.123964298963529),
 .UNSPECIFIED.);
#1895=B_SPLINE_SURFACE_WITH_KNOTS('',3,3,((#3066,#3067,#3068,#3069),(#3070,
#3071,#3072,#3073),(#3074,#3075,#3076,#3077),(#3078,#3079,#3080,#3081),
(#3082,#3083,#3084,#3085)),.UNSPECIFIED.,.F.,.F.,.F.,(4,1,4),(4,4),(0.,
0.5,1.),(5.85222081872879E-14,0.112901964876661),.UNSPECIFIED.);
#1896=B_SPLINE_SURFACE_WITH_KNOTS('',3,3,((#3097,#3098,#3099,#3100),(#3101,
#3102,#3103,#3104),(#3105,#3106,#3107,#3108),(#3109,#3110,#3111,#3112),
(#3113,#3114,#3115,#3116)),.UNSPECIFIED.,.F.,.F.,.F.,(4,1,4),(4,4),(0.,
0.5,1.),(0.,0.243759858543402),.UNSPECIFIED.);
#1897=B_SPLINE_SURFACE_WITH_KNOTS('',3,3,((#3125,#3126,#3127,#3128),(#3129,
#3130,#3131,#3132),(#3133,#3134,#3135,#3136),(#3137,#3138,#3139,#3140),
(#3141,#3142,#3143,#3144),(#3145,#3146,#3147,#3148)),.UNSPECIFIED.,.F.,
 .F.,.F.,(4,1,1,4),(4,4),(0.,0.285714285714286,0.571428571428571,1.),(2.63531923942635E-13,
0.132456128822999),.UNSPECIFIED.);
#1898=B_SPLINE_SURFACE_WITH_KNOTS('',3,3,((#3166,#3167,#3168,#3169),(#3170,
#3171,#3172,#3173),(#3174,#3175,#3176,#3177),(#3178,#3179,#3180,#3181)),
 .UNSPECIFIED.,.F.,.F.,.F.,(4,4),(4,4),(0.,1.),(0.116208081705628,0.12396429896353),
 .UNSPECIFIED.);
#1899=B_SPLINE_SURFACE_WITH_KNOTS('',3,3,((#3196,#3197,#3198,#3199,#3200,
#3201),(#3202,#3203,#3204,#3205,#3206,#3207),(#3208,#3209,#3210,#3211,#3212,
#3213),(#3214,#3215,#3216,#3217,#3218,#3219)),.UNSPECIFIED.,.F.,.F.,.F.,
(4,4),(4,2,4),(0.,1.),(1.69500280561512E-15,0.495176426420932,0.496850493051959),
 .UNSPECIFIED.);
#1900=B_SPLINE_SURFACE_WITH_KNOTS('',3,3,((#3233,#3234,#3235,#3236),(#3237,
#3238,#3239,#3240),(#3241,#3242,#3243,#3244),(#3245,#3246,#3247,#3248),
(#3249,#3250,#3251,#3252)),.UNSPECIFIED.,.F.,.F.,.F.,(4,1,4),(4,4),(0.,
0.5,1.),(0.254212433888925,0.370256656987647),.UNSPECIFIED.);
#1901=B_SPLINE_SURFACE_WITH_KNOTS('',3,3,((#3264,#3265,#3266,#3267),(#3268,
#3269,#3270,#3271),(#3272,#3273,#3274,#3275),(#3276,#3277,#3278,#3279),
(#3280,#3281,#3282,#3283),(#3284,#3285,#3286,#3287)),.UNSPECIFIED.,.F.,
 .F.,.F.,(4,1,1,4),(4,4),(0.,0.285714285714286,0.571428571428571,1.),(2.12058556547534E-16,
0.385361885239445),.UNSPECIFIED.);
#1902=B_SPLINE_SURFACE_WITH_KNOTS('',3,3,((#3313,#3314,#3315,#3316,#3317,
#3318,#3319),(#3320,#3321,#3322,#3323,#3324,#3325,#3326),(#3327,#3328,#3329,
#3330,#3331,#3332,#3333),(#3334,#3335,#3336,#3337,#3338,#3339,#3340),(#3341,
#3342,#3343,#3344,#3345,#3346,#3347)),.UNSPECIFIED.,.F.,.F.,.F.,(4,1,4),
(4,1,1,1,4),(0.,0.571428571428571,1.),(7.73791805041668E-18,0.103219377563394,
0.309658132690181,0.516096887816968,0.722535642943756),.UNSPECIFIED.);
#1903=B_SPLINE_SURFACE_WITH_KNOTS('',3,1,((#3367,#3368),(#3369,#3370),(#3371,
#3372),(#3373,#3374),(#3375,#3376),(#3377,#3378),(#3379,#3380),(#3381,#3382),
(#3383,#3384),(#3385,#3386),(#3387,#3388),(#3389,#3390),(#3391,#3392),(#3393,
#3394),(#3395,#3396),(#3397,#3398)),.UNSPECIFIED.,.F.,.F.,.F.,(4,3,3,3,
3,4),(2,2),(0.814274778736197,0.92674307670298,1.01769357647114,1.16298135389664,
1.29067696548764,1.35679189674435),(-0.0749999999999995,0.25),
 .UNSPECIFIED.);
#1904=B_SPLINE_SURFACE_WITH_KNOTS('',3,1,((#3400,#3401),(#3402,#3403),(#3404,
#3405),(#3406,#3407),(#3408,#3409),(#3410,#3411),(#3412,#3413),(#3414,#3415),
(#3416,#3417),(#3418,#3419),(#3420,#3421),(#3422,#3423),(#3424,#3425),(#3426,
#3427),(#3428,#3429),(#3430,#3431)),.UNSPECIFIED.,.F.,.F.,.F.,(4,3,3,3,
3,4),(2,2),(0.814274778736197,0.92674307670298,1.01769357647114,1.16298135389664,
1.29067696548764,1.35679189674435),(-0.0749999999999995,0.25),
 .UNSPECIFIED.);
#1905=B_SPLINE_SURFACE_WITH_KNOTS('',3,3,((#3731,#3732,#3733,#3734,#3735,
#3736),(#3737,#3738,#3739,#3740,#3741,#3742),(#3743,#3744,#3745,#3746,#3747,
#3748),(#3749,#3750,#3751,#3752,#3753,#3754),(#3755,#3756,#3757,#3758,#3759,
#3760),(#3761,#3762,#3763,#3764,#3765,#3766),(#3767,#3768,#3769,#3770,#3771,
#3772)),.UNSPECIFIED.,.F.,.F.,.F.,(4,1,1,1,4),(4,1,1,4),(0.,0.285714285714286,
0.571428571428571,0.785714285714286,1.),(0.,0.149644045064051,0.299288090128103,
0.52375415772418),.UNSPECIFIED.);
#1906=B_SPLINE_SURFACE_WITH_KNOTS('',3,3,((#3818,#3819,#3820,#3821,#3822,
#3823,#3824,#3825,#3826,#3827),(#3828,#3829,#3830,#3831,#3832,#3833,#3834,
#3835,#3836,#3837),(#3838,#3839,#3840,#3841,#3842,#3843,#3844,#3845,#3846,
#3847),(#3848,#3849,#3850,#3851,#3852,#3853,#3854,#3855,#3856,#3857),(#3858,
#3859,#3860,#3861,#3862,#3863,#3864,#3865,#3866,#3867),(#3868,#3869,#3870,
#3871,#3872,#3873,#3874,#3875,#3876,#3877),(#3878,#3879,#3880,#3881,#3882,
#3883,#3884,#3885,#3886,#3887)),.UNSPECIFIED.,.F.,.F.,.F.,(4,1,1,1,4),(4,
1,1,1,1,1,1,4),(0.,0.285714285714286,0.571428571428571,0.785714285714286,
1.),(-1.42499345656688E-11,0.0475269218410939,0.0950538436964378,0.142580765551782,
0.190107687407125,0.237634609262469,0.285161531117813,0.332688452973157),
 .UNSPECIFIED.);
#1907=B_SPLINE_SURFACE_WITH_KNOTS('',3,3,((#3927,#3928,#3929,#3930,#3931,
#3932,#3933),(#3934,#3935,#3936,#3937,#3938,#3939,#3940),(#3941,#3942,#3943,
#3944,#3945,#3946,#3947),(#3948,#3949,#3950,#3951,#3952,#3953,#3954),(#3955,
#3956,#3957,#3958,#3959,#3960,#3961),(#3962,#3963,#3964,#3965,#3966,#3967,
#3968),(#3969,#3970,#3971,#3972,#3973,#3974,#3975)),.UNSPECIFIED.,.F.,.F.,
 .F.,(4,1,1,1,4),(4,1,1,1,4),(0.,0.285714285714286,0.571428571428571,0.785714285714286,
1.),(0.,0.112234030342334,0.224468060684668,0.374113434474447,0.523758808264226),
 .UNSPECIFIED.);
#1908=B_SPLINE_SURFACE_WITH_KNOTS('',3,3,((#4051,#4052,#4053,#4054,#4055,
#4056),(#4057,#4058,#4059,#4060,#4061,#4062),(#4063,#4064,#4065,#4066,#4067,
#4068),(#4069,#4070,#4071,#4072,#4073,#4074),(#4075,#4076,#4077,#4078,#4079,
#4080),(#4081,#4082,#4083,#4084,#4085,#4086),(#4087,#4088,#4089,#4090,#4091,
#4092)),.UNSPECIFIED.,.F.,.F.,.F.,(4,1,1,1,4),(4,1,1,4),(0.,0.285714285714286,
0.571428571428571,0.785714285714286,1.),(0.,0.149644032779426,0.299288065558853,
0.523754114727992),.UNSPECIFIED.);
#1909=B_SPLINE_SURFACE_WITH_KNOTS('',3,3,((#4109,#4110,#4111,#4112,#4113,
#4114,#4115,#4116,#4117,#4118),(#4119,#4120,#4121,#4122,#4123,#4124,#4125,
#4126,#4127,#4128),(#4129,#4130,#4131,#4132,#4133,#4134,#4135,#4136,#4137,
#4138),(#4139,#4140,#4141,#4142,#4143,#4144,#4145,#4146,#4147,#4148),(#4149,
#4150,#4151,#4152,#4153,#4154,#4155,#4156,#4157,#4158),(#4159,#4160,#4161,
#4162,#4163,#4164,#4165,#4166,#4167,#4168),(#4169,#4170,#4171,#4172,#4173,
#4174,#4175,#4176,#4177,#4178)),.UNSPECIFIED.,.F.,.F.,.F.,(4,1,1,1,4),(4,
1,1,1,1,1,1,4),(0.,0.285714285714286,0.571428571428571,0.785714285714286,
1.),(0.948296370072109,0.99582329199562,1.04335021391913,1.09087713584264,
1.13840405776615,1.18593097968966,1.23345790161317,1.28098482353669),
 .UNSPECIFIED.);
#1910=B_SPLINE_SURFACE_WITH_KNOTS('',3,3,((#4207,#4208,#4209,#4210,#4211,
#4212,#4213),(#4214,#4215,#4216,#4217,#4218,#4219,#4220),(#4221,#4222,#4223,
#4224,#4225,#4226,#4227),(#4228,#4229,#4230,#4231,#4232,#4233,#4234),(#4235,
#4236,#4237,#4238,#4239,#4240,#4241),(#4242,#4243,#4244,#4245,#4246,#4247,
#4248),(#4249,#4250,#4251,#4252,#4253,#4254,#4255)),.UNSPECIFIED.,.F.,.F.,
 .F.,(4,1,1,1,4),(4,1,1,1,4),(0.,0.285714285714286,0.571428571428571,0.785714285714286,
1.),(0.,0.112234029826287,0.224468059652575,0.374113432754292,0.523758805856008),
 .UNSPECIFIED.);
#1911=ADVANCED_FACE('',(#354),#1889,.F.);
#1912=ADVANCED_FACE('',(#355),#1890,.F.);
#1913=ADVANCED_FACE('',(#356),#1891,.F.);
#1914=ADVANCED_FACE('',(#357),#1892,.F.);
#1915=ADVANCED_FACE('',(#358),#339,.T.);
#1916=ADVANCED_FACE('',(#359),#1893,.F.);
#1917=ADVANCED_FACE('',(#360),#1894,.F.);
#1918=ADVANCED_FACE('',(#361),#1895,.F.);
#1919=ADVANCED_FACE('',(#362),#1896,.F.);
#1920=ADVANCED_FACE('',(#363),#1897,.F.);
#1921=ADVANCED_FACE('',(#364),#340,.T.);
#1922=ADVANCED_FACE('',(#365),#1898,.F.);
#1923=ADVANCED_FACE('',(#366),#1899,.F.);
#1924=ADVANCED_FACE('',(#367),#1900,.F.);
#1925=ADVANCED_FACE('',(#368),#1901,.F.);
#1926=ADVANCED_FACE('',(#369),#302,.F.);
#1927=ADVANCED_FACE('',(#370),#32,.F.);
#1928=ADVANCED_FACE('',(#371),#341,.T.);
#1929=ADVANCED_FACE('',(#372),#1902,.T.);
#1930=ADVANCED_FACE('',(#373),#1903,.F.);
#1931=ADVANCED_FACE('',(#374),#1904,.F.);
#1932=ADVANCED_FACE('',(#375),#33,.F.);
#1933=ADVANCED_FACE('',(#376),#303,.F.);
#1934=ADVANCED_FACE('',(#377),#304,.F.);
#1935=ADVANCED_FACE('',(#378),#342,.T.);
#1936=ADVANCED_FACE('',(#379),#343,.F.);
#1937=ADVANCED_FACE('',(#380),#305,.F.);
#1938=ADVANCED_FACE('',(#381),#344,.F.);
#1939=ADVANCED_FACE('',(#382),#306,.T.);
#1940=ADVANCED_FACE('',(#383),#34,.F.);
#1941=ADVANCED_FACE('',(#384),#35,.F.);
#1942=ADVANCED_FACE('',(#385),#307,.F.);
#1943=ADVANCED_FACE('',(#386),#36,.F.);
#1944=ADVANCED_FACE('',(#387),#308,.F.);
#1945=ADVANCED_FACE('',(#388),#345,.T.);
#1946=ADVANCED_FACE('',(#389),#37,.F.);
#1947=ADVANCED_FACE('',(#390),#309,.F.);
#1948=ADVANCED_FACE('',(#391),#38,.F.);
#1949=ADVANCED_FACE('',(#392),#346,.T.);
#1950=ADVANCED_FACE('',(#393),#27,.T.);
#1951=ADVANCED_FACE('',(#394,#15),#39,.F.);
#1952=ADVANCED_FACE('',(#395),#40,.T.);
#1953=ADVANCED_FACE('',(#396),#310,.T.);
#1954=ADVANCED_FACE('',(#397),#311,.T.);
#1955=ADVANCED_FACE('',(#398),#28,.T.);
#1956=ADVANCED_FACE('',(#399),#29,.F.);
#1957=ADVANCED_FACE('',(#400,#16,#17,#18,#19,#20,#21,#22,#23),#41,.T.);
#1958=ADVANCED_FACE('',(#401),#312,.F.);
#1959=ADVANCED_FACE('',(#402),#30,.F.);
#1960=ADVANCED_FACE('',(#403),#313,.F.);
#1961=ADVANCED_FACE('',(#404),#1905,.T.);
#1962=ADVANCED_FACE('',(#405),#347,.F.);
#1963=ADVANCED_FACE('',(#406),#1906,.T.);
#1964=ADVANCED_FACE('',(#407),#1907,.T.);
#1965=ADVANCED_FACE('',(#408),#348,.T.);
#1966=ADVANCED_FACE('',(#409),#349,.F.);
#1967=ADVANCED_FACE('',(#410),#42,.T.);
#1968=ADVANCED_FACE('',(#411),#350,.F.);
#1969=ADVANCED_FACE('',(#412),#1908,.T.);
#1970=ADVANCED_FACE('',(#413),#351,.F.);
#1971=ADVANCED_FACE('',(#414),#1909,.T.);
#1972=ADVANCED_FACE('',(#415),#1910,.T.);
#1973=ADVANCED_FACE('',(#416,#24),#43,.T.);
#1974=ADVANCED_FACE('',(#417,#25),#44,.T.);
#1975=ADVANCED_FACE('',(#418),#314,.T.);
#1976=ADVANCED_FACE('',(#419),#352,.F.);
#1977=ADVANCED_FACE('',(#420),#45,.T.);
#1978=ADVANCED_FACE('',(#421),#315,.T.);
#1979=ADVANCED_FACE('',(#422),#316,.T.);
#1980=ADVANCED_FACE('',(#423),#317,.F.);
#1981=ADVANCED_FACE('',(#424),#353,.T.);
#1982=ADVANCED_FACE('',(#425,#26),#46,.F.);
#1983=ADVANCED_FACE('',(#426),#318,.F.);
#1984=ADVANCED_FACE('',(#427),#319,.F.);
#1985=ADVANCED_FACE('',(#428),#320,.F.);
#1986=ADVANCED_FACE('',(#429),#321,.F.);
#1987=ADVANCED_FACE('',(#430),#322,.F.);
#1988=ADVANCED_FACE('',(#431),#323,.F.);
#1989=ADVANCED_FACE('',(#432),#324,.F.);
#1990=ADVANCED_FACE('',(#433),#325,.F.);
#1991=ADVANCED_FACE('',(#434),#326,.F.);
#1992=ADVANCED_FACE('',(#435),#327,.F.);
#1993=ADVANCED_FACE('',(#436),#328,.F.);
#1994=ADVANCED_FACE('',(#437),#329,.F.);
#1995=ADVANCED_FACE('',(#438),#330,.F.);
#1996=ADVANCED_FACE('',(#439),#331,.F.);
#1997=ADVANCED_FACE('',(#440),#332,.F.);
#1998=ADVANCED_FACE('',(#441),#333,.F.);
#1999=ADVANCED_FACE('',(#442),#334,.F.);
#2000=ADVANCED_FACE('',(#443),#335,.F.);
#2001=ADVANCED_FACE('',(#444),#336,.F.);
#2002=ADVANCED_FACE('',(#445),#337,.F.);
#2003=ADVANCED_FACE('',(#446),#47,.T.);
#2004=ADVANCED_FACE('',(#447),#48,.T.);
#2005=ADVANCED_FACE('',(#448),#49,.T.);
#2006=ADVANCED_FACE('',(#449),#50,.T.);
#2007=ADVANCED_FACE('',(#450),#51,.T.);
#2008=ADVANCED_FACE('',(#451),#52,.T.);
#2009=ADVANCED_FACE('',(#452),#53,.T.);
#2010=ADVANCED_FACE('',(#453),#54,.T.);
#2011=ADVANCED_FACE('',(#454),#55,.T.);
#2012=ADVANCED_FACE('',(#455),#56,.T.);
#2013=ADVANCED_FACE('',(#456),#57,.T.);
#2014=ADVANCED_FACE('',(#457),#58,.T.);
#2015=ADVANCED_FACE('',(#458),#59,.T.);
#2016=ADVANCED_FACE('',(#459),#60,.T.);
#2017=ADVANCED_FACE('',(#460),#61,.T.);
#2018=ADVANCED_FACE('',(#461),#62,.T.);
#2019=ADVANCED_FACE('',(#462),#338,.F.);
#2020=ADVANCED_FACE('',(#463),#63,.T.);
#2021=ADVANCED_FACE('',(#464),#64,.T.);
#2022=ADVANCED_FACE('',(#465),#65,.T.);
#2023=ADVANCED_FACE('',(#466),#66,.T.);
#2024=ADVANCED_FACE('',(#467),#67,.T.);
#2025=ADVANCED_FACE('',(#468),#68,.T.);
#2026=ADVANCED_FACE('',(#469),#69,.T.);
#2027=ADVANCED_FACE('',(#470),#70,.T.);
#2028=ADVANCED_FACE('',(#471),#71,.T.);
#2029=CLOSED_SHELL('',(#1911,#1912,#1913,#1914,#1915,#1916,#1917,#1918,
#1919,#1920,#1921,#1922,#1923,#1924,#1925,#1926,#1927,#1928,#1929,#1930,
#1931,#1932,#1933,#1934,#1935,#1936,#1937,#1938,#1939,#1940,#1941,#1942,
#1943,#1944,#1945,#1946,#1947,#1948,#1949,#1950,#1951,#1952,#1953,#1954,
#1955,#1956,#1957,#1958,#1959,#1960,#1961,#1962,#1963,#1964,#1965,#1966,
#1967,#1968,#1969,#1970,#1971,#1972,#1973,#1974,#1975,#1976,#1977,#1978,
#1979,#1980,#1981,#1982,#1983,#1984,#1985,#1986,#1987,#1988,#1989,#1990,
#1991,#1992,#1993,#1994,#1995,#1996,#1997,#1998,#1999,#2000,#2001,#2002,
#2003,#2004,#2005,#2006,#2007,#2008,#2009,#2010,#2011,#2012,#2013,#2014,
#2015,#2016,#2017,#2018,#2019,#2020,#2021,#2022,#2023,#2024,#2025,#2026,
#2027,#2028));
#2030=DERIVED_UNIT_ELEMENT(#2032,1.);
#2031=DERIVED_UNIT_ELEMENT(#4460,-3.);
#2032=(
MASS_UNIT()
NAMED_UNIT(*)
SI_UNIT(.KILO.,.GRAM.)
);
#2033=DERIVED_UNIT((#2030,#2031));
#2034=MEASURE_REPRESENTATION_ITEM('density measure',
POSITIVE_RATIO_MEASURE(1320.),#2033);
#2035=PROPERTY_DEFINITION_REPRESENTATION(#2040,#2037);
#2036=PROPERTY_DEFINITION_REPRESENTATION(#2041,#2038);
#2037=REPRESENTATION('material name',(#2039),#4457);
#2038=REPRESENTATION('density',(#2034),#4457);
#2039=DESCRIPTIVE_REPRESENTATION_ITEM('PEEK','PEEK');
#2040=PROPERTY_DEFINITION('material property','material name',#4467);
#2041=PROPERTY_DEFINITION('material property','density of part',#4467);
#2042=AXIS2_PLACEMENT_3D('',#2847,#2272,#2273);
#2043=AXIS2_PLACEMENT_3D('',#2870,#2274,#2275);
#2044=AXIS2_PLACEMENT_3D('',#2877,#2276,#2277);
#2045=AXIS2_PLACEMENT_3D('',#2914,#2278,#2279);
#2046=AXIS2_PLACEMENT_3D('',#2953,#2280,#2281);
#2047=AXIS2_PLACEMENT_3D('',#2984,#2282,#2283);
#2048=AXIS2_PLACEMENT_3D('',#2989,#2284,#2285);
#2049=AXIS2_PLACEMENT_3D('',#2992,#2286,#2287);
#2050=AXIS2_PLACEMENT_3D('',#2993,#2288,#2289);
#2051=AXIS2_PLACEMENT_3D('',#2994,#2290,#2291);
#2052=AXIS2_PLACEMENT_3D('',#3021,#2292,#2293);
#2053=AXIS2_PLACEMENT_3D('',#3057,#2294,#2295);
#2054=AXIS2_PLACEMENT_3D('',#3088,#2296,#2297);
#2055=AXIS2_PLACEMENT_3D('',#3151,#2298,#2299);
#2056=AXIS2_PLACEMENT_3D('',#3160,#2300,#2301);
#2057=AXIS2_PLACEMENT_3D('',#3163,#2302,#2303);
#2058=AXIS2_PLACEMENT_3D('',#3164,#2304,#2305);
#2059=AXIS2_PLACEMENT_3D('',#3165,#2306,#2307);
#2060=AXIS2_PLACEMENT_3D('',#3184,#2308,#2309);
#2061=AXIS2_PLACEMENT_3D('',#3191,#2310,#2311);
#2062=AXIS2_PLACEMENT_3D('',#3255,#2312,#2313);
#2063=AXIS2_PLACEMENT_3D('',#3296,#2314,#2315);
#2064=AXIS2_PLACEMENT_3D('',#3300,#2317,#2318);
#2065=AXIS2_PLACEMENT_3D('',#3303,#2320,#2321);
#2066=AXIS2_PLACEMENT_3D('',#3304,#2322,#2323);
#2067=AXIS2_PLACEMENT_3D('',#3306,#2325,#2326);
#2068=AXIS2_PLACEMENT_3D('',#3308,#2327,#2328);
#2069=AXIS2_PLACEMENT_3D('',#3310,#2329,#2330);
#2070=AXIS2_PLACEMENT_3D('',#3311,#2331,#2332);
#2071=AXIS2_PLACEMENT_3D('',#3312,#2333,#2334);
#2072=AXIS2_PLACEMENT_3D('',#3354,#2335,#2336);
#2073=AXIS2_PLACEMENT_3D('',#3432,#2338,#2339);
#2074=AXIS2_PLACEMENT_3D('',#3434,#2341,#2342);
#2075=AXIS2_PLACEMENT_3D('',#3436,#2343,#2344);
#2076=AXIS2_PLACEMENT_3D('',#3438,#2346,#2347);
#2077=AXIS2_PLACEMENT_3D('',#3440,#2348,#2349);
#2078=AXIS2_PLACEMENT_3D('',#3442,#2351,#2352);
#2079=AXIS2_PLACEMENT_3D('',#3444,#2353,#2354);
#2080=AXIS2_PLACEMENT_3D('',#3446,#2355,#2356);
#2081=AXIS2_PLACEMENT_3D('',#3447,#2357,#2358);
#2082=AXIS2_PLACEMENT_3D('',#3448,#2359,#2360);
#2083=AXIS2_PLACEMENT_3D('',#3449,#2361,#2362);
#2084=AXIS2_PLACEMENT_3D('',#3450,#2363,#2364);
#2085=AXIS2_PLACEMENT_3D('',#3451,#2365,#2366);
#2086=AXIS2_PLACEMENT_3D('',#3454,#2368,#2369);
#2087=AXIS2_PLACEMENT_3D('',#3455,#2370,#2371);
#2088=AXIS2_PLACEMENT_3D('',#3456,#2372,#2373);
#2089=AXIS2_PLACEMENT_3D('',#3457,#2374,#2375);
#2090=AXIS2_PLACEMENT_3D('',#3462,#2378,#2379);
#2091=AXIS2_PLACEMENT_3D('',#3483,#2380,#2381);
#2092=AXIS2_PLACEMENT_3D('',#3485,#2383,#2384);
#2093=AXIS2_PLACEMENT_3D('',#3489,#2386,#2387);
#2094=AXIS2_PLACEMENT_3D('',#3491,#2389,#2390);
#2095=AXIS2_PLACEMENT_3D('',#3495,#2392,#2393);
#2096=AXIS2_PLACEMENT_3D('',#3497,#2395,#2396);
#2097=AXIS2_PLACEMENT_3D('',#3510,#2398,#2399);
#2098=AXIS2_PLACEMENT_3D('',#3519,#2400,#2401);
#2099=AXIS2_PLACEMENT_3D('',#3522,#2403,#2404);
#2100=AXIS2_PLACEMENT_3D('',#3523,#2405,#2406);
#2101=AXIS2_PLACEMENT_3D('',#3543,#2407,#2408);
#2102=AXIS2_PLACEMENT_3D('',#3562,#2409,#2410);
#2103=AXIS2_PLACEMENT_3D('',#3579,#2411,#2412);
#2104=AXIS2_PLACEMENT_3D('',#3580,#2413,#2414);
#2105=AXIS2_PLACEMENT_3D('',#3587,#2419,#2420);
#2106=AXIS2_PLACEMENT_3D('',#3589,#2421,#2422);
#2107=AXIS2_PLACEMENT_3D('',#3592,#2424,#2425);
#2108=AXIS2_PLACEMENT_3D('',#3594,#2426,#2427);
#2109=AXIS2_PLACEMENT_3D('',#3596,#2429,#2430);
#2110=AXIS2_PLACEMENT_3D('',#3600,#2433,#2434);
#2111=AXIS2_PLACEMENT_3D('',#3603,#2435,#2436);
#2112=AXIS2_PLACEMENT_3D('',#3605,#2437,#2438);
#2113=AXIS2_PLACEMENT_3D('',#3606,#2439,#2440);
#2114=AXIS2_PLACEMENT_3D('',#3607,#2441,#2442);
#2115=AXIS2_PLACEMENT_3D('',#3608,#2443,#2444);
#2116=AXIS2_PLACEMENT_3D('',#3610,#2446,#2447);
#2117=AXIS2_PLACEMENT_3D('',#3611,#2448,#2449);
#2118=AXIS2_PLACEMENT_3D('',#3613,#2450,#2451);
#2119=AXIS2_PLACEMENT_3D('',#3615,#2452,#2453);
#2120=AXIS2_PLACEMENT_3D('',#3617,#2454,#2455);
#2121=AXIS2_PLACEMENT_3D('',#3618,#2456,#2457);
#2122=AXIS2_PLACEMENT_3D('',#3619,#2458,#2459);
#2123=AXIS2_PLACEMENT_3D('',#3621,#2461,#2462);
#2124=AXIS2_PLACEMENT_3D('',#3622,#2463,#2464);
#2125=AXIS2_PLACEMENT_3D('',#3624,#2465,#2466);
#2126=AXIS2_PLACEMENT_3D('',#3626,#2468,#2469);
#2127=AXIS2_PLACEMENT_3D('',#3628,#2470,#2471);
#2128=AXIS2_PLACEMENT_3D('',#3631,#2473,#2474);
#2129=AXIS2_PLACEMENT_3D('',#3632,#2475,#2476);
#2130=AXIS2_PLACEMENT_3D('',#3634,#2477,#2478);
#2131=AXIS2_PLACEMENT_3D('',#3636,#2479,#2480);
#2132=AXIS2_PLACEMENT_3D('',#3639,#2481,#2482);
#2133=AXIS2_PLACEMENT_3D('',#3643,#2484,#2485);
#2134=AXIS2_PLACEMENT_3D('',#3647,#2487,#2488);
#2135=AXIS2_PLACEMENT_3D('',#3651,#2490,#2491);
#2136=AXIS2_PLACEMENT_3D('',#3655,#2493,#2494);
#2137=AXIS2_PLACEMENT_3D('',#3659,#2496,#2497);
#2138=AXIS2_PLACEMENT_3D('',#3663,#2499,#2500);
#2139=AXIS2_PLACEMENT_3D('',#3667,#2502,#2503);
#2140=AXIS2_PLACEMENT_3D('',#3671,#2505,#2506);
#2141=AXIS2_PLACEMENT_3D('',#3675,#2508,#2509);
#2142=AXIS2_PLACEMENT_3D('',#3679,#2511,#2512);
#2143=AXIS2_PLACEMENT_3D('',#3683,#2514,#2515);
#2144=AXIS2_PLACEMENT_3D('',#3687,#2517,#2518);
#2145=AXIS2_PLACEMENT_3D('',#3691,#2520,#2521);
#2146=AXIS2_PLACEMENT_3D('',#3695,#2523,#2524);
#2147=AXIS2_PLACEMENT_3D('',#3699,#2526,#2527);
#2148=AXIS2_PLACEMENT_3D('',#3703,#2529,#2530);
#2149=AXIS2_PLACEMENT_3D('',#3707,#2532,#2533);
#2150=AXIS2_PLACEMENT_3D('',#3711,#2535,#2536);
#2151=AXIS2_PLACEMENT_3D('',#3715,#2538,#2539);
#2152=AXIS2_PLACEMENT_3D('',#3718,#2541,#2542);
#2153=AXIS2_PLACEMENT_3D('',#3719,#2543,#2544);
#2154=AXIS2_PLACEMENT_3D('',#3722,#2546,#2547);
#2155=AXIS2_PLACEMENT_3D('',#3723,#2548,#2549);
#2156=AXIS2_PLACEMENT_3D('',#3725,#2550,#2551);
#2157=AXIS2_PLACEMENT_3D('',#3727,#2553,#2554);
#2158=AXIS2_PLACEMENT_3D('',#3730,#2556,#2557);
#2159=AXIS2_PLACEMENT_3D('',#3775,#2558,#2559);
#2160=AXIS2_PLACEMENT_3D('',#3784,#2560,#2561);
#2161=AXIS2_PLACEMENT_3D('',#3791,#2562,#2563);
#2162=AXIS2_PLACEMENT_3D('',#3813,#2564,#2565);
#2163=AXIS2_PLACEMENT_3D('',#3815,#2566,#2567);
#2164=AXIS2_PLACEMENT_3D('',#3816,#2568,#2569);
#2165=AXIS2_PLACEMENT_3D('',#3817,#2570,#2571);
#2166=AXIS2_PLACEMENT_3D('',#3912,#2572,#2573);
#2167=AXIS2_PLACEMENT_3D('',#3990,#2574,#2575);
#2168=AXIS2_PLACEMENT_3D('',#3992,#2576,#2577);
#2169=AXIS2_PLACEMENT_3D('',#3994,#2578,#2579);
#2170=AXIS2_PLACEMENT_3D('',#3996,#2580,#2581);
#2171=AXIS2_PLACEMENT_3D('',#4008,#2582,#2583);
#2172=AXIS2_PLACEMENT_3D('',#4009,#2584,#2585);
#2173=AXIS2_PLACEMENT_3D('',#4010,#2586,#2587);
#2174=AXIS2_PLACEMENT_3D('',#4012,#2588,#2589);
#2175=AXIS2_PLACEMENT_3D('',#4019,#2590,#2591);
#2176=AXIS2_PLACEMENT_3D('',#4021,#2592,#2593);
#2177=AXIS2_PLACEMENT_3D('',#4023,#2594,#2595);
#2178=AXIS2_PLACEMENT_3D('',#4024,#2596,#2597);
#2179=AXIS2_PLACEMENT_3D('',#4025,#2598,#2599);
#2180=AXIS2_PLACEMENT_3D('',#4027,#2600,#2601);
#2181=AXIS2_PLACEMENT_3D('',#4047,#2602,#2603);
#2182=AXIS2_PLACEMENT_3D('',#4049,#2604,#2605);
#2183=AXIS2_PLACEMENT_3D('',#4050,#2606,#2607);
#2184=AXIS2_PLACEMENT_3D('',#4094,#2608,#2609);
#2185=AXIS2_PLACEMENT_3D('',#4096,#2610,#2611);
#2186=AXIS2_PLACEMENT_3D('',#4103,#2612,#2613);
#2187=AXIS2_PLACEMENT_3D('',#4105,#2614,#2615);
#2188=AXIS2_PLACEMENT_3D('',#4107,#2616,#2617);
#2189=AXIS2_PLACEMENT_3D('',#4108,#2618,#2619);
#2190=AXIS2_PLACEMENT_3D('',#4202,#2620,#2621);
#2191=AXIS2_PLACEMENT_3D('',#4270,#2622,#2623);
#2192=AXIS2_PLACEMENT_3D('',#4271,#2624,#2625);
#2193=AXIS2_PLACEMENT_3D('',#4272,#2626,#2627);
#2194=AXIS2_PLACEMENT_3D('',#4273,#2628,#2629);
#2195=AXIS2_PLACEMENT_3D('',#4274,#2630,#2631);
#2196=AXIS2_PLACEMENT_3D('',#4275,#2632,#2633);
#2197=AXIS2_PLACEMENT_3D('',#4276,#2634,#2635);
#2198=AXIS2_PLACEMENT_3D('',#4277,#2636,#2637);
#2199=AXIS2_PLACEMENT_3D('',#4278,#2638,#2639);
#2200=AXIS2_PLACEMENT_3D('',#4279,#2640,#2641);
#2201=AXIS2_PLACEMENT_3D('',#4281,#2643,#2644);
#2202=AXIS2_PLACEMENT_3D('',#4283,#2646,#2647);
#2203=AXIS2_PLACEMENT_3D('',#4284,#2648,#2649);
#2204=AXIS2_PLACEMENT_3D('',#4285,#2650,#2651);
#2205=AXIS2_PLACEMENT_3D('',#4287,#2652,#2653);
#2206=AXIS2_PLACEMENT_3D('',#4288,#2654,#2655);
#2207=AXIS2_PLACEMENT_3D('',#4292,#2657,#2658);
#2208=AXIS2_PLACEMENT_3D('',#4294,#2660,#2661);
#2209=AXIS2_PLACEMENT_3D('',#4298,#2663,#2664);
#2210=AXIS2_PLACEMENT_3D('',#4300,#2666,#2667);
#2211=AXIS2_PLACEMENT_3D('',#4304,#2669,#2670);
#2212=AXIS2_PLACEMENT_3D('',#4306,#2672,#2673);
#2213=AXIS2_PLACEMENT_3D('',#4310,#2675,#2676);
#2214=AXIS2_PLACEMENT_3D('',#4312,#2678,#2679);
#2215=AXIS2_PLACEMENT_3D('',#4316,#2681,#2682);
#2216=AXIS2_PLACEMENT_3D('',#4318,#2684,#2685);
#2217=AXIS2_PLACEMENT_3D('',#4323,#2688,#2689);
#2218=AXIS2_PLACEMENT_3D('',#4324,#2690,#2691);
#2219=AXIS2_PLACEMENT_3D('',#4328,#2693,#2694);
#2220=AXIS2_PLACEMENT_3D('',#4330,#2696,#2697);
#2221=AXIS2_PLACEMENT_3D('',#4334,#2699,#2700);
#2222=AXIS2_PLACEMENT_3D('',#4336,#2702,#2703);
#2223=AXIS2_PLACEMENT_3D('',#4340,#2705,#2706);
#2224=AXIS2_PLACEMENT_3D('',#4342,#2708,#2709);
#2225=AXIS2_PLACEMENT_3D('',#4346,#2711,#2712);
#2226=AXIS2_PLACEMENT_3D('',#4348,#2714,#2715);
#2227=AXIS2_PLACEMENT_3D('',#4352,#2717,#2718);
#2228=AXIS2_PLACEMENT_3D('',#4354,#2720,#2721);
#2229=AXIS2_PLACEMENT_3D('',#4358,#2723,#2724);
#2230=AXIS2_PLACEMENT_3D('',#4360,#2726,#2727);
#2231=AXIS2_PLACEMENT_3D('',#4364,#2729,#2730);
#2232=AXIS2_PLACEMENT_3D('',#4366,#2732,#2733);
#2233=AXIS2_PLACEMENT_3D('',#4370,#2735,#2736);
#2234=AXIS2_PLACEMENT_3D('',#4372,#2738,#2739);
#2235=AXIS2_PLACEMENT_3D('',#4376,#2741,#2742);
#2236=AXIS2_PLACEMENT_3D('',#4378,#2744,#2745);
#2237=AXIS2_PLACEMENT_3D('',#4383,#2748,#2749);
#2238=AXIS2_PLACEMENT_3D('',#4384,#2750,#2751);
#2239=AXIS2_PLACEMENT_3D('',#4388,#2753,#2754);
#2240=AXIS2_PLACEMENT_3D('',#4390,#2756,#2757);
#2241=AXIS2_PLACEMENT_3D('',#4394,#2759,#2760);
#2242=AXIS2_PLACEMENT_3D('',#4396,#2762,#2763);
#2243=AXIS2_PLACEMENT_3D('',#4400,#2765,#2766);
#2244=AXIS2_PLACEMENT_3D('',#4402,#2768,#2769);
#2245=AXIS2_PLACEMENT_3D('',#4406,#2771,#2772);
#2246=AXIS2_PLACEMENT_3D('',#4408,#2774,#2775);
#2247=AXIS2_PLACEMENT_3D('',#4410,#2777,#2778);
#2248=AXIS2_PLACEMENT_3D('',#4412,#2780,#2781);
#2249=AXIS2_PLACEMENT_3D('',#4414,#2783,#2784);
#2250=AXIS2_PLACEMENT_3D('',#4416,#2786,#2787);
#2251=AXIS2_PLACEMENT_3D('',#4418,#2789,#2790);
#2252=AXIS2_PLACEMENT_3D('',#4420,#2792,#2793);
#2253=AXIS2_PLACEMENT_3D('',#4422,#2795,#2796);
#2254=AXIS2_PLACEMENT_3D('',#4424,#2798,#2799);
#2255=AXIS2_PLACEMENT_3D('',#4426,#2801,#2802);
#2256=AXIS2_PLACEMENT_3D('',#4428,#2804,#2805);
#2257=AXIS2_PLACEMENT_3D('',#4430,#2807,#2808);
#2258=AXIS2_PLACEMENT_3D('',#4432,#2810,#2811);
#2259=AXIS2_PLACEMENT_3D('',#4434,#2813,#2814);
#2260=AXIS2_PLACEMENT_3D('',#4436,#2816,#2817);
#2261=AXIS2_PLACEMENT_3D('',#4438,#2819,#2820);
#2262=AXIS2_PLACEMENT_3D('',#4440,#2822,#2823);
#2263=AXIS2_PLACEMENT_3D('',#4442,#2825,#2826);
#2264=AXIS2_PLACEMENT_3D('',#4444,#2828,#2829);
#2265=AXIS2_PLACEMENT_3D('',#4446,#2831,#2832);
#2266=AXIS2_PLACEMENT_3D('',#4447,#2833,#2834);
#2267=AXIS2_PLACEMENT_3D('',#4448,#2835,#2836);
#2268=AXIS2_PLACEMENT_3D('',#4449,#2837,#2838);
#2269=AXIS2_PLACEMENT_3D('',#4450,#2839,#2840);
#2270=AXIS2_PLACEMENT_3D('',#4452,#2842,#2843);
#2271=AXIS2_PLACEMENT_3D('',#4454,#2845,#2846);
#2272=DIRECTION('axis',(0.,0.,1.));
#2273=DIRECTION('refdir',(1.,0.,0.));
#2274=DIRECTION('center_axis',(-0.823143757452381,-0.054664046568492,0.565195715288017));
#2275=DIRECTION('ref_axis',(-0.566042059564345,0.,-0.824376362351659));
#2276=DIRECTION('center_axis',(0.939544258317044,0.0270271243987812,-0.341359226051104));
#2277=DIRECTION('ref_axis',(0.0287543122207252,-0.999586509277068,4.47131220937537E-11));
#2278=DIRECTION('center_axis',(0.823143757452384,0.0546640465684912,0.565195715288013));
#2279=DIRECTION('ref_axis',(-0.566042059564341,0.,0.824376362351662));
#2280=DIRECTION('center_axis',(0.992488729754294,-0.0078328749872026,0.122085082545508));
#2281=DIRECTION('ref_axis',(-0.122088827917692,0.,0.992519177697683));
#2282=DIRECTION('center_axis',(0.999599896420657,-0.0282851034258497,5.54889410209568E-16));
#2283=DIRECTION('ref_axis',(-5.55111512312578E-16,0.,1.));
#2284=DIRECTION('center_axis',(0.,0.,-1.));
#2285=DIRECTION('ref_axis',(-1.,0.,0.));
#2286=DIRECTION('center_axis',(0.997814013294292,-0.0660847552279532,5.8695053464633E-16));
#2287=DIRECTION('ref_axis',(0.,8.88178419700125E-15,1.));
#2288=DIRECTION('center_axis',(0.,0.,1.));
#2289=DIRECTION('ref_axis',(-0.100608160339072,-0.994926126942693,0.));
#2290=DIRECTION('center_axis',(0.,0.,-1.));
#2291=DIRECTION('ref_axis',(-0.100608160339072,-0.994926126942693,0.));
#2292=DIRECTION('center_axis',(-0.947133563108934,0.26915005112668,0.174631794387734));
#2293=DIRECTION('ref_axis',(-0.273350405872704,-0.961914526145243,0.));
#2294=DIRECTION('center_axis',(-0.972149158607069,0.220265510634922,0.0800569687429246));
#2295=DIRECTION('ref_axis',(-0.220974775635519,-0.975279523281829,5.55111512312578E-16));
#2296=DIRECTION('center_axis',(-0.984456154647779,0.172302072908725,0.0340305046607293));
#2297=DIRECTION('ref_axis',(-0.172401929034855,-0.985026687387231,-1.25712218412842E-10));
#2298=DIRECTION('center_axis',(0.999599289710187,-0.0283065365399856,8.32333610126403E-16));
#2299=DIRECTION('ref_axis',(-0.0279763878011342,-0.987940624073417,0.152284749830797));
#2300=DIRECTION('center_axis',(9.57088814332031E-17,0.,-1.));
#2301=DIRECTION('ref_axis',(-1.,0.,-7.64599788132883E-17));
#2302=DIRECTION('center_axis',(0.998570109579764,-0.0534577988123161,-2.7715888183948E-16));
#2303=DIRECTION('ref_axis',(-0.052834302368845,-0.986923447620012,0.152284749830794));
#2304=DIRECTION('center_axis',(-1.91417762866406E-16,0.,1.));
#2305=DIRECTION('ref_axis',(-0.125287003378712,-0.992120540450798,-2.39821579029889E-17));
#2306=DIRECTION('center_axis',(9.57088814332031E-17,0.,-1.));
#2307=DIRECTION('ref_axis',(-0.125287003378712,-0.992120540450797,0.));
#2308=DIRECTION('center_axis',(-0.949361655016622,0.266339731228705,-0.166660119864116));
#2309=DIRECTION('ref_axis',(0.,-0.530451557304276,-0.847715250159786));
#2310=DIRECTION('center_axis',(0.947133563108928,-0.26915005112668,0.174631794387766));
#2311=DIRECTION('ref_axis',(-0.273350405872706,-0.961914526145243,0.));
#2312=DIRECTION('center_axis',(-0.973801940640513,0.213368450968042,-0.0786364071932943));
#2313=DIRECTION('ref_axis',(-6.3726801613484E-13,-0.345809815471912,-0.938304626186657));
#2314=DIRECTION('center_axis',(-1.,0.,0.));
#2315=DIRECTION('ref_axis',(0.,0.707106781186546,-0.707106781186549));
#2316=DIRECTION('',(1.,0.,0.));
#2317=DIRECTION('center_axis',(1.,0.,0.));
#2318=DIRECTION('ref_axis',(0.,0.,-1.));
#2319=DIRECTION('',(-1.,0.,0.));
#2320=DIRECTION('center_axis',(-1.,0.,0.));
#2321=DIRECTION('ref_axis',(0.,1.,0.));
#2322=DIRECTION('center_axis',(0.,0.,-1.));
#2323=DIRECTION('ref_axis',(1.,0.,0.));
#2324=DIRECTION('',(0.,-1.,0.));
#2325=DIRECTION('center_axis',(0.,0.,1.));
#2326=DIRECTION('ref_axis',(1.,0.,0.));
#2327=DIRECTION('center_axis',(0.,0.,-1.));
#2328=DIRECTION('ref_axis',(0.41659779045053,0.909090909090909,0.));
#2329=DIRECTION('center_axis',(1.22464679914735E-16,-1.,0.));
#2330=DIRECTION('ref_axis',(-1.,-1.22464679914735E-16,0.));
#2331=DIRECTION('center_axis',(1.71644038546909E-17,-2.13367934801605E-17,
1.));
#2332=DIRECTION('ref_axis',(0.41659779045053,0.90909090909091,1.22464322616993E-17));
#2333=DIRECTION('center_axis',(0.,0.,-1.));
#2334=DIRECTION('ref_axis',(0.41659779045053,0.909090909090909,0.));
#2335=DIRECTION('center_axis',(-1.,-1.38777878078144E-16,-5.55111512312578E-16));
#2336=DIRECTION('ref_axis',(-5.55111512312578E-16,0.,1.));
#2337=DIRECTION('',(0.,-1.,0.));
#2338=DIRECTION('center_axis',(-1.91417762866406E-16,0.,1.));
#2339=DIRECTION('ref_axis',(-1.,0.,-1.91417762866406E-16));
#2340=DIRECTION('',(-1.,0.,-1.91417762866406E-16));
#2341=DIRECTION('center_axis',(1.,0.,1.91417762866406E-16));
#2342=DIRECTION('ref_axis',(-3.92523114670944E-16,0.707106781186546,0.707106781186549));
#2343=DIRECTION('center_axis',(-1.,0.,0.));
#2344=DIRECTION('ref_axis',(0.,0.,1.));
#2345=DIRECTION('',(1.,0.,1.91417762866406E-16));
#2346=DIRECTION('center_axis',(-1.,0.,-1.91417762866406E-16));
#2347=DIRECTION('ref_axis',(-3.92523114670944E-16,0.707106781186546,0.707106781186549));
#2348=DIRECTION('center_axis',(-1.,0.,-1.11022302462516E-15));
#2349=DIRECTION('ref_axis',(-1.11022302462516E-15,0.,1.));
#2350=DIRECTION('',(1.,0.,1.91417762866406E-16));
#2351=DIRECTION('center_axis',(0.,0.,1.));
#2352=DIRECTION('ref_axis',(1.,0.,0.));
#2353=DIRECTION('center_axis',(0.,0.,-1.));
#2354=DIRECTION('ref_axis',(1.,-6.12323399573677E-17,0.));
#2355=DIRECTION('center_axis',(1.22464679914735E-16,-1.,0.));
#2356=DIRECTION('ref_axis',(-1.,-1.22464679914735E-16,0.));
#2357=DIRECTION('center_axis',(0.,0.,1.));
#2358=DIRECTION('ref_axis',(1.,0.,0.));
#2359=DIRECTION('center_axis',(0.,0.,1.));
#2360=DIRECTION('ref_axis',(1.,0.,0.));
#2361=DIRECTION('center_axis',(-1.91417762866406E-16,0.,1.));
#2362=DIRECTION('ref_axis',(1.,0.,1.48029736616688E-16));
#2363=DIRECTION('center_axis',(-1.91417762866406E-16,0.,1.));
#2364=DIRECTION('ref_axis',(-0.241848229345877,-0.970314090365725,-4.16333634234434E-17));
#2365=DIRECTION('center_axis',(1.,0.,0.));
#2366=DIRECTION('ref_axis',(0.,0.707106781186546,-0.707106781186549));
#2367=DIRECTION('',(-1.,0.,0.));
#2368=DIRECTION('center_axis',(-1.,0.,0.));
#2369=DIRECTION('ref_axis',(0.,1.,0.));
#2370=DIRECTION('center_axis',(0.,0.,1.));
#2371=DIRECTION('ref_axis',(1.,0.,0.));
#2372=DIRECTION('center_axis',(0.,0.,-1.));
#2373=DIRECTION('ref_axis',(-0.241848229345877,-0.970314090365725,0.));
#2374=DIRECTION('center_axis',(0.,0.,1.));
#2375=DIRECTION('ref_axis',(-0.241848229345877,-0.970314090365725,0.));
#2376=DIRECTION('',(0.,0.,-1.));
#2377=DIRECTION('',(0.,0.,1.));
#2378=DIRECTION('center_axis',(0.,0.,-1.));
#2379=DIRECTION('ref_axis',(-0.241848229345877,-0.970314090365725,0.));
#2380=DIRECTION('center_axis',(0.,0.,1.));
#2381=DIRECTION('ref_axis',(-0.241848229345877,-0.970314090365725,0.));
#2382=DIRECTION('',(0.,0.,1.));
#2383=DIRECTION('center_axis',(0.,1.,0.));
#2384=DIRECTION('ref_axis',(1.,0.,0.));
#2385=DIRECTION('',(1.,0.,0.));
#2386=DIRECTION('center_axis',(0.,-1.,0.));
#2387=DIRECTION('ref_axis',(0.707106781186547,0.,-0.707106781186547));
#2388=DIRECTION('',(-1.,0.,0.));
#2389=DIRECTION('center_axis',(0.,0.,1.));
#2390=DIRECTION('ref_axis',(-1.,0.,0.));
#2391=DIRECTION('',(0.,-1.,0.));
#2392=DIRECTION('center_axis',(0.,0.,-1.));
#2393=DIRECTION('ref_axis',(-1.,0.,0.));
#2394=DIRECTION('',(0.,1.,0.));
#2395=DIRECTION('center_axis',(0.,-1.,0.));
#2396=DIRECTION('ref_axis',(-0.707106781186547,0.,0.707106781186547));
#2397=DIRECTION('',(0.,1.,0.));
#2398=DIRECTION('center_axis',(0.946326055431872,0.323213546762435,0.));
#2399=DIRECTION('ref_axis',(-0.323213546762435,0.946326055431873,2.49193834365566E-17));
#2400=DIRECTION('center_axis',(0.,0.,-1.));
#2401=DIRECTION('ref_axis',(1.,0.,0.));
#2402=DIRECTION('',(0.,-1.,0.));
#2403=DIRECTION('center_axis',(0.,0.,1.));
#2404=DIRECTION('ref_axis',(-1.,0.,0.));
#2405=DIRECTION('center_axis',(0.,-1.,0.));
#2406=DIRECTION('ref_axis',(0.707106781186547,0.,-0.707106781186547));
#2407=DIRECTION('center_axis',(0.,0.,1.));
#2408=DIRECTION('ref_axis',(5.08184119557061E-16,-1.,0.));
#2409=DIRECTION('center_axis',(0.,0.,-1.));
#2410=DIRECTION('ref_axis',(-1.,0.,0.));
#2411=DIRECTION('center_axis',(0.,0.,-1.));
#2412=DIRECTION('ref_axis',(-3.85719439642326E-16,1.,0.));
#2413=DIRECTION('center_axis',(-0.946326055431872,-0.323213546762435,0.));
#2414=DIRECTION('ref_axis',(0.323213546762435,-0.946326055431872,0.));
#2415=DIRECTION('',(0.,0.,-1.));
#2416=DIRECTION('',(0.,0.,-1.));
#2417=DIRECTION('',(0.,0.,-1.));
#2418=DIRECTION('',(0.323213546762435,-0.946326055431872,0.));
#2419=DIRECTION('center_axis',(0.,0.,1.));
#2420=DIRECTION('ref_axis',(-1.,0.,0.));
#2421=DIRECTION('center_axis',(0.,0.,-1.));
#2422=DIRECTION('ref_axis',(-1.,0.,0.));
#2423=DIRECTION('',(0.,0.,1.));
#2424=DIRECTION('center_axis',(0.,0.,1.));
#2425=DIRECTION('ref_axis',(-1.,0.,0.));
#2426=DIRECTION('center_axis',(0.,0.,-1.));
#2427=DIRECTION('ref_axis',(-1.,0.,0.));
#2428=DIRECTION('',(0.,0.,1.));
#2429=DIRECTION('center_axis',(0.946326055431872,-0.323213546762437,0.));
#2430=DIRECTION('ref_axis',(0.323213546762437,0.946326055431872,0.));
#2431=DIRECTION('',(0.323213546762437,0.946326055431872,0.));
#2432=DIRECTION('',(0.,0.,1.));
#2433=DIRECTION('center_axis',(0.,0.,-1.));
#2434=DIRECTION('ref_axis',(-1.,0.,0.));
#2435=DIRECTION('center_axis',(0.,0.,1.));
#2436=DIRECTION('ref_axis',(1.,-6.12323399573676E-17,0.));
#2437=DIRECTION('center_axis',(-1.22464679914735E-16,-1.,0.));
#2438=DIRECTION('ref_axis',(1.,-1.22464679914735E-16,0.));
#2439=DIRECTION('center_axis',(0.,0.,-1.));
#2440=DIRECTION('ref_axis',(1.,0.,0.));
#2441=DIRECTION('center_axis',(0.,0.,1.));
#2442=DIRECTION('ref_axis',(1.,-6.12323399573676E-17,0.));
#2443=DIRECTION('center_axis',(0.,0.,-1.));
#2444=DIRECTION('ref_axis',(1.,0.,0.));
#2445=DIRECTION('',(0.707106781186547,-8.65956056235493E-17,0.707106781186548));
#2446=DIRECTION('center_axis',(0.,0.,-1.));
#2447=DIRECTION('ref_axis',(1.,0.,0.));
#2448=DIRECTION('center_axis',(0.,0.,1.));
#2449=DIRECTION('ref_axis',(1.,0.,0.));
#2450=DIRECTION('center_axis',(0.,0.,-1.));
#2451=DIRECTION('ref_axis',(-0.785249195450175,0.619179861627341,0.));
#2452=DIRECTION('center_axis',(0.,0.,-1.));
#2453=DIRECTION('ref_axis',(0.785249195450176,0.619179861627339,0.));
#2454=DIRECTION('center_axis',(0.,0.,1.));
#2455=DIRECTION('ref_axis',(1.,0.,0.));
#2456=DIRECTION('center_axis',(0.,0.,1.));
#2457=DIRECTION('ref_axis',(1.,0.,0.));
#2458=DIRECTION('center_axis',(0.,0.,1.));
#2459=DIRECTION('ref_axis',(-0.785249195450175,0.619179861627341,0.));
#2460=DIRECTION('',(0.,0.,-1.));
#2461=DIRECTION('center_axis',(0.,0.,1.));
#2462=DIRECTION('ref_axis',(0.0904559791040543,0.995900454786686,0.));
#2463=DIRECTION('center_axis',(0.,0.,1.));
#2464=DIRECTION('ref_axis',(1.,0.,0.));
#2465=DIRECTION('center_axis',(0.,0.,-1.));
#2466=DIRECTION('ref_axis',(1.,-6.12323399573677E-17,0.));
#2467=DIRECTION('',(-0.707106781186547,8.65956056235493E-17,0.707106781186547));
#2468=DIRECTION('center_axis',(0.,0.,-1.));
#2469=DIRECTION('ref_axis',(-1.,0.,0.));
#2470=DIRECTION('center_axis',(0.,0.,1.));
#2471=DIRECTION('ref_axis',(-1.,0.,0.));
#2472=DIRECTION('',(0.707106781186547,8.65956056235493E-17,-0.707106781186547));
#2473=DIRECTION('center_axis',(0.,0.,-1.));
#2474=DIRECTION('ref_axis',(-1.,0.,0.));
#2475=DIRECTION('center_axis',(0.,0.,-1.));
#2476=DIRECTION('ref_axis',(1.,0.,0.));
#2477=DIRECTION('center_axis',(0.,0.,1.));
#2478=DIRECTION('ref_axis',(1.,0.,0.));
#2479=DIRECTION('center_axis',(0.,0.,-1.));
#2480=DIRECTION('ref_axis',(-1.,0.,0.));
#2481=DIRECTION('center_axis',(0.,0.,1.));
#2482=DIRECTION('ref_axis',(1.,0.,0.));
#2483=DIRECTION('',(-0.309016994374948,-0.951056516295153,0.));
#2484=DIRECTION('center_axis',(0.,0.,1.));
#2485=DIRECTION('ref_axis',(0.866025403784439,0.499999999999999,0.));
#2486=DIRECTION('',(0.951056516295153,-0.309016994374948,0.));
#2487=DIRECTION('center_axis',(0.,0.,1.));
#2488=DIRECTION('ref_axis',(0.499999999999999,0.866025403784439,0.));
#2489=DIRECTION('',(0.309016994374948,0.951056516295153,0.));
#2490=DIRECTION('center_axis',(0.,0.,1.));
#2491=DIRECTION('ref_axis',(1.,0.,0.));
#2492=DIRECTION('',(-0.951056516295153,0.309016994374948,0.));
#2493=DIRECTION('center_axis',(0.,0.,1.));
#2494=DIRECTION('ref_axis',(0.5,0.866025403784439,0.));
#2495=DIRECTION('',(-0.809016994374947,0.587785252292473,0.));
#2496=DIRECTION('center_axis',(0.,0.,1.));
#2497=DIRECTION('ref_axis',(1.,0.,0.));
#2498=DIRECTION('',(-0.587785252292473,-0.809016994374947,0.));
#2499=DIRECTION('center_axis',(0.,0.,1.));
#2500=DIRECTION('ref_axis',(1.,0.,0.));
#2501=DIRECTION('',(0.809016994374947,-0.587785252292473,0.));
#2502=DIRECTION('center_axis',(0.,0.,1.));
#2503=DIRECTION('ref_axis',(0.866025403784439,0.499999999999999,0.));
#2504=DIRECTION('',(0.587785252292473,0.809016994374947,0.));
#2505=DIRECTION('center_axis',(0.,0.,1.));
#2506=DIRECTION('ref_axis',(0.500000000000001,0.866025403784438,0.));
#2507=DIRECTION('',(1.,-2.22044604925031E-16,0.));
#2508=DIRECTION('center_axis',(0.,0.,1.));
#2509=DIRECTION('ref_axis',(1.,0.,0.));
#2510=DIRECTION('',(2.22044604925031E-16,1.,0.));
#2511=DIRECTION('center_axis',(0.,0.,1.));
#2512=DIRECTION('ref_axis',(1.,0.,0.));
#2513=DIRECTION('',(-1.,2.22044604925031E-16,0.));
#2514=DIRECTION('center_axis',(0.,0.,1.));
#2515=DIRECTION('ref_axis',(0.866025403784439,0.499999999999999,0.));
#2516=DIRECTION('',(-2.22044604925031E-16,-1.,0.));
#2517=DIRECTION('center_axis',(0.,0.,1.));
#2518=DIRECTION('ref_axis',(0.866025403784438,0.5,0.));
#2519=DIRECTION('',(-0.951056516295154,-0.309016994374947,0.));
#2520=DIRECTION('center_axis',(0.,0.,1.));
#2521=DIRECTION('ref_axis',(0.500000000000001,0.866025403784438,0.));
#2522=DIRECTION('',(0.309016994374947,-0.951056516295154,0.));
#2523=DIRECTION('center_axis',(0.,0.,1.));
#2524=DIRECTION('ref_axis',(1.,0.,0.));
#2525=DIRECTION('',(0.951056516295154,0.309016994374947,0.));
#2526=DIRECTION('center_axis',(0.,0.,1.));
#2527=DIRECTION('ref_axis',(1.,0.,0.));
#2528=DIRECTION('',(-0.309016994374947,0.951056516295154,0.));
#2529=DIRECTION('center_axis',(0.,0.,1.));
#2530=DIRECTION('ref_axis',(1.,0.,0.));
#2531=DIRECTION('',(0.809016994374948,0.587785252292473,0.));
#2532=DIRECTION('center_axis',(0.,0.,1.));
#2533=DIRECTION('ref_axis',(0.866025403784438,0.5,0.));
#2534=DIRECTION('',(-0.587785252292473,0.809016994374948,0.));
#2535=DIRECTION('center_axis',(0.,0.,1.));
#2536=DIRECTION('ref_axis',(0.5,0.866025403784438,0.));
#2537=DIRECTION('',(-0.809016994374948,-0.587785252292473,0.));
#2538=DIRECTION('center_axis',(0.,0.,1.));
#2539=DIRECTION('ref_axis',(1.,0.,0.));
#2540=DIRECTION('',(0.587785252292473,-0.809016994374948,0.));
#2541=DIRECTION('center_axis',(0.,0.,1.));
#2542=DIRECTION('ref_axis',(2.22044604925031E-16,1.,0.));
#2543=DIRECTION('center_axis',(0.,0.,-1.));
#2544=DIRECTION('ref_axis',(-1.,0.,0.));
#2545=DIRECTION('',(0.,0.,1.));
#2546=DIRECTION('center_axis',(0.,0.,1.));
#2547=DIRECTION('ref_axis',(-1.,0.,0.));
#2548=DIRECTION('center_axis',(0.,0.,-1.));
#2549=DIRECTION('ref_axis',(-1.,0.,0.));
#2550=DIRECTION('center_axis',(0.,0.,1.));
#2551=DIRECTION('ref_axis',(-1.,0.,0.));
#2552=DIRECTION('',(0.707106781186547,8.65956056235493E-17,-0.707106781186547));
#2553=DIRECTION('center_axis',(0.,0.,-1.));
#2554=DIRECTION('ref_axis',(-1.,0.,0.));
#2555=DIRECTION('',(0.,0.,1.));
#2556=DIRECTION('center_axis',(0.,0.,1.));
#2557=DIRECTION('ref_axis',(-1.,0.,0.));
#2558=DIRECTION('center_axis',(-0.123549890996977,-0.541397238596466,0.831639618148845));
#2559=DIRECTION('ref_axis',(-0.974935918508788,0.222485853036607,-4.16333634234434E-16));
#2560=DIRECTION('center_axis',(-0.885175344134752,0.465257573969434,-2.99856343778201E-15));
#2561=DIRECTION('ref_axis',(2.22044604925031E-15,-2.22044604925031E-15,
-1.));
#2562=DIRECTION('center_axis',(0.,0.,-1.));
#2563=DIRECTION('ref_axis',(-1.,0.,0.));
#2564=DIRECTION('center_axis',(0.,0.,1.));
#2565=DIRECTION('ref_axis',(-0.783223088019195,0.621740777489845,0.));
#2566=DIRECTION('center_axis',(0.653951027248277,-0.756536882088985,1.45206297485662E-15));
#2567=DIRECTION('ref_axis',(2.22044604925031E-15,0.,-1.));
#2568=DIRECTION('center_axis',(0.,0.,-1.));
#2569=DIRECTION('ref_axis',(-0.783223088019195,0.621740777489845,0.));
#2570=DIRECTION('center_axis',(0.,0.,1.));
#2571=DIRECTION('ref_axis',(-0.783223088019195,0.621740777489845,0.));
#2572=DIRECTION('center_axis',(-0.499248867099801,-0.243158615976237,-0.831639619171722));
#2573=DIRECTION('ref_axis',(-0.437874544537093,0.899036085619723,0.));
#2574=DIRECTION('center_axis',(0.,0.,1.));
#2575=DIRECTION('ref_axis',(1.,0.,0.));
#2576=DIRECTION('center_axis',(0.,0.,-1.));
#2577=DIRECTION('ref_axis',(2.22044604925031E-16,1.,0.));
#2578=DIRECTION('center_axis',(1.22464679914735E-16,-1.,0.));
#2579=DIRECTION('ref_axis',(-1.,-1.22464679914735E-16,0.));
#2580=DIRECTION('center_axis',(0.,0.,1.));
#2581=DIRECTION('ref_axis',(2.22044604925031E-16,1.,0.));
#2582=DIRECTION('center_axis',(0.,0.,1.));
#2583=DIRECTION('ref_axis',(2.22044604925031E-16,1.,0.));
#2584=DIRECTION('center_axis',(0.,0.,1.));
#2585=DIRECTION('ref_axis',(2.22044604925031E-16,1.,0.));
#2586=DIRECTION('center_axis',(0.,0.,1.));
#2587=DIRECTION('ref_axis',(1.79480645759403E-11,-1.,0.));
#2588=DIRECTION('center_axis',(0.,0.,1.));
#2589=DIRECTION('ref_axis',(1.,-6.12323399573676E-17,0.));
#2590=DIRECTION('center_axis',(0.,0.,1.));
#2591=DIRECTION('ref_axis',(-1.,0.,0.));
#2592=DIRECTION('center_axis',(0.,0.,-1.));
#2593=DIRECTION('ref_axis',(0.473684210526316,0.880694764772711,0.));
#2594=DIRECTION('center_axis',(0.,0.,-1.));
#2595=DIRECTION('ref_axis',(0.473684210526316,0.880694764772711,0.));
#2596=DIRECTION('center_axis',(0.,0.,1.));
#2597=DIRECTION('ref_axis',(0.783223088019194,0.621740777489845,0.));
#2598=DIRECTION('center_axis',(0.,0.,-1.));
#2599=DIRECTION('ref_axis',(-1.,0.,0.));
#2600=DIRECTION('center_axis',(0.,0.,-1.));
#2601=DIRECTION('ref_axis',(0.473684210526316,0.880694764772711,0.));
#2602=DIRECTION('center_axis',(-1.22464679914735E-16,-1.,0.));
#2603=DIRECTION('ref_axis',(1.,-1.22464679914735E-16,0.));
#2604=DIRECTION('center_axis',(0.,0.,1.));
#2605=DIRECTION('ref_axis',(0.473684210526316,0.880694764772711,0.));
#2606=DIRECTION('center_axis',(0.,0.,1.));
#2607=DIRECTION('ref_axis',(0.473684210526316,0.880694764772711,0.));
#2608=DIRECTION('center_axis',(-0.499248868386621,0.243158616832852,0.831639618148759));
#2609=DIRECTION('ref_axis',(0.437874544871673,0.899036085456766,1.38777878078145E-16));
#2610=DIRECTION('center_axis',(0.653951027248279,0.756536882088984,-6.12138309383308E-16));
#2611=DIRECTION('ref_axis',(-2.22044604925031E-15,1.11022302462516E-15,
-1.));
#2612=DIRECTION('center_axis',(0.,0.,-1.));
#2613=DIRECTION('ref_axis',(0.783223088019194,0.621740777489845,0.));
#2614=DIRECTION('center_axis',(0.,0.,1.));
#2615=DIRECTION('ref_axis',(0.783223088019194,0.621740777489845,0.));
#2616=DIRECTION('center_axis',(-0.885175344134751,-0.465257573969436,0.));
#2617=DIRECTION('ref_axis',(0.,0.,-1.));
#2618=DIRECTION('center_axis',(0.,0.,-1.));
#2619=DIRECTION('ref_axis',(0.783223088019194,0.621740777489846,0.));
#2620=DIRECTION('center_axis',(-0.123549890462938,0.541397237171614,-0.831639619155761));
#2621=DIRECTION('ref_axis',(0.974935918590378,0.222485852679079,-1.38777878078145E-15));
#2622=DIRECTION('center_axis',(0.,0.,1.));
#2623=DIRECTION('ref_axis',(-1.,0.,0.));
#2624=DIRECTION('center_axis',(0.,0.,-1.));
#2625=DIRECTION('ref_axis',(-1.,0.,0.));
#2626=DIRECTION('center_axis',(0.,0.,1.));
#2627=DIRECTION('ref_axis',(-1.,0.,0.));
#2628=DIRECTION('center_axis',(0.,0.,-1.));
#2629=DIRECTION('ref_axis',(-1.,0.,0.));
#2630=DIRECTION('center_axis',(0.,0.,-1.));
#2631=DIRECTION('ref_axis',(0.7832230879827,0.621740777535818,0.));
#2632=DIRECTION('center_axis',(0.,0.,1.));
#2633=DIRECTION('ref_axis',(1.,-6.12323399573676E-17,0.));
#2634=DIRECTION('center_axis',(0.,0.,1.));
#2635=DIRECTION('ref_axis',(1.,-6.12323399573676E-17,0.));
#2636=DIRECTION('center_axis',(0.,0.,1.));
#2637=DIRECTION('ref_axis',(-1.,0.,0.));
#2638=DIRECTION('center_axis',(0.,0.,-1.));
#2639=DIRECTION('ref_axis',(-0.783223088055685,0.621740777443877,0.));
#2640=DIRECTION('center_axis',(0.,0.,1.));
#2641=DIRECTION('ref_axis',(0.785249195450176,0.619179861627339,0.));
#2642=DIRECTION('',(0.,0.,1.));
#2643=DIRECTION('center_axis',(0.,0.,1.));
#2644=DIRECTION('ref_axis',(1.,0.,0.));
#2645=DIRECTION('',(0.,0.,-1.));
#2646=DIRECTION('center_axis',(0.,0.,1.));
#2647=DIRECTION('ref_axis',(1.,0.,0.));
#2648=DIRECTION('center_axis',(1.22464679914735E-16,-1.,0.));
#2649=DIRECTION('ref_axis',(-1.,-1.22464679914735E-16,0.));
#2650=DIRECTION('center_axis',(0.,0.,-1.));
#2651=DIRECTION('ref_axis',(-2.22044604925031E-16,-1.,0.));
#2652=DIRECTION('center_axis',(0.,0.,-1.));
#2653=DIRECTION('ref_axis',(2.22044604925031E-16,1.,0.));
#2654=DIRECTION('center_axis',(0.,0.,1.));
#2655=DIRECTION('ref_axis',(0.453990499739555,-0.891006524188364,0.));
#2656=DIRECTION('',(0.,0.,-1.));
#2657=DIRECTION('center_axis',(0.,0.,1.));
#2658=DIRECTION('ref_axis',(1.,0.,0.));
#2659=DIRECTION('',(0.,0.,1.));
#2660=DIRECTION('center_axis',(0.,0.,1.));
#2661=DIRECTION('ref_axis',(-0.993279480309718,-0.11574054603144,0.));
#2662=DIRECTION('',(0.,0.,-1.));
#2663=DIRECTION('center_axis',(0.,0.,1.));
#2664=DIRECTION('ref_axis',(0.5,0.866025403784439,0.));
#2665=DIRECTION('',(0.,0.,1.));
#2666=DIRECTION('center_axis',(0.,0.,1.));
#2667=DIRECTION('ref_axis',(0.500000000000001,0.866025403784438,0.));
#2668=DIRECTION('',(0.,0.,-1.));
#2669=DIRECTION('center_axis',(0.,0.,1.));
#2670=DIRECTION('ref_axis',(0.500000000000001,0.866025403784438,0.));
#2671=DIRECTION('',(0.,0.,1.));
#2672=DIRECTION('center_axis',(0.,0.,1.));
#2673=DIRECTION('ref_axis',(-0.390167677587562,-0.920743820704721,0.));
#2674=DIRECTION('',(0.,0.,-1.));
#2675=DIRECTION('center_axis',(0.,0.,1.));
#2676=DIRECTION('ref_axis',(0.866025403784438,0.5,0.));
#2677=DIRECTION('',(0.,0.,1.));
#2678=DIRECTION('center_axis',(0.,0.,1.));
#2679=DIRECTION('ref_axis',(0.156434465040237,0.987688340595137,0.));
#2680=DIRECTION('',(0.,0.,-1.));
#2681=DIRECTION('center_axis',(0.,0.,1.));
#2682=DIRECTION('ref_axis',(1.,0.,0.));
#2683=DIRECTION('',(0.,0.,1.));
#2684=DIRECTION('center_axis',(0.,0.,1.));
#2685=DIRECTION('ref_axis',(1.,0.,0.));
#2686=DIRECTION('',(0.,0.,1.));
#2687=DIRECTION('',(0.,0.,-1.));
#2688=DIRECTION('center_axis',(0.,0.,1.));
#2689=DIRECTION('ref_axis',(1.,0.,0.));
#2690=DIRECTION('center_axis',(0.,0.,1.));
#2691=DIRECTION('ref_axis',(0.871610565784033,-0.490198961253121,0.));
#2692=DIRECTION('',(0.,0.,-1.));
#2693=DIRECTION('center_axis',(0.,0.,1.));
#2694=DIRECTION('ref_axis',(0.500000000000001,0.866025403784438,0.));
#2695=DIRECTION('',(0.,0.,1.));
#2696=DIRECTION('center_axis',(0.,0.,1.));
#2697=DIRECTION('ref_axis',(-0.707106781186547,0.707106781186548,0.));
#2698=DIRECTION('',(0.,0.,-1.));
#2699=DIRECTION('center_axis',(0.,0.,1.));
#2700=DIRECTION('ref_axis',(1.,0.,0.));
#2701=DIRECTION('',(0.,0.,1.));
#2702=DIRECTION('center_axis',(0.,0.,1.));
#2703=DIRECTION('ref_axis',(-0.225547357125506,0.974232205223015,0.));
#2704=DIRECTION('',(0.,0.,-1.));
#2705=DIRECTION('center_axis',(0.,0.,1.));
#2706=DIRECTION('ref_axis',(0.866025403784439,0.499999999999999,0.));
#2707=DIRECTION('',(0.,0.,1.));
#2708=DIRECTION('center_axis',(0.,0.,1.));
#2709=DIRECTION('ref_axis',(-0.707106781186549,-0.707106781186546,0.));
#2710=DIRECTION('',(0.,0.,-1.));
#2711=DIRECTION('center_axis',(0.,0.,1.));
#2712=DIRECTION('ref_axis',(1.,0.,0.));
#2713=DIRECTION('',(0.,0.,1.));
#2714=DIRECTION('center_axis',(0.,0.,1.));
#2715=DIRECTION('ref_axis',(0.866025403784439,0.499999999999999,0.));
#2716=DIRECTION('',(0.,0.,-1.));
#2717=DIRECTION('center_axis',(0.,0.,1.));
#2718=DIRECTION('ref_axis',(0.866025403784439,0.499999999999999,0.));
#2719=DIRECTION('',(0.,0.,1.));
#2720=DIRECTION('center_axis',(0.,0.,1.));
#2721=DIRECTION('ref_axis',(-0.417016040082368,0.908899126588876,0.));
#2722=DIRECTION('',(0.,0.,-1.));
#2723=DIRECTION('center_axis',(0.,0.,1.));
#2724=DIRECTION('ref_axis',(0.499999999999999,0.866025403784439,0.));
#2725=DIRECTION('',(0.,0.,1.));
#2726=DIRECTION('center_axis',(0.,0.,1.));
#2727=DIRECTION('ref_axis',(-0.891006524188369,-0.453990499739545,0.));
#2728=DIRECTION('',(0.,0.,-1.));
#2729=DIRECTION('center_axis',(0.,0.,1.));
#2730=DIRECTION('ref_axis',(1.,0.,0.));
#2731=DIRECTION('',(0.,0.,1.));
#2732=DIRECTION('center_axis',(0.,0.,1.));
#2733=DIRECTION('ref_axis',(-0.891006524188372,0.453990499739539,0.));
#2734=DIRECTION('',(0.,0.,-1.));
#2735=DIRECTION('center_axis',(0.,0.,1.));
#2736=DIRECTION('ref_axis',(1.,0.,0.));
#2737=DIRECTION('',(0.,0.,1.));
#2738=DIRECTION('center_axis',(0.,0.,1.));
#2739=DIRECTION('ref_axis',(-0.996247853550084,0.0865460241539123,0.));
#2740=DIRECTION('',(0.,0.,-1.));
#2741=DIRECTION('center_axis',(0.,0.,1.));
#2742=DIRECTION('ref_axis',(0.866025403784438,0.5,0.));
#2743=DIRECTION('',(0.,0.,1.));
#2744=DIRECTION('center_axis',(0.,0.,1.));
#2745=DIRECTION('ref_axis',(-0.196864439076844,-0.980430717912775,0.));
#2746=DIRECTION('',(0.,0.,1.));
#2747=DIRECTION('',(0.,0.,-1.));
#2748=DIRECTION('center_axis',(0.,0.,1.));
#2749=DIRECTION('ref_axis',(0.5,0.866025403784438,0.));
#2750=DIRECTION('center_axis',(0.,0.,1.));
#2751=DIRECTION('ref_axis',(0.453990499739548,0.891006524188367,0.));
#2752=DIRECTION('',(0.,0.,-1.));
#2753=DIRECTION('center_axis',(0.,0.,1.));
#2754=DIRECTION('ref_axis',(1.,0.,0.));
#2755=DIRECTION('',(0.,0.,1.));
#2756=DIRECTION('center_axis',(0.,0.,1.));
#2757=DIRECTION('ref_axis',(0.156434465040233,-0.987688340595137,0.));
#2758=DIRECTION('',(0.,0.,-1.));
#2759=DIRECTION('center_axis',(0.,0.,1.));
#2760=DIRECTION('ref_axis',(1.,0.,0.));
#2761=DIRECTION('',(0.,0.,1.));
#2762=DIRECTION('center_axis',(0.,0.,1.));
#2763=DIRECTION('ref_axis',(1.,0.,0.));
#2764=DIRECTION('',(0.,0.,-1.));
#2765=DIRECTION('center_axis',(0.,0.,1.));
#2766=DIRECTION('ref_axis',(1.,0.,0.));
#2767=DIRECTION('',(0.,0.,1.));
#2768=DIRECTION('center_axis',(0.,0.,1.));
#2769=DIRECTION('ref_axis',(0.75511096748935,-0.655597000280888,0.));
#2770=DIRECTION('',(0.,0.,-1.));
#2771=DIRECTION('center_axis',(0.,0.,1.));
#2772=DIRECTION('ref_axis',(0.866025403784439,0.499999999999999,0.));
#2773=DIRECTION('',(0.,0.,1.));
#2774=DIRECTION('center_axis',(-0.309016994374947,0.951056516295154,0.));
#2775=DIRECTION('ref_axis',(-0.951056516295154,-0.309016994374947,0.));
#2776=DIRECTION('',(-0.951056516295154,-0.309016994374947,0.));
#2777=DIRECTION('center_axis',(-2.22044604925031E-16,-1.,0.));
#2778=DIRECTION('ref_axis',(1.,-2.22044604925031E-16,0.));
#2779=DIRECTION('',(1.,-2.22044604925031E-16,0.));
#2780=DIRECTION('center_axis',(0.809016994374947,-0.587785252292474,0.));
#2781=DIRECTION('ref_axis',(0.587785252292473,0.809016994374947,0.));
#2782=DIRECTION('',(0.587785252292473,0.809016994374947,0.));
#2783=DIRECTION('center_axis',(1.,-2.22044604925031E-16,0.));
#2784=DIRECTION('ref_axis',(2.22044604925031E-16,1.,0.));
#2785=DIRECTION('',(2.22044604925031E-16,1.,0.));
#2786=DIRECTION('center_axis',(-0.951056516295154,0.309016994374948,0.));
#2787=DIRECTION('ref_axis',(-0.309016994374948,-0.951056516295153,0.));
#2788=DIRECTION('',(-0.309016994374948,-0.951056516295153,0.));
#2789=DIRECTION('center_axis',(-0.309016994374948,-0.951056516295154,0.));
#2790=DIRECTION('ref_axis',(0.951056516295153,-0.309016994374948,0.));
#2791=DIRECTION('',(0.951056516295153,-0.309016994374948,0.));
#2792=DIRECTION('center_axis',(0.309016994374948,0.951056516295154,0.));
#2793=DIRECTION('ref_axis',(-0.951056516295153,0.309016994374948,0.));
#2794=DIRECTION('',(-0.951056516295153,0.309016994374948,0.));
#2795=DIRECTION('center_axis',(0.951056516295154,-0.309016994374948,0.));
#2796=DIRECTION('ref_axis',(0.309016994374948,0.951056516295153,0.));
#2797=DIRECTION('',(0.309016994374948,0.951056516295154,0.));
#2798=DIRECTION('center_axis',(0.951056516295154,0.309016994374947,0.));
#2799=DIRECTION('ref_axis',(-0.309016994374947,0.951056516295154,0.));
#2800=DIRECTION('',(-0.309016994374947,0.951056516295154,0.));
#2801=DIRECTION('center_axis',(0.309016994374947,-0.951056516295154,0.));
#2802=DIRECTION('ref_axis',(0.951056516295154,0.309016994374947,0.));
#2803=DIRECTION('',(0.951056516295154,0.309016994374947,0.));
#2804=DIRECTION('center_axis',(-0.951056516295154,-0.309016994374947,0.));
#2805=DIRECTION('ref_axis',(0.309016994374947,-0.951056516295154,0.));
#2806=DIRECTION('',(0.309016994374947,-0.951056516295154,0.));
#2807=DIRECTION('center_axis',(0.587785252292473,0.809016994374947,0.));
#2808=DIRECTION('ref_axis',(-0.809016994374947,0.587785252292473,0.));
#2809=DIRECTION('',(-0.809016994374947,0.587785252292473,0.));
#2810=DIRECTION('center_axis',(-0.587785252292474,-0.809016994374947,0.));
#2811=DIRECTION('ref_axis',(0.809016994374947,-0.587785252292473,0.));
#2812=DIRECTION('',(0.809016994374947,-0.587785252292473,0.));
#2813=DIRECTION('center_axis',(-0.809016994374947,0.587785252292474,0.));
#2814=DIRECTION('ref_axis',(-0.587785252292473,-0.809016994374947,0.));
#2815=DIRECTION('',(-0.587785252292473,-0.809016994374947,0.));
#2816=DIRECTION('center_axis',(-1.,2.22044604925031E-16,0.));
#2817=DIRECTION('ref_axis',(-2.22044604925031E-16,-1.,0.));
#2818=DIRECTION('',(-2.22044604925031E-16,-1.,0.));
#2819=DIRECTION('center_axis',(2.22044604925031E-16,1.,0.));
#2820=DIRECTION('ref_axis',(-1.,2.22044604925031E-16,0.));
#2821=DIRECTION('',(-1.,2.22044604925031E-16,0.));
#2822=DIRECTION('center_axis',(0.,0.,-1.));
#2823=DIRECTION('ref_axis',(2.22044604925031E-16,1.,0.));
#2824=DIRECTION('',(0.,0.,-1.));
#2825=DIRECTION('center_axis',(-0.809016994374948,-0.587785252292473,0.));
#2826=DIRECTION('ref_axis',(0.587785252292473,-0.809016994374948,0.));
#2827=DIRECTION('',(0.587785252292473,-0.809016994374948,0.));
#2828=DIRECTION('center_axis',(0.587785252292473,-0.809016994374948,0.));
#2829=DIRECTION('ref_axis',(0.809016994374948,0.587785252292473,0.));
#2830=DIRECTION('',(0.809016994374948,0.587785252292473,0.));
#2831=DIRECTION('center_axis',(0.,0.,-1.));
#2832=DIRECTION('ref_axis',(2.22044604925031E-16,1.,0.));
#2833=DIRECTION('center_axis',(0.,0.,-1.));
#2834=DIRECTION('ref_axis',(2.22044604925031E-16,1.,0.));
#2835=DIRECTION('center_axis',(0.,0.,-1.));
#2836=DIRECTION('ref_axis',(2.22044604925031E-16,1.,0.));
#2837=DIRECTION('center_axis',(0.,0.,-1.));
#2838=DIRECTION('ref_axis',(2.22044604925031E-16,1.,0.));
#2839=DIRECTION('center_axis',(-0.587785252292473,0.809016994374948,0.));
#2840=DIRECTION('ref_axis',(-0.809016994374948,-0.587785252292473,0.));
#2841=DIRECTION('',(-0.809016994374948,-0.587785252292473,0.));
#2842=DIRECTION('center_axis',(0.809016994374948,0.587785252292473,0.));
#2843=DIRECTION('ref_axis',(-0.587785252292473,0.809016994374948,0.));
#2844=DIRECTION('',(-0.587785252292473,0.809016994374948,0.));
#2845=DIRECTION('center_axis',(0.,0.,-1.));
#2846=DIRECTION('ref_axis',(2.22044604925031E-16,1.,0.));
#2847=CARTESIAN_POINT('',(0.,0.,0.));
#2848=CARTESIAN_POINT('Ctrl Pts',(0.483418617681542,-22.7405930860637,7.70162907583708));
#2849=CARTESIAN_POINT('Ctrl Pts',(0.745333228662507,-22.7319172371408,7.60646914259873));
#2850=CARTESIAN_POINT('Ctrl Pts',(0.994987370840237,-22.7175479840164,7.4780051464582));
#2851=CARTESIAN_POINT('Ctrl Pts',(1.22446031338594,-22.7,7.32044199576048));
#2852=CARTESIAN_POINT('Ctrl Pts',(0.486764577981273,-22.8722629380019,7.70041340727415));
#2853=CARTESIAN_POINT('Ctrl Pts',(0.749941788851507,-22.8641185646737,7.6044542274429));
#2854=CARTESIAN_POINT('Ctrl Pts',(1.00072125029937,-22.8504797201531,7.47485890884673));
#2855=CARTESIAN_POINT('Ctrl Pts',(1.23050002997688,-22.8338256650235,7.31629494136341));
#2856=CARTESIAN_POINT('Ctrl Pts',(0.530922377871114,-23.1345028540459,7.80118881888683));
#2857=CARTESIAN_POINT('Ctrl Pts',(0.805973825544578,-23.1273692741336,7.70136787164688));
#2858=CARTESIAN_POINT('Ctrl Pts',(1.06740608960979,-23.115230270804,7.56663343727438));
#2859=CARTESIAN_POINT('Ctrl Pts',(1.30699334228235,-23.1002715410719,7.40192896410214));
#2860=CARTESIAN_POINT('Ctrl Pts',(0.623593206841741,-23.2416792249759,8.04776682158734));
#2861=CARTESIAN_POINT('Ctrl Pts',(0.921205149379863,-23.2337346266346,7.94144730261502));
#2862=CARTESIAN_POINT('Ctrl Pts',(1.20471436689387,-23.2202894501566,7.79790817103713));
#2863=CARTESIAN_POINT('Ctrl Pts',(1.46502833182273,-23.2039205780865,7.6220644604402));
#2864=CARTESIAN_POINT('Ctrl Pts',(0.668537758762436,-23.2403863407025,8.17157287520633));
#2865=CARTESIAN_POINT('Ctrl Pts',(0.976764943313462,-23.2315198137812,8.0619947702652));
#2866=CARTESIAN_POINT('Ctrl Pts',(1.27056372401812,-23.2168347528959,7.9140665322852));
#2867=CARTESIAN_POINT('Ctrl Pts',(1.54061280125972,-23.1989010989011,7.73263017693631));
#2868=CARTESIAN_POINT('',(1.22446031338594,-22.7,7.32044199576048));
#2869=CARTESIAN_POINT('',(1.54061280125972,-23.1989010989011,7.73263017693631));
#2870=CARTESIAN_POINT('Origin',(1.50748134316811,-22.7,7.73263017693631));
#2871=CARTESIAN_POINT('',(0.668537758770535,-23.2403863407022,8.17157287522863));
#2872=CARTESIAN_POINT('Ctrl Pts',(1.54061280125972,-23.1989010989011,7.73263017693631));
#2873=CARTESIAN_POINT('Ctrl Pts',(1.27056372401812,-23.2168347528959,7.9140665322852));
#2874=CARTESIAN_POINT('Ctrl Pts',(0.976764943313462,-23.2315198137812,8.0619947702652));
#2875=CARTESIAN_POINT('Ctrl Pts',(0.668537758762436,-23.2403863407025,8.17157287520633));
#2876=CARTESIAN_POINT('',(0.483418617681676,-22.7405930860637,7.70162907583703));
#2877=CARTESIAN_POINT('Origin',(0.654160602660172,-22.7405930860637,8.17157287520627));
#2878=CARTESIAN_POINT('Ctrl Pts',(0.483418617681542,-22.7405930860637,7.70162907583708));
#2879=CARTESIAN_POINT('Ctrl Pts',(0.745333228662507,-22.7319172371408,7.60646914259873));
#2880=CARTESIAN_POINT('Ctrl Pts',(0.994987370840237,-22.7175479840164,7.4780051464582));
#2881=CARTESIAN_POINT('Ctrl Pts',(1.22446031338594,-22.7,7.32044199576048));
#2882=CARTESIAN_POINT('Ctrl Pts',(1.22446031338594,-22.7,7.32044199576048));
#2883=CARTESIAN_POINT('Ctrl Pts',(1.72588298811556,-22.6744371980301,6.97614982961132));
#2884=CARTESIAN_POINT('Ctrl Pts',(2.52635762019957,-22.6033480236461,6.00428055711656));
#2885=CARTESIAN_POINT('Ctrl Pts',(2.83413559421253,-22.5658037363704,3.80464796828834));
#2886=CARTESIAN_POINT('Ctrl Pts',(1.97659432548036,-22.6616557970452,2.39599625346326));
#2887=CARTESIAN_POINT('Ctrl Pts',(1.22446031338593,-22.7,1.87955800423952));
#2888=CARTESIAN_POINT('Ctrl Pts',(1.23050002997689,-22.8338256650235,7.31629494136342));
#2889=CARTESIAN_POINT('Ctrl Pts',(1.73447084954575,-22.8080991520221,6.97277376412731));
#2890=CARTESIAN_POINT('Ctrl Pts',(2.5400197011594,-22.7359662327092,6.00282522781159));
#2891=CARTESIAN_POINT('Ctrl Pts',(2.85018348825961,-22.697708540834,3.80561132622792));
#2892=CARTESIAN_POINT('Ctrl Pts',(1.98645625933018,-22.7952358955214,2.39898682449074));
#2893=CARTESIAN_POINT('Ctrl Pts',(1.23050002997688,-22.8338256650235,1.88370505863658));
#2894=CARTESIAN_POINT('Ctrl Pts',(1.30699337761854,-23.1002714705237,7.40192902238853));
#2895=CARTESIAN_POINT('Ctrl Pts',(1.83382811563937,-23.071214263437,7.04749411404462));
#2896=CARTESIAN_POINT('Ctrl Pts',(2.67606961890621,-22.9889048897687,6.04790855782708));
#2897=CARTESIAN_POINT('Ctrl Pts',(3.00039162366947,-22.9450362442605,3.77959261258322));
#2898=CARTESIAN_POINT('Ctrl Pts',(2.09724548464977,-23.0566856598936,2.32972334012732));
#2899=CARTESIAN_POINT('Ctrl Pts',(1.30699337761853,-23.1002714705237,1.79807097761147));
#2900=CARTESIAN_POINT('Ctrl Pts',(1.46502833182273,-23.2039205780865,7.6220644604402));
#2901=CARTESIAN_POINT('Ctrl Pts',(2.03489501010689,-23.1680082208417,7.23970732312132));
#2902=CARTESIAN_POINT('Ctrl Pts',(2.94399675995259,-23.0673650867839,6.1595833502964));
#2903=CARTESIAN_POINT('Ctrl Pts',(3.29292673996002,-23.0140222297052,3.71680351716085));
#2904=CARTESIAN_POINT('Ctrl Pts',(2.31982834924897,-23.1500520422192,2.15147124553812));
#2905=CARTESIAN_POINT('Ctrl Pts',(1.46502833182272,-23.2039205780865,1.5779355395598));
#2906=CARTESIAN_POINT('Ctrl Pts',(1.54061280125972,-23.1989010989011,7.73263017693631));
#2907=CARTESIAN_POINT('Ctrl Pts',(2.13069862626621,-23.159714166211,7.33617253106758));
#2908=CARTESIAN_POINT('Ctrl Pts',(3.07118244740781,-23.0507368054795,6.21579524459536));
#2909=CARTESIAN_POINT('Ctrl Pts',(3.4316539448016,-22.9931826508096,3.68503697738189));
#2910=CARTESIAN_POINT('Ctrl Pts',(2.42574153876945,-23.140120699866,2.06205629186679));
#2911=CARTESIAN_POINT('Ctrl Pts',(1.54061280125971,-23.1989010989011,1.46736982306369));
#2912=CARTESIAN_POINT('',(1.22446031338593,-22.7,1.87955800423952));
#2913=CARTESIAN_POINT('',(1.54061280125971,-23.1989010989011,1.46736982306369));
#2914=CARTESIAN_POINT('Origin',(1.5074813431681,-22.7,1.46736982306369));
#2915=CARTESIAN_POINT('Ctrl Pts',(1.54061280125971,-23.1989010989011,1.46736982306369));
#2916=CARTESIAN_POINT('Ctrl Pts',(2.42574153876945,-23.140120699866,2.06205629186679));
#2917=CARTESIAN_POINT('Ctrl Pts',(3.4316539448016,-22.9931826508096,3.68503697738189));
#2918=CARTESIAN_POINT('Ctrl Pts',(3.07118244740781,-23.0507368054795,6.21579524459536));
#2919=CARTESIAN_POINT('Ctrl Pts',(2.13069862626621,-23.159714166211,7.33617253106758));
#2920=CARTESIAN_POINT('Ctrl Pts',(1.54061280125972,-23.1989010989011,7.73263017693631));
#2921=CARTESIAN_POINT('Ctrl Pts',(1.22446031338594,-22.7,7.32044199576048));
#2922=CARTESIAN_POINT('Ctrl Pts',(1.72588298811556,-22.6744371980301,6.97614982961132));
#2923=CARTESIAN_POINT('Ctrl Pts',(2.52635762019957,-22.6033480236461,6.00428055711656));
#2924=CARTESIAN_POINT('Ctrl Pts',(2.83413559421253,-22.5658037363704,3.80464796828834));
#2925=CARTESIAN_POINT('Ctrl Pts',(1.97659432548036,-22.6616557970452,2.39599625346326));
#2926=CARTESIAN_POINT('Ctrl Pts',(1.22446031338593,-22.7,1.87955800423952));
#2927=CARTESIAN_POINT('Ctrl Pts',(1.22446031338593,-22.7,1.87955800423952));
#2928=CARTESIAN_POINT('Ctrl Pts',(0.79022652574467,-22.7332062136842,1.58139978584068));
#2929=CARTESIAN_POINT('Ctrl Pts',(0.282966247439337,-22.7540495320809,1.38908829137071));
#2930=CARTESIAN_POINT('Ctrl Pts',(-0.240585351048022,-22.7492915285709,
1.32468671359765));
#2931=CARTESIAN_POINT('Ctrl Pts',(1.23050002997688,-22.8338256650235,1.88370505863658));
#2932=CARTESIAN_POINT('Ctrl Pts',(0.795687503880985,-22.8653402887445,1.58365298530776));
#2933=CARTESIAN_POINT('Ctrl Pts',(0.28524223203875,-22.8850589683932,1.38920834409914));
#2934=CARTESIAN_POINT('Ctrl Pts',(-0.241602377523528,-22.8801069164244,
1.32456161015063));
#2935=CARTESIAN_POINT('Ctrl Pts',(1.30697795433765,-23.1003022628923,1.79809641802522));
#2936=CARTESIAN_POINT('Ctrl Pts',(0.853604763387902,-23.1286088065648,1.48642460855778));
#2937=CARTESIAN_POINT('Ctrl Pts',(0.320739356772534,-23.1460292796571,1.28393649087123));
#2938=CARTESIAN_POINT('Ctrl Pts',(-0.23041867861117,-23.1407045809035,1.21692418401054));
#2939=CARTESIAN_POINT('Ctrl Pts',(1.46502833182272,-23.2039205780865,1.5779355395598));
#2940=CARTESIAN_POINT('Ctrl Pts',(0.972433790117834,-23.2348955472465,1.24518484730687));
#2941=CARTESIAN_POINT('Ctrl Pts',(0.395879243058626,-23.2542778243092,1.0300350194614));
#2942=CARTESIAN_POINT('Ctrl Pts',(-0.199457491761554,-23.249149915318,0.958267949382489));
#2943=CARTESIAN_POINT('Ctrl Pts',(1.54061280125971,-23.1989010989011,1.46736982306369));
#2944=CARTESIAN_POINT('Ctrl Pts',(1.02959641580376,-23.2328371194794,1.12403611702867));
#2945=CARTESIAN_POINT('Ctrl Pts',(0.432640763612269,-23.2541385327859,0.902586517335971));
#2946=CARTESIAN_POINT('Ctrl Pts',(-0.183486891750477,-23.2492759577703,
0.828427124748806));
#2947=CARTESIAN_POINT('',(-0.240585351048018,-22.7492915285709,1.32468671359765));
#2948=CARTESIAN_POINT('Ctrl Pts',(1.22446031338593,-22.7,1.87955800423952));
#2949=CARTESIAN_POINT('Ctrl Pts',(0.79022652574467,-22.7332062136842,1.58139978584068));
#2950=CARTESIAN_POINT('Ctrl Pts',(0.282966247439337,-22.7540495320809,1.38908829137071));
#2951=CARTESIAN_POINT('Ctrl Pts',(-0.240585351048022,-22.7492915285709,
1.32468671359765));
#2952=CARTESIAN_POINT('',(-0.183486891750317,-23.2492759577703,0.828427124747507));
#2953=CARTESIAN_POINT('Origin',(-0.179540937089172,-22.7492915285709,0.828427124748806));
#2954=CARTESIAN_POINT('Ctrl Pts',(-0.183486891750477,-23.2492759577703,
0.828427124748806));
#2955=CARTESIAN_POINT('Ctrl Pts',(0.432640763612269,-23.2541385327859,0.902586517335971));
#2956=CARTESIAN_POINT('Ctrl Pts',(1.02959641580376,-23.2328371194794,1.12403611702867));
#2957=CARTESIAN_POINT('Ctrl Pts',(1.54061280125971,-23.1989010989011,1.46736982306369));
#2958=CARTESIAN_POINT('Ctrl Pts',(-0.657618494968773,-23.2403385470515,
0.790524291751271));
#2959=CARTESIAN_POINT('Ctrl Pts',(-0.499212349507651,-23.2448208746545,
0.790524291751271));
#2960=CARTESIAN_POINT('Ctrl Pts',(-0.340766701239702,-23.2480346811202,
0.803186088986123));
#2961=CARTESIAN_POINT('Ctrl Pts',(-0.183486891750528,-23.2492759577703,
0.82842712474967));
#2962=CARTESIAN_POINT('Ctrl Pts',(-0.65768950941887,-23.2428482086176,0.922979572433329));
#2963=CARTESIAN_POINT('Ctrl Pts',(-0.504669450110275,-23.247173035122,0.922882511503159));
#2964=CARTESIAN_POINT('Ctrl Pts',(-0.35157168503907,-23.2495154805618,0.934670569366928));
#2965=CARTESIAN_POINT('Ctrl Pts',(-0.199457491761584,-23.2491499153178,
0.958267949383211));
#2966=CARTESIAN_POINT('Ctrl Pts',(-0.6546889766207,-23.1368089189923,1.18889779143705));
#2967=CARTESIAN_POINT('Ctrl Pts',(-0.513130031987034,-23.1409803968196,
1.18861236559133));
#2968=CARTESIAN_POINT('Ctrl Pts',(-0.371512614259849,-23.1424150523761,
1.1979314968551));
#2969=CARTESIAN_POINT('Ctrl Pts',(-0.230419577167989,-23.1407114936877,
1.2169310452958));
#2970=CARTESIAN_POINT('Ctrl Pts',(-0.647225667462435,-22.87305442783,1.3));
#2971=CARTESIAN_POINT('Ctrl Pts',(-0.511860765207287,-22.8773659647612,
1.29984360563463));
#2972=CARTESIAN_POINT('Ctrl Pts',(-0.376303532334597,-22.8798952501417,
1.30806719669351));
#2973=CARTESIAN_POINT('Ctrl Pts',(-0.241602377523543,-22.8801069164242,
1.32456161015063));
#2974=CARTESIAN_POINT('Ctrl Pts',(-0.643478483176402,-22.7406283600234,
1.3));
#2975=CARTESIAN_POINT('Ctrl Pts',(-0.508873115051611,-22.7450143093072,
1.3));
#2976=CARTESIAN_POINT('Ctrl Pts',(-0.374233134833005,-22.7480769460424,
1.30824682846218));
#2977=CARTESIAN_POINT('Ctrl Pts',(-0.240585351048065,-22.7492915285709,
1.32468671359764));
#2978=CARTESIAN_POINT('',(-0.643478483176402,-22.7406283600234,1.3));
#2979=CARTESIAN_POINT('Ctrl Pts',(-0.240585351048065,-22.7492915285709,
1.32468671359764));
#2980=CARTESIAN_POINT('Ctrl Pts',(-0.374233134833005,-22.7480769460424,
1.30824682846218));
#2981=CARTESIAN_POINT('Ctrl Pts',(-0.508873115051611,-22.7450143093072,
1.3));
#2982=CARTESIAN_POINT('Ctrl Pts',(-0.643478483176402,-22.7406283600234,
1.3));
#2983=CARTESIAN_POINT('',(-0.657618494968773,-23.2403385470515,0.790524291751271));
#2984=CARTESIAN_POINT('Origin',(-0.643478483176402,-22.7406283600234,0.8));
#2985=CARTESIAN_POINT('Ctrl Pts',(-0.657618494968773,-23.2403385470515,
0.790524291751271));
#2986=CARTESIAN_POINT('Ctrl Pts',(-0.499212349507651,-23.2448208746545,
0.790524291751271));
#2987=CARTESIAN_POINT('Ctrl Pts',(-0.340766701239702,-23.2480346811202,
0.803186088986123));
#2988=CARTESIAN_POINT('Ctrl Pts',(-0.183486891750528,-23.2492759577703,
0.82842712474967));
#2989=CARTESIAN_POINT('Origin',(0.,0.,0.8));
#2990=CARTESIAN_POINT('',(-1.50341037877572,-22.7,1.3));
#2991=CARTESIAN_POINT('',(-1.53644682216964,-23.1988174058321,0.79052429175127));
#2992=CARTESIAN_POINT('Origin',(-1.50341037877572,-22.7,0.8));
#2993=CARTESIAN_POINT('Origin',(0.,0.,0.79052429175127));
#2994=CARTESIAN_POINT('Origin',(0.,0.,1.3));
#2995=CARTESIAN_POINT('Ctrl Pts',(-10.9120966268902,-20.5301886792453,2.3));
#2996=CARTESIAN_POINT('Ctrl Pts',(-10.9072775989267,-20.532750063342,2.29838061925207));
#2997=CARTESIAN_POINT('Ctrl Pts',(-10.9024579341072,-20.5353097620171,2.29676044480918));
#2998=CARTESIAN_POINT('Ctrl Pts',(-9.47155800427932,-21.2944980714184,1.81647737622684));
#2999=CARTESIAN_POINT('Ctrl Pts',(-7.9530831570714,-21.9104929993466,1.32990564695784));
#3000=CARTESIAN_POINT('Ctrl Pts',(-6.35539693654044,-22.3645127328769,1.04166048734315));
#3001=CARTESIAN_POINT('Ctrl Pts',(-10.9120966268902,-20.5301886792453,2.3));
#3002=CARTESIAN_POINT('Ctrl Pts',(-10.9072371980272,-20.5327816442646,2.2985598532801));
#3003=CARTESIAN_POINT('Ctrl Pts',(-10.9023541232823,-20.5353552163734,2.29712096979212));
#3004=CARTESIAN_POINT('Ctrl Pts',(-9.45742834749738,-21.3023678316874,1.87021790500201));
#3005=CARTESIAN_POINT('Ctrl Pts',(-7.92186237131846,-21.9219133731166,1.43751568555892));
#3006=CARTESIAN_POINT('Ctrl Pts',(-6.32684678234213,-22.3726259238369,1.20900959543254));
#3007=CARTESIAN_POINT('Ctrl Pts',(-10.9120966268902,-20.5301886792453,2.3));
#3008=CARTESIAN_POINT('Ctrl Pts',(-10.9072168841971,-20.5327300974843,2.29873191630184));
#3009=CARTESIAN_POINT('Ctrl Pts',(-10.9022318761858,-20.5354772610329,2.2974886026556));
#3010=CARTESIAN_POINT('Ctrl Pts',(-9.44341486688497,-21.3079352679006,1.92359653855382));
#3011=CARTESIAN_POINT('Ctrl Pts',(-7.87830627638561,-21.9076513038911,1.54681801347772));
#3012=CARTESIAN_POINT('Ctrl Pts',(-6.27325186576462,-22.2907448999011,1.37348859322713));
#3013=CARTESIAN_POINT('Ctrl Pts',(-10.9120966268902,-20.5301886792453,2.3));
#3014=CARTESIAN_POINT('Ctrl Pts',(-10.9071330553604,-20.5328268903691,2.29892041283479));
#3015=CARTESIAN_POINT('Ctrl Pts',(-10.9021689992305,-20.5354595189297,2.29784029653946));
#3016=CARTESIAN_POINT('Ctrl Pts',(-9.42779676884353,-21.318137291428,1.97765158415123));
#3017=CARTESIAN_POINT('Ctrl Pts',(-7.82382790754488,-21.8595330676741,1.65327043130522));
#3018=CARTESIAN_POINT('Ctrl Pts',(-6.21872173360408,-22.1557036465362,1.4611069915621));
#3019=CARTESIAN_POINT('',(-6.35539693654044,-22.3645127328769,1.04166048734315));
#3020=CARTESIAN_POINT('',(-6.21872173360409,-22.1557036465362,1.4611069915621));
#3021=CARTESIAN_POINT('Origin',(-6.21872173360408,-21.8835554698043,1.04166048734315));
#3022=CARTESIAN_POINT('',(-10.9120966268902,-20.5301886792453,2.3));
#3023=CARTESIAN_POINT('Ctrl Pts',(-6.21872173360408,-22.1557036465362,1.4611069915621));
#3024=CARTESIAN_POINT('Ctrl Pts',(-7.82382790754488,-21.8595330676741,1.65327043130522));
#3025=CARTESIAN_POINT('Ctrl Pts',(-9.42779676884353,-21.318137291428,1.97765158415123));
#3026=CARTESIAN_POINT('Ctrl Pts',(-10.9021689992305,-20.5354595189297,2.29784029653946));
#3027=CARTESIAN_POINT('Ctrl Pts',(-10.9071330553604,-20.5328268903691,2.29892041283479));
#3028=CARTESIAN_POINT('Ctrl Pts',(-10.9120966268902,-20.5301886792453,2.3));
#3029=CARTESIAN_POINT('Ctrl Pts',(-10.9120966268902,-20.5301886792453,2.3));
#3030=CARTESIAN_POINT('Ctrl Pts',(-10.9072775989267,-20.532750063342,2.29838061925207));
#3031=CARTESIAN_POINT('Ctrl Pts',(-10.9024579341072,-20.5353097620171,2.29676044480918));
#3032=CARTESIAN_POINT('Ctrl Pts',(-9.47155800427932,-21.2944980714184,1.81647737622684));
#3033=CARTESIAN_POINT('Ctrl Pts',(-7.9530831570714,-21.9104929993466,1.32990564695784));
#3034=CARTESIAN_POINT('Ctrl Pts',(-6.35539693654044,-22.3645127328769,1.04166048734315));
#3035=CARTESIAN_POINT('Ctrl Pts',(-6.35539693654044,-22.3645127328769,1.04166048734316));
#3036=CARTESIAN_POINT('Ctrl Pts',(-5.95542625594214,-22.4781737130441,0.969500127449751));
#3037=CARTESIAN_POINT('Ctrl Pts',(-5.5481981991274,-22.5822316802627,0.92330920818467));
#3038=CARTESIAN_POINT('Ctrl Pts',(-5.13766353352573,-22.6752489163026,0.890228521492426));
#3039=CARTESIAN_POINT('Ctrl Pts',(-6.33908256271284,-22.3691488419969,1.13728854910852));
#3040=CARTESIAN_POINT('Ctrl Pts',(-5.94181491401106,-22.4818218018678,1.0734629598307));
#3041=CARTESIAN_POINT('Ctrl Pts',(-5.5369646113908,-22.5848275812556,1.03410655727307));
#3042=CARTESIAN_POINT('Ctrl Pts',(-5.12850867881073,-22.6773231851848,1.00710497022049));
#3043=CARTESIAN_POINT('Ctrl Pts',(-6.29664617866731,-22.3281917709615,1.30432185461623));
#3044=CARTESIAN_POINT('Ctrl Pts',(-5.90267320873481,-22.430635342946,1.25485936753734));
#3045=CARTESIAN_POINT('Ctrl Pts',(-5.50117889498403,-22.5242034725188,1.22754112955089));
#3046=CARTESIAN_POINT('Ctrl Pts',(-5.09591604745537,-22.6075156314341,1.2108186872323));
#3047=CARTESIAN_POINT('Ctrl Pts',(-6.24209179024432,-22.2135784694069,1.42355624941855));
#3048=CARTESIAN_POINT('Ctrl Pts',(-5.84993861888513,-22.2963571775638,1.37713464348537));
#3049=CARTESIAN_POINT('Ctrl Pts',(-5.45056115776292,-22.3717306868097,1.34941059222899));
#3050=CARTESIAN_POINT('Ctrl Pts',(-5.04778593307923,-22.4387540599193,1.33094934693455));
#3051=CARTESIAN_POINT('Ctrl Pts',(-6.21872173360409,-22.1557036465362,1.46110699156211));
#3052=CARTESIAN_POINT('Ctrl Pts',(-5.82735257301868,-22.2298480852115,1.41300008496651));
#3053=CARTESIAN_POINT('Ctrl Pts',(-5.42888210882359,-22.2977281928595,1.38220613878978));
#3054=CARTESIAN_POINT('Ctrl Pts',(-5.02717614570797,-22.3584061031078,1.36015234766162));
#3055=CARTESIAN_POINT('',(-5.13766353352573,-22.6752489163026,0.890228521492426));
#3056=CARTESIAN_POINT('',(-5.02717614570919,-22.3584061031078,1.36015234766162));
#3057=CARTESIAN_POINT('Origin',(-5.02717614570797,-22.1876091546616,0.890228521492426));
#3058=CARTESIAN_POINT('Ctrl Pts',(-5.02717614570797,-22.3584061031078,1.36015234766162));
#3059=CARTESIAN_POINT('Ctrl Pts',(-5.42888210882359,-22.2977281928595,1.38220613878978));
#3060=CARTESIAN_POINT('Ctrl Pts',(-5.82735257301868,-22.2298480852115,1.41300008496651));
#3061=CARTESIAN_POINT('Ctrl Pts',(-6.21872173360409,-22.1557036465362,1.46110699156211));
#3062=CARTESIAN_POINT('Ctrl Pts',(-6.35539693654044,-22.3645127328769,1.04166048734316));
#3063=CARTESIAN_POINT('Ctrl Pts',(-5.95542625594214,-22.4781737130441,0.969500127449751));
#3064=CARTESIAN_POINT('Ctrl Pts',(-5.5481981991274,-22.5822316802627,0.92330920818467));
#3065=CARTESIAN_POINT('Ctrl Pts',(-5.13766353352573,-22.6752489163026,0.890228521492426));
#3066=CARTESIAN_POINT('Ctrl Pts',(-5.13766353352633,-22.6752489163024,0.890228521492474));
#3067=CARTESIAN_POINT('Ctrl Pts',(-4.76376418682794,-22.7599654742477,0.860099891247713));
#3068=CARTESIAN_POINT('Ctrl Pts',(-4.38695756515364,-22.8356047010658,0.841233483215549));
#3069=CARTESIAN_POINT('Ctrl Pts',(-4.00834484996447,-22.9018704817699,0.828427124871969));
#3070=CARTESIAN_POINT('Ctrl Pts',(-5.1296530356507,-22.6770639015744,0.992495414129524));
#3071=CARTESIAN_POINT('Ctrl Pts',(-4.75740705747588,-22.7613406424084,0.967189014465384));
#3072=CARTESIAN_POINT('Ctrl Pts',(-4.38197777664521,-22.8364627620692,0.952434346492394));
#3073=CARTESIAN_POINT('Ctrl Pts',(-4.00449341095949,-22.9025445706271,0.94325703348135));
#3074=CARTESIAN_POINT('Ctrl Pts',(-5.09924277186454,-22.617081813672,1.19674155769691));
#3075=CARTESIAN_POINT('Ctrl Pts',(-4.72996847941759,-22.6940333077595,1.18092654871457));
#3076=CARTESIAN_POINT('Ctrl Pts',(-4.35741040058404,-22.7626945951446,1.1745000112432));
#3077=CARTESIAN_POINT('Ctrl Pts',(-3.98258980521018,-22.8226527505416,1.17239302066229));
#3078=CARTESIAN_POINT('Ctrl Pts',(-5.0512208976417,-22.4521453860544,1.32608218014673));
#3079=CARTESIAN_POINT('Ctrl Pts',(-4.6842309641913,-22.5141866461639,1.3098534679652));
#3080=CARTESIAN_POINT('Ctrl Pts',(-4.31423983847315,-22.5691944581935,1.30135217743803));
#3081=CARTESIAN_POINT('Ctrl Pts',(-3.94232320998948,-22.6172050118718,1.29703490554687));
#3082=CARTESIAN_POINT('Ctrl Pts',(-5.02717614570856,-22.3584061031077,1.36015234766165));
#3083=CARTESIAN_POINT('Ctrl Pts',(-4.6613176451757,-22.4136692340971,1.34006659416514));
#3084=CARTESIAN_POINT('Ctrl Pts',(-4.29261439170948,-22.4630109519497,1.32748898881037));
#3085=CARTESIAN_POINT('Ctrl Pts',(-3.92214388544911,-22.5062380920506,1.31895141658131));
#3086=CARTESIAN_POINT('',(-4.00834484996658,-22.9018704817695,0.828427124809115));
#3087=CARTESIAN_POINT('',(-3.92214388544916,-22.5062380920506,1.31895141658131));
#3088=CARTESIAN_POINT('Origin',(-3.92214388544916,-22.4093571380759,0.828427124871971));
#3089=CARTESIAN_POINT('Ctrl Pts',(-3.92214388544911,-22.5062380920506,1.31895141658131));
#3090=CARTESIAN_POINT('Ctrl Pts',(-4.29261439170948,-22.4630109519497,1.32748898881037));
#3091=CARTESIAN_POINT('Ctrl Pts',(-4.6613176451757,-22.4136692340971,1.34006659416514));
#3092=CARTESIAN_POINT('Ctrl Pts',(-5.02717614570856,-22.3584061031077,1.36015234766165));
#3093=CARTESIAN_POINT('Ctrl Pts',(-5.13766353352633,-22.6752489163024,0.890228521492474));
#3094=CARTESIAN_POINT('Ctrl Pts',(-4.76376418682794,-22.7599654742477,0.860099891247713));
#3095=CARTESIAN_POINT('Ctrl Pts',(-4.38695756515364,-22.8356047010658,0.841233483215549));
#3096=CARTESIAN_POINT('Ctrl Pts',(-4.00834484996447,-22.9018704817699,0.828427124871969));
#3097=CARTESIAN_POINT('Ctrl Pts',(-1.50341037877572,-22.7,1.3));
#3098=CARTESIAN_POINT('Ctrl Pts',(-2.31416705455319,-22.6642026431417,1.3));
#3099=CARTESIAN_POINT('Ctrl Pts',(-3.12224090878445,-22.5995721563167,1.30051748102042));
#3100=CARTESIAN_POINT('Ctrl Pts',(-3.92214388544778,-22.5062380920508,1.31895141658128));
#3101=CARTESIAN_POINT('Ctrl Pts',(-1.51216522589819,-22.8321894756653,1.3));
#3102=CARTESIAN_POINT('Ctrl Pts',(-2.32744768787472,-22.7931179071973,1.29515810406804));
#3103=CARTESIAN_POINT('Ctrl Pts',(-3.13949660836298,-22.7223773669523,1.2874492055688));
#3104=CARTESIAN_POINT('Ctrl Pts',(-3.94232320998726,-22.6172050118652,1.29703490554819));
#3105=CARTESIAN_POINT('Ctrl Pts',(-1.52960129490556,-23.095456759206,1.18888207279809));
#3106=CARTESIAN_POINT('Ctrl Pts',(-2.35386702863611,-23.0460103425589,1.1800454229736));
#3107=CARTESIAN_POINT('Ctrl Pts',(-3.17387763560385,-22.9561000798164,1.16470533637672));
#3108=CARTESIAN_POINT('Ctrl Pts',(-3.98259022409928,-22.8226556146819,1.1723954043766));
#3109=CARTESIAN_POINT('Ctrl Pts',(-1.53661273892383,-23.201322583642,0.922979572433328));
#3110=CARTESIAN_POINT('Ctrl Pts',(-2.36499044897026,-23.1463015217893,0.919974611724958));
#3111=CARTESIAN_POINT('Ctrl Pts',(-3.18977959804278,-23.0473523666423,0.915756782967237));
#3112=CARTESIAN_POINT('Ctrl Pts',(-4.00449341095665,-22.9025445706178,0.94325703351625));
#3113=CARTESIAN_POINT('Ctrl Pts',(-1.53644682216964,-23.1988174058321,0.79052429175127));
#3114=CARTESIAN_POINT('Ctrl Pts',(-2.36501933679164,-23.1439414358739,0.79052429175127));
#3115=CARTESIAN_POINT('Ctrl Pts',(-3.19086158809863,-23.0449485253433,0.791559253792109));
#3116=CARTESIAN_POINT('Ctrl Pts',(-4.00834484996312,-22.9018704817701,0.828427124913835));
#3117=CARTESIAN_POINT('Ctrl Pts',(-4.00834484996312,-22.9018704817701,0.828427124913835));
#3118=CARTESIAN_POINT('Ctrl Pts',(-3.19086158809863,-23.0449485253433,0.791559253792109));
#3119=CARTESIAN_POINT('Ctrl Pts',(-2.36501933679164,-23.1439414358739,0.79052429175127));
#3120=CARTESIAN_POINT('Ctrl Pts',(-1.53644682216964,-23.1988174058321,0.79052429175127));
#3121=CARTESIAN_POINT('Ctrl Pts',(-1.50341037877572,-22.7,1.3));
#3122=CARTESIAN_POINT('Ctrl Pts',(-2.31416705455319,-22.6642026431417,1.3));
#3123=CARTESIAN_POINT('Ctrl Pts',(-3.12224090878445,-22.5995721563167,1.30051748102042));
#3124=CARTESIAN_POINT('Ctrl Pts',(-3.92214388544778,-22.5062380920508,1.31895141658128));
#3125=CARTESIAN_POINT('Ctrl Pts',(0.668537758760065,-23.2403863407025,8.17157287519163));
#3126=CARTESIAN_POINT('Ctrl Pts',(0.244592675821285,-23.2525816326213,8.37252897128299));
#3127=CARTESIAN_POINT('Ctrl Pts',(-0.206529066889046,-23.230135753338,8.4761423749154));
#3128=CARTESIAN_POINT('Ctrl Pts',(-0.65746667707697,-23.2173661544883,8.4761423749154));
#3129=CARTESIAN_POINT('Ctrl Pts',(0.64285515766299,-23.2411251317137,8.10082655883921));
#3130=CARTESIAN_POINT('Ctrl Pts',(0.225894120248203,-23.2597798802977,8.29500465941046));
#3131=CARTESIAN_POINT('Ctrl Pts',(-0.216280597359929,-23.2423395559372,
8.39517484592369));
#3132=CARTESIAN_POINT('Ctrl Pts',(-0.657820494702638,-23.2298606483592,
8.39501989465991));
#3133=CARTESIAN_POINT('Ctrl Pts',(0.590585750472982,-23.2079675482358,7.95958746641722));
#3134=CARTESIAN_POINT('Ctrl Pts',(0.188110737158838,-23.2356784766997,8.13676537603634));
#3135=CARTESIAN_POINT('Ctrl Pts',(-0.235392496072772,-23.2260103341452,
8.22736163005751));
#3136=CARTESIAN_POINT('Ctrl Pts',(-0.657370609397625,-23.2139736806722,
8.22687449472292));
#3137=CARTESIAN_POINT('Ctrl Pts',(0.513726576829839,-23.0408527669389,7.76127449244587));
#3138=CARTESIAN_POINT('Ctrl Pts',(0.135297612863436,-23.0692096325712,7.90768436771413));
#3139=CARTESIAN_POINT('Ctrl Pts',(-0.259702999301846,-23.0624048920559,
7.98030815451727));
#3140=CARTESIAN_POINT('Ctrl Pts',(-0.652741626639651,-23.0505086848605,
7.97955005194101));
#3141=CARTESIAN_POINT('Ctrl Pts',(0.486286583651791,-22.8534529591515,7.70058707421206));
#3142=CARTESIAN_POINT('Ctrl Pts',(0.120995146439779,-22.8716541192672,7.83355409459984));
#3143=CARTESIAN_POINT('Ctrl Pts',(-0.263589217994789,-22.8587325620619,
7.90041159713578));
#3144=CARTESIAN_POINT('Ctrl Pts',(-0.646963575669845,-22.8464662144167,
7.90000000000001));
#3145=CARTESIAN_POINT('Ctrl Pts',(0.483418617679529,-22.7405930860638,7.70162907583781));
#3146=CARTESIAN_POINT('Ctrl Pts',(0.123173262822363,-22.7525261136388,7.8325149542131));
#3147=CARTESIAN_POINT('Ctrl Pts',(-0.260206489708319,-22.7358937566198,
7.90000000000001));
#3148=CARTESIAN_POINT('Ctrl Pts',(-0.643478483176403,-22.7233958424516,
7.90000000000001));
#3149=CARTESIAN_POINT('',(-0.65746667707697,-23.2173661544883,8.4761423749154));
#3150=CARTESIAN_POINT('',(-0.643478483176403,-22.7233958424516,7.9));
#3151=CARTESIAN_POINT('Origin',(-0.643478483176404,-22.7233958424516,8.4));
#3152=CARTESIAN_POINT('Ctrl Pts',(-0.643478483176403,-22.7233958424516,
7.90000000000001));
#3153=CARTESIAN_POINT('Ctrl Pts',(-0.260206489708319,-22.7358937566198,
7.90000000000001));
#3154=CARTESIAN_POINT('Ctrl Pts',(0.123173262822363,-22.7525261136388,7.8325149542131));
#3155=CARTESIAN_POINT('Ctrl Pts',(0.483418617679529,-22.7405930860638,7.70162907583781));
#3156=CARTESIAN_POINT('Ctrl Pts',(0.668537758760065,-23.2403863407025,8.17157287519163));
#3157=CARTESIAN_POINT('Ctrl Pts',(0.244592675821285,-23.2525816326213,8.37252897128299));
#3158=CARTESIAN_POINT('Ctrl Pts',(-0.206529066889046,-23.230135753338,8.4761423749154));
#3159=CARTESIAN_POINT('Ctrl Pts',(-0.65746667707697,-23.2173661544883,8.4761423749154));
#3160=CARTESIAN_POINT('Origin',(-2.18625045984607E-17,0.,8.4));
#3161=CARTESIAN_POINT('',(-1.24164682949939,-23.19346172381,8.4761423749154));
#3162=CARTESIAN_POINT('',(-1.21522967831497,-22.7,7.9));
#3163=CARTESIAN_POINT('Origin',(-1.21522967831497,-22.7,8.4));
#3164=CARTESIAN_POINT('Origin',(7.38463768347424E-17,0.,7.9));
#3165=CARTESIAN_POINT('Origin',(0.,0.,8.4761423749154));
#3166=CARTESIAN_POINT('Ctrl Pts',(-6.28023153351128,-22.3857363489676,8.17157287523968));
#3167=CARTESIAN_POINT('Ctrl Pts',(-6.30531581333569,-22.3786990515255,8.16726403805494));
#3168=CARTESIAN_POINT('Ctrl Pts',(-6.33037150969217,-22.3716242905051,8.16285445311487));
#3169=CARTESIAN_POINT('Ctrl Pts',(-6.35539693654046,-22.3645127328769,8.15833951265684));
#3170=CARTESIAN_POINT('Ctrl Pts',(-6.25255778345284,-22.3935001122434,8.00152502094022));
#3171=CARTESIAN_POINT('Ctrl Pts',(-6.27734693764772,-22.3865506374217,7.99812284547366));
#3172=CARTESIAN_POINT('Ctrl Pts',(-6.30212013824659,-22.3796459102259,7.9945798790302));
#3173=CARTESIAN_POINT('Ctrl Pts',(-6.32684678234215,-22.3726259238369,7.99099040456746));
#3174=CARTESIAN_POINT('Ctrl Pts',(-6.19935713964142,-22.3083420871373,7.8345643481607));
#3175=CARTESIAN_POINT('Ctrl Pts',(-6.22401474810288,-22.3024877801006,7.83198370897772));
#3176=CARTESIAN_POINT('Ctrl Pts',(-6.24865420860291,-22.296668262366,7.82925726295069));
#3177=CARTESIAN_POINT('Ctrl Pts',(-6.27325186576464,-22.2907448999011,7.82651140677287));
#3178=CARTESIAN_POINT('Ctrl Pts',(-6.14517279085512,-22.1695484426957,7.74771525015979));
#3179=CARTESIAN_POINT('Ctrl Pts',(-6.16971762380159,-22.1649578042209,7.74484269203663));
#3180=CARTESIAN_POINT('Ctrl Pts',(-6.19423448797836,-22.1603427271395,7.74190296874325));
#3181=CARTESIAN_POINT('Ctrl Pts',(-6.21872173360411,-22.1557036465362,7.73889300843789));
#3182=CARTESIAN_POINT('',(-6.14517279085515,-22.1695484426957,7.74771525015979));
#3183=CARTESIAN_POINT('',(-6.28023153351241,-22.3857363489673,8.17157287524665));
#3184=CARTESIAN_POINT('Origin',(-6.14517279085515,-21.9043226640436,8.17157287523968));
#3185=CARTESIAN_POINT('',(-6.35539693654046,-22.3645127328769,8.15833951265684));
#3186=CARTESIAN_POINT('Ctrl Pts',(-6.28023153351128,-22.3857363489676,8.17157287523968));
#3187=CARTESIAN_POINT('Ctrl Pts',(-6.30531581333569,-22.3786990515255,8.16726403805494));
#3188=CARTESIAN_POINT('Ctrl Pts',(-6.33037150969217,-22.3716242905051,8.16285445311487));
#3189=CARTESIAN_POINT('Ctrl Pts',(-6.35539693654046,-22.3645127328769,8.15833951265684));
#3190=CARTESIAN_POINT('',(-6.2187217336041,-22.1557036465362,7.73889300843789));
#3191=CARTESIAN_POINT('Origin',(-6.2187217336041,-21.8835554698043,8.15833951265684));
#3192=CARTESIAN_POINT('Ctrl Pts',(-6.21872173360411,-22.1557036465362,7.73889300843789));
#3193=CARTESIAN_POINT('Ctrl Pts',(-6.19423448797836,-22.1603427271395,7.74190296874325));
#3194=CARTESIAN_POINT('Ctrl Pts',(-6.16971762380159,-22.1649578042209,7.74484269203663));
#3195=CARTESIAN_POINT('Ctrl Pts',(-6.14517279085512,-22.1695484426957,7.74771525015979));
#3196=CARTESIAN_POINT('Ctrl Pts',(-6.35539693654046,-22.3645127328769,8.15833951265684));
#3197=CARTESIAN_POINT('Ctrl Pts',(-7.95308315707141,-21.9104929993466,7.87009435304216));
#3198=CARTESIAN_POINT('Ctrl Pts',(-9.47155949352984,-21.2944981783165,7.38352753770718));
#3199=CARTESIAN_POINT('Ctrl Pts',(-10.902457930629,-20.535309761767,6.90323954371085));
#3200=CARTESIAN_POINT('Ctrl Pts',(-10.9072775989267,-20.532750063342,6.90161938074794));
#3201=CARTESIAN_POINT('Ctrl Pts',(-10.9120966268902,-20.5301886792453,6.9));
#3202=CARTESIAN_POINT('Ctrl Pts',(-6.32684678234215,-22.3726259238369,7.99099040456746));
#3203=CARTESIAN_POINT('Ctrl Pts',(-7.92119470598888,-21.9198315172066,7.76354495253747));
#3204=CARTESIAN_POINT('Ctrl Pts',(-9.45725950119535,-21.3021396102671,7.32978601759361));
#3205=CARTESIAN_POINT('Ctrl Pts',(-10.9023612941804,-20.5353609085098,6.90287963865589));
#3206=CARTESIAN_POINT('Ctrl Pts',(-10.9072294177379,-20.5327756723511,6.90143944955369));
#3207=CARTESIAN_POINT('Ctrl Pts',(-10.9120966268902,-20.5301886792453,6.9));
#3208=CARTESIAN_POINT('Ctrl Pts',(-6.27325186576464,-22.2907448999011,7.82651140677287));
#3209=CARTESIAN_POINT('Ctrl Pts',(-7.87620744227671,-21.908630511763,7.65426810027799));
#3210=CARTESIAN_POINT('Ctrl Pts',(-9.44294494153825,-21.3094660019748,7.27626962303145));
#3211=CARTESIAN_POINT('Ctrl Pts',(-10.9022643363513,-20.5354121399633,6.90251919529637));
#3212=CARTESIAN_POINT('Ctrl Pts',(-10.9071812365491,-20.5328012813601,6.90125951835945));
#3213=CARTESIAN_POINT('Ctrl Pts',(-10.9120966268902,-20.5301886792453,6.9));
#3214=CARTESIAN_POINT('Ctrl Pts',(-6.2187217336041,-22.1557036465362,7.73889300843789));
#3215=CARTESIAN_POINT('Ctrl Pts',(-7.82382790754489,-21.8595330676741,7.54672956869477));
#3216=CARTESIAN_POINT('Ctrl Pts',(-9.42780245312918,-21.3181214372458,7.22235169180487));
#3217=CARTESIAN_POINT('Ctrl Pts',(-10.9021689859465,-20.535459555947,6.90215969580723));
#3218=CARTESIAN_POINT('Ctrl Pts',(-10.9071330553604,-20.5328268903691,6.90107958716521));
#3219=CARTESIAN_POINT('Ctrl Pts',(-10.9120966268902,-20.5301886792453,6.9));
#3220=CARTESIAN_POINT('',(-10.9120966268902,-20.5301886792453,6.9));
#3221=CARTESIAN_POINT('Ctrl Pts',(-6.35539693654046,-22.3645127328769,8.15833951265684));
#3222=CARTESIAN_POINT('Ctrl Pts',(-7.95308315707141,-21.9104929993466,7.87009435304216));
#3223=CARTESIAN_POINT('Ctrl Pts',(-9.47155949352984,-21.2944981783165,7.38352753770718));
#3224=CARTESIAN_POINT('Ctrl Pts',(-10.902457930629,-20.535309761767,6.90323954371085));
#3225=CARTESIAN_POINT('Ctrl Pts',(-10.9072775989267,-20.532750063342,6.90161938074794));
#3226=CARTESIAN_POINT('Ctrl Pts',(-10.9120966268902,-20.5301886792453,6.9));
#3227=CARTESIAN_POINT('Ctrl Pts',(-10.9120966268902,-20.5301886792453,6.9));
#3228=CARTESIAN_POINT('Ctrl Pts',(-10.9071330553604,-20.5328268903691,6.90107958716521));
#3229=CARTESIAN_POINT('Ctrl Pts',(-10.9021689859465,-20.535459555947,6.90215969580723));
#3230=CARTESIAN_POINT('Ctrl Pts',(-9.42780245312918,-21.3181214372458,7.22235169180487));
#3231=CARTESIAN_POINT('Ctrl Pts',(-7.82382790754489,-21.8595330676741,7.54672956869477));
#3232=CARTESIAN_POINT('Ctrl Pts',(-6.2187217336041,-22.1557036465362,7.73889300843789));
#3233=CARTESIAN_POINT('Ctrl Pts',(-5.13723908375644,-22.6669132629187,8.35275162729154));
#3234=CARTESIAN_POINT('Ctrl Pts',(-5.5223061684416,-22.5834237498007,8.31220006034976));
#3235=CARTESIAN_POINT('Ctrl Pts',(-5.90493417015079,-22.4910245690689,8.25752818248517));
#3236=CARTESIAN_POINT('Ctrl Pts',(-6.28023153351092,-22.3857363489677,8.17157287523505));
#3237=CARTESIAN_POINT('Ctrl Pts',(-5.13097712083619,-22.6784966607923,8.24377610804938));
#3238=CARTESIAN_POINT('Ctrl Pts',(-5.51394639420951,-22.5926298593666,8.20949280614702));
#3239=CARTESIAN_POINT('Ctrl Pts',(-5.89405694415898,-22.497712451003,8.1622984857537));
#3240=CARTESIAN_POINT('Ctrl Pts',(-6.26639465848154,-22.3896182306048,8.08654894808609));
#3241=CARTESIAN_POINT('Ctrl Pts',(-5.10194471208569,-22.6286434998432,8.01951962323994));
#3242=CARTESIAN_POINT('Ctrl Pts',(-5.4814958342489,-22.5473401162765,7.9999211989566));
#3243=CARTESIAN_POINT('Ctrl Pts',(-5.85782009067517,-22.456450827049,7.9701382164446));
#3244=CARTESIAN_POINT('Ctrl Pts',(-6.22640362054374,-22.3533875813681,7.91664449460706));
#3245=CARTESIAN_POINT('Ctrl Pts',(-5.05213719105592,-22.4544878711372,7.87526908690669));
#3246=CARTESIAN_POINT('Ctrl Pts',(-5.42972797983749,-22.3909478773378,7.8586637943275));
#3247=CARTESIAN_POINT('Ctrl Pts',(-5.80459810210953,-22.3199848406612,7.83392081351979));
#3248=CARTESIAN_POINT('Ctrl Pts',(-6.17226496524783,-22.2389452649159,7.79113979915987));
#3249=CARTESIAN_POINT('Ctrl Pts',(-5.02717614569654,-22.3541901845319,7.83830462618808));
#3250=CARTESIAN_POINT('Ctrl Pts',(-5.40380698369071,-22.2991747957855,7.81802884271719));
#3251=CARTESIAN_POINT('Ctrl Pts',(-5.77794633853459,-22.2382310808979,7.79069290378489));
#3252=CARTESIAN_POINT('Ctrl Pts',(-6.14517279085477,-22.1695484426958,7.74771525015983));
#3253=CARTESIAN_POINT('',(-5.02717614569702,-22.3541901845338,7.83830462618877));
#3254=CARTESIAN_POINT('',(-5.1372390837566,-22.6669132629187,8.35275162729153));
#3255=CARTESIAN_POINT('Origin',(-5.0271761456967,-22.1812852767979,8.3074569392821));
#3256=CARTESIAN_POINT('Ctrl Pts',(-5.13723908375644,-22.6669132629187,8.35275162729154));
#3257=CARTESIAN_POINT('Ctrl Pts',(-5.5223061684416,-22.5834237498007,8.31220006034976));
#3258=CARTESIAN_POINT('Ctrl Pts',(-5.90493417015079,-22.4910245690689,8.25752818248517));
#3259=CARTESIAN_POINT('Ctrl Pts',(-6.28023153351092,-22.3857363489677,8.17157287523505));
#3260=CARTESIAN_POINT('Ctrl Pts',(-6.14517279085477,-22.1695484426958,7.74771525015983));
#3261=CARTESIAN_POINT('Ctrl Pts',(-5.77794633853459,-22.2382310808979,7.79069290378489));
#3262=CARTESIAN_POINT('Ctrl Pts',(-5.40380698369071,-22.2991747957855,7.81802884271719));
#3263=CARTESIAN_POINT('Ctrl Pts',(-5.02717614569654,-22.3541901845319,7.83830462618808));
#3264=CARTESIAN_POINT('Ctrl Pts',(-1.24164682949939,-23.19346172381,8.4761423749154));
#3265=CARTESIAN_POINT('Ctrl Pts',(-2.55223360654102,-23.1233003164326,8.4761423749154));
#3266=CARTESIAN_POINT('Ctrl Pts',(-3.85833298228221,-22.9442032520721,8.48743373451084));
#3267=CARTESIAN_POINT('Ctrl Pts',(-5.13723908375653,-22.6669132629187,8.35275162729154));
#3268=CARTESIAN_POINT('Ctrl Pts',(-1.24231502539197,-23.2059433534412,8.39501989465991));
#3269=CARTESIAN_POINT('Ctrl Pts',(-2.55339232712173,-23.1354137209048,8.39717446720332));
#3270=CARTESIAN_POINT('Ctrl Pts',(-3.85870611095106,-22.9551355695976,8.41326617278923));
#3271=CARTESIAN_POINT('Ctrl Pts',(-5.13366081923067,-22.6735323474179,8.2904799020103));
#3272=CARTESIAN_POINT('Ctrl Pts',(-1.24146525882434,-23.1900700568707,8.22687814494906));
#3273=CARTESIAN_POINT('Ctrl Pts',(-2.55132217929073,-23.121160447641,8.233651683875));
#3274=CARTESIAN_POINT('Ctrl Pts',(-3.85347143757855,-22.9444684306869,8.26049745143265));
#3275=CARTESIAN_POINT('Ctrl Pts',(-5.12124008209054,-22.6635010138812,8.1638850054639));
#3276=CARTESIAN_POINT('Ctrl Pts',(-1.23272321820037,-23.0267722657574,7.979558571888));
#3277=CARTESIAN_POINT('Ctrl Pts',(-2.53331115598384,-22.9678108000699,7.99009986697674));
#3278=CARTESIAN_POINT('Ctrl Pts',(-3.82592045970831,-22.8164107230712,8.02573589328223));
#3279=CARTESIAN_POINT('Ctrl Pts',(-5.0841652498289,-22.5674230779807,7.96545855381122));
#3280=CARTESIAN_POINT('Ctrl Pts',(-1.22181138685757,-22.8229436596087,7.9));
#3281=CARTESIAN_POINT('Ctrl Pts',(-2.51125155484551,-22.7735403135233,7.90572319235128));
#3282=CARTESIAN_POINT('Ctrl Pts',(-3.79494855820262,-22.6471156954268,7.92700968952743));
#3283=CARTESIAN_POINT('Ctrl Pts',(-5.04857132743323,-22.4401596301935,7.86998844966117));
#3284=CARTESIAN_POINT('Ctrl Pts',(-1.21522967831497,-22.7,7.9));
#3285=CARTESIAN_POINT('Ctrl Pts',(-2.49793254488636,-22.6542208930421,7.9));
#3286=CARTESIAN_POINT('Ctrl Pts',(-3.77628897337973,-22.536910336789,7.90564567979772));
#3287=CARTESIAN_POINT('Ctrl Pts',(-5.02717614569663,-22.3541901845319,7.83830462618807));
#3288=CARTESIAN_POINT('Ctrl Pts',(-5.02717614569663,-22.3541901845319,7.83830462618807));
#3289=CARTESIAN_POINT('Ctrl Pts',(-3.77628897337973,-22.536910336789,7.90564567979772));
#3290=CARTESIAN_POINT('Ctrl Pts',(-2.49793254488636,-22.6542208930421,7.9));
#3291=CARTESIAN_POINT('Ctrl Pts',(-1.21522967831497,-22.7,7.9));
#3292=CARTESIAN_POINT('Ctrl Pts',(-1.24164682949939,-23.19346172381,8.4761423749154));
#3293=CARTESIAN_POINT('Ctrl Pts',(-2.55223360654102,-23.1233003164326,8.4761423749154));
#3294=CARTESIAN_POINT('Ctrl Pts',(-3.85833298228221,-22.9442032520721,8.48743373451084));
#3295=CARTESIAN_POINT('Ctrl Pts',(-5.13723908375653,-22.6669132629187,8.35275162729154));
#3296=CARTESIAN_POINT('Origin',(-4.99384716366172,-22.7,2.3));
#3297=CARTESIAN_POINT('',(-0.643478483176402,-22.7,1.3));
#3298=CARTESIAN_POINT('',(-4.99384716366172,-22.7,1.3));
#3299=CARTESIAN_POINT('',(-0.643478483176402,-21.7,2.3));
#3300=CARTESIAN_POINT('Origin',(-0.643478483176402,-22.7,2.3));
#3301=CARTESIAN_POINT('',(-5.02717614571041,-21.7,2.3));
#3302=CARTESIAN_POINT('',(-4.99384716366172,-21.7,2.3));
#3303=CARTESIAN_POINT('Origin',(-5.02717614571041,-22.7,2.3));
#3304=CARTESIAN_POINT('Origin',(-6.4434784831764,-22.,1.3));
#3305=CARTESIAN_POINT('',(-0.643478483176402,-22.,1.3));
#3306=CARTESIAN_POINT('Origin',(0.,0.,0.828427124746189));
#3307=CARTESIAN_POINT('',(-23.25,-2.8473038080176E-15,0.828427124746189));
#3308=CARTESIAN_POINT('Origin',(0.,0.,0.828427124746189));
#3309=CARTESIAN_POINT('',(-22.6642135623731,-2.77556565943522E-15,-0.585786437626906));
#3310=CARTESIAN_POINT('Origin',(-21.25,-2.60237444818813E-15,0.828427124746189));
#3311=CARTESIAN_POINT('Origin',(-1.11022302462516E-15,0.,-0.585786437626906));
#3312=CARTESIAN_POINT('Origin',(0.,0.,0.828427124746189));
#3313=CARTESIAN_POINT('Ctrl Pts',(-0.643478483176402,-21.7,2.3));
#3314=CARTESIAN_POINT('Ctrl Pts',(-0.299413891298424,-21.7,2.3));
#3315=CARTESIAN_POINT('Ctrl Pts',(0.737609353173491,-21.7,2.52699278117668));
#3316=CARTESIAN_POINT('Ctrl Pts',(1.92371222920527,-21.7,4.01188584774938));
#3317=CARTESIAN_POINT('Ctrl Pts',(1.41358544266863,-21.7,6.23863222382871));
#3318=CARTESIAN_POINT('Ctrl Pts',(0.044650700579555,-21.7,6.9));
#3319=CARTESIAN_POINT('Ctrl Pts',(-0.643478483176403,-21.7,6.9));
#3320=CARTESIAN_POINT('Ctrl Pts',(-0.643478483176402,-21.7,2.00080069965812));
#3321=CARTESIAN_POINT('Ctrl Pts',(-0.254461752737776,-21.7,2.00080069965812));
#3322=CARTESIAN_POINT('Ctrl Pts',(0.917775034355034,-21.7,2.25701076949174));
#3323=CARTESIAN_POINT('Ctrl Pts',(2.25871545537007,-21.7,3.93522234942245));
#3324=CARTESIAN_POINT('Ctrl Pts',(1.68189284935425,-21.7,6.45225298732327));
#3325=CARTESIAN_POINT('Ctrl Pts',(0.134554977700767,-21.7,7.19919930034189));
#3326=CARTESIAN_POINT('Ctrl Pts',(-0.643478483176403,-21.7,7.19919930034189));
#3327=CARTESIAN_POINT('Ctrl Pts',(-0.643478483176402,-21.9511063208228,
1.48277264263742));
#3328=CARTESIAN_POINT('Ctrl Pts',(-0.177247211667754,-21.9511063208228,
1.48277264263742));
#3329=CARTESIAN_POINT('Ctrl Pts',(1.22811097700754,-21.9511063208228,1.79055624707431));
#3330=CARTESIAN_POINT('Ctrl Pts',(2.83541801068198,-21.9511063208228,3.80298850436548));
#3331=CARTESIAN_POINT('Ctrl Pts',(2.14418188361966,-21.9511063208228,6.82066460699614));
#3332=CARTESIAN_POINT('Ctrl Pts',(0.288984059840668,-21.9511063208228,7.71722735736258));
#3333=CARTESIAN_POINT('Ctrl Pts',(-0.643478483176404,-21.9511063208228,
7.71722735736258));
#3334=CARTESIAN_POINT('Ctrl Pts',(-0.643478483176402,-22.4756005247436,
1.3));
#3335=CARTESIAN_POINT('Ctrl Pts',(-0.14969900934456,-22.4756005247436,1.3));
#3336=CARTESIAN_POINT('Ctrl Pts',(1.33839867229535,-22.4756005247436,1.62549003881753));
#3337=CARTESIAN_POINT('Ctrl Pts',(3.04053787201488,-22.4756005247436,3.75608517569159));
#3338=CARTESIAN_POINT('Ctrl Pts',(2.30840672156145,-22.4756005247436,6.95136726737657));
#3339=CARTESIAN_POINT('Ctrl Pts',(0.344080464487004,-22.4756005247436,7.9));
#3340=CARTESIAN_POINT('Ctrl Pts',(-0.643478483176404,-22.4756005247436,
7.9));
#3341=CARTESIAN_POINT('Ctrl Pts',(-0.643478483176402,-22.7,1.3));
#3342=CARTESIAN_POINT('Ctrl Pts',(-0.14982059048184,-22.7,1.3));
#3343=CARTESIAN_POINT('Ctrl Pts',(1.33808232549953,-22.7,1.62568529473175));
#3344=CARTESIAN_POINT('Ctrl Pts',(3.03988210415382,-22.7,3.75618404242308));
#3345=CARTESIAN_POINT('Ctrl Pts',(2.30796106260127,-22.7,6.95108101679766));
#3346=CARTESIAN_POINT('Ctrl Pts',(0.343837302212445,-22.7,7.9));
#3347=CARTESIAN_POINT('Ctrl Pts',(-0.643478483176404,-22.7,7.9));
#3348=CARTESIAN_POINT('',(-0.643478483176404,-22.7,7.9));
#3349=CARTESIAN_POINT('Ctrl Pts',(1.22193080721172,-22.7,7.31671327105373));
#3350=CARTESIAN_POINT('Ctrl Pts',(0.675075267536644,-22.7,7.68769022383989));
#3351=CARTESIAN_POINT('Ctrl Pts',(0.0169738934142009,-22.7,7.9));
#3352=CARTESIAN_POINT('Ctrl Pts',(-0.643478483176404,-22.7,7.9));
#3353=CARTESIAN_POINT('',(-0.643478483176403,-21.7,6.9));
#3354=CARTESIAN_POINT('Origin',(-0.643478483176403,-22.7,6.9));
#3355=CARTESIAN_POINT('Ctrl Pts',(-0.643478483176403,-21.7,6.9));
#3356=CARTESIAN_POINT('Ctrl Pts',(0.044650700579555,-21.7,6.9));
#3357=CARTESIAN_POINT('Ctrl Pts',(1.41358544266863,-21.7,6.23863222382871));
#3358=CARTESIAN_POINT('Ctrl Pts',(1.92371222920527,-21.7,4.01188584774938));
#3359=CARTESIAN_POINT('Ctrl Pts',(0.737609353173491,-21.7,2.52699278117668));
#3360=CARTESIAN_POINT('Ctrl Pts',(-0.299413891298424,-21.7,2.3));
#3361=CARTESIAN_POINT('Ctrl Pts',(-0.643478483176402,-21.7,2.3));
#3362=CARTESIAN_POINT('Ctrl Pts',(-0.643478483176402,-22.7,1.3));
#3363=CARTESIAN_POINT('Ctrl Pts',(-0.14982059048184,-22.7,1.3));
#3364=CARTESIAN_POINT('Ctrl Pts',(0.515431658721249,-22.7,1.44561627141497));
#3365=CARTESIAN_POINT('Ctrl Pts',(1.08736367717912,-22.7,1.78166477238273));
#3366=CARTESIAN_POINT('Ctrl Pts',(1.22559175193539,-22.7,1.87793342248898));
#3367=CARTESIAN_POINT('Ctrl Pts',(-0.643478483176402,-21.25,1.3));
#3368=CARTESIAN_POINT('Ctrl Pts',(-0.643478483176402,-24.5,1.3));
#3369=CARTESIAN_POINT('Ctrl Pts',(0.0435644974643033,-21.25,1.3));
#3370=CARTESIAN_POINT('Ctrl Pts',(0.0435644974643033,-24.5,1.3));
#3371=CARTESIAN_POINT('Ctrl Pts',(0.798980209067002,-21.25,1.54757828380161));
#3372=CARTESIAN_POINT('Ctrl Pts',(0.798980209067002,-24.5,1.54757828380161));
#3373=CARTESIAN_POINT('Ctrl Pts',(1.36456119359264,-21.25,1.98126430189657));
#3374=CARTESIAN_POINT('Ctrl Pts',(1.36456119359264,-24.5,1.98126430189657));
#3375=CARTESIAN_POINT('Ctrl Pts',(1.82193339653259,-21.25,2.33197610959057));
#3376=CARTESIAN_POINT('Ctrl Pts',(1.82193339653259,-24.5,2.33197610959057));
#3377=CARTESIAN_POINT('Ctrl Pts',(2.17918352262278,-21.25,2.79145690228079));
#3378=CARTESIAN_POINT('Ctrl Pts',(2.17918352262278,-24.5,2.79145690228079));
#3379=CARTESIAN_POINT('Ctrl Pts',(2.40510818317648,-21.25,3.33662383363645));
#3380=CARTESIAN_POINT('Ctrl Pts',(2.40510818317648,-24.5,3.33662383363645));
#3381=CARTESIAN_POINT('Ctrl Pts',(2.76600880363626,-21.25,4.20749416402987));
#3382=CARTESIAN_POINT('Ctrl Pts',(2.76600880363626,-24.5,4.20749416402987));
#3383=CARTESIAN_POINT('Ctrl Pts',(2.73796158944493,-21.25,5.1856744098706));
#3384=CARTESIAN_POINT('Ctrl Pts',(2.73796158944493,-24.5,5.1856744098706));
#3385=CARTESIAN_POINT('Ctrl Pts',(2.32867255120223,-21.25,6.03398683007971));
#3386=CARTESIAN_POINT('Ctrl Pts',(2.32867255120223,-24.5,6.03398683007971));
#3387=CARTESIAN_POINT('Ctrl Pts',(1.96894226292869,-21.25,6.77958136830156));
#3388=CARTESIAN_POINT('Ctrl Pts',(1.96894226292869,-24.5,6.77958136830156));
#3389=CARTESIAN_POINT('Ctrl Pts',(1.35733686515117,-21.25,7.35195825964155));
#3390=CARTESIAN_POINT('Ctrl Pts',(1.35733686515117,-24.5,7.35195825964155));
#3391=CARTESIAN_POINT('Ctrl Pts',(0.588686933809086,-21.25,7.66133441250462));
#3392=CARTESIAN_POINT('Ctrl Pts',(0.588686933809086,-24.5,7.66133441250462));
#3393=CARTESIAN_POINT('Ctrl Pts',(0.190715251478043,-21.25,7.82151519572936));
#3394=CARTESIAN_POINT('Ctrl Pts',(0.190715251478043,-24.5,7.82151519572936));
#3395=CARTESIAN_POINT('Ctrl Pts',(-0.239597565116388,-21.25,7.9));
#3396=CARTESIAN_POINT('Ctrl Pts',(-0.239597565116388,-24.5,7.9));
#3397=CARTESIAN_POINT('Ctrl Pts',(-0.643478483176403,-21.25,7.9));
#3398=CARTESIAN_POINT('Ctrl Pts',(-0.643478483176403,-24.5,7.9));
#3399=CARTESIAN_POINT('',(-0.643478483176403,-22.,7.9));
#3400=CARTESIAN_POINT('Ctrl Pts',(-0.643478483176402,-21.25,1.3));
#3401=CARTESIAN_POINT('Ctrl Pts',(-0.643478483176402,-24.5,1.3));
#3402=CARTESIAN_POINT('Ctrl Pts',(0.0435644974643033,-21.25,1.3));
#3403=CARTESIAN_POINT('Ctrl Pts',(0.0435644974643033,-24.5,1.3));
#3404=CARTESIAN_POINT('Ctrl Pts',(0.798980209067002,-21.25,1.54757828380161));
#3405=CARTESIAN_POINT('Ctrl Pts',(0.798980209067002,-24.5,1.54757828380161));
#3406=CARTESIAN_POINT('Ctrl Pts',(1.36456119359264,-21.25,1.98126430189657));
#3407=CARTESIAN_POINT('Ctrl Pts',(1.36456119359264,-24.5,1.98126430189657));
#3408=CARTESIAN_POINT('Ctrl Pts',(1.82193339653259,-21.25,2.33197610959057));
#3409=CARTESIAN_POINT('Ctrl Pts',(1.82193339653259,-24.5,2.33197610959057));
#3410=CARTESIAN_POINT('Ctrl Pts',(2.17918352262278,-21.25,2.79145690228079));
#3411=CARTESIAN_POINT('Ctrl Pts',(2.17918352262278,-24.5,2.79145690228079));
#3412=CARTESIAN_POINT('Ctrl Pts',(2.40510818317648,-21.25,3.33662383363645));
#3413=CARTESIAN_POINT('Ctrl Pts',(2.40510818317648,-24.5,3.33662383363645));
#3414=CARTESIAN_POINT('Ctrl Pts',(2.76600880363626,-21.25,4.20749416402987));
#3415=CARTESIAN_POINT('Ctrl Pts',(2.76600880363626,-24.5,4.20749416402987));
#3416=CARTESIAN_POINT('Ctrl Pts',(2.73796158944493,-21.25,5.1856744098706));
#3417=CARTESIAN_POINT('Ctrl Pts',(2.73796158944493,-24.5,5.1856744098706));
#3418=CARTESIAN_POINT('Ctrl Pts',(2.32867255120223,-21.25,6.03398683007971));
#3419=CARTESIAN_POINT('Ctrl Pts',(2.32867255120223,-24.5,6.03398683007971));
#3420=CARTESIAN_POINT('Ctrl Pts',(1.96894226292869,-21.25,6.77958136830156));
#3421=CARTESIAN_POINT('Ctrl Pts',(1.96894226292869,-24.5,6.77958136830156));
#3422=CARTESIAN_POINT('Ctrl Pts',(1.35733686515117,-21.25,7.35195825964155));
#3423=CARTESIAN_POINT('Ctrl Pts',(1.35733686515117,-24.5,7.35195825964155));
#3424=CARTESIAN_POINT('Ctrl Pts',(0.588686933809086,-21.25,7.66133441250462));
#3425=CARTESIAN_POINT('Ctrl Pts',(0.588686933809086,-24.5,7.66133441250462));
#3426=CARTESIAN_POINT('Ctrl Pts',(0.190715251478043,-21.25,7.82151519572936));
#3427=CARTESIAN_POINT('Ctrl Pts',(0.190715251478043,-24.5,7.82151519572936));
#3428=CARTESIAN_POINT('Ctrl Pts',(-0.239597565116388,-21.25,7.9));
#3429=CARTESIAN_POINT('Ctrl Pts',(-0.239597565116388,-24.5,7.9));
#3430=CARTESIAN_POINT('Ctrl Pts',(-0.643478483176403,-21.25,7.9));
#3431=CARTESIAN_POINT('Ctrl Pts',(-0.643478483176403,-24.5,7.9));
#3432=CARTESIAN_POINT('Origin',(-0.643478483176403,-22.,7.9));
#3433=CARTESIAN_POINT('',(-2.09384716366172,-22.7,7.9));
#3434=CARTESIAN_POINT('Origin',(-2.09384716366172,-22.7,6.9));
#3435=CARTESIAN_POINT('',(-5.02717614571041,-21.7,6.9));
#3436=CARTESIAN_POINT('Origin',(-5.02717614571041,-22.7,6.9));
#3437=CARTESIAN_POINT('',(-2.09384716366172,-21.7,6.9));
#3438=CARTESIAN_POINT('Origin',(-2.09384716366172,-22.7,6.9));
#3439=CARTESIAN_POINT('',(-6.2187217336041,-21.7,6.9));
#3440=CARTESIAN_POINT('Origin',(-6.2187217336041,-22.7,6.9));
#3441=CARTESIAN_POINT('',(-2.09384716366172,-21.7,6.9));
#3442=CARTESIAN_POINT('Origin',(0.,0.,8.17157287525381));
#3443=CARTESIAN_POINT('',(-22.6642135623731,-2.77556565943522E-15,9.58578643762691));
#3444=CARTESIAN_POINT('Origin',(0.,1.38778282971761E-15,9.58578643762691));
#3445=CARTESIAN_POINT('',(-23.25,-2.8473038080176E-15,8.17157287525381));
#3446=CARTESIAN_POINT('Origin',(-21.25,-2.60237444818813E-15,8.17157287525381));
#3447=CARTESIAN_POINT('Origin',(0.,0.,8.17157287525381));
#3448=CARTESIAN_POINT('Origin',(0.,0.,8.17157287525381));
#3449=CARTESIAN_POINT('Origin',(-6.2187217336041,-11.7,6.9));
#3450=CARTESIAN_POINT('Origin',(-6.2187217336041,-11.7,6.9));
#3451=CARTESIAN_POINT('Origin',(-4.99384716366172,-22.7,2.3));
#3452=CARTESIAN_POINT('',(-6.2187217336041,-21.7,2.3));
#3453=CARTESIAN_POINT('',(-4.99384716366172,-21.7,2.3));
#3454=CARTESIAN_POINT('Origin',(-6.2187217336041,-22.7,2.3));
#3455=CARTESIAN_POINT('Origin',(-6.2187217336041,-11.7,2.3));
#3456=CARTESIAN_POINT('Origin',(-6.2187217336041,-11.7,2.3));
#3457=CARTESIAN_POINT('Origin',(-6.2187217336041,-11.7,0.));
#3458=CARTESIAN_POINT('',(-10.9120966268902,-20.5301886792453,0.));
#3459=CARTESIAN_POINT('',(-6.2187217336041,-21.7,2.8));
#3460=CARTESIAN_POINT('',(-6.2187217336041,-21.7,0.));
#3461=CARTESIAN_POINT('',(-6.4434784831764,-21.6974739011173,2.8));
#3462=CARTESIAN_POINT('Origin',(-6.2187217336041,-11.7,2.8));
#3463=CARTESIAN_POINT('',(-6.4434784831764,-21.6974739011173,6.4));
#3464=CARTESIAN_POINT('Ctrl Pts',(-6.4434784831764,-21.6974739011173,2.8));
#3465=CARTESIAN_POINT('Ctrl Pts',(-6.67038242913583,-21.6923727931911,2.8));
#3466=CARTESIAN_POINT('Ctrl Pts',(-6.91186230134775,-21.6784334403951,2.84550541880715));
#3467=CARTESIAN_POINT('Ctrl Pts',(-7.35531608832479,-21.6376924407474,3.02959024834217));
#3468=CARTESIAN_POINT('Ctrl Pts',(-7.55734257461575,-21.6113126807338,3.16813613963404));
#3469=CARTESIAN_POINT('Ctrl Pts',(-7.87608244180512,-21.5630165020115,3.48716336551074));
#3470=CARTESIAN_POINT('Ctrl Pts',(-8.01436989396377,-21.5379061323002,3.68905422818753));
#3471=CARTESIAN_POINT('Ctrl Pts',(-8.19808423323459,-21.5025952492063,4.13215331708687));
#3472=CARTESIAN_POINT('Ctrl Pts',(-8.2434784831764,-21.4928729239719,4.37341305112568));
#3473=CARTESIAN_POINT('Ctrl Pts',(-8.2434784831764,-21.4928729239719,4.82658694887432));
#3474=CARTESIAN_POINT('Ctrl Pts',(-8.19808423323459,-21.5025952492063,5.06784668291313));
#3475=CARTESIAN_POINT('Ctrl Pts',(-8.01436989396377,-21.5379061323002,5.51094577181247));
#3476=CARTESIAN_POINT('Ctrl Pts',(-7.87608244180512,-21.5630165020115,5.71283663448926));
#3477=CARTESIAN_POINT('Ctrl Pts',(-7.55734257461575,-21.6113126807338,6.03186386036596));
#3478=CARTESIAN_POINT('Ctrl Pts',(-7.35531608832479,-21.6376924407474,6.17040975165783));
#3479=CARTESIAN_POINT('Ctrl Pts',(-6.91186230134776,-21.6784334403951,6.35449458119285));
#3480=CARTESIAN_POINT('Ctrl Pts',(-6.67038242913583,-21.6923727931911,6.4));
#3481=CARTESIAN_POINT('Ctrl Pts',(-6.4434784831764,-21.6974739011173,6.4));
#3482=CARTESIAN_POINT('',(-6.2187217336041,-21.7,6.4));
#3483=CARTESIAN_POINT('Origin',(-6.2187217336041,-11.7,6.4));
#3484=CARTESIAN_POINT('',(-6.2187217336041,-21.7,0.));
#3485=CARTESIAN_POINT('Origin',(-3.54421584414703,-21.7,4.6));
#3486=CARTESIAN_POINT('',(-0.643478483176402,-21.7,6.4));
#3487=CARTESIAN_POINT('',(-1.29384716366172,-21.7,6.4));
#3488=CARTESIAN_POINT('',(-0.643478483176402,-21.7,2.8));
#3489=CARTESIAN_POINT('Origin',(-0.643478483176402,-21.7,4.6));
#3490=CARTESIAN_POINT('',(-5.79384716366172,-21.7,2.8));
#3491=CARTESIAN_POINT('Origin',(0.956521516823599,0.,6.4));
#3492=CARTESIAN_POINT('',(-6.4434784831764,-20.1183302000152,6.4));
#3493=CARTESIAN_POINT('',(-6.4434784831764,0.,6.4));
#3494=CARTESIAN_POINT('',(-0.643478483176402,-21.1151973810734,6.4));
#3495=CARTESIAN_POINT('Origin',(-2.77555756156289E-15,-1.52655665885959E-15,
6.4));
#3496=CARTESIAN_POINT('',(-0.643478483176402,0.,6.4));
#3497=CARTESIAN_POINT('Origin',(-6.4434784831764,0.,4.6));
#3498=CARTESIAN_POINT('',(-6.4434784831764,-20.1183302000152,2.8));
#3499=CARTESIAN_POINT('',(-6.4434784831764,0.,2.8));
#3500=CARTESIAN_POINT('',(-8.04347848317618,-19.5337676573339,3.77537887487549));
#3501=CARTESIAN_POINT('Ctrl Pts',(-6.4434784831764,-20.1183302000152,2.8));
#3502=CARTESIAN_POINT('Ctrl Pts',(-6.67283186772068,-20.0448731295892,2.8));
#3503=CARTESIAN_POINT('Ctrl Pts',(-6.91658312457923,-19.9620458308647,2.84633639385944));
#3504=CARTESIAN_POINT('Ctrl Pts',(-7.36506545813394,-19.8009647915704,3.03480306444043));
#3505=CARTESIAN_POINT('Ctrl Pts',(-7.56987336723027,-19.7229055557003,3.17691669122567));
#3506=CARTESIAN_POINT('Ctrl Pts',(-7.8508531977724,-19.6123948750167,3.46498591550191));
#3507=CARTESIAN_POINT('Ctrl Pts',(-7.95938090623018,-19.5683967704936,3.61220560776716));
#3508=CARTESIAN_POINT('Ctrl Pts',(-8.04347848317592,-19.5337676573334,3.77537887487553));
#3509=CARTESIAN_POINT('',(-8.04347848317618,-19.5337676573339,5.42462112512451));
#3510=CARTESIAN_POINT('Origin',(-6.4434784831764,-24.2183537579396,4.6));
#3511=CARTESIAN_POINT('Ctrl Pts',(-8.04347848317592,-19.5337676573334,5.42462112512447));
#3512=CARTESIAN_POINT('Ctrl Pts',(-7.95587875758148,-19.5698388608161,5.59458955872468));
#3513=CARTESIAN_POINT('Ctrl Pts',(-7.84162119028368,-19.6161345330494,5.7474417051643));
#3514=CARTESIAN_POINT('Ctrl Pts',(-7.55482470679308,-19.7286676295803,6.03423818865489));
#3515=CARTESIAN_POINT('Ctrl Pts',(-7.35201286585876,-19.8057783360647,6.17224285103415));
#3516=CARTESIAN_POINT('Ctrl Pts',(-6.90920213709097,-19.9645654723516,6.35513071513614));
#3517=CARTESIAN_POINT('Ctrl Pts',(-6.66913165999614,-20.0460582283832,6.4));
#3518=CARTESIAN_POINT('Ctrl Pts',(-6.4434784831764,-20.1183302000152,6.4));
#3519=CARTESIAN_POINT('Origin',(-8.0434784831764,0.,2.8));
#3520=CARTESIAN_POINT('',(-0.643478483176402,-21.1151973810734,2.8));
#3521=CARTESIAN_POINT('',(-0.643478483176402,0.,2.8));
#3522=CARTESIAN_POINT('Origin',(-2.77555756156289E-15,-1.52655665885959E-15,
2.8));
#3523=CARTESIAN_POINT('Origin',(-0.643478483176402,0.,4.6));
#3524=CARTESIAN_POINT('Ctrl Pts',(-0.643478483176402,-21.1151973810734,
6.4));
#3525=CARTESIAN_POINT('Ctrl Pts',(-0.417522147951169,-21.1220833238013,
6.4));
#3526=CARTESIAN_POINT('Ctrl Pts',(-0.176437348616092,-21.1254271076612,
6.3548459093165));
#3527=CARTESIAN_POINT('Ctrl Pts',(0.267073160000984,-21.1244756750636,6.1711483989656));
#3528=CARTESIAN_POINT('Ctrl Pts',(0.469499775287396,-21.1203872631344,6.03260615380777));
#3529=CARTESIAN_POINT('Ctrl Pts',(0.789121092385295,-21.1108615167857,5.71298483670988));
#3530=CARTESIAN_POINT('Ctrl Pts',(0.927636938680827,-21.1048234050785,5.51060306770877));
#3531=CARTESIAN_POINT('Ctrl Pts',(1.11133846844346,-21.095947669502,5.0671392329618));
#3532=CARTESIAN_POINT('Ctrl Pts',(1.1565215168236,-21.0933184440269,4.82605192915073));
#3533=CARTESIAN_POINT('Ctrl Pts',(1.1565215168236,-21.0933184440269,4.6));
#3534=CARTESIAN_POINT('Ctrl Pts',(1.1565215168236,-21.0933184440269,4.37389871732269));
#3535=CARTESIAN_POINT('Ctrl Pts',(1.11131889895525,-21.0959488612407,4.13276216841682));
#3536=CARTESIAN_POINT('Ctrl Pts',(0.927543657604074,-21.1048276656842,3.68922313608223));
#3537=CARTESIAN_POINT('Ctrl Pts',(0.788973670307018,-21.1108674894224,3.48681540987517));
#3538=CARTESIAN_POINT('Ctrl Pts',(0.469299981360127,-21.1203916372188,3.16724643119723));
#3539=CARTESIAN_POINT('Ctrl Pts',(0.266899331945997,-21.1244774771703,3.02875833473877));
#3540=CARTESIAN_POINT('Ctrl Pts',(-0.176535948440866,-21.1254258890969,
2.84513453321223));
#3541=CARTESIAN_POINT('Ctrl Pts',(-0.417571482556686,-21.1220818203459,
2.8));
#3542=CARTESIAN_POINT('Ctrl Pts',(-0.643478483176402,-21.1151973810734,
2.8));
#3543=CARTESIAN_POINT('Origin',(-2.77555756156289E-15,-1.52655665885959E-15,
-1.97647022494766));
#3544=CARTESIAN_POINT('',(-8.52001127146353,-18.1385433595251,0.294649334232908));
#3545=CARTESIAN_POINT('',(-10.16526062481,-16.052024060214,-1.97647022494766));
#3546=CARTESIAN_POINT('Ctrl Pts',(-8.52001127146353,-18.1385433595251,0.294649334232908));
#3547=CARTESIAN_POINT('Ctrl Pts',(-8.62704790541276,-17.8251544047412,0.0891137637234175));
#3548=CARTESIAN_POINT('Ctrl Pts',(-8.76825006803403,-17.5390031818699,-0.14450456774515));
#3549=CARTESIAN_POINT('Ctrl Pts',(-9.25652268572491,-16.7720868704719,-0.877641591869728));
#3550=CARTESIAN_POINT('Ctrl Pts',(-9.68159697570468,-16.3595679497914,-1.43034365028927));
#3551=CARTESIAN_POINT('Ctrl Pts',(-10.1610691693596,-16.05468111492,-1.97174160535515));
#3552=CARTESIAN_POINT('Ctrl Pts',(-10.1631642799259,-16.0533516119312,-1.97410591569888));
#3553=CARTESIAN_POINT('Ctrl Pts',(-10.16526062481,-16.052024060214,-1.97647022494766));
#3554=CARTESIAN_POINT('',(-8.0434784831764,-19.5337676573332,0.893089845864589));
#3555=CARTESIAN_POINT('Ctrl Pts',(-8.0434784831764,-19.5337676573332,0.893089845864585));
#3556=CARTESIAN_POINT('Ctrl Pts',(-8.10109623527215,-19.3650705819483,0.852214157128392));
#3557=CARTESIAN_POINT('Ctrl Pts',(-8.15686124873135,-19.2017980776038,0.802467368165379));
#3558=CARTESIAN_POINT('Ctrl Pts',(-8.31030269650682,-18.7525420316627,0.640192498198417));
#3559=CARTESIAN_POINT('Ctrl Pts',(-8.42138661548658,-18.4273031673793,0.484031923955795));
#3560=CARTESIAN_POINT('Ctrl Pts',(-8.52001127146353,-18.1385433595251,0.294649334232909));
#3561=CARTESIAN_POINT('',(8.0434784831764,-19.5337676573332,0.89308984586459));
#3562=CARTESIAN_POINT('Origin',(-2.77555756156289E-15,-1.52655665885959E-15,
0.893089845864584));
#3563=CARTESIAN_POINT('',(8.52001127146354,-18.1385433595251,0.294649334232905));
#3564=CARTESIAN_POINT('Ctrl Pts',(8.0434784831764,-19.5337676573332,0.893089845864586));
#3565=CARTESIAN_POINT('Ctrl Pts',(8.10109623527215,-19.3650705819483,0.852214157128393));
#3566=CARTESIAN_POINT('Ctrl Pts',(8.15686124873136,-19.2017980776038,0.802467368165378));
#3567=CARTESIAN_POINT('Ctrl Pts',(8.31030269650683,-18.7525420316627,0.640192498198415));
#3568=CARTESIAN_POINT('Ctrl Pts',(8.42138661548658,-18.4273031673793,0.484031923955792));
#3569=CARTESIAN_POINT('Ctrl Pts',(8.52001127146354,-18.1385433595251,0.294649334232906));
#3570=CARTESIAN_POINT('',(10.16526062481,-16.052024060214,-1.97647022494766));
#3571=CARTESIAN_POINT('Ctrl Pts',(10.16526062481,-16.052024060214,-1.97647022494766));
#3572=CARTESIAN_POINT('Ctrl Pts',(10.1631647632785,-16.0533513058386,-1.97410646083584));
#3573=CARTESIAN_POINT('Ctrl Pts',(10.161070135496,-16.054680501835,-1.97174269562769));
#3574=CARTESIAN_POINT('Ctrl Pts',(9.68156895901577,-16.3595854773653,-1.43031216163181));
#3575=CARTESIAN_POINT('Ctrl Pts',(9.25647086206237,-16.772136720936,-0.877574340395769));
#3576=CARTESIAN_POINT('Ctrl Pts',(8.76821563861779,-17.5390730533942,-0.14444758479372));
#3577=CARTESIAN_POINT('Ctrl Pts',(8.62703487839082,-17.8251925461199,0.0891387786765956));
#3578=CARTESIAN_POINT('Ctrl Pts',(8.52001127146353,-18.1385433595251,0.294649334232903));
#3579=CARTESIAN_POINT('Origin',(-2.77555756156289E-15,-1.52655665885959E-15,
-1.97647022494766));
#3580=CARTESIAN_POINT('Origin',(-8.0434784831764,-19.5337676573332,10.));
#3581=CARTESIAN_POINT('',(-8.0434784831764,-19.5337676573332,9.5));
#3582=CARTESIAN_POINT('',(-8.0434784831764,-19.5337676573332,10.));
#3583=CARTESIAN_POINT('',(-8.0434784831764,-19.5337676573332,10.));
#3584=CARTESIAN_POINT('',(-8.52001127146353,-18.1385433595251,9.5));
#3585=CARTESIAN_POINT('',(-8.52001127146353,-18.1385433595251,0.));
#3586=CARTESIAN_POINT('',(-10.6106912991793,-12.0173117353671,9.5));
#3587=CARTESIAN_POINT('Origin',(-2.77555756156289E-15,-1.52655665885959E-15,
10.));
#3588=CARTESIAN_POINT('',(21.125,1.06050970433919E-15,9.5));
#3589=CARTESIAN_POINT('Origin',(0.,0.,9.5));
#3590=CARTESIAN_POINT('',(21.125,1.06050970433919E-15,10.5));
#3591=CARTESIAN_POINT('',(21.125,1.06050970433919E-15,10.));
#3592=CARTESIAN_POINT('Origin',(0.,0.,10.5));
#3593=CARTESIAN_POINT('',(8.0434784831764,-19.5337676573332,9.5));
#3594=CARTESIAN_POINT('Origin',(0.,0.,9.5));
#3595=CARTESIAN_POINT('',(8.0434784831764,-19.5337676573332,10.));
#3596=CARTESIAN_POINT('Origin',(7.83044596878891,-20.1574983797563,10.));
#3597=CARTESIAN_POINT('',(8.52001127146353,-18.1385433595251,9.5));
#3598=CARTESIAN_POINT('',(10.5041750419856,-12.3291770965786,9.5));
#3599=CARTESIAN_POINT('',(8.52001127146354,-18.1385433595251,0.));
#3600=CARTESIAN_POINT('Origin',(0.,0.,9.75));
#3601=CARTESIAN_POINT('',(-21.9696699141101,0.,10.2803300858899));
#3602=CARTESIAN_POINT('',(21.9696699141101,-2.69050859386388E-15,10.2803300858899));
#3603=CARTESIAN_POINT('Origin',(0.,1.34525429693194E-15,10.2803300858899));
#3604=CARTESIAN_POINT('',(21.4393398282202,-2.62556188964622E-15,10.5));
#3605=CARTESIAN_POINT('Origin',(21.4393398282202,-2.62556188964622E-15,
9.75));
#3606=CARTESIAN_POINT('Origin',(0.,0.,10.5));
#3607=CARTESIAN_POINT('Origin',(0.,1.34525429693194E-15,10.2803300858899));
#3608=CARTESIAN_POINT('Origin',(0.,0.,9.75));
#3609=CARTESIAN_POINT('',(-22.5,2.75545529808154E-15,9.75));
#3610=CARTESIAN_POINT('Origin',(0.,0.,10.5));
#3611=CARTESIAN_POINT('Origin',(0.,0.,9.5));
#3612=CARTESIAN_POINT('',(10.16526062481,-16.052024060214,9.5));
#3613=CARTESIAN_POINT('Origin',(12.305315493191,-19.4313975465748,9.5));
#3614=CARTESIAN_POINT('',(-10.16526062481,-16.052024060214,9.5));
#3615=CARTESIAN_POINT('Origin',(-12.305315493191,-19.4313975465748,9.5));
#3616=CARTESIAN_POINT('',(-19.,-2.32682891837997E-15,9.5));
#3617=CARTESIAN_POINT('Origin',(0.,0.,9.5));
#3618=CARTESIAN_POINT('Origin',(0.,0.,9.5));
#3619=CARTESIAN_POINT('Origin',(12.305315493191,-19.4313975465748,0.));
#3620=CARTESIAN_POINT('',(10.16526062481,-16.052024060214,0.));
#3621=CARTESIAN_POINT('Origin',(0.,0.,0.));
#3622=CARTESIAN_POINT('Origin',(0.,0.,-2.5));
#3623=CARTESIAN_POINT('',(-18.5428932188135,4.54169896547021E-15,-4.70710678118655));
#3624=CARTESIAN_POINT('Origin',(0.,1.13542474136755E-15,-4.70710678118655));
#3625=CARTESIAN_POINT('',(-20.75,2.54114210823076E-15,-2.5));
#3626=CARTESIAN_POINT('Origin',(-12.1248637617433,9.62499999999999,-4.75));
#3627=CARTESIAN_POINT('',(-10.8748637617433,9.62499999999999,-4.5));
#3628=CARTESIAN_POINT('Origin',(-12.1248637617433,9.62499999999999,-4.5));
#3629=CARTESIAN_POINT('',(-10.3748637617433,9.62499999999999,-5.));
#3630=CARTESIAN_POINT('',(-10.6248637617433,9.62499999999999,-4.75));
#3631=CARTESIAN_POINT('Origin',(-12.1248637617433,9.62499999999999,-5.));
#3632=CARTESIAN_POINT('Origin',(0.,0.,-5.));
#3633=CARTESIAN_POINT('',(-17.8357864376269,-2.18425387711156E-15,-5.));
#3634=CARTESIAN_POINT('Origin',(0.,0.,-5.));
#3635=CARTESIAN_POINT('',(13.8748637617433,9.625,-5.));
#3636=CARTESIAN_POINT('Origin',(12.1248637617433,9.625,-5.));
#3637=CARTESIAN_POINT('',(8.15193791751832,-5.32995386367715,-5.));
#3638=CARTESIAN_POINT('',(8.34094894411884,-5.23364793538912,-5.));
#3639=CARTESIAN_POINT('Origin',(8.2945963949626,-5.37630641283339,-5.));
#3640=CARTESIAN_POINT('',(9.82939155296799,-0.652692622103872,-5.));
#3641=CARTESIAN_POINT('',(9.4688609735874,-1.76229165091181,-5.));
#3642=CARTESIAN_POINT('',(9.72456535753899,-0.478474150161036,-5.));
#3643=CARTESIAN_POINT('Origin',(9.87148439859313,-0.508719734561606,-5.));
#3644=CARTESIAN_POINT('',(5.14437567618801,1.00971968979262,-5.));
#3645=CARTESIAN_POINT('',(2.92787049732021,1.72990587920901,-5.));
#3646=CARTESIAN_POINT('',(4.98303193518892,0.935692852275422,-5.));
#3647=CARTESIAN_POINT('Origin',(5.01327751958949,1.08261189332956,-5.));
#3648=CARTESIAN_POINT('',(3.49056071101356,-3.65766126407689,-5.));
#3649=CARTESIAN_POINT('',(3.84593025454475,-2.56394627033746,-5.));
#3650=CARTESIAN_POINT('',(3.58686663930159,-3.8466722906774,-5.));
#3651=CARTESIAN_POINT('Origin',(3.44420816185732,-3.80031974152116,-5.));
#3652=CARTESIAN_POINT('',(3.72952511674586,-3.89302483983365,-5.));
#3653=CARTESIAN_POINT('',(0.629399018782414,5.20461255280981,-5.));
#3654=CARTESIAN_POINT('',(0.649944767079119,5.02828998573654,-5.));
#3655=CARTESIAN_POINT('Origin',(0.519562855301322,5.10245572635286,-5.));
#3656=CARTESIAN_POINT('',(4.55728515920138,2.18944101946658,-5.));
#3657=CARTESIAN_POINT('',(3.62691561567019,2.86539405960292,-5.));
#3658=CARTESIAN_POINT('',(4.76680549620149,2.22262578077895,-5.));
#3659=CARTESIAN_POINT('Origin',(4.67863770835762,2.10127323162271,-5.));
#3660=CARTESIAN_POINT('',(7.58817470720537,6.1059073537787,-5.));
#3661=CARTESIAN_POINT('',(4.85497328404536,2.34397832993519,-5.));
#3662=CARTESIAN_POINT('',(7.55498994589299,6.31542769077881,-5.));
#3663=CARTESIAN_POINT('Origin',(7.67634249504923,6.22725990293494,-5.));
#3664=CARTESIAN_POINT('',(3.65819660562232,9.14661377533351,-5.));
#3665=CARTESIAN_POINT('',(4.60207791642444,8.46084386164633,-5.));
#3666=CARTESIAN_POINT('',(3.46011191677887,9.10075460765669,-5.));
#3667=CARTESIAN_POINT('Origin',(3.53427765739519,9.23113651943449,-5.));
#3668=CARTESIAN_POINT('',(-0.740476517998052,3.31914063068944,-5.));
#3669=CARTESIAN_POINT('',(2.54999999999999,-4.58057146540798,-5.));
#3670=CARTESIAN_POINT('',(2.4297383358938,-4.45,-5.));
#3671=CARTESIAN_POINT('Origin',(2.57881304684075,-4.43336477965032,-5.));
#3672=CARTESIAN_POINT('',(-2.4,-4.45,-5.));
#3673=CARTESIAN_POINT('',(-1.25,-4.45,-5.));
#3674=CARTESIAN_POINT('',(-2.55,-4.6,-5.));
#3675=CARTESIAN_POINT('Origin',(-2.55,-4.45,-5.));
#3676=CARTESIAN_POINT('',(-2.55000000000001,-9.4,-5.));
#3677=CARTESIAN_POINT('',(-2.55,-4.75,-5.));
#3678=CARTESIAN_POINT('',(-2.40000000000001,-9.55,-5.));
#3679=CARTESIAN_POINT('Origin',(-2.55000000000001,-9.55,-5.));
#3680=CARTESIAN_POINT('',(2.41670146284301,-9.55,-5.));
#3681=CARTESIAN_POINT('',(1.25,-9.55,-5.));
#3682=CARTESIAN_POINT('',(2.54999999999999,-9.39646789519444,-5.));
#3683=CARTESIAN_POINT('Origin',(2.56663522034968,-9.54554260614139,-5.));
#3684=CARTESIAN_POINT('',(2.55,-2.25,-5.));
#3685=CARTESIAN_POINT('',(-8.33578790826943,-5.24953197045762,-5.));
#3686=CARTESIAN_POINT('',(-8.14857868622677,-5.32886238326631,-5.));
#3687=CARTESIAN_POINT('Origin',(-8.28521659569446,-5.39075003709403,-5.));
#3688=CARTESIAN_POINT('',(-3.56838900487578,-3.84066854331266,-5.));
#3689=CARTESIAN_POINT('',(-1.35188382600798,-3.12048235389627,-5.));
#3690=CARTESIAN_POINT('',(-3.48137105983795,-3.68594410221246,-5.));
#3691=CARTESIAN_POINT('Origin',(-3.41948340601024,-3.82258201168015,-5.));
#3692=CARTESIAN_POINT('',(-4.97384228401331,0.907410014139853,-5.));
#3693=CARTESIAN_POINT('',(-4.23220548106178,-1.37511336486737,-5.));
#3694=CARTESIAN_POINT('',(-5.16285331061383,1.00371594242788,-5.));
#3695=CARTESIAN_POINT('Origin',(-5.02019483316955,1.05006849158413,-5.));
#3696=CARTESIAN_POINT('',(-9.72792458883056,-0.47956563057186,-5.));
#3697=CARTESIAN_POINT('',(-5.3055117880581,0.957363393271643,-5.));
#3698=CARTESIAN_POINT('',(-9.82423051711859,-0.668576657172377,-5.));
#3699=CARTESIAN_POINT('Origin',(-9.87058306627483,-0.525918179728105,-5.));
#3700=CARTESIAN_POINT('',(-8.69631848765004,-4.13993294164969,-5.));
#3701=CARTESIAN_POINT('',(-3.46218803589313,9.10361214047031,-5.));
#3702=CARTESIAN_POINT('',(-3.67170837289325,9.13679690178269,-5.));
#3703=CARTESIAN_POINT('Origin',(-3.550355823737,9.22496468962655,-5.));
#3704=CARTESIAN_POINT('',(-7.56850171316391,6.30561081722798,-5.));
#3705=CARTESIAN_POINT('',(-6.6246204023618,6.99138073091516,-5.));
#3706=CARTESIAN_POINT('',(-7.5860985880911,6.10304982096509,-5.));
#3707=CARTESIAN_POINT('Origin',(-7.68718068064355,6.21387585836253,-5.));
#3708=CARTESIAN_POINT('',(-4.75538569009464,2.2069077661182,-5.));
#3709=CARTESIAN_POINT('',(-3.38551015331418,0.321435843997825,-5.));
#3710=CARTESIAN_POINT('',(-4.5813439783239,2.17196126420049,-5.));
#3711=CARTESIAN_POINT('Origin',(-4.69217001572133,2.07087917164804,-5.));
#3712=CARTESIAN_POINT('',(-0.674003586201635,5.01081023047045,-5.));
#3713=CARTESIAN_POINT('',(-1.60437312973282,4.33485719033411,-5.));
#3714=CARTESIAN_POINT('',(-0.64081882488926,5.22033056747057,-5.));
#3715=CARTESIAN_POINT('Origin',(-0.552651037045392,5.09897801831432,-5.));
#3716=CARTESIAN_POINT('',(-0.72898661273313,5.34168311662681,-5.));
#3717=CARTESIAN_POINT('',(-2.88102874890228E-15,-2.35,-5.));
#3718=CARTESIAN_POINT('Origin',(-2.77555756156289E-15,-1.52655665885959E-15,
-5.));
#3719=CARTESIAN_POINT('Origin',(-12.1248637617433,9.62499999999999,10.));
#3720=CARTESIAN_POINT('',(-10.8748637617433,9.62499999999999,1.));
#3721=CARTESIAN_POINT('',(-10.8748637617433,9.62499999999999,10.));
#3722=CARTESIAN_POINT('Origin',(-12.1248637617433,9.62499999999999,1.));
#3723=CARTESIAN_POINT('Origin',(12.1248637617433,9.625,-4.75));
#3724=CARTESIAN_POINT('',(13.3748637617433,9.625,-4.5));
#3725=CARTESIAN_POINT('Origin',(12.1248637617433,9.625,-4.5));
#3726=CARTESIAN_POINT('',(13.6248637617433,9.625,-4.75));
#3727=CARTESIAN_POINT('Origin',(12.1248637617433,9.625,10.));
#3728=CARTESIAN_POINT('',(13.3748637617433,9.625,1.));
#3729=CARTESIAN_POINT('',(13.3748637617433,9.625,10.));
#3730=CARTESIAN_POINT('Origin',(12.1248637617433,9.625,1.));
#3731=CARTESIAN_POINT('Ctrl Pts',(-10.6127766463427,12.5018198684379,-3.));
#3732=CARTESIAN_POINT('Ctrl Pts',(-10.0963837415459,12.1815635477865,-3.));
#3733=CARTESIAN_POINT('Ctrl Pts',(-9.17373466926212,11.296281063431,-2.77998200827967));
#3734=CARTESIAN_POINT('Ctrl Pts',(-8.32776855054123,9.61001550206735,-1.61436595210941));
#3735=CARTESIAN_POINT('Ctrl Pts',(-8.25279073328577,8.66193140298897,-0.443476218665851));
#3736=CARTESIAN_POINT('Ctrl Pts',(-8.28762761519867,8.23728824214694,0.333333333421095));
#3737=CARTESIAN_POINT('Ctrl Pts',(-10.6823790166479,12.3693979466154,-3.));
#3738=CARTESIAN_POINT('Ctrl Pts',(-10.1843801305385,12.0634441594705,-2.99351990943217));
#3739=CARTESIAN_POINT('Ctrl Pts',(-9.29764658380864,11.2109097062392,-2.77704986912889));
#3740=CARTESIAN_POINT('Ctrl Pts',(-8.49568665403636,9.54662320522938,-1.66176488750958));
#3741=CARTESIAN_POINT('Ctrl Pts',(-8.42754937112721,8.57329678187999,-0.544174811232628));
#3742=CARTESIAN_POINT('Ctrl Pts',(-8.46204331444899,8.11479546758843,0.227679046867389));
#3743=CARTESIAN_POINT('Ctrl Pts',(-10.8215595453929,12.1046001672313,-2.93172123143627));
#3744=CARTESIAN_POINT('Ctrl Pts',(-10.3655013067033,11.8333387650671,-2.91614202776526));
#3745=CARTESIAN_POINT('Ctrl Pts',(-9.55852175694227,11.0570814570355,-2.70815205927425));
#3746=CARTESIAN_POINT('Ctrl Pts',(-8.87416867680924,9.47160292231329,-1.67924762120253));
#3747=CARTESIAN_POINT('Ctrl Pts',(-8.86305154223366,8.48964045149044,-0.668600136730524));
#3748=CARTESIAN_POINT('Ctrl Pts',(-8.92898500296231,7.98805135889962,0.0757989507115446));
#3749=CARTESIAN_POINT('Ctrl Pts',(-10.9749712279181,11.8127269200858,-2.66866110869822));
#3750=CARTESIAN_POINT('Ctrl Pts',(-10.5812364103222,11.5923168406042,-2.65253689350631));
#3751=CARTESIAN_POINT('Ctrl Pts',(-9.89076800353569,10.9348161359903,-2.45691247923327));
#3752=CARTESIAN_POINT('Ctrl Pts',(-9.37204636997072,9.54496773737521,-1.4931807530687));
#3753=CARTESIAN_POINT('Ctrl Pts',(-9.46067580185668,8.67535613151785,-0.562480286900177));
#3754=CARTESIAN_POINT('Ctrl Pts',(-9.58237119291036,8.22245100585675,0.13132483961337));
#3755=CARTESIAN_POINT('Ctrl Pts',(-11.0602727209373,11.6504366476367,-2.33652723870378));
#3756=CARTESIAN_POINT('Ctrl Pts',(-10.7184367845395,11.4683665823789,-2.32727707343545));
#3757=CARTESIAN_POINT('Ctrl Pts',(-10.1230961165256,10.9144590124926,-2.14224452706599));
#3758=CARTESIAN_POINT('Ctrl Pts',(-9.70018353985956,9.7426039957315,-1.20272492261912));
#3759=CARTESIAN_POINT('Ctrl Pts',(-9.81224723592802,9.02496311098147,-0.283652180554254));
#3760=CARTESIAN_POINT('Ctrl Pts',(-9.93468743522401,8.66917144872807,0.36979902546773));
#3761=CARTESIAN_POINT('Ctrl Pts',(-11.0780342203121,11.6166445243032,-2.11219973762821));
#3762=CARTESIAN_POINT('Ctrl Pts',(-10.7617019035789,11.4503845759919,-2.10910688003652));
#3763=CARTESIAN_POINT('Ctrl Pts',(-10.21243742394,10.9510784752734,-1.93004266835891));
#3764=CARTESIAN_POINT('Ctrl Pts',(-9.80288087240022,9.91248912066804,-0.995258349156431));
#3765=CARTESIAN_POINT('Ctrl Pts',(-9.876246523899,9.27992971571036,-0.064472093761329));
#3766=CARTESIAN_POINT('Ctrl Pts',(-9.96426916402728,8.97975123747825,0.567591695556652));
#3767=CARTESIAN_POINT('Ctrl Pts',(-11.0780342203121,11.6166445243032,-2.));
#3768=CARTESIAN_POINT('Ctrl Pts',(-10.7723544839569,11.455976004229,-2.));
#3769=CARTESIAN_POINT('Ctrl Pts',(-10.2424124117525,10.9807591722014,-1.82398560662374));
#3770=CARTESIAN_POINT('Ctrl Pts',(-9.82641816197122,10.0043716663775,-0.891492761687521));
#3771=CARTESIAN_POINT('Ctrl Pts',(-9.86734175236857,9.40448842334472,0.0452190250672944));
#3772=CARTESIAN_POINT('Ctrl Pts',(-9.9312579450989,9.12440683066616,0.666666666736873));
#3773=CARTESIAN_POINT('',(-9.93125794509857,9.12440683066763,0.666666666733625));
#3774=CARTESIAN_POINT('',(-8.28762761520083,8.2372882421206,0.333333333401311));
#3775=CARTESIAN_POINT('Origin',(-8.95632202658978,8.90192097763102,0.666666666733626));
#3776=CARTESIAN_POINT('',(-10.6127766463427,12.5018198684379,-3.));
#3777=CARTESIAN_POINT('Ctrl Pts',(-8.28762761519867,8.23728824214694,0.333333333421095));
#3778=CARTESIAN_POINT('Ctrl Pts',(-8.25279073328577,8.66193140298897,-0.443476218665851));
#3779=CARTESIAN_POINT('Ctrl Pts',(-8.32776855054123,9.61001550206735,-1.61436595210941));
#3780=CARTESIAN_POINT('Ctrl Pts',(-9.17373466926212,11.296281063431,-2.77998200827967));
#3781=CARTESIAN_POINT('Ctrl Pts',(-10.0963837415459,12.1815635477865,-3.));
#3782=CARTESIAN_POINT('Ctrl Pts',(-10.6127766463427,12.5018198684379,-3.));
#3783=CARTESIAN_POINT('',(-11.0780342203121,11.6166445243032,-2.));
#3784=CARTESIAN_POINT('Origin',(-10.6127766463427,12.5018198684379,-2.));
#3785=CARTESIAN_POINT('Ctrl Pts',(-11.0780342203121,11.6166445243032,-2.));
#3786=CARTESIAN_POINT('Ctrl Pts',(-10.7723544839569,11.455976004229,-2.));
#3787=CARTESIAN_POINT('Ctrl Pts',(-10.2424124117525,10.9807591722014,-1.82398560662374));
#3788=CARTESIAN_POINT('Ctrl Pts',(-9.82641816197122,10.0043716663775,-0.891492761687521));
#3789=CARTESIAN_POINT('Ctrl Pts',(-9.86734175236857,9.40448842334472,0.0452190250672944));
#3790=CARTESIAN_POINT('Ctrl Pts',(-9.9312579450989,9.12440683066616,0.666666666736873));
#3791=CARTESIAN_POINT('Origin',(-12.1248637617433,9.62499999999999,-2.));
#3792=CARTESIAN_POINT('',(-15.3653032394986,9.37589762946741,-3.));
#3793=CARTESIAN_POINT('',(-12.6174376939373,12.8374555905604,-3.));
#3794=CARTESIAN_POINT('Ctrl Pts',(-15.3653032394986,9.3758976294674,-3.));
#3795=CARTESIAN_POINT('Ctrl Pts',(-15.3642573705414,9.38025471426067,-3.));
#3796=CARTESIAN_POINT('Ctrl Pts',(-15.3632064396638,9.38461058534971,-2.99999715685666));
#3797=CARTESIAN_POINT('Ctrl Pts',(-15.2740325250016,9.75233920044544,-2.99952056664361));
#3798=CARTESIAN_POINT('Ctrl Pts',(-15.1508609969448,10.1062622846766,-2.98012434793454));
#3799=CARTESIAN_POINT('Ctrl Pts',(-14.8922290790813,10.6502924035835,-2.9523976810419));
#3800=CARTESIAN_POINT('Ctrl Pts',(-14.7816329839125,10.8483563441366,-2.94275139204988));
#3801=CARTESIAN_POINT('Ctrl Pts',(-14.5723882080084,11.169614832948,-2.93301152416931));
#3802=CARTESIAN_POINT('Ctrl Pts',(-14.4812914350875,11.2961584124692,-2.93086468774777));
#3803=CARTESIAN_POINT('Ctrl Pts',(-14.2870629470637,11.54083310919,-2.93086468774777));
#3804=CARTESIAN_POINT('Ctrl Pts',(-14.1844869311792,11.6582641975776,-2.93301152416931));
#3805=CARTESIAN_POINT('Ctrl Pts',(-13.9190785386339,11.9349386959381,-2.94275139204988));
#3806=CARTESIAN_POINT('Ctrl Pts',(-13.751271109083,12.0875869432308,-2.9523976810419));
#3807=CARTESIAN_POINT('Ctrl Pts',(-13.2801049962884,12.4629024550039,-2.98012434793484));
#3808=CARTESIAN_POINT('Ctrl Pts',(-12.9633557638382,12.6631590369635,-2.99952056664362));
#3809=CARTESIAN_POINT('Ctrl Pts',(-12.6254477308468,12.8334367003562,-2.99999715685666));
#3810=CARTESIAN_POINT('Ctrl Pts',(-12.6214438776348,12.8354484727396,-3.));
#3811=CARTESIAN_POINT('Ctrl Pts',(-12.6174376939373,12.8374555905604,-3.));
#3812=CARTESIAN_POINT('',(-14.5836086285325,7.49965916144309,-3.));
#3813=CARTESIAN_POINT('Origin',(-12.1248637617433,9.62499999999999,-3.));
#3814=CARTESIAN_POINT('',(-13.8270717464436,8.15361018869137,-2.));
#3815=CARTESIAN_POINT('Origin',(-14.5836086285325,7.49965916144309,-2.));
#3816=CARTESIAN_POINT('Origin',(-12.1248637617433,9.62499999999999,-2.));
#3817=CARTESIAN_POINT('Origin',(-12.1248637617433,9.62499999999999,-3.));
#3818=CARTESIAN_POINT('Ctrl Pts',(-8.28762761521956,8.23728824214443,0.333333333384186));
#3819=CARTESIAN_POINT('Ctrl Pts',(-8.31979169105885,8.17188908346361,0.399208785285021));
#3820=CARTESIAN_POINT('Ctrl Pts',(-8.40768849648378,8.00181803193348,0.513430968607294));
#3821=CARTESIAN_POINT('Ctrl Pts',(-8.60641857846258,7.67366772704831,0.620469241504519));
#3822=CARTESIAN_POINT('Ctrl Pts',(-8.85554974911916,7.31722995449894,0.669860026753489));
#3823=CARTESIAN_POINT('Ctrl Pts',(-9.13555542523371,6.9645141083094,0.669860456360544));
#3824=CARTESIAN_POINT('Ctrl Pts',(-9.42614772059415,6.64101729812355,0.62046941308713));
#3825=CARTESIAN_POINT('Ctrl Pts',(-9.70066227706499,6.37302088767197,0.513433942127148));
#3826=CARTESIAN_POINT('Ctrl Pts',(-9.84636236694156,6.24882816917443,0.399208739346266));
#3827=CARTESIAN_POINT('Ctrl Pts',(-9.90275882034828,6.20266530020476,0.333333332460872));
#3828=CARTESIAN_POINT('Ctrl Pts',(-8.46204331446947,8.11479546760889,0.227679046809086));
#3829=CARTESIAN_POINT('Ctrl Pts',(-8.4950496382465,8.0683271574722,0.274088822359922));
#3830=CARTESIAN_POINT('Ctrl Pts',(-8.58271627146768,7.94616478302096,0.358722164683715));
#3831=CARTESIAN_POINT('Ctrl Pts',(-8.76893363543326,7.6900834440641,0.450993063509745));
#3832=CARTESIAN_POINT('Ctrl Pts',(-8.99402532131156,7.39079963070941,0.49888682198578));
#3833=CARTESIAN_POINT('Ctrl Pts',(-9.23861658136563,7.08268012865601,0.498881027407622));
#3834=CARTESIAN_POINT('Ctrl Pts',(-9.47901685824221,6.79557722439612,0.450998523177162));
#3835=CARTESIAN_POINT('Ctrl Pts',(-9.68617330022501,6.55611180274791,0.358725131242615));
#3836=CARTESIAN_POINT('Ctrl Pts',(-9.78526292844331,6.44301179806482,0.274088789985167));
#3837=CARTESIAN_POINT('Ctrl Pts',(-9.82303111053865,6.40032361222146,0.227679046165204));
#3838=CARTESIAN_POINT('Ctrl Pts',(-8.92895925842212,7.98801384021381,0.0757783505928254));
#3839=CARTESIAN_POINT('Ctrl Pts',(-8.96080264542142,7.97527357042621,0.0947707513863514));
#3840=CARTESIAN_POINT('Ctrl Pts',(-9.04107909486578,7.93815954180828,0.139372487041666));
#3841=CARTESIAN_POINT('Ctrl Pts',(-9.19209169989154,7.81067998079241,0.217281139114874));
#3842=CARTESIAN_POINT('Ctrl Pts',(-9.36447263701911,7.61533040068469,0.267820765501988));
#3843=CARTESIAN_POINT('Ctrl Pts',(-9.54126118111244,7.39260104944303,0.267801844486735));
#3844=CARTESIAN_POINT('Ctrl Pts',(-9.69250067754541,7.18033057736905,0.217301488549985));
#3845=CARTESIAN_POINT('Ctrl Pts',(-9.78237024172605,7.00434248385249,0.139377027750499));
#3846=CARTESIAN_POINT('Ctrl Pts',(-9.80030439090914,6.91773128717354,0.0947707381073693));
#3847=CARTESIAN_POINT('Ctrl Pts',(-9.80548790890054,6.8838278169343,0.0757783503397116));
#3848=CARTESIAN_POINT('Ctrl Pts',(-9.58237269358803,8.22243777247044,0.131316001654596));
#3849=CARTESIAN_POINT('Ctrl Pts',(-9.60712942193104,8.22160214330478,0.161934000782147));
#3850=CARTESIAN_POINT('Ctrl Pts',(-9.66712027933793,8.21506257187744,0.228592479975709));
#3851=CARTESIAN_POINT('Ctrl Pts',(-9.77421521505499,8.1396011069969,0.33272994345134));
#3852=CARTESIAN_POINT('Ctrl Pts',(-9.90018271461044,7.99637689940023,0.397444965541654));
#3853=CARTESIAN_POINT('Ctrl Pts',(-10.0339036912616,7.82790007585345,0.397422609055654));
#3854=CARTESIAN_POINT('Ctrl Pts',(-10.1449181357258,7.67264731118093,0.332753791614429));
#3855=CARTESIAN_POINT('Ctrl Pts',(-10.1940874883023,7.55123540969538,0.228598139384531));
#3856=CARTESIAN_POINT('Ctrl Pts',(-10.1868461188052,7.49131786544074,0.161933979374013));
#3857=CARTESIAN_POINT('Ctrl Pts',(-10.1820432333479,7.46701713864186,0.131316001222612));
#3858=CARTESIAN_POINT('Ctrl Pts',(-9.93469228999559,8.66916288347116,0.369792728266556));
#3859=CARTESIAN_POINT('Ctrl Pts',(-9.95238181777606,8.64769011821852,0.445714427421017));
#3860=CARTESIAN_POINT('Ctrl Pts',(-9.99703216485326,8.59008419570589,0.585479597630079));
#3861=CARTESIAN_POINT('Ctrl Pts',(-10.0905947255896,8.44710060526965,0.741394888633961));
#3862=CARTESIAN_POINT('Ctrl Pts',(-10.2159195745163,8.26327955774918,0.823263308384608));
#3863=CARTESIAN_POINT('Ctrl Pts',(-10.3655279965187,8.0748111843773,0.823249728635958));
#3864=CARTESIAN_POINT('Ctrl Pts',(-10.5161561721571,7.91101175962974,0.74141124173596));
#3865=CARTESIAN_POINT('Ctrl Pts',(-10.6341767782724,7.7874566480203,0.58548604995205));
#3866=CARTESIAN_POINT('Ctrl Pts',(-10.6801529728966,7.73089779502369,0.445714374416879));
#3867=CARTESIAN_POINT('Ctrl Pts',(-10.6970524475164,7.70879789154412,0.369792727172409));
#3868=CARTESIAN_POINT('Ctrl Pts',(-9.96426916403592,8.97975123744473,0.56759169562172));
#3869=CARTESIAN_POINT('Ctrl Pts',(-9.9788601534831,8.93389095827242,0.680673482490932));
#3870=CARTESIAN_POINT('Ctrl Pts',(-10.0193678261923,8.81536108038872,0.879486577754708));
#3871=CARTESIAN_POINT('Ctrl Pts',(-10.121986632619,8.58670553796636,1.07414475675149));
#3872=CARTESIAN_POINT('Ctrl Pts',(-10.269173204704,8.34140406736302,1.16729591067631));
#3873=CARTESIAN_POINT('Ctrl Pts',(-10.4537104572919,8.10895252317741,1.16729231512984));
#3874=CARTESIAN_POINT('Ctrl Pts',(-10.6592327226274,7.90990788168721,1.07414882708302));
#3875=CARTESIAN_POINT('Ctrl Pts',(-10.8586437890638,7.75809912628295,0.879492288550846));
#3876=CARTESIAN_POINT('Ctrl Pts',(-10.9648980237846,7.69175333169932,0.680673403576463));
#3877=CARTESIAN_POINT('Ctrl Pts',(-11.0062520401284,7.66713820775541,0.56759169398716));
#3878=CARTESIAN_POINT('Ctrl Pts',(-9.93125794511074,9.12440683061433,0.66666666682619));
#3879=CARTESIAN_POINT('Ctrl Pts',(-9.94480858976533,9.06502772847854,0.798417570622699));
#3880=CARTESIAN_POINT('Ctrl Pts',(-9.98470390286955,8.9128846415885,1.02686193725453));
#3881=CARTESIAN_POINT('Ctrl Pts',(-10.0956138695697,8.63593462524932,1.24093848304331));
#3882=CARTESIAN_POINT('Ctrl Pts',(-10.2579437932218,8.35464403664283,1.33972005353255));
#3883=CARTESIAN_POINT('Ctrl Pts',(-10.4640949161749,8.09497512900798,1.33972091273938));
#3884=CARTESIAN_POINT('Ctrl Pts',(-10.7011810765209,7.87305785347612,1.24093882618405));
#3885=CARTESIAN_POINT('Ctrl Pts',(-10.9457591299501,7.70221082817313,1.02686788426097));
#3886=CARTESIAN_POINT('Ctrl Pts',(-11.0848897004035,7.62883782112219,0.798417478692534));
#3887=CARTESIAN_POINT('Ctrl Pts',(-11.1396460365349,7.60216880735562,0.666666664921746));
#3888=CARTESIAN_POINT('',(-10.9443296661754,7.70957857138395,0.999999999999961));
#3889=CARTESIAN_POINT('',(-9.99155407889734,8.90981485119203,0.999999999810275));
#3890=CARTESIAN_POINT('Ctrl Pts',(-9.99155407901141,8.90981485085176,1.));
#3891=CARTESIAN_POINT('Ctrl Pts',(-10.0367603346982,8.77497012834656,1.));
#3892=CARTESIAN_POINT('Ctrl Pts',(-10.0740512139564,8.64600583952548,1.));
#3893=CARTESIAN_POINT('Ctrl Pts',(-10.1556545081859,8.45070616615776,1.));
#3894=CARTESIAN_POINT('Ctrl Pts',(-10.186857496728,8.38693884053826,0.999999999999999));
#3895=CARTESIAN_POINT('Ctrl Pts',(-10.2496853914391,8.28196884508877,0.999999999999999));
#3896=CARTESIAN_POINT('Ctrl Pts',(-10.2776882230415,8.24080868442436,1.));
#3897=CARTESIAN_POINT('Ctrl Pts',(-10.3380522483798,8.16291623106041,1.));
#3898=CARTESIAN_POINT('Ctrl Pts',(-10.3698024736877,8.12665324975579,0.999999999999991));
#3899=CARTESIAN_POINT('Ctrl Pts',(-10.4494472283111,8.0456072644332,0.999999999999991));
#3900=CARTESIAN_POINT('Ctrl Pts',(-10.4979486158555,8.00337393311879,1.));
#3901=CARTESIAN_POINT('Ctrl Pts',(-10.6475391963194,7.88829859002006,1.));
#3902=CARTESIAN_POINT('Ctrl Pts',(-10.7503588286452,7.82678466401993,1.));
#3903=CARTESIAN_POINT('Ctrl Pts',(-10.886336583108,7.74494184234337,1.));
#3904=CARTESIAN_POINT('Ctrl Pts',(-10.9148044638882,7.72777587640405,1.));
#3905=CARTESIAN_POINT('Ctrl Pts',(-10.9443296661753,7.70957857138399,1.));
#3906=CARTESIAN_POINT('',(-11.1396460365349,7.60216880735562,0.666666664921751));
#3907=CARTESIAN_POINT('Ctrl Pts',(-10.9442493452331,7.70957901675162,0.999908899658525));
#3908=CARTESIAN_POINT('Ctrl Pts',(-11.0180674290428,7.66407860873848,0.908122359616686));
#3909=CARTESIAN_POINT('Ctrl Pts',(-11.0859715180548,7.62831092301554,0.795814485761));
#3910=CARTESIAN_POINT('Ctrl Pts',(-11.1396460365349,7.60216880735562,0.666666664921746));
#3911=CARTESIAN_POINT('',(-9.9027588205649,6.20266530002744,0.333333332770587));
#3912=CARTESIAN_POINT('Origin',(-10.7017714919978,6.70313272173589,0.666666664921751));
#3913=CARTESIAN_POINT('Ctrl Pts',(-9.90275882034828,6.20266530020476,0.333333332460872));
#3914=CARTESIAN_POINT('Ctrl Pts',(-9.84636236694156,6.24882816917443,0.399208739346266));
#3915=CARTESIAN_POINT('Ctrl Pts',(-9.70066227706499,6.37302088767197,0.513433942127148));
#3916=CARTESIAN_POINT('Ctrl Pts',(-9.42614772059415,6.64101729812355,0.62046941308713));
#3917=CARTESIAN_POINT('Ctrl Pts',(-9.13555542523371,6.9645141083094,0.669860456360544));
#3918=CARTESIAN_POINT('Ctrl Pts',(-8.85554974911916,7.31722995449894,0.669860026753489));
#3919=CARTESIAN_POINT('Ctrl Pts',(-8.60641857846258,7.67366772704831,0.620469241504519));
#3920=CARTESIAN_POINT('Ctrl Pts',(-8.40768849648378,8.00181803193348,0.513430968607294));
#3921=CARTESIAN_POINT('Ctrl Pts',(-8.31979169105885,8.17188908346361,0.399208785285021));
#3922=CARTESIAN_POINT('Ctrl Pts',(-8.28762761521956,8.23728824214443,0.333333333384186));
#3923=CARTESIAN_POINT('Ctrl Pts',(-9.93125794511074,9.12440683061433,0.66666666682619));
#3924=CARTESIAN_POINT('Ctrl Pts',(-9.94454111150216,9.06619982172668,0.795816919228148));
#3925=CARTESIAN_POINT('Ctrl Pts',(-9.96397123907834,8.99195285692675,0.908123625590378));
#3926=CARTESIAN_POINT('Ctrl Pts',(-9.99153974224486,8.90973827826298,0.99991042949642));
#3927=CARTESIAN_POINT('Ctrl Pts',(-9.90275882005329,6.20266530067101,0.33333333246793));
#3928=CARTESIAN_POINT('Ctrl Pts',(-10.1058554960211,6.13744559723729,-0.0555761097289505));
#3929=CARTESIAN_POINT('Ctrl Pts',(-10.5958025865304,6.0297016587517,-0.787385920767882));
#3930=CARTESIAN_POINT('Ctrl Pts',(-11.641875772423,6.02497412524915,-1.86633692153626));
#3931=CARTESIAN_POINT('Ctrl Pts',(-13.0864306991214,6.37122951333814,-2.77772361831857));
#3932=CARTESIAN_POINT('Ctrl Pts',(-14.1545420982274,7.06938690747787,-3.));
#3933=CARTESIAN_POINT('Ctrl Pts',(-14.5836086285325,7.49965916144309,-3.));
#3934=CARTESIAN_POINT('Ctrl Pts',(-9.82303111052705,6.40032361263266,0.227679045920439));
#3935=CARTESIAN_POINT('Ctrl Pts',(-10.0426757873512,6.33142531872399,-0.158749329724411));
#3936=CARTESIAN_POINT('Ctrl Pts',(-10.5552075543361,6.21709695379066,-0.869102361160167));
#3937=CARTESIAN_POINT('Ctrl Pts',(-11.61179397328,6.19479380632751,-1.90361664883195));
#3938=CARTESIAN_POINT('Ctrl Pts',(-13.0308888335691,6.51146880017727,-2.7734513178723));
#3939=CARTESIAN_POINT('Ctrl Pts',(-14.0594673553372,7.18188733582816,-2.99351985189388));
#3940=CARTESIAN_POINT('Ctrl Pts',(-14.4704309756306,7.59749000634836,-3.));
#3941=CARTESIAN_POINT('Ctrl Pts',(-9.80552423332684,6.88384208419123,0.0757959842688671));
#3942=CARTESIAN_POINT('Ctrl Pts',(-10.0426071892276,6.7947198961506,-0.296887169610592));
#3943=CARTESIAN_POINT('Ctrl Pts',(-10.5693744200354,6.64447689609346,-0.955656700058123));
#3944=CARTESIAN_POINT('Ctrl Pts',(-11.6026155863437,6.55910926331224,-1.90387794413214));
#3945=CARTESIAN_POINT('Ctrl Pts',(-12.939520056317,6.80124831498215,-2.70200009995626));
#3946=CARTESIAN_POINT('Ctrl Pts',(-13.8764547181798,7.41049152024616,-2.91614305356746));
#3947=CARTESIAN_POINT('Ctrl Pts',(-14.2441148658942,7.79311781504986,-2.93172239557));
#3948=CARTESIAN_POINT('Ctrl Pts',(-10.1820539143415,7.46701328574966,0.131323539090354));
#3949=CARTESIAN_POINT('Ctrl Pts',(-10.3890650744205,7.35623169694053,-0.216029765183577));
#3950=CARTESIAN_POINT('Ctrl Pts',(-10.8444073328516,7.16269450826039,-0.824132729634428));
#3951=CARTESIAN_POINT('Ctrl Pts',(-11.7384849019019,7.00238838115247,-1.70415146731908));
#3952=CARTESIAN_POINT('Ctrl Pts',(-12.8949489704456,7.15247624334884,-2.45010324816609));
#3953=CARTESIAN_POINT('Ctrl Pts',(-13.690663627892,7.67528375674502,-2.65253717207186));
#3954=CARTESIAN_POINT('Ctrl Pts',(-13.9946581749628,8.00874835884851,-2.66866153043458));
#3955=CARTESIAN_POINT('Ctrl Pts',(-10.6970585594646,7.70879215239308,0.369798074547725));
#3956=CARTESIAN_POINT('Ctrl Pts',(-10.8566331335496,7.60867810959933,0.0426479470388963));
#3957=CARTESIAN_POINT('Ctrl Pts',(-11.2191291035699,7.42810691873474,-0.546495792741921));
#3958=CARTESIAN_POINT('Ctrl Pts',(-11.954944254267,7.26798862881825,-1.40745387435285));
#3959=CARTESIAN_POINT('Ctrl Pts',(-12.9279751691445,7.38292101468678,-2.13741039853207));
#3960=CARTESIAN_POINT('Ctrl Pts',(-13.6010735406787,7.83702826753676,-2.32727735109074));
#3961=CARTESIAN_POINT('Ctrl Pts',(-13.8559527595357,8.12864542011666,-2.33652759849352));
#3962=CARTESIAN_POINT('Ctrl Pts',(-11.0062520398837,7.66713820791028,0.567591694781065));
#3963=CARTESIAN_POINT('Ctrl Pts',(-11.1426192797431,7.59012284412296,0.251149170266708));
#3964=CARTESIAN_POINT('Ctrl Pts',(-11.4611160544571,7.44875977150698,-0.335499002132131));
#3965=CARTESIAN_POINT('Ctrl Pts',(-12.1148765092641,7.33330163576633,-1.19783897655222));
#3966=CARTESIAN_POINT('Ctrl Pts',(-12.9843439295313,7.4613152376596,-1.92725403882477));
#3967=CARTESIAN_POINT('Ctrl Pts',(-13.5933767394417,7.88324484948476,-2.10910685257429));
#3968=CARTESIAN_POINT('Ctrl Pts',(-13.8270717464436,8.15361018869137,-2.11219973762821));
#3969=CARTESIAN_POINT('Ctrl Pts',(-11.1396460360974,7.60216880756868,0.666666665974343));
#3970=CARTESIAN_POINT('Ctrl Pts',(-11.2689522960832,7.53919033469776,0.355539112216864));
#3971=CARTESIAN_POINT('Ctrl Pts',(-11.5740275546077,7.42295528119277,-0.22990873661431));
#3972=CARTESIAN_POINT('Ctrl Pts',(-12.1967461060485,7.33993971868446,-1.093069537229));
#3973=CARTESIAN_POINT('Ctrl Pts',(-13.020393936683,7.48350720380343,-1.82217889465485));
#3974=CARTESIAN_POINT('Ctrl Pts',(-13.6012392558755,7.8923511629083,-2.));
#3975=CARTESIAN_POINT('Ctrl Pts',(-13.8270717464436,8.15361018869137,-2.));
#3976=CARTESIAN_POINT('Ctrl Pts',(-14.5836086285325,7.49965916144309,-3.));
#3977=CARTESIAN_POINT('Ctrl Pts',(-14.1545420982274,7.06938690747787,-3.));
#3978=CARTESIAN_POINT('Ctrl Pts',(-13.0864306991214,6.37122951333814,-2.77772361831857));
#3979=CARTESIAN_POINT('Ctrl Pts',(-11.641875772423,6.02497412524915,-1.86633692153626));
#3980=CARTESIAN_POINT('Ctrl Pts',(-10.5958025865304,6.0297016587517,-0.787385920767882));
#3981=CARTESIAN_POINT('Ctrl Pts',(-10.1058554960211,6.13744559723729,-0.0555761097289505));
#3982=CARTESIAN_POINT('Ctrl Pts',(-9.90275882005329,6.20266530067101,0.33333333246793));
#3983=CARTESIAN_POINT('Ctrl Pts',(-11.1396460365349,7.60216880735562,0.66666666492175));
#3984=CARTESIAN_POINT('Ctrl Pts',(-11.2689522964273,7.53919033456668,0.355539111556643));
#3985=CARTESIAN_POINT('Ctrl Pts',(-11.5740275548184,7.42295528116468,-0.229908736906331));
#3986=CARTESIAN_POINT('Ctrl Pts',(-12.1967461060485,7.33993971868446,-1.093069537229));
#3987=CARTESIAN_POINT('Ctrl Pts',(-13.020393936683,7.48350720380343,-1.82217889465485));
#3988=CARTESIAN_POINT('Ctrl Pts',(-13.6012392558755,7.8923511629083,-2.));
#3989=CARTESIAN_POINT('Ctrl Pts',(-13.8270717464436,8.15361018869137,-2.));
#3990=CARTESIAN_POINT('Origin',(-2.77555756156289E-15,-1.52655665885959E-15,
0.));
#3991=CARTESIAN_POINT('',(-10.742125236074,-2.84208758749939E-15,1.));
#3992=CARTESIAN_POINT('Origin',(-2.77555756156289E-15,-1.52655665885959E-15,
1.));
#3993=CARTESIAN_POINT('',(-11.684934277656,-2.95754839499746E-15,0.333333333333333));
#3994=CARTESIAN_POINT('Origin',(-10.742125236074,-2.84208758749939E-15,
0.));
#3995=CARTESIAN_POINT('',(9.90275881953093,6.20266530083877,0.333333333400755));
#3996=CARTESIAN_POINT('Origin',(-2.77555756156289E-15,-1.52655665885959E-15,
0.333333333333333));
#3997=CARTESIAN_POINT('',(8.2876276146537,8.237288243295,0.333333332779284));
#3998=CARTESIAN_POINT('Ctrl Pts',(8.28762761477533,8.23728824304768,0.333333332474356));
#3999=CARTESIAN_POINT('Ctrl Pts',(8.31979166806225,8.17188913018416,0.399208738480325));
#4000=CARTESIAN_POINT('Ctrl Pts',(8.40768990639818,8.00181193266501,0.513433948985477));
#4001=CARTESIAN_POINT('Ctrl Pts',(8.60641690216802,7.67365360883139,0.620469414686749));
#4002=CARTESIAN_POINT('Ctrl Pts',(8.85554938592507,7.31724502375875,0.669860459850283));
#4003=CARTESIAN_POINT('Ctrl Pts',(9.13554082509099,6.96451788545809,0.669860029136644));
#4004=CARTESIAN_POINT('Ctrl Pts',(9.42616185238047,6.64101572419425,0.620469243357084));
#4005=CARTESIAN_POINT('Ctrl Pts',(9.70066788489915,6.37301814169742,0.513430970868567));
#4006=CARTESIAN_POINT('Ctrl Pts',(9.84636232733197,6.24882820161835,0.399208785363355));
#4007=CARTESIAN_POINT('Ctrl Pts',(9.90275881957292,6.20266530083942,0.333333333366537));
#4008=CARTESIAN_POINT('Origin',(-2.77555756156289E-15,-1.52655665885959E-15,
0.333333333333333));
#4009=CARTESIAN_POINT('Origin',(-2.77555756156289E-15,-1.52655665885959E-15,
0.333333333333333));
#4010=CARTESIAN_POINT('Origin',(-2.77555756156289E-15,-1.52655665885959E-15,
2.));
#4011=CARTESIAN_POINT('',(14.5836086285325,7.4996591614431,-3.));
#4012=CARTESIAN_POINT('Origin',(-2.77555756156289E-15,-1.52655665885959E-15,
-3.));
#4013=CARTESIAN_POINT('Ctrl Pts',(9.90275881955589,6.20266530083075,0.333333333420374));
#4014=CARTESIAN_POINT('Ctrl Pts',(10.3084260928228,6.07239483163311,-0.443478164274352));
#4015=CARTESIAN_POINT('Ctrl Pts',(11.2487900390811,5.93032210229736,-1.61436858450362));
#4016=CARTESIAN_POINT('Ctrl Pts',(13.0830163295876,6.37165399363846,-2.77998147140624));
#4017=CARTESIAN_POINT('Ctrl Pts',(14.154545943202,7.06939076325726,-3.));
#4018=CARTESIAN_POINT('Ctrl Pts',(14.5836086285325,7.4996591614431,-3.));
#4019=CARTESIAN_POINT('Origin',(-2.22044604925031E-15,-2.22044604925031E-15,
-3.));
#4020=CARTESIAN_POINT('',(18.,-2.20436423846524E-15,-3.));
#4021=CARTESIAN_POINT('Origin',(0.,0.,-3.));
#4022=CARTESIAN_POINT('',(15.3653032394986,9.3758976294674,-3.));
#4023=CARTESIAN_POINT('Origin',(0.,0.,-3.));
#4024=CARTESIAN_POINT('Origin',(12.1248637617433,9.625,-3.));
#4025=CARTESIAN_POINT('Origin',(0.,0.,-2.));
#4026=CARTESIAN_POINT('',(12.6174376939372,12.8374555905604,-3.));
#4027=CARTESIAN_POINT('Origin',(0.,0.,-3.));
#4028=CARTESIAN_POINT('Ctrl Pts',(12.6174376939372,12.8374555905604,-3.));
#4029=CARTESIAN_POINT('Ctrl Pts',(12.621443877636,12.8354484727389,-3.));
#4030=CARTESIAN_POINT('Ctrl Pts',(12.6254477308456,12.8334367003568,-2.99999715685666));
#4031=CARTESIAN_POINT('Ctrl Pts',(12.9633557638602,12.6631590369524,-2.99952056664359));
#4032=CARTESIAN_POINT('Ctrl Pts',(13.2801049963062,12.4629024549897,-2.98012434793379));
#4033=CARTESIAN_POINT('Ctrl Pts',(13.751271109083,12.0875869432308,-2.9523976810419));
#4034=CARTESIAN_POINT('Ctrl Pts',(13.9190785386339,11.9349386959381,-2.94275139204988));
#4035=CARTESIAN_POINT('Ctrl Pts',(14.1844869311792,11.6582641975776,-2.93301152416931));
#4036=CARTESIAN_POINT('Ctrl Pts',(14.2870629470637,11.54083310919,-2.93086468774777));
#4037=CARTESIAN_POINT('Ctrl Pts',(14.4812914350875,11.2961584124692,-2.93086468774777));
#4038=CARTESIAN_POINT('Ctrl Pts',(14.5723882080084,11.169614832948,-2.93301152416931));
#4039=CARTESIAN_POINT('Ctrl Pts',(14.7816329839125,10.8483563441366,-2.94275139204988));
#4040=CARTESIAN_POINT('Ctrl Pts',(14.8922290790813,10.6502924035835,-2.9523976810419));
#4041=CARTESIAN_POINT('Ctrl Pts',(15.1508609969434,10.1062622846795,-2.98012434793439));
#4042=CARTESIAN_POINT('Ctrl Pts',(15.2740325250008,9.75233920044874,-2.9995205666436));
#4043=CARTESIAN_POINT('Ctrl Pts',(15.3632064396637,9.38461058535025,-2.99999715685666));
#4044=CARTESIAN_POINT('Ctrl Pts',(15.3642573705415,9.38025471426014,-3.));
#4045=CARTESIAN_POINT('Ctrl Pts',(15.3653032394986,9.37589762946741,-3.));
#4046=CARTESIAN_POINT('',(19.,-2.32682891837997E-15,-2.));
#4047=CARTESIAN_POINT('Origin',(18.,-2.20436423846524E-15,-2.));
#4048=CARTESIAN_POINT('',(-19.,-2.32682891837997E-15,-2.));
#4049=CARTESIAN_POINT('Origin',(0.,0.,-2.));
#4050=CARTESIAN_POINT('Origin',(0.,0.,-2.));
#4051=CARTESIAN_POINT('Ctrl Pts',(14.5836086285325,7.4996591614431,-3.));
#4052=CARTESIAN_POINT('Ctrl Pts',(14.154545943202,7.06939076325726,-3.));
#4053=CARTESIAN_POINT('Ctrl Pts',(13.0830163295876,6.37165399363846,-2.77998147140624));
#4054=CARTESIAN_POINT('Ctrl Pts',(11.2487900390811,5.93032210229736,-1.61436858450362));
#4055=CARTESIAN_POINT('Ctrl Pts',(10.3084260928228,6.07239483163311,-0.443478164274352));
#4056=CARTESIAN_POINT('Ctrl Pts',(9.90275881955589,6.20266530083075,0.333333333420374));
#4057=CARTESIAN_POINT('Ctrl Pts',(14.4704309756306,7.59749000634837,-3.));
#4058=CARTESIAN_POINT('Ctrl Pts',(14.059471038087,7.18189106014968,-2.99351990996413));
#4059=CARTESIAN_POINT('Ctrl Pts',(13.0279845606324,6.51170360215817,-2.77705084957697));
#4060=CARTESIAN_POINT('Ctrl Pts',(11.2251486718276,6.10824371616167,-1.66177056170837));
#4061=CARTESIAN_POINT('Ctrl Pts',(10.2617515209269,6.26270549125353,-0.544176744428996));
#4062=CARTESIAN_POINT('Ctrl Pts',(9.82303110998946,6.40032361280195,0.227679046866672));
#4063=CARTESIAN_POINT('Ctrl Pts',(14.2441148658942,7.79311781504987,-2.93172239557));
#4064=CARTESIAN_POINT('Ctrl Pts',(13.8764580128761,7.410494949058,-2.91614319317792));
#4065=CARTESIAN_POINT('Ctrl Pts',(12.9373527428079,6.80067441351665,-2.70815741908623));
#4066=CARTESIAN_POINT('Ctrl Pts',(11.2379526513334,6.49387392273296,-1.67926041149935));
#4067=CARTESIAN_POINT('Ctrl Pts',(10.2790760317381,6.70582856026351,-0.668604966692454));
#4068=CARTESIAN_POINT('Ctrl Pts',(9.80552423274629,6.88384208440939,0.0757959851816177));
#4069=CARTESIAN_POINT('Ctrl Pts',(13.9946581749628,8.00874835884852,-2.66866153043457));
#4070=CARTESIAN_POINT('Ctrl Pts',(13.6906663520647,7.67528674500643,-2.65253731656634));
#4071=CARTESIAN_POINT('Ctrl Pts',(12.8936567762291,7.15199695217167,-2.4569175412793));
#4072=CARTESIAN_POINT('Ctrl Pts',(11.4223643817424,6.96212511688168,-1.49319394290983));
#4073=CARTESIAN_POINT('Ctrl Pts',(10.5955400157627,7.24573706438601,-0.562483324286184));
#4074=CARTESIAN_POINT('Ctrl Pts',(10.1820539138347,7.46701328602101,0.131323539941027));
#4075=CARTESIAN_POINT('Ctrl Pts',(13.8559527595357,8.12864542011667,-2.33652759849352));
#4076=CARTESIAN_POINT('Ctrl Pts',(13.6010758247164,7.83703088079252,-2.32727743398456));
#4077=CARTESIAN_POINT('Ctrl Pts',(12.9265404069082,7.38288558481091,-2.1422476033199));
#4078=CARTESIAN_POINT('Ctrl Pts',(11.689293488738,7.23686734594545,-1.20273390561551));
#4079=CARTESIAN_POINT('Ctrl Pts',(11.015794363347,7.50882339105092,-0.283654767315799));
#4080=CARTESIAN_POINT('Ctrl Pts',(10.6970585590737,7.70879215263827,0.369798075348903));
#4081=CARTESIAN_POINT('Ctrl Pts',(13.8270717464436,8.15361018869137,-2.11219973762821));
#4082=CARTESIAN_POINT('Ctrl Pts',(13.5933788336423,7.8832472722976,-2.10910688029042));
#4083=CARTESIAN_POINT('Ctrl Pts',(12.9824748347193,7.46158858124704,-1.93004314798895));
#4084=CARTESIAN_POINT('Ctrl Pts',(11.8780480911066,7.29834355582617,-0.995262460564871));
#4085=CARTESIAN_POINT('Ctrl Pts',(11.2786332890048,7.51330697234585,-0.0644736768374523));
#4086=CARTESIAN_POINT('Ctrl Pts',(11.0062520395497,7.66713820809877,0.567591695556067));
#4087=CARTESIAN_POINT('Ctrl Pts',(13.8270717464436,8.15361018869137,-2.));
#4088=CARTESIAN_POINT('Ctrl Pts',(13.6012412796181,7.89235350411715,-2.));
#4089=CARTESIAN_POINT('Ctrl Pts',(13.0181819852565,7.48404823268334,-1.823985177125));
#4090=CARTESIAN_POINT('Ctrl Pts',(11.9728740469798,7.30042153874416,-0.891494867602897));
#4091=CARTESIAN_POINT('Ctrl Pts',(11.3979236154454,7.47637499424217,0.0452174685805121));
#4092=CARTESIAN_POINT('Ctrl Pts',(11.1396460357807,7.60216880772293,0.666666666736299));
#4093=CARTESIAN_POINT('',(11.1396460357821,7.60216880772228,0.66666666673308));
#4094=CARTESIAN_POINT('Origin',(10.7017714909104,6.70313272226551,0.666666666733079));
#4095=CARTESIAN_POINT('',(13.8270717464436,8.15361018869137,-2.));
#4096=CARTESIAN_POINT('Origin',(14.5836086285325,7.4996591614431,-2.));
#4097=CARTESIAN_POINT('Ctrl Pts',(13.8270717464436,8.15361018869137,-2.));
#4098=CARTESIAN_POINT('Ctrl Pts',(13.6012412796181,7.89235350411715,-2.));
#4099=CARTESIAN_POINT('Ctrl Pts',(13.0181819852565,7.48404823268334,-1.823985177125));
#4100=CARTESIAN_POINT('Ctrl Pts',(11.9728740469798,7.30042153874416,-0.891494867602897));
#4101=CARTESIAN_POINT('Ctrl Pts',(11.3979236154454,7.47637499424217,0.0452174685805121));
#4102=CARTESIAN_POINT('Ctrl Pts',(11.1396460357807,7.60216880772293,0.666666666736299));
#4103=CARTESIAN_POINT('Origin',(12.1248637617433,9.625,-2.));
#4104=CARTESIAN_POINT('',(10.6127766463427,12.5018198684379,-3.));
#4105=CARTESIAN_POINT('Origin',(12.1248637617433,9.625,-3.));
#4106=CARTESIAN_POINT('',(11.0780342203121,11.6166445243032,-2.));
#4107=CARTESIAN_POINT('Origin',(10.6127766463427,12.5018198684379,-2.));
#4108=CARTESIAN_POINT('Origin',(12.1248637617433,9.625,-2.));
#4109=CARTESIAN_POINT('Ctrl Pts',(9.90275881957292,6.20266530083942,0.333333333366537));
#4110=CARTESIAN_POINT('Ctrl Pts',(9.84636232733197,6.24882820161835,0.399208785363355));
#4111=CARTESIAN_POINT('Ctrl Pts',(9.70066788489915,6.37301814169742,0.513430970868567));
#4112=CARTESIAN_POINT('Ctrl Pts',(9.42616185238047,6.64101572419425,0.620469243357084));
#4113=CARTESIAN_POINT('Ctrl Pts',(9.13554082509099,6.96451788545809,0.669860029136644));
#4114=CARTESIAN_POINT('Ctrl Pts',(8.85554938592507,7.31724502375875,0.669860459850283));
#4115=CARTESIAN_POINT('Ctrl Pts',(8.60641690216802,7.67365360883139,0.620469414686749));
#4116=CARTESIAN_POINT('Ctrl Pts',(8.40768990639818,8.00181193266501,0.513433948985477));
#4117=CARTESIAN_POINT('Ctrl Pts',(8.31979166806225,8.17188913018416,0.399208738480325));
#4118=CARTESIAN_POINT('Ctrl Pts',(8.28762761477533,8.23728824304768,0.333333332474356));
#4119=CARTESIAN_POINT('Ctrl Pts',(9.82303111001955,6.40032361280798,0.227679046803605));
#4120=CARTESIAN_POINT('Ctrl Pts',(9.78526290190911,6.44301182806007,0.274088822421129));
#4121=CARTESIAN_POINT('Ctrl Pts',(9.68617562419053,6.55610823025958,0.358722166396123));
#4122=CARTESIAN_POINT('Ctrl Pts',(9.47902040263827,6.7955686062985,0.450993065005199));
#4123=CARTESIAN_POINT('Ctrl Pts',(9.23860895600401,7.08269124096497,0.498886823846707));
#4124=CARTESIAN_POINT('Ctrl Pts',(8.9940162324168,7.39080957329532,0.498881029998989));
#4125=CARTESIAN_POINT('Ctrl Pts',(8.76894122264992,7.69007803929966,0.450998524092723));
#4126=CARTESIAN_POINT('Ctrl Pts',(8.5827192314344,7.94616169825258,0.358725136416016));
#4127=CARTESIAN_POINT('Ctrl Pts',(8.49504961465952,8.06832719067076,0.274088789375349));
#4128=CARTESIAN_POINT('Ctrl Pts',(8.46204331401496,8.1147954682459,0.227679046174708));
#4129=CARTESIAN_POINT('Ctrl Pts',(9.80548790882855,6.88382781740037,0.0757783506009778));
#4130=CARTESIAN_POINT('Ctrl Pts',(9.80030438724502,6.91773131098395,0.0947707514201182));
#4131=CARTESIAN_POINT('Ctrl Pts',(9.78237102892102,7.00433474233237,0.13937248811592));
#4132=CARTESIAN_POINT('Ctrl Pts',(9.69247695215672,7.18033161701648,0.217281140298195));
#4133=CARTESIAN_POINT('Ctrl Pts',(9.54133064808522,7.39253774863066,0.267820766852373));
#4134=CARTESIAN_POINT('Ctrl Pts',(9.36451853078252,7.6152483820004,0.267801846027752));
#4135=CARTESIAN_POINT('Ctrl Pts',(9.19209606960346,7.81070332611909,0.217301488536235));
#4136=CARTESIAN_POINT('Ctrl Pts',(9.04108646315836,7.93815701450524,0.139377030769703));
#4137=CARTESIAN_POINT('Ctrl Pts',(8.96080262268411,7.97527357953845,0.0947707378582079));
#4138=CARTESIAN_POINT('Ctrl Pts',(8.92895925798406,7.98801384038104,0.0757783503434185));
#4139=CARTESIAN_POINT('Ctrl Pts',(10.1820432334136,7.46701713897599,0.1313160016439));
#4140=CARTESIAN_POINT('Ctrl Pts',(10.1868461221523,7.4913178825,0.161934000815311));
#4141=CARTESIAN_POINT('Ctrl Pts',(10.1940876148981,7.55122806417993,0.228592481498529));
#4142=CARTESIAN_POINT('Ctrl Pts',(10.1448912813558,7.67265079085738,0.33272994504382));
#4143=CARTESIAN_POINT('Ctrl Pts',(10.033980968319,7.82782774780071,0.3974449673961));
#4144=CARTESIAN_POINT('Ctrl Pts',(9.90023562755701,7.99628522731965,0.397422611281886));
#4145=CARTESIAN_POINT('Ctrl Pts',(9.77421791869782,8.13962805300004,0.332753791802906));
#4146=CARTESIAN_POINT('Ctrl Pts',(9.66712741008449,8.21506078024379,0.228598143768829));
#4147=CARTESIAN_POINT('Ctrl Pts',(9.60712940426047,8.22160214392699,0.161933978972248));
#4148=CARTESIAN_POINT('Ctrl Pts',(9.58237269324584,8.22243777248372,0.131316001228805));
#4149=CARTESIAN_POINT('Ctrl Pts',(10.6970524472842,7.70879789184803,0.369792728215858));
#4150=CARTESIAN_POINT('Ctrl Pts',(10.6801529610155,7.73089781054651,0.445714427483095));
#4151=CARTESIAN_POINT('Ctrl Pts',(10.6341793292377,7.78745327979895,0.585479600541106));
#4152=CARTESIAN_POINT('Ctrl Pts',(10.5161514315637,7.91101571320333,0.741394891241188));
#4153=CARTESIAN_POINT('Ctrl Pts',(10.3655571008021,8.07477725921699,0.823263311630735));
#4154=CARTESIAN_POINT('Ctrl Pts',(10.2159460137801,8.2632435127224,0.823249733077737));
#4155=CARTESIAN_POINT('Ctrl Pts',(10.0905919494205,8.44710612086051,0.741411243290665));
#4156=CARTESIAN_POINT('Ctrl Pts',(9.99703487054538,8.59008094136993,0.585486058610412));
#4157=CARTESIAN_POINT('Ctrl Pts',(9.952381805136,8.64769013359178,0.44571437341929));
#4158=CARTESIAN_POINT('Ctrl Pts',(9.93469228974677,8.6691628837872,0.369792727187889));
#4159=CARTESIAN_POINT('Ctrl Pts',(11.0062520395594,7.66713820809396,0.567591695542256));
#4160=CARTESIAN_POINT('Ctrl Pts',(10.9648979947421,7.69175334900086,0.680673482580443));
#4161=CARTESIAN_POINT('Ctrl Pts',(10.8586492157067,7.75809640306179,0.879486581672235));
#4162=CARTESIAN_POINT('Ctrl Pts',(10.6592380464824,7.90991590549055,1.07414476001888));
#4163=CARTESIAN_POINT('Ctrl Pts',(10.4537264067808,8.10891757925311,1.16729591485664));
#4164=CARTESIAN_POINT('Ctrl Pts',(10.2692036199923,8.34138060064531,1.16729232118695));
#4165=CARTESIAN_POINT('Ctrl Pts',(10.1219776079162,8.58670217459655,1.07414882968147));
#4166=CARTESIAN_POINT('Ctrl Pts',(10.0193692509783,8.8153551671449,0.879492300533487));
#4167=CARTESIAN_POINT('Ctrl Pts',(9.97886014303752,8.93389099106973,0.680673402090151));
#4168=CARTESIAN_POINT('Ctrl Pts',(9.96426916382707,8.97975123811057,0.567591694010311));
#4169=CARTESIAN_POINT('Ctrl Pts',(11.1396460357821,7.60216880772228,0.666666666733074));
#4170=CARTESIAN_POINT('Ctrl Pts',(11.0848896619564,7.62883783987304,0.798417570726709));
#4171=CARTESIAN_POINT('Ctrl Pts',(10.9457652592675,7.70221056013425,1.02686194173714));
#4172=CARTESIAN_POINT('Ctrl Pts',(10.7012000410167,7.87306191407965,1.24093848671417));
#4173=CARTESIAN_POINT('Ctrl Pts',(10.4640734299184,8.09497714975153,1.33972005827329));
#4174=CARTESIAN_POINT('Ctrl Pts',(10.2579467006054,8.35466541448689,1.33972091970057));
#4175=CARTESIAN_POINT('Ctrl Pts',(10.095605609284,8.6359170775057,1.2409388293735));
#4176=CARTESIAN_POINT('Ctrl Pts',(9.98470277697406,8.91287859839748,1.02686789797095));
#4177=CARTESIAN_POINT('Ctrl Pts',(9.94480858005265,9.06502777093256,0.79841747696065));
#4178=CARTESIAN_POINT('Ctrl Pts',(9.93125794491499,9.12440683147208,0.666666664948712));
#4179=CARTESIAN_POINT('',(9.99155407901139,8.90981485085183,0.999999999999959));
#4180=CARTESIAN_POINT('',(10.9443296664808,7.70957857119569,0.999999999810249));
#4181=CARTESIAN_POINT('Ctrl Pts',(10.9443296661753,7.70957857138401,1.));
#4182=CARTESIAN_POINT('Ctrl Pts',(10.8232574790772,7.78419914456906,1.));
#4183=CARTESIAN_POINT('Ctrl Pts',(10.7061165689127,7.84977661301353,1.));
#4184=CARTESIAN_POINT('Ctrl Pts',(10.5344235305196,7.97356094212221,1.));
#4185=CARTESIAN_POINT('Ctrl Pts',(10.479398270364,8.01841759214594,1.));
#4186=CARTESIAN_POINT('Ctrl Pts',(10.3914197208854,8.10342241073045,1.));
#4187=CARTESIAN_POINT('Ctrl Pts',(10.3576860675524,8.14003331156075,1.));
#4188=CARTESIAN_POINT('Ctrl Pts',(10.2955199765672,8.21649524404904,1.));
#4189=CARTESIAN_POINT('Ctrl Pts',(10.2674059977596,8.25564476335254,0.999999999999989));
#4190=CARTESIAN_POINT('Ctrl Pts',(10.206542960428,8.35160011089158,0.999999999999989));
#4191=CARTESIAN_POINT('Ctrl Pts',(10.1764147694784,8.40841851081956,1.));
#4192=CARTESIAN_POINT('Ctrl Pts',(10.0982788257066,8.58021621299523,1.));
#4193=CARTESIAN_POINT('Ctrl Pts',(10.0616963592923,8.69431075115183,1.));
#4194=CARTESIAN_POINT('Ctrl Pts',(10.0128379130278,8.8453109190164,1.));
#4195=CARTESIAN_POINT('Ctrl Pts',(10.0025782779153,8.87693101609364,0.999999999999999));
#4196=CARTESIAN_POINT('Ctrl Pts',(9.99155407901141,8.90981485085176,0.999999999999999));
#4197=CARTESIAN_POINT('',(9.93125794491499,9.12440683147208,0.666666664948712));
#4198=CARTESIAN_POINT('Ctrl Pts',(9.99153629202383,8.90973651647432,0.999908908788141));
#4199=CARTESIAN_POINT('Ctrl Pts',(9.96396998819438,8.99195266924385,0.908122366254554));
#4200=CARTESIAN_POINT('Ctrl Pts',(9.94454086102255,9.06620091922668,0.795814484610207));
#4201=CARTESIAN_POINT('Ctrl Pts',(9.93125794491499,9.12440683147208,0.666666664948712));
#4202=CARTESIAN_POINT('Origin',(8.95632202632461,8.901920978793,0.666666664948713));
#4203=CARTESIAN_POINT('Ctrl Pts',(11.1396460357821,7.60216880772228,0.666666666733074));
#4204=CARTESIAN_POINT('Ctrl Pts',(11.0859705067781,7.62831141558148,0.795816918558084));
#4205=CARTESIAN_POINT('Ctrl Pts',(11.0180678905905,7.66407978723774,0.908123626458557));
#4206=CARTESIAN_POINT('Ctrl Pts',(10.9442518376886,7.7095819802271,0.999910431048759));
#4207=CARTESIAN_POINT('Ctrl Pts',(8.28762761515659,8.23728824265989,0.333333332482731));
#4208=CARTESIAN_POINT('Ctrl Pts',(8.27018654199858,8.44988569808544,-0.0555761079265895));
#4209=CARTESIAN_POINT('Ctrl Pts',(8.27640794351067,8.95150331471561,-0.7873872713844));
#4210=CARTESIAN_POINT('Ctrl Pts',(8.50913360656457,9.9713702586486,-1.86633798605087));
#4211=CARTESIAN_POINT('Ctrl Pts',(9.17409448989904,11.2997014629256,-2.77772822901711));
#4212=CARTESIAN_POINT('Ctrl Pts',(10.0963791587426,12.1815607056256,-3.));
#4213=CARTESIAN_POINT('Ctrl Pts',(10.6127766463427,12.5018198684379,-3.));
#4214=CARTESIAN_POINT('Ctrl Pts',(8.46204331440673,8.11479546814209,0.227679045935144));
#4215=CARTESIAN_POINT('Ctrl Pts',(8.44477393333841,8.34434399667261,-0.158749327933836));
#4216=CARTESIAN_POINT('Ctrl Pts',(8.4497056541135,8.86945075776412,-0.869102794953904));
#4217=CARTESIAN_POINT('Ctrl Pts',(8.6676992182876,9.90354432245743,-1.90361700852099));
#4218=CARTESIAN_POINT('Ctrl Pts',(9.29807505123232,11.2137906227609,-2.77345531414151));
#4219=CARTESIAN_POINT('Ctrl Pts',(10.1843757109756,12.0634414442394,-2.99351985192367));
#4220=CARTESIAN_POINT('Ctrl Pts',(10.6823790166479,12.3693979466154,-3.));
#4221=CARTESIAN_POINT('Ctrl Pts',(8.92898500288275,7.98805135950541,0.0757989498122845));
#4222=CARTESIAN_POINT('Ctrl Pts',(8.8959754380206,8.23917176970189,-0.296884202354955));
#4223=CARTESIAN_POINT('Ctrl Pts',(8.86915867532219,8.78628907925949,-0.955653652050981));
#4224=CARTESIAN_POINT('Ctrl Pts',(9.02043542405148,9.81195370743684,-1.90387526922779));
#4225=CARTESIAN_POINT('Ctrl Pts',(9.55956965795385,11.0590608790976,-2.70200194193477));
#4226=CARTESIAN_POINT('Ctrl Pts',(10.3654972593487,11.8333363577186,-2.91614188950537));
#4227=CARTESIAN_POINT('Ctrl Pts',(10.8215595453929,12.1046001672313,-2.93172123143627));
#4228=CARTESIAN_POINT('Ctrl Pts',(9.5823711927633,8.22245100640371,0.131324838775269));
#4229=CARTESIAN_POINT('Ctrl Pts',(9.52144443627472,8.44919780495459,-0.216028463902973));
#4230=CARTESIAN_POINT('Ctrl Pts',(9.43625892094907,8.93657603565093,-0.824130653150869));
#4231=CARTESIAN_POINT('Ctrl Pts',(9.48297863374326,9.84370815392291,-1.70414977071559));
#4232=CARTESIAN_POINT('Ctrl Pts',(9.89152618021354,10.9359660269657,-2.45010559782488));
#4233=CARTESIAN_POINT('Ctrl Pts',(10.5812329160657,11.5923148845431,-2.65253675040964));
#4234=CARTESIAN_POINT('Ctrl Pts',(10.9749712279181,11.8127269200858,-2.66866110869822));
#4235=CARTESIAN_POINT('Ctrl Pts',(9.93468743507613,8.66917144915796,0.369799024678396));
#4236=CARTESIAN_POINT('Ctrl Pts',(9.87338779058537,8.8472984249864,0.0426488986727087));
#4237=CARTESIAN_POINT('Ctrl Pts',(9.77976585984844,9.24131036452803,-0.546494720528315));
#4238=CARTESIAN_POINT('Ctrl Pts',(9.79076248268641,9.9942644857876,-1.40745293490118));
#4239=CARTESIAN_POINT('Ctrl Pts',(10.1234549257471,10.915848323512,-2.13741304859007));
#4240=CARTESIAN_POINT('Ctrl Pts',(10.7184337508671,11.4683649665718,-2.32727699134352));
#4241=CARTESIAN_POINT('Ctrl Pts',(11.0602727209373,11.6504366476367,-2.33652723870378));
#4242=CARTESIAN_POINT('Ctrl Pts',(9.96426916392107,8.97975123784079,0.567591694793109));
#4243=CARTESIAN_POINT('Ctrl Pts',(9.92020065882291,9.13003549183602,0.251149171732993));
#4244=CARTESIAN_POINT('Ctrl Pts',(9.85478216951699,9.47230025225426,-0.335499729598724));
#4245=CARTESIAN_POINT('Ctrl Pts',(9.89065801997989,10.135207139638,-1.19783958888002));
#4246=CARTESIAN_POINT('Ctrl Pts',(10.2125943157997,10.9529603710759,-1.92725762080237));
#4247=CARTESIAN_POINT('Ctrl Pts',(10.7616990962421,11.450383100494,-2.10910685258851));
#4248=CARTESIAN_POINT('Ctrl Pts',(11.0780342203121,11.6166445243032,-2.11219973762821));
#4249=CARTESIAN_POINT('Ctrl Pts',(9.9312579450217,9.12440683100449,0.666666665986185));
#4250=CARTESIAN_POINT('Ctrl Pts',(9.89925832468679,9.2646295860221,0.355539113658678));
#4251=CARTESIAN_POINT('Ctrl Pts',(9.85526744444958,9.58812196285281,-0.229909817107527));
#4252=CARTESIAN_POINT('Ctrl Pts',(9.91569718260015,10.2134359600725,-1.09307038884072));
#4253=CARTESIAN_POINT('Ctrl Pts',(10.2423865546576,10.9830353101892,-1.82218258321367));
#4254=CARTESIAN_POINT('Ctrl Pts',(10.7723517711579,11.455974578353,-2.));
#4255=CARTESIAN_POINT('Ctrl Pts',(11.0780342203121,11.6166445243032,-2.));
#4256=CARTESIAN_POINT('Ctrl Pts',(10.6127766463427,12.5018198684379,-3.));
#4257=CARTESIAN_POINT('Ctrl Pts',(10.0963791587426,12.1815607056256,-3.));
#4258=CARTESIAN_POINT('Ctrl Pts',(9.17409448989904,11.2997014629256,-2.77772822901711));
#4259=CARTESIAN_POINT('Ctrl Pts',(8.50913360656457,9.9713702586486,-1.86633798605087));
#4260=CARTESIAN_POINT('Ctrl Pts',(8.27640794351067,8.95150331471561,-0.7873872713844));
#4261=CARTESIAN_POINT('Ctrl Pts',(8.27018654199858,8.44988569808544,-0.0555761079265895));
#4262=CARTESIAN_POINT('Ctrl Pts',(8.28762761515659,8.23728824265989,0.333333332482731));
#4263=CARTESIAN_POINT('Ctrl Pts',(9.93125794491499,9.12440683147208,0.666666664948712));
#4264=CARTESIAN_POINT('Ctrl Pts',(9.89925832463789,9.26462958638167,0.35553911300794));
#4265=CARTESIAN_POINT('Ctrl Pts',(9.85526744446973,9.58812196306132,-0.229909817395352));
#4266=CARTESIAN_POINT('Ctrl Pts',(9.91569718260015,10.2134359600725,-1.09307038884072));
#4267=CARTESIAN_POINT('Ctrl Pts',(10.2423865546576,10.9830353101892,-1.82218258321367));
#4268=CARTESIAN_POINT('Ctrl Pts',(10.7723517711579,11.455974578353,-2.));
#4269=CARTESIAN_POINT('Ctrl Pts',(11.0780342203121,11.6166445243032,-2.));
#4270=CARTESIAN_POINT('Origin',(-12.1248637617433,9.62499999999999,1.));
#4271=CARTESIAN_POINT('Origin',(-12.1248637617433,9.62499999999999,1.));
#4272=CARTESIAN_POINT('Origin',(12.1248637617433,9.625,1.));
#4273=CARTESIAN_POINT('Origin',(12.1248637617433,9.625,1.));
#4274=CARTESIAN_POINT('Origin',(12.1248637617433,9.625,10.));
#4275=CARTESIAN_POINT('Origin',(-2.77555756156289E-15,-1.52655665885959E-15,
2.));
#4276=CARTESIAN_POINT('Origin',(-2.77555756156289E-15,-1.52655665885959E-15,
-3.));
#4277=CARTESIAN_POINT('Origin',(-2.22044604925031E-15,-2.22044604925031E-15,
-3.));
#4278=CARTESIAN_POINT('Origin',(-12.1248637617433,9.62499999999999,10.));
#4279=CARTESIAN_POINT('Origin',(-12.305315493191,-19.4313975465748,0.));
#4280=CARTESIAN_POINT('',(-10.16526062481,-16.052024060214,0.));
#4281=CARTESIAN_POINT('Origin',(0.,0.,0.));
#4282=CARTESIAN_POINT('',(-19.,-2.32682891837997E-15,0.));
#4283=CARTESIAN_POINT('Origin',(0.,0.,-4.));
#4284=CARTESIAN_POINT('Origin',(-17.8357864376269,-2.18425387711156E-15,
-4.));
#4285=CARTESIAN_POINT('Origin',(-1.2490009027033E-15,-4.30211422042248E-15,
1.));
#4286=CARTESIAN_POINT('',(-3.00957038533709E-15,-2.35,1.));
#4287=CARTESIAN_POINT('Origin',(-2.77555756156289E-15,-1.52655665885959E-15,
1.));
#4288=CARTESIAN_POINT('Origin',(8.2945963949626,-5.37630641283339,-5.));
#4289=CARTESIAN_POINT('',(8.15193791751832,-5.32995386367715,0.2));
#4290=CARTESIAN_POINT('',(8.15193791751832,-5.32995386367715,-5.));
#4291=CARTESIAN_POINT('',(8.34094894411884,-5.23364793538912,0.2));
#4292=CARTESIAN_POINT('Origin',(8.2945963949626,-5.37630641283339,0.2));
#4293=CARTESIAN_POINT('',(8.34094894411884,-5.23364793538912,-5.));
#4294=CARTESIAN_POINT('Origin',(0.519562855301322,5.10245572635286,-5.));
#4295=CARTESIAN_POINT('',(0.629399018782414,5.20461255280981,0.2));
#4296=CARTESIAN_POINT('',(0.629399018782414,5.20461255280981,-5.));
#4297=CARTESIAN_POINT('',(0.649944767079118,5.02828998573654,0.2));
#4298=CARTESIAN_POINT('Origin',(0.519562855301322,5.10245572635286,0.2));
#4299=CARTESIAN_POINT('',(0.649944767079118,5.02828998573654,-5.));
#4300=CARTESIAN_POINT('Origin',(2.57881304684075,-4.43336477965032,-5.));
#4301=CARTESIAN_POINT('',(2.54999999999999,-4.58057146540798,0.2));
#4302=CARTESIAN_POINT('',(2.54999999999999,-4.58057146540798,-5.));
#4303=CARTESIAN_POINT('',(2.4297383358938,-4.45,0.2));
#4304=CARTESIAN_POINT('Origin',(2.57881304684075,-4.43336477965032,0.2));
#4305=CARTESIAN_POINT('',(2.4297383358938,-4.45,-5.));
#4306=CARTESIAN_POINT('Origin',(-8.28521659569446,-5.39075003709403,-5.));
#4307=CARTESIAN_POINT('',(-8.33578790826943,-5.24953197045762,0.2));
#4308=CARTESIAN_POINT('',(-8.33578790826935,-5.24953197045788,-5.));
#4309=CARTESIAN_POINT('',(-8.14857868622676,-5.32886238326631,0.2));
#4310=CARTESIAN_POINT('Origin',(-8.28521659569446,-5.39075003709403,0.2));
#4311=CARTESIAN_POINT('',(-8.14857868622676,-5.32886238326631,-5.));
#4312=CARTESIAN_POINT('Origin',(-3.550355823737,9.22496468962655,-5.));
#4313=CARTESIAN_POINT('',(-3.46218803589313,9.10361214047031,0.2));
#4314=CARTESIAN_POINT('',(-3.46218803589313,9.10361214047031,-5.));
#4315=CARTESIAN_POINT('',(-3.67170837289325,9.13679690178269,0.2));
#4316=CARTESIAN_POINT('Origin',(-3.550355823737,9.22496468962655,0.2));
#4317=CARTESIAN_POINT('',(-3.67170837289325,9.13679690178269,-5.));
#4318=CARTESIAN_POINT('Origin',(-0.552651037045392,5.09897801831432,-5.));
#4319=CARTESIAN_POINT('',(-0.64081882488926,5.22033056747057,0.2));
#4320=CARTESIAN_POINT('',(-0.640818824889259,5.22033056747056,-5.));
#4321=CARTESIAN_POINT('',(-0.674003586201635,5.01081023047045,0.2));
#4322=CARTESIAN_POINT('',(-0.674003586201634,5.01081023047045,-5.));
#4323=CARTESIAN_POINT('Origin',(-0.552651037045392,5.09897801831432,0.2));
#4324=CARTESIAN_POINT('Origin',(-3.41948340601024,-3.82258201168015,-5.));
#4325=CARTESIAN_POINT('',(-3.56838900487578,-3.84066854331266,0.2));
#4326=CARTESIAN_POINT('',(-3.56838900487578,-3.84066854331266,-5.));
#4327=CARTESIAN_POINT('',(-3.48137105983795,-3.68594410221246,0.2));
#4328=CARTESIAN_POINT('Origin',(-3.41948340601024,-3.82258201168015,0.2));
#4329=CARTESIAN_POINT('',(-3.48137105983795,-3.68594410221246,-5.));
#4330=CARTESIAN_POINT('Origin',(-2.55,-4.45,-5.));
#4331=CARTESIAN_POINT('',(-2.4,-4.45,0.2));
#4332=CARTESIAN_POINT('',(-2.4,-4.45,-5.));
#4333=CARTESIAN_POINT('',(-2.55,-4.6,0.2));
#4334=CARTESIAN_POINT('Origin',(-2.55,-4.45,0.2));
#4335=CARTESIAN_POINT('',(-2.55,-4.6,-5.));
#4336=CARTESIAN_POINT('Origin',(3.53427765739519,9.23113651943449,-5.));
#4337=CARTESIAN_POINT('',(3.65819660562232,9.14661377533351,0.2));
#4338=CARTESIAN_POINT('',(3.65819660562211,9.14661377533367,-5.));
#4339=CARTESIAN_POINT('',(3.46011191677887,9.10075460765669,0.2));
#4340=CARTESIAN_POINT('Origin',(3.53427765739519,9.23113651943449,0.2));
#4341=CARTESIAN_POINT('',(3.46011191677887,9.10075460765669,-5.));
#4342=CARTESIAN_POINT('Origin',(-2.55000000000001,-9.55,-5.));
#4343=CARTESIAN_POINT('',(-2.55000000000001,-9.4,0.2));
#4344=CARTESIAN_POINT('',(-2.55000000000001,-9.4,-5.));
#4345=CARTESIAN_POINT('',(-2.40000000000001,-9.55,0.2));
#4346=CARTESIAN_POINT('Origin',(-2.55000000000001,-9.55,0.2));
#4347=CARTESIAN_POINT('',(-2.40000000000001,-9.55,-5.));
#4348=CARTESIAN_POINT('Origin',(9.87148439859313,-0.508719734561606,-5.));
#4349=CARTESIAN_POINT('',(9.82939155296799,-0.652692622103872,0.2));
#4350=CARTESIAN_POINT('',(9.82939155296808,-0.652692622103623,-5.));
#4351=CARTESIAN_POINT('',(9.72456535753899,-0.478474150161036,0.2));
#4352=CARTESIAN_POINT('Origin',(9.87148439859313,-0.508719734561606,0.2));
#4353=CARTESIAN_POINT('',(9.72456535753899,-0.478474150161037,-5.));
#4354=CARTESIAN_POINT('Origin',(5.01327751958949,1.08261189332956,-5.));
#4355=CARTESIAN_POINT('',(5.14437567618801,1.00971968979262,0.2));
#4356=CARTESIAN_POINT('',(5.14437567618801,1.00971968979262,-5.));
#4357=CARTESIAN_POINT('',(4.98303193518892,0.935692852275422,0.2));
#4358=CARTESIAN_POINT('Origin',(5.01327751958949,1.08261189332956,0.2));
#4359=CARTESIAN_POINT('',(4.98303193518892,0.935692852275422,-5.));
#4360=CARTESIAN_POINT('Origin',(3.44420816185732,-3.80031974152116,-5.));
#4361=CARTESIAN_POINT('',(3.49056071101356,-3.65766126407689,0.2));
#4362=CARTESIAN_POINT('',(3.49056071101356,-3.65766126407689,-5.));
#4363=CARTESIAN_POINT('',(3.58686663930159,-3.8466722906774,0.2));
#4364=CARTESIAN_POINT('Origin',(3.44420816185732,-3.80031974152116,0.2));
#4365=CARTESIAN_POINT('',(3.58686663930159,-3.8466722906774,-5.));
#4366=CARTESIAN_POINT('Origin',(-9.87058306627483,-0.525918179728105,-5.));
#4367=CARTESIAN_POINT('',(-9.72792458883056,-0.479565630571861,0.2));
#4368=CARTESIAN_POINT('',(-9.72792458883056,-0.47956563057186,-5.));
#4369=CARTESIAN_POINT('',(-9.82423051711859,-0.668576657172377,0.2));
#4370=CARTESIAN_POINT('Origin',(-9.87058306627483,-0.525918179728105,0.2));
#4371=CARTESIAN_POINT('',(-9.82423051711859,-0.668576657172377,-5.));
#4372=CARTESIAN_POINT('Origin',(-7.68718068064355,6.21387585836253,-5.));
#4373=CARTESIAN_POINT('',(-7.56850171316391,6.30561081722798,0.2));
#4374=CARTESIAN_POINT('',(-7.56850171316413,6.30561081722783,-5.));
#4375=CARTESIAN_POINT('',(-7.5860985880911,6.10304982096509,0.2));
#4376=CARTESIAN_POINT('Origin',(-7.68718068064355,6.21387585836253,0.2));
#4377=CARTESIAN_POINT('',(-7.5860985880911,6.10304982096509,-5.));
#4378=CARTESIAN_POINT('Origin',(-4.69217001572133,2.07087917164804,-5.));
#4379=CARTESIAN_POINT('',(-4.5813439783239,2.17196126420049,0.2));
#4380=CARTESIAN_POINT('',(-4.5813439783239,2.17196126420049,-5.));
#4381=CARTESIAN_POINT('',(-4.75538569009464,2.2069077661182,0.2));
#4382=CARTESIAN_POINT('',(-4.75538569009464,2.2069077661182,-5.));
#4383=CARTESIAN_POINT('Origin',(-4.69217001572133,2.07087917164804,0.2));
#4384=CARTESIAN_POINT('Origin',(-5.02019483316955,1.05006849158413,-5.));
#4385=CARTESIAN_POINT('',(-4.97384228401331,0.907410014139853,0.2));
#4386=CARTESIAN_POINT('',(-4.97384228401331,0.907410014139853,-5.));
#4387=CARTESIAN_POINT('',(-5.16285331061383,1.00371594242788,0.2));
#4388=CARTESIAN_POINT('Origin',(-5.02019483316955,1.05006849158413,0.2));
#4389=CARTESIAN_POINT('',(-5.16285331061383,1.00371594242788,-5.));
#4390=CARTESIAN_POINT('Origin',(4.67863770835762,2.10127323162271,-5.));
#4391=CARTESIAN_POINT('',(4.55728515920138,2.18944101946658,0.2));
#4392=CARTESIAN_POINT('',(4.55728515920138,2.18944101946658,-5.));
#4393=CARTESIAN_POINT('',(4.76680549620149,2.22262578077895,0.2));
#4394=CARTESIAN_POINT('Origin',(4.67863770835762,2.10127323162271,0.2));
#4395=CARTESIAN_POINT('',(4.76680549620149,2.22262578077895,-5.));
#4396=CARTESIAN_POINT('Origin',(7.67634249504923,6.22725990293494,-5.));
#4397=CARTESIAN_POINT('',(7.58817470720536,6.1059073537787,0.2));
#4398=CARTESIAN_POINT('',(7.58817470720536,6.1059073537787,-5.));
#4399=CARTESIAN_POINT('',(7.55498994589299,6.31542769077881,0.2));
#4400=CARTESIAN_POINT('Origin',(7.67634249504923,6.22725990293494,0.2));
#4401=CARTESIAN_POINT('',(7.55498994589299,6.31542769077881,-5.));
#4402=CARTESIAN_POINT('Origin',(2.56663522034968,-9.54554260614139,-5.));
#4403=CARTESIAN_POINT('',(2.41670146284301,-9.55,0.2));
#4404=CARTESIAN_POINT('',(2.41670146284327,-9.55,-5.));
#4405=CARTESIAN_POINT('',(2.54999999999999,-9.39646789519444,0.2));
#4406=CARTESIAN_POINT('Origin',(2.56663522034968,-9.54554260614139,0.2));
#4407=CARTESIAN_POINT('',(2.54999999999999,-9.39646789519444,-5.));
#4408=CARTESIAN_POINT('Origin',(-3.49176098767208,-3.8157705912399,-3.));
#4409=CARTESIAN_POINT('',(-4.68058163304102,-4.20204183420859,0.2));
#4410=CARTESIAN_POINT('Origin',(-2.5,-4.45,-3.));
#4411=CARTESIAN_POINT('',(-1.25,-4.45,0.2));
#4412=CARTESIAN_POINT('Origin',(0.582040299660014,5.13942886803307,-3.));
#4413=CARTESIAN_POINT('',(1.31677186502561,6.15070011100175,0.2));
#4414=CARTESIAN_POINT('Origin',(-2.55000000000001,-9.5,-3.));
#4415=CARTESIAN_POINT('',(-2.55000000000001,-8.25,0.2));
#4416=CARTESIAN_POINT('Origin',(9.85513221655608,-0.573471005542869,-3.));
#4417=CARTESIAN_POINT('',(9.4688609735874,-1.76229165091181,0.2));
#4418=CARTESIAN_POINT('Origin',(5.06774765898431,1.03461764186537,-3.));
#4419=CARTESIAN_POINT('',(6.25656830435325,0.648346398896689,0.2));
#4420=CARTESIAN_POINT('Origin',(8.24704356914784,-5.36085556311465,-3.));
#4421=CARTESIAN_POINT('',(7.0582229237789,-4.97458432014596,0.2));
#4422=CARTESIAN_POINT('Origin',(3.45965901157606,-3.7527669157064,-3.));
#4423=CARTESIAN_POINT('',(3.84593025454475,-2.56394627033746,0.2));
#4424=CARTESIAN_POINT('Origin',(-8.31004724468135,-5.32875358701863,-3.));
#4425=CARTESIAN_POINT('',(-8.69631848765004,-4.13993294164969,0.2));
#4426=CARTESIAN_POINT('Origin',(-9.82303024046008,-0.510467330009355,-3.));
#4427=CARTESIAN_POINT('',(-8.63420959509114,-0.124196087040671,0.2));
#4428=CARTESIAN_POINT('Origin',(-4.23220946461012,-1.37510110476622,-3.));
#4429=CARTESIAN_POINT('',(-4.23220548106178,-1.37511336486737,0.2));
#4430=CARTESIAN_POINT('Origin',(4.63818685863887,2.13066249423733,-3.));
#4431=CARTESIAN_POINT('',(3.62691561567019,2.86539405960292,0.2));
#4432=CARTESIAN_POINT('Origin',(3.59080667345575,9.19557542701193,-3.));
#4433=CARTESIAN_POINT('',(4.60207791642444,8.46084386164634,0.2));
#4434=CARTESIAN_POINT('Origin',(7.64695323243461,6.18680905321619,-3.));
#4435=CARTESIAN_POINT('',(6.91222166706902,5.17553781024751,0.2));
#4436=CARTESIAN_POINT('Origin',(2.54999999999999,-4.5,-3.));
#4437=CARTESIAN_POINT('',(2.54999999999999,-5.75,0.2));
#4438=CARTESIAN_POINT('Origin',(2.49999999999999,-9.55,-3.));
#4439=CARTESIAN_POINT('',(1.24999999999999,-9.55,0.2));
#4440=CARTESIAN_POINT('Origin',(-2.77555756156289E-15,-1.52655665885959E-15,
1.));
#4441=CARTESIAN_POINT('',(-3.58515438093634E-15,-2.35,1.));
#4442=CARTESIAN_POINT('Origin',(-3.52096656112238,9.18451383990781,-3.));
#4443=CARTESIAN_POINT('',(-2.78623499575679,8.17324259693913,0.2));
#4444=CARTESIAN_POINT('Origin',(-7.63589164533049,6.25664916554957,-3.));
#4445=CARTESIAN_POINT('',(-6.6246204023618,6.99138073091516,0.2));
#4446=CARTESIAN_POINT('Origin',(-5.02375918642883E-15,-7.,0.2));
#4447=CARTESIAN_POINT('Origin',(6.65739561406607,-2.16311896062464,0.2));
#4448=CARTESIAN_POINT('Origin',(-6.65739561406608,-2.16311896062463,0.2));
#4449=CARTESIAN_POINT('Origin',(4.11449676604731,5.66311896062463,0.2));
#4450=CARTESIAN_POINT('Origin',(-0.593101886764138,5.0695887556997,-3.));
#4451=CARTESIAN_POINT('',(-1.60437312973282,4.33485719033411,0.2));
#4452=CARTESIAN_POINT('Origin',(-4.70802697097225,2.14172408134146,-3.));
#4453=CARTESIAN_POINT('',(-5.44275853633784,3.15299532431014,0.2));
#4454=CARTESIAN_POINT('Origin',(-4.11449676604731,5.66311896062463,0.2));
#4455=UNCERTAINTY_MEASURE_WITH_UNIT(LENGTH_MEASURE(0.01),#4459,
'DISTANCE_ACCURACY_VALUE',
'Maximum model space distance between geometric entities at asserted c
onnectivities');
#4456=UNCERTAINTY_MEASURE_WITH_UNIT(LENGTH_MEASURE(0.01),#4459,
'DISTANCE_ACCURACY_VALUE',
'Maximum model space distance between geometric entities at asserted c
onnectivities');
#4457=(
GEOMETRIC_REPRESENTATION_CONTEXT(3)
GLOBAL_UNCERTAINTY_ASSIGNED_CONTEXT((#4455))
GLOBAL_UNIT_ASSIGNED_CONTEXT((#4459,#4461,#4462))
REPRESENTATION_CONTEXT('','3D')
);
#4458=(
GEOMETRIC_REPRESENTATION_CONTEXT(3)
GLOBAL_UNCERTAINTY_ASSIGNED_CONTEXT((#4456))
GLOBAL_UNIT_ASSIGNED_CONTEXT((#4459,#4461,#4462))
REPRESENTATION_CONTEXT('','3D')
);
#4459=(
LENGTH_UNIT()
NAMED_UNIT(*)
SI_UNIT(.MILLI.,.METRE.)
);
#4460=(
LENGTH_UNIT()
NAMED_UNIT(*)
SI_UNIT($,.METRE.)
);
#4461=(
NAMED_UNIT(*)
PLANE_ANGLE_UNIT()
SI_UNIT($,.RADIAN.)
);
#4462=(
NAMED_UNIT(*)
SI_UNIT($,.STERADIAN.)
SOLID_ANGLE_UNIT()
);
#4463=SHAPE_DEFINITION_REPRESENTATION(#4464,#4465);
#4464=PRODUCT_DEFINITION_SHAPE('',$,#4467);
#4465=SHAPE_REPRESENTATION('',(#2042),#4457);
#4466=PRODUCT_DEFINITION_CONTEXT('part definition',#4471,'design');
#4467=PRODUCT_DEFINITION('2026-09-28-00-29-25-382','Klipper_dial',#4468,
#4466);
#4468=PRODUCT_DEFINITION_FORMATION('',$,#4473);
#4469=PRODUCT_RELATED_PRODUCT_CATEGORY('Klipper_dial','Klipper_dial',(#4473));
#4470=APPLICATION_PROTOCOL_DEFINITION('international standard',
'automotive_design',2009,#4471);
#4471=APPLICATION_CONTEXT(
'Core Data for Automotive Mechanical Design Process');
#4472=PRODUCT_CONTEXT('part definition',#4471,'mechanical');
#4473=PRODUCT('2026-09-28-00-29-25-382','Klipper_dial',$,(#4472));
#4474=PRESENTATION_STYLE_ASSIGNMENT((#4477));
#4475=PRESENTATION_STYLE_ASSIGNMENT((#4478));
#4476=PRESENTATION_STYLE_ASSIGNMENT((#4479));
#4477=SURFACE_STYLE_USAGE(.BOTH.,#4480);
#4478=SURFACE_STYLE_USAGE(.BOTH.,#4481);
#4479=SURFACE_STYLE_USAGE(.BOTH.,#4482);
#4480=SURFACE_SIDE_STYLE('',(#4483));
#4481=SURFACE_SIDE_STYLE('',(#4484));
#4482=SURFACE_SIDE_STYLE('',(#4485));
#4483=SURFACE_STYLE_FILL_AREA(#4486);
#4484=SURFACE_STYLE_FILL_AREA(#4487);
#4485=SURFACE_STYLE_FILL_AREA(#4488);
#4486=FILL_AREA_STYLE('PEEK',(#4489));
#4487=FILL_AREA_STYLE('Plastica - Opaco (giallo) (1)',(#4490));
#4488=FILL_AREA_STYLE('Plastica - Lucido (nero)',(#4491));
#4489=FILL_AREA_STYLE_COLOUR('PEEK',#4492);
#4490=FILL_AREA_STYLE_COLOUR('Plastica - Opaco (giallo) (1)',#4493);
#4491=FILL_AREA_STYLE_COLOUR('Plastica - Lucido (nero)',#4494);
#4492=COLOUR_RGB('PEEK',0.6,0.509803921568627,0.368627450980392);
#4493=COLOUR_RGB('Plastica - Opaco (giallo) (1)',1.,0.498039215686275,0.113725490196078);
#4494=COLOUR_RGB('Plastica - Lucido (nero)',0.0980392156862745,0.0980392156862745,
0.0980392156862745);
ENDSEC;
END-ISO-10303-21;
